Fitter report for Lab5
Thu May 21 12:29:09 2026
Quartus II 64-Bit Version 13.0.1 Build 232 06/12/2013 Service Pack 1 SJ Web Edition


---------------------
; Table of Contents ;
---------------------
  1. Legal Notice
  2. Fitter Summary
  3. Fitter Settings
  4. Parallel Compilation
  5. Incremental Compilation Preservation Summary
  6. Incremental Compilation Partition Settings
  7. Incremental Compilation Placement Preservation
  8. Pin-Out File
  9. Fitter Resource Usage Summary
 10. Fitter Partition Statistics
 11. Input Pins
 12. Output Pins
 13. I/O Bank Usage
 14. All Package Pins
 15. Output Pin Default Load For Reported TCO
 16. Fitter Resource Utilization by Entity
 17. Delay Chain Summary
 18. Pad To Core Delay Chain Fanout
 19. Control Signals
 20. Global & Other Fast Signals
 21. Non-Global High Fan-Out Signals
 22. Other Routing Usage Summary
 23. LAB Logic Elements
 24. LAB-wide Signals
 25. LAB Signals Sourced
 26. LAB Signals Sourced Out
 27. LAB Distinct Inputs
 28. Fitter Device Options
 29. Operating Settings and Conditions
 30. Fitter Messages
 31. Fitter Suppressed Messages



----------------
; Legal Notice ;
----------------
Copyright (C) 1991-2013 Altera Corporation
Your use of Altera Corporation's design tools, logic functions 
and other software and tools, and its AMPP partner logic 
functions, and any output files from any of the foregoing 
(including device programming or simulation files), and any 
associated documentation or information are expressly subject 
to the terms and conditions of the Altera Program License 
Subscription Agreement, Altera MegaCore Function License 
Agreement, or other applicable license agreement, including, 
without limitation, that your use is for the sole purpose of 
programming logic devices manufactured by Altera and sold by 
Altera or its authorized distributors.  Please refer to the 
applicable agreement for further details.



+--------------------------------------------------------------------------------------+
; Fitter Summary                                                                       ;
+------------------------------------+-------------------------------------------------+
; Fitter Status                      ; Successful - Thu May 21 12:29:09 2026           ;
; Quartus II 64-Bit Version          ; 13.0.1 Build 232 06/12/2013 SP 1 SJ Web Edition ;
; Revision Name                      ; Lab5                                            ;
; Top-level Entity Name              ; Datapath                                        ;
; Family                             ; Cyclone II                                      ;
; Device                             ; EP2C35F672C6                                    ;
; Timing Models                      ; Final                                           ;
; Total logic elements               ; 4,203 / 33,216 ( 13 % )                         ;
;     Total combinational functions  ; 2,924 / 33,216 ( 9 % )                          ;
;     Dedicated logic registers      ; 3,072 / 33,216 ( 9 % )                          ;
; Total registers                    ; 3072                                            ;
; Total pins                         ; 130 / 475 ( 27 % )                              ;
; Total virtual pins                 ; 0                                               ;
; Total memory bits                  ; 0 / 483,840 ( 0 % )                             ;
; Embedded Multiplier 9-bit elements ; 0 / 70 ( 0 % )                                  ;
; Total PLLs                         ; 0 / 4 ( 0 % )                                   ;
+------------------------------------+-------------------------------------------------+


+----------------------------------------------------------------------------------------------------------------------------------------------+
; Fitter Settings                                                                                                                              ;
+----------------------------------------------------------------------------+--------------------------------+--------------------------------+
; Option                                                                     ; Setting                        ; Default Value                  ;
+----------------------------------------------------------------------------+--------------------------------+--------------------------------+
; Device                                                                     ; EP2C35F672C6                   ;                                ;
; Minimum Core Junction Temperature                                          ; 0                              ;                                ;
; Maximum Core Junction Temperature                                          ; 85                             ;                                ;
; Fit Attempts to Skip                                                       ; 0                              ; 0.0                            ;
; Use smart compilation                                                      ; Off                            ; Off                            ;
; Enable parallel Assembler and TimeQuest Timing Analyzer during compilation ; On                             ; On                             ;
; Enable compact report table                                                ; Off                            ; Off                            ;
; Auto Merge PLLs                                                            ; On                             ; On                             ;
; Ignore PLL Mode When Merging PLLs                                          ; Off                            ; Off                            ;
; Router Timing Optimization Level                                           ; Normal                         ; Normal                         ;
; Placement Effort Multiplier                                                ; 1.0                            ; 1.0                            ;
; Router Effort Multiplier                                                   ; 1.0                            ; 1.0                            ;
; Always Enable Input Buffers                                                ; Off                            ; Off                            ;
; Optimize Hold Timing                                                       ; IO Paths and Minimum TPD Paths ; IO Paths and Minimum TPD Paths ;
; Optimize Multi-Corner Timing                                               ; On                             ; On                             ;
; PowerPlay Power Optimization                                               ; Normal compilation             ; Normal compilation             ;
; Optimize Timing                                                            ; Normal compilation             ; Normal compilation             ;
; Optimize Timing for ECOs                                                   ; Off                            ; Off                            ;
; Regenerate full fit report during ECO compiles                             ; Off                            ; Off                            ;
; Optimize IOC Register Placement for Timing                                 ; Normal                         ; Normal                         ;
; Limit to One Fitting Attempt                                               ; Off                            ; Off                            ;
; Final Placement Optimizations                                              ; Automatically                  ; Automatically                  ;
; Fitter Aggressive Routability Optimizations                                ; Automatically                  ; Automatically                  ;
; Fitter Initial Placement Seed                                              ; 1                              ; 1                              ;
; PCI I/O                                                                    ; Off                            ; Off                            ;
; Weak Pull-Up Resistor                                                      ; Off                            ; Off                            ;
; Enable Bus-Hold Circuitry                                                  ; Off                            ; Off                            ;
; Auto Global Memory Control Signals                                         ; Off                            ; Off                            ;
; Auto Packed Registers                                                      ; Auto                           ; Auto                           ;
; Auto Delay Chains                                                          ; On                             ; On                             ;
; Auto Delay Chains for High Fanout Input Pins                               ; Off                            ; Off                            ;
; Perform Physical Synthesis for Combinational Logic for Fitting             ; Off                            ; Off                            ;
; Perform Physical Synthesis for Combinational Logic for Performance         ; Off                            ; Off                            ;
; Perform Register Duplication for Performance                               ; Off                            ; Off                            ;
; Perform Logic to Memory Mapping for Fitting                                ; Off                            ; Off                            ;
; Perform Register Retiming for Performance                                  ; Off                            ; Off                            ;
; Perform Asynchronous Signal Pipelining                                     ; Off                            ; Off                            ;
; Fitter Effort                                                              ; Auto Fit                       ; Auto Fit                       ;
; Physical Synthesis Effort Level                                            ; Normal                         ; Normal                         ;
; Auto Global Clock                                                          ; On                             ; On                             ;
; Auto Global Register Control Signals                                       ; On                             ; On                             ;
; Force Fitter to Avoid Periphery Placement Warnings                         ; Off                            ; Off                            ;
+----------------------------------------------------------------------------+--------------------------------+--------------------------------+


Parallel compilation was disabled, but you have multiple processors available. Enable parallel compilation to reduce compilation time.
+-------------------------------------+
; Parallel Compilation                ;
+----------------------------+--------+
; Processors                 ; Number ;
+----------------------------+--------+
; Number detected on machine ; 8      ;
; Maximum allowed            ; 1      ;
+----------------------------+--------+


+----------------------------------------------+
; Incremental Compilation Preservation Summary ;
+---------------------+------------------------+
; Type                ; Value                  ;
+---------------------+------------------------+
; Placement (by node) ;                        ;
;     -- Requested    ; 0 / 6132 ( 0.00 % )    ;
;     -- Achieved     ; 0 / 6132 ( 0.00 % )    ;
;                     ;                        ;
; Routing (by net)    ;                        ;
;     -- Requested    ; 0 / 0 ( 0.00 % )       ;
;     -- Achieved     ; 0 / 0 ( 0.00 % )       ;
+---------------------+------------------------+


+----------------------------------------------------------------------------------------------------------------------------------------------------------------------------------------+
; Incremental Compilation Partition Settings                                                                                                                                             ;
+--------------------------------+----------------+-------------------+-------------------------+------------------------+------------------------------+--------------------------------+
; Partition Name                 ; Partition Type ; Netlist Type Used ; Preservation Level Used ; Netlist Type Requested ; Preservation Level Requested ; Contents                       ;
+--------------------------------+----------------+-------------------+-------------------------+------------------------+------------------------------+--------------------------------+
; Top                            ; User-created   ; Source File       ; N/A                     ; Source File            ; N/A                          ;                                ;
; hard_block:auto_generated_inst ; Auto-generated ; Source File       ; N/A                     ; Source File            ; N/A                          ; hard_block:auto_generated_inst ;
+--------------------------------+----------------+-------------------+-------------------------+------------------------+------------------------------+--------------------------------+


+------------------------------------------------------------------------------------------------------------+
; Incremental Compilation Placement Preservation                                                             ;
+--------------------------------+---------+-------------------+-------------------------+-------------------+
; Partition Name                 ; # Nodes ; # Preserved Nodes ; Preservation Level Used ; Netlist Type Used ;
+--------------------------------+---------+-------------------+-------------------------+-------------------+
; Top                            ; 6129    ; 0                 ; N/A                     ; Source File       ;
; hard_block:auto_generated_inst ; 3       ; 0                 ; N/A                     ; Source File       ;
+--------------------------------+---------+-------------------+-------------------------+-------------------+


+--------------+
; Pin-Out File ;
+--------------+
The pin-out file can be found in D:/Study_project/HDL/Lab5/output_files/Lab5.pin.


+-----------------------------------------------------------------------+
; Fitter Resource Usage Summary                                         ;
+---------------------------------------------+-------------------------+
; Resource                                    ; Usage                   ;
+---------------------------------------------+-------------------------+
; Total logic elements                        ; 4,203 / 33,216 ( 13 % ) ;
;     -- Combinational with no register       ; 1131                    ;
;     -- Register only                        ; 1279                    ;
;     -- Combinational with a register        ; 1793                    ;
;                                             ;                         ;
; Logic element usage by number of LUT inputs ;                         ;
;     -- 4 input functions                    ; 2727                    ;
;     -- 3 input functions                    ; 163                     ;
;     -- <=2 input functions                  ; 34                      ;
;     -- Register only                        ; 1279                    ;
;                                             ;                         ;
; Logic elements by mode                      ;                         ;
;     -- normal mode                          ; 2893                    ;
;     -- arithmetic mode                      ; 31                      ;
;                                             ;                         ;
; Total registers*                            ; 3,072 / 34,593 ( 9 % )  ;
;     -- Dedicated logic registers            ; 3,072 / 33,216 ( 9 % )  ;
;     -- I/O registers                        ; 0 / 1,377 ( 0 % )       ;
;                                             ;                         ;
; Total LABs:  partially or completely used   ; 316 / 2,076 ( 15 % )    ;
; Virtual pins                                ; 0                       ;
; I/O pins                                    ; 130 / 475 ( 27 % )      ;
;     -- Clock pins                           ; 1 / 8 ( 13 % )          ;
;                                             ;                         ;
; Global signals                              ; 2                       ;
; M4Ks                                        ; 0 / 105 ( 0 % )         ;
; Total block memory bits                     ; 0 / 483,840 ( 0 % )     ;
; Total block memory implementation bits      ; 0 / 483,840 ( 0 % )     ;
; Embedded Multiplier 9-bit elements          ; 0 / 70 ( 0 % )          ;
; PLLs                                        ; 0 / 4 ( 0 % )           ;
; Global clocks                               ; 2 / 16 ( 13 % )         ;
; JTAGs                                       ; 0 / 1 ( 0 % )           ;
; ASMI blocks                                 ; 0 / 1 ( 0 % )           ;
; CRC blocks                                  ; 0 / 1 ( 0 % )           ;
; Average interconnect usage (total/H/V)      ; 7% / 7% / 8%            ;
; Peak interconnect usage (total/H/V)         ; 42% / 40% / 46%         ;
; Maximum fan-out                             ; 3072                    ;
; Highest non-global fan-out                  ; 386                     ;
; Total fan-out                               ; 22498                   ;
; Average fan-out                             ; 3.30                    ;
+---------------------------------------------+-------------------------+
*  Register count does not include registers inside RAM blocks or DSP blocks.



+------------------------------------------------------------------------------------------------------+
; Fitter Partition Statistics                                                                          ;
+---------------------------------------------+-----------------------+--------------------------------+
; Statistic                                   ; Top                   ; hard_block:auto_generated_inst ;
+---------------------------------------------+-----------------------+--------------------------------+
; Difficulty Clustering Region                ; Low                   ; Low                            ;
;                                             ;                       ;                                ;
; Total logic elements                        ; 4203 / 33216 ( 13 % ) ; 0 / 33216 ( 0 % )              ;
;     -- Combinational with no register       ; 1131                  ; 0                              ;
;     -- Register only                        ; 1279                  ; 0                              ;
;     -- Combinational with a register        ; 1793                  ; 0                              ;
;                                             ;                       ;                                ;
; Logic element usage by number of LUT inputs ;                       ;                                ;
;     -- 4 input functions                    ; 2727                  ; 0                              ;
;     -- 3 input functions                    ; 163                   ; 0                              ;
;     -- <=2 input functions                  ; 34                    ; 0                              ;
;     -- Register only                        ; 1279                  ; 0                              ;
;                                             ;                       ;                                ;
; Logic elements by mode                      ;                       ;                                ;
;     -- normal mode                          ; 2893                  ; 0                              ;
;     -- arithmetic mode                      ; 31                    ; 0                              ;
;                                             ;                       ;                                ;
; Total registers                             ; 3072                  ; 0                              ;
;     -- Dedicated logic registers            ; 3072 / 33216 ( 9 % )  ; 0 / 33216 ( 0 % )              ;
;                                             ;                       ;                                ;
; Total LABs:  partially or completely used   ; 316 / 2076 ( 15 % )   ; 0 / 2076 ( 0 % )               ;
;                                             ;                       ;                                ;
; Virtual pins                                ; 0                     ; 0                              ;
; I/O pins                                    ; 130                   ; 0                              ;
; Embedded Multiplier 9-bit elements          ; 0 / 70 ( 0 % )        ; 0 / 70 ( 0 % )                 ;
; Total memory bits                           ; 0                     ; 0                              ;
; Total RAM block bits                        ; 0                     ; 0                              ;
; Clock control block                         ; 2 / 20 ( 10 % )       ; 0 / 20 ( 0 % )                 ;
;                                             ;                       ;                                ;
; Connections                                 ;                       ;                                ;
;     -- Input Connections                    ; 0                     ; 0                              ;
;     -- Registered Input Connections         ; 0                     ; 0                              ;
;     -- Output Connections                   ; 0                     ; 0                              ;
;     -- Registered Output Connections        ; 0                     ; 0                              ;
;                                             ;                       ;                                ;
; Internal Connections                        ;                       ;                                ;
;     -- Total Connections                    ; 22498                 ; 0                              ;
;     -- Registered Connections               ; 4096                  ; 0                              ;
;                                             ;                       ;                                ;
; External Connections                        ;                       ;                                ;
;     -- Top                                  ; 0                     ; 0                              ;
;     -- hard_block:auto_generated_inst       ; 0                     ; 0                              ;
;                                             ;                       ;                                ;
; Partition Interface                         ;                       ;                                ;
;     -- Input Ports                          ; 34                    ; 0                              ;
;     -- Output Ports                         ; 96                    ; 0                              ;
;     -- Bidir Ports                          ; 0                     ; 0                              ;
;                                             ;                       ;                                ;
; Registered Ports                            ;                       ;                                ;
;     -- Registered Input Ports               ; 0                     ; 0                              ;
;     -- Registered Output Ports              ; 0                     ; 0                              ;
;                                             ;                       ;                                ;
; Port Connectivity                           ;                       ;                                ;
;     -- Input Ports driven by GND            ; 0                     ; 0                              ;
;     -- Output Ports driven by GND           ; 0                     ; 0                              ;
;     -- Input Ports driven by VCC            ; 0                     ; 0                              ;
;     -- Output Ports driven by VCC           ; 0                     ; 0                              ;
;     -- Input Ports with no Source           ; 0                     ; 0                              ;
;     -- Output Ports with no Source          ; 0                     ; 0                              ;
;     -- Input Ports with no Fanout           ; 0                     ; 0                              ;
;     -- Output Ports with no Fanout          ; 0                     ; 0                              ;
+---------------------------------------------+-----------------------+--------------------------------+


+-----------------------------------------------------------------------------------------------------------------------------------------------------------------------------------------------------------------------------------------------------------------------+
; Input Pins                                                                                                                                                                                                                                                            ;
+-----------------+-------+----------+--------------+--------------+-------------+-----------------------+--------------------+--------+----------------+---------------+-----------------+----------+--------------+--------------+-------------+----------------------+
; Name            ; Pin # ; I/O Bank ; X coordinate ; Y coordinate ; Cell number ; Combinational Fan-Out ; Registered Fan-Out ; Global ; Input Register ; Power Up High ; PCI I/O Enabled ; Bus Hold ; Weak Pull Up ; I/O Standard ; Termination ; Location assigned by ;
+-----------------+-------+----------+--------------+--------------+-------------+-----------------------+--------------------+--------+----------------+---------------+-----------------+----------+--------------+--------------+-------------+----------------------+
; Instruction[0]  ; AA17  ; 7        ; 50           ; 0            ; 1           ; 1                     ; 0                  ; no     ; no             ; no            ; no              ; no       ; Off          ; 3.3-V LVTTL  ; Off         ; Fitter               ;
; Instruction[10] ; AF21  ; 7        ; 55           ; 0            ; 1           ; 1                     ; 0                  ; no     ; no             ; no            ; no              ; no       ; Off          ; 3.3-V LVTTL  ; Off         ; Fitter               ;
; Instruction[11] ; C10   ; 3        ; 20           ; 36           ; 1           ; 2                     ; 0                  ; no     ; no             ; no            ; no              ; no       ; Off          ; 3.3-V LVTTL  ; Off         ; Fitter               ;
; Instruction[12] ; W12   ; 8        ; 18           ; 0            ; 0           ; 2                     ; 0                  ; no     ; no             ; no            ; no              ; no       ; Off          ; 3.3-V LVTTL  ; Off         ; Fitter               ;
; Instruction[13] ; W24   ; 6        ; 65           ; 9            ; 1           ; 2                     ; 0                  ; no     ; no             ; no            ; no              ; no       ; Off          ; 3.3-V LVTTL  ; Off         ; Fitter               ;
; Instruction[14] ; AC18  ; 7        ; 48           ; 0            ; 0           ; 5                     ; 0                  ; no     ; no             ; no            ; no              ; no       ; Off          ; 3.3-V LVTTL  ; Off         ; Fitter               ;
; Instruction[15] ; AF19  ; 7        ; 48           ; 0            ; 3           ; 18                    ; 0                  ; no     ; no             ; no            ; no              ; no       ; Off          ; 3.3-V LVTTL  ; Off         ; Fitter               ;
; Instruction[16] ; A17   ; 4        ; 42           ; 36           ; 1           ; 241                   ; 0                  ; no     ; no             ; no            ; no              ; no       ; Off          ; 3.3-V LVTTL  ; Off         ; Fitter               ;
; Instruction[17] ; A10   ; 3        ; 22           ; 36           ; 2           ; 241                   ; 0                  ; no     ; no             ; no            ; no              ; no       ; Off          ; 3.3-V LVTTL  ; Off         ; Fitter               ;
; Instruction[18] ; AA15  ; 7        ; 40           ; 0            ; 3           ; 241                   ; 0                  ; no     ; no             ; no            ; no              ; no       ; Off          ; 3.3-V LVTTL  ; Off         ; Fitter               ;
; Instruction[19] ; J11   ; 3        ; 27           ; 36           ; 0           ; 244                   ; 0                  ; no     ; no             ; no            ; no              ; no       ; Off          ; 3.3-V LVTTL  ; Off         ; Fitter               ;
; Instruction[1]  ; G16   ; 4        ; 44           ; 36           ; 0           ; 1                     ; 0                  ; no     ; no             ; no            ; no              ; no       ; Off          ; 3.3-V LVTTL  ; Off         ; Fitter               ;
; Instruction[20] ; AD12  ; 8        ; 31           ; 0            ; 3           ; 35                    ; 0                  ; no     ; no             ; no            ; no              ; no       ; Off          ; 3.3-V LVTTL  ; Off         ; Fitter               ;
; Instruction[21] ; E12   ; 3        ; 24           ; 36           ; 3           ; 240                   ; 0                  ; no     ; no             ; no            ; no              ; no       ; Off          ; 3.3-V LVTTL  ; Off         ; Fitter               ;
; Instruction[22] ; J13   ; 3        ; 24           ; 36           ; 1           ; 240                   ; 0                  ; no     ; no             ; no            ; no              ; no       ; Off          ; 3.3-V LVTTL  ; Off         ; Fitter               ;
; Instruction[23] ; F12   ; 3        ; 27           ; 36           ; 3           ; 240                   ; 0                  ; no     ; no             ; no            ; no              ; no       ; Off          ; 3.3-V LVTTL  ; Off         ; Fitter               ;
; Instruction[24] ; D16   ; 4        ; 40           ; 36           ; 0           ; 240                   ; 0                  ; no     ; no             ; no            ; no              ; no       ; Off          ; 3.3-V LVTTL  ; Off         ; Fitter               ;
; Instruction[25] ; E15   ; 4        ; 40           ; 36           ; 1           ; 32                    ; 0                  ; no     ; no             ; no            ; no              ; no       ; Off          ; 3.3-V LVTTL  ; Off         ; Fitter               ;
; Instruction[26] ; U22   ; 6        ; 65           ; 9            ; 2           ; 5                     ; 0                  ; no     ; no             ; no            ; no              ; no       ; Off          ; 3.3-V LVTTL  ; Off         ; Fitter               ;
; Instruction[27] ; AE8   ; 8        ; 18           ; 0            ; 3           ; 6                     ; 0                  ; no     ; no             ; no            ; no              ; no       ; Off          ; 3.3-V LVTTL  ; Off         ; Fitter               ;
; Instruction[28] ; Y11   ; 8        ; 16           ; 0            ; 2           ; 6                     ; 0                  ; no     ; no             ; no            ; no              ; no       ; Off          ; 3.3-V LVTTL  ; Off         ; Fitter               ;
; Instruction[29] ; AC9   ; 8        ; 20           ; 0            ; 2           ; 4                     ; 0                  ; no     ; no             ; no            ; no              ; no       ; Off          ; 3.3-V LVTTL  ; Off         ; Fitter               ;
; Instruction[2]  ; T17   ; 6        ; 65           ; 14           ; 1           ; 1                     ; 0                  ; no     ; no             ; no            ; no              ; no       ; Off          ; 3.3-V LVTTL  ; Off         ; Fitter               ;
; Instruction[30] ; AE9   ; 8        ; 20           ; 0            ; 0           ; 4                     ; 0                  ; no     ; no             ; no            ; no              ; no       ; Off          ; 3.3-V LVTTL  ; Off         ; Fitter               ;
; Instruction[31] ; AE21  ; 7        ; 55           ; 0            ; 0           ; 4                     ; 0                  ; no     ; no             ; no            ; no              ; no       ; Off          ; 3.3-V LVTTL  ; Off         ; Fitter               ;
; Instruction[3]  ; D12   ; 3        ; 24           ; 36           ; 2           ; 1                     ; 0                  ; no     ; no             ; no            ; no              ; no       ; Off          ; 3.3-V LVTTL  ; Off         ; Fitter               ;
; Instruction[4]  ; T21   ; 6        ; 65           ; 14           ; 2           ; 1                     ; 0                  ; no     ; no             ; no            ; no              ; no       ; Off          ; 3.3-V LVTTL  ; Off         ; Fitter               ;
; Instruction[5]  ; R24   ; 6        ; 65           ; 17           ; 1           ; 1                     ; 0                  ; no     ; no             ; no            ; no              ; no       ; Off          ; 3.3-V LVTTL  ; Off         ; Fitter               ;
; Instruction[6]  ; T18   ; 6        ; 65           ; 14           ; 0           ; 1                     ; 0                  ; no     ; no             ; no            ; no              ; no       ; Off          ; 3.3-V LVTTL  ; Off         ; Fitter               ;
; Instruction[7]  ; AA18  ; 7        ; 50           ; 0            ; 0           ; 1                     ; 0                  ; no     ; no             ; no            ; no              ; no       ; Off          ; 3.3-V LVTTL  ; Off         ; Fitter               ;
; Instruction[8]  ; AF8   ; 8        ; 18           ; 0            ; 2           ; 1                     ; 0                  ; no     ; no             ; no            ; no              ; no       ; Off          ; 3.3-V LVTTL  ; Off         ; Fitter               ;
; Instruction[9]  ; U25   ; 6        ; 65           ; 13           ; 1           ; 1                     ; 0                  ; no     ; no             ; no            ; no              ; no       ; Off          ; 3.3-V LVTTL  ; Off         ; Fitter               ;
; clk             ; P2    ; 1        ; 0            ; 18           ; 2           ; 1                     ; 0                  ; yes    ; no             ; no            ; no              ; no       ; Off          ; 3.3-V LVTTL  ; Off         ; Fitter               ;
; rst_n           ; P1    ; 1        ; 0            ; 18           ; 3           ; 1                     ; 0                  ; yes    ; no             ; no            ; no              ; no       ; Off          ; 3.3-V LVTTL  ; Off         ; Fitter               ;
+-----------------+-------+----------+--------------+--------------+-------------+-----------------------+--------------------+--------+----------------+---------------+-----------------+----------+--------------+--------------+-------------+----------------------+


+------------------------------------------------------------------------------------------------------------------------------------------------------------------------------------------------------------------------------------------------------------------------------------------------------------------------------------------------------+
; Output Pins                                                                                                                                                                                                                                                                                                                                          ;
+------------------------+-------+----------+--------------+--------------+-------------+-----------------+------------------------+---------------+-----------------+------------+---------------+----------+--------------+--------------+------------------+-------------+----------------------+------+----------------------+---------------------+
; Name                   ; Pin # ; I/O Bank ; X coordinate ; Y coordinate ; Cell number ; Output Register ; Output Enable Register ; Power Up High ; PCI I/O Enabled ; Open Drain ; TRI Primitive ; Bus Hold ; Weak Pull Up ; I/O Standard ; Current Strength ; Termination ; Location assigned by ; Load ; Output Enable Source ; Output Enable Group ;
+------------------------+-------+----------+--------------+--------------+-------------+-----------------+------------------------+---------------+-----------------+------------+---------------+----------+--------------+--------------+------------------+-------------+----------------------+------+----------------------+---------------------+
; ALU_Out_Debug[0]       ; AD16  ; 7        ; 42           ; 0            ; 3           ; no              ; no                     ; no            ; no              ; no         ; no            ; no       ; Off          ; 3.3-V LVTTL  ; 24mA             ; Off         ; Fitter               ; 0 pF ; -                    ; -                   ;
; ALU_Out_Debug[10]      ; A9    ; 3        ; 20           ; 36           ; 2           ; no              ; no                     ; no            ; no              ; no         ; no            ; no       ; Off          ; 3.3-V LVTTL  ; 24mA             ; Off         ; Fitter               ; 0 pF ; -                    ; -                   ;
; ALU_Out_Debug[11]      ; AC19  ; 7        ; 53           ; 0            ; 2           ; no              ; no                     ; no            ; no              ; no         ; no            ; no       ; Off          ; 3.3-V LVTTL  ; 24mA             ; Off         ; Fitter               ; 0 pF ; -                    ; -                   ;
; ALU_Out_Debug[12]      ; AA11  ; 8        ; 14           ; 0            ; 0           ; no              ; no                     ; no            ; no              ; no         ; no            ; no       ; Off          ; 3.3-V LVTTL  ; 24mA             ; Off         ; Fitter               ; 0 pF ; -                    ; -                   ;
; ALU_Out_Debug[13]      ; V17   ; 7        ; 50           ; 0            ; 2           ; no              ; no                     ; no            ; no              ; no         ; no            ; no       ; Off          ; 3.3-V LVTTL  ; 24mA             ; Off         ; Fitter               ; 0 pF ; -                    ; -                   ;
; ALU_Out_Debug[14]      ; P6    ; 1        ; 0            ; 15           ; 1           ; no              ; no                     ; no            ; no              ; no         ; no            ; no       ; Off          ; 3.3-V LVTTL  ; 24mA             ; Off         ; Fitter               ; 0 pF ; -                    ; -                   ;
; ALU_Out_Debug[15]      ; W17   ; 7        ; 50           ; 0            ; 3           ; no              ; no                     ; no            ; no              ; no         ; no            ; no       ; Off          ; 3.3-V LVTTL  ; 24mA             ; Off         ; Fitter               ; 0 pF ; -                    ; -                   ;
; ALU_Out_Debug[16]      ; AF7   ; 8        ; 16           ; 0            ; 0           ; no              ; no                     ; no            ; no              ; no         ; no            ; no       ; Off          ; 3.3-V LVTTL  ; 24mA             ; Off         ; Fitter               ; 0 pF ; -                    ; -                   ;
; ALU_Out_Debug[17]      ; AE19  ; 7        ; 48           ; 0            ; 2           ; no              ; no                     ; no            ; no              ; no         ; no            ; no       ; Off          ; 3.3-V LVTTL  ; 24mA             ; Off         ; Fitter               ; 0 pF ; -                    ; -                   ;
; ALU_Out_Debug[18]      ; AA10  ; 8        ; 14           ; 0            ; 2           ; no              ; no                     ; no            ; no              ; no         ; no            ; no       ; Off          ; 3.3-V LVTTL  ; 24mA             ; Off         ; Fitter               ; 0 pF ; -                    ; -                   ;
; ALU_Out_Debug[19]      ; AF20  ; 7        ; 53           ; 0            ; 1           ; no              ; no                     ; no            ; no              ; no         ; no            ; no       ; Off          ; 3.3-V LVTTL  ; 24mA             ; Off         ; Fitter               ; 0 pF ; -                    ; -                   ;
; ALU_Out_Debug[1]       ; W16   ; 7        ; 42           ; 0            ; 0           ; no              ; no                     ; no            ; no              ; no         ; no            ; no       ; Off          ; 3.3-V LVTTL  ; 24mA             ; Off         ; Fitter               ; 0 pF ; -                    ; -                   ;
; ALU_Out_Debug[20]      ; T24   ; 6        ; 65           ; 15           ; 2           ; no              ; no                     ; no            ; no              ; no         ; no            ; no       ; Off          ; 3.3-V LVTTL  ; 24mA             ; Off         ; Fitter               ; 0 pF ; -                    ; -                   ;
; ALU_Out_Debug[21]      ; P17   ; 6        ; 65           ; 15           ; 1           ; no              ; no                     ; no            ; no              ; no         ; no            ; no       ; Off          ; 3.3-V LVTTL  ; 24mA             ; Off         ; Fitter               ; 0 pF ; -                    ; -                   ;
; ALU_Out_Debug[22]      ; AB20  ; 7        ; 55           ; 0            ; 3           ; no              ; no                     ; no            ; no              ; no         ; no            ; no       ; Off          ; 3.3-V LVTTL  ; 24mA             ; Off         ; Fitter               ; 0 pF ; -                    ; -                   ;
; ALU_Out_Debug[23]      ; T20   ; 6        ; 65           ; 14           ; 3           ; no              ; no                     ; no            ; no              ; no         ; no            ; no       ; Off          ; 3.3-V LVTTL  ; 24mA             ; Off         ; Fitter               ; 0 pF ; -                    ; -                   ;
; ALU_Out_Debug[24]      ; AD19  ; 7        ; 53           ; 0            ; 3           ; no              ; no                     ; no            ; no              ; no         ; no            ; no       ; Off          ; 3.3-V LVTTL  ; 24mA             ; Off         ; Fitter               ; 0 pF ; -                    ; -                   ;
; ALU_Out_Debug[25]      ; AE20  ; 7        ; 53           ; 0            ; 0           ; no              ; no                     ; no            ; no              ; no         ; no            ; no       ; Off          ; 3.3-V LVTTL  ; 24mA             ; Off         ; Fitter               ; 0 pF ; -                    ; -                   ;
; ALU_Out_Debug[26]      ; AB10  ; 8        ; 14           ; 0            ; 1           ; no              ; no                     ; no            ; no              ; no         ; no            ; no       ; Off          ; 3.3-V LVTTL  ; 24mA             ; Off         ; Fitter               ; 0 pF ; -                    ; -                   ;
; ALU_Out_Debug[27]      ; AB18  ; 7        ; 48           ; 0            ; 1           ; no              ; no                     ; no            ; no              ; no         ; no            ; no       ; Off          ; 3.3-V LVTTL  ; 24mA             ; Off         ; Fitter               ; 0 pF ; -                    ; -                   ;
; ALU_Out_Debug[28]      ; U2    ; 1        ; 0            ; 13           ; 0           ; no              ; no                     ; no            ; no              ; no         ; no            ; no       ; Off          ; 3.3-V LVTTL  ; 24mA             ; Off         ; Fitter               ; 0 pF ; -                    ; -                   ;
; ALU_Out_Debug[29]      ; U24   ; 6        ; 65           ; 13           ; 3           ; no              ; no                     ; no            ; no              ; no         ; no            ; no       ; Off          ; 3.3-V LVTTL  ; 24mA             ; Off         ; Fitter               ; 0 pF ; -                    ; -                   ;
; ALU_Out_Debug[2]       ; AE10  ; 8        ; 24           ; 0            ; 3           ; no              ; no                     ; no            ; no              ; no         ; no            ; no       ; Off          ; 3.3-V LVTTL  ; 24mA             ; Off         ; Fitter               ; 0 pF ; -                    ; -                   ;
; ALU_Out_Debug[30]      ; AC20  ; 7        ; 55           ; 0            ; 2           ; no              ; no                     ; no            ; no              ; no         ; no            ; no       ; Off          ; 3.3-V LVTTL  ; 24mA             ; Off         ; Fitter               ; 0 pF ; -                    ; -                   ;
; ALU_Out_Debug[31]      ; R6    ; 1        ; 0            ; 14           ; 0           ; no              ; no                     ; no            ; no              ; no         ; no            ; no       ; Off          ; 3.3-V LVTTL  ; 24mA             ; Off         ; Fitter               ; 0 pF ; -                    ; -                   ;
; ALU_Out_Debug[3]       ; AF10  ; 8        ; 24           ; 0            ; 2           ; no              ; no                     ; no            ; no              ; no         ; no            ; no       ; Off          ; 3.3-V LVTTL  ; 24mA             ; Off         ; Fitter               ; 0 pF ; -                    ; -                   ;
; ALU_Out_Debug[4]       ; AC15  ; 7        ; 40           ; 0            ; 1           ; no              ; no                     ; no            ; no              ; no         ; no            ; no       ; Off          ; 3.3-V LVTTL  ; 24mA             ; Off         ; Fitter               ; 0 pF ; -                    ; -                   ;
; ALU_Out_Debug[5]       ; AE13  ; 8        ; 31           ; 0            ; 1           ; no              ; no                     ; no            ; no              ; no         ; no            ; no       ; Off          ; 3.3-V LVTTL  ; 24mA             ; Off         ; Fitter               ; 0 pF ; -                    ; -                   ;
; ALU_Out_Debug[6]       ; AE7   ; 8        ; 16           ; 0            ; 1           ; no              ; no                     ; no            ; no              ; no         ; no            ; no       ; Off          ; 3.3-V LVTTL  ; 24mA             ; Off         ; Fitter               ; 0 pF ; -                    ; -                   ;
; ALU_Out_Debug[7]       ; R17   ; 6        ; 65           ; 15           ; 0           ; no              ; no                     ; no            ; no              ; no         ; no            ; no       ; Off          ; 3.3-V LVTTL  ; 24mA             ; Off         ; Fitter               ; 0 pF ; -                    ; -                   ;
; ALU_Out_Debug[8]       ; R2    ; 1        ; 0            ; 17           ; 2           ; no              ; no                     ; no            ; no              ; no         ; no            ; no       ; Off          ; 3.3-V LVTTL  ; 24mA             ; Off         ; Fitter               ; 0 pF ; -                    ; -                   ;
; ALU_Out_Debug[9]       ; T22   ; 6        ; 65           ; 16           ; 2           ; no              ; no                     ; no            ; no              ; no         ; no            ; no       ; Off          ; 3.3-V LVTTL  ; 24mA             ; Off         ; Fitter               ; 0 pF ; -                    ; -                   ;
; MemWriteData_Debug[0]  ; Y12   ; 8        ; 29           ; 0            ; 0           ; no              ; no                     ; no            ; no              ; no         ; no            ; no       ; Off          ; 3.3-V LVTTL  ; 24mA             ; Off         ; Fitter               ; 0 pF ; -                    ; -                   ;
; MemWriteData_Debug[10] ; V14   ; 8        ; 27           ; 0            ; 1           ; no              ; no                     ; no            ; no              ; no         ; no            ; no       ; Off          ; 3.3-V LVTTL  ; 24mA             ; Off         ; Fitter               ; 0 pF ; -                    ; -                   ;
; MemWriteData_Debug[11] ; AD11  ; 8        ; 27           ; 0            ; 3           ; no              ; no                     ; no            ; no              ; no         ; no            ; no       ; Off          ; 3.3-V LVTTL  ; 24mA             ; Off         ; Fitter               ; 0 pF ; -                    ; -                   ;
; MemWriteData_Debug[12] ; AA12  ; 8        ; 29           ; 0            ; 1           ; no              ; no                     ; no            ; no              ; no         ; no            ; no       ; Off          ; 3.3-V LVTTL  ; 24mA             ; Off         ; Fitter               ; 0 pF ; -                    ; -                   ;
; MemWriteData_Debug[13] ; AD15  ; 7        ; 35           ; 0            ; 2           ; no              ; no                     ; no            ; no              ; no         ; no            ; no       ; Off          ; 3.3-V LVTTL  ; 24mA             ; Off         ; Fitter               ; 0 pF ; -                    ; -                   ;
; MemWriteData_Debug[14] ; V13   ; 8        ; 27           ; 0            ; 0           ; no              ; no                     ; no            ; no              ; no         ; no            ; no       ; Off          ; 3.3-V LVTTL  ; 24mA             ; Off         ; Fitter               ; 0 pF ; -                    ; -                   ;
; MemWriteData_Debug[15] ; AA14  ; 7        ; 37           ; 0            ; 2           ; no              ; no                     ; no            ; no              ; no         ; no            ; no       ; Off          ; 3.3-V LVTTL  ; 24mA             ; Off         ; Fitter               ; 0 pF ; -                    ; -                   ;
; MemWriteData_Debug[16] ; AC17  ; 7        ; 44           ; 0            ; 1           ; no              ; no                     ; no            ; no              ; no         ; no            ; no       ; Off          ; 3.3-V LVTTL  ; 24mA             ; Off         ; Fitter               ; 0 pF ; -                    ; -                   ;
; MemWriteData_Debug[17] ; Y15   ; 7        ; 37           ; 0            ; 0           ; no              ; no                     ; no            ; no              ; no         ; no            ; no       ; Off          ; 3.3-V LVTTL  ; 24mA             ; Off         ; Fitter               ; 0 pF ; -                    ; -                   ;
; MemWriteData_Debug[18] ; AB15  ; 7        ; 40           ; 0            ; 2           ; no              ; no                     ; no            ; no              ; no         ; no            ; no       ; Off          ; 3.3-V LVTTL  ; 24mA             ; Off         ; Fitter               ; 0 pF ; -                    ; -                   ;
; MemWriteData_Debug[19] ; AA16  ; 7        ; 46           ; 0            ; 3           ; no              ; no                     ; no            ; no              ; no         ; no            ; no       ; Off          ; 3.3-V LVTTL  ; 24mA             ; Off         ; Fitter               ; 0 pF ; -                    ; -                   ;
; MemWriteData_Debug[1]  ; AF13  ; 8        ; 31           ; 0            ; 0           ; no              ; no                     ; no            ; no              ; no         ; no            ; no       ; Off          ; 3.3-V LVTTL  ; 24mA             ; Off         ; Fitter               ; 0 pF ; -                    ; -                   ;
; MemWriteData_Debug[20] ; AE12  ; 8        ; 31           ; 0            ; 2           ; no              ; no                     ; no            ; no              ; no         ; no            ; no       ; Off          ; 3.3-V LVTTL  ; 24mA             ; Off         ; Fitter               ; 0 pF ; -                    ; -                   ;
; MemWriteData_Debug[21] ; AF18  ; 7        ; 46           ; 0            ; 1           ; no              ; no                     ; no            ; no              ; no         ; no            ; no       ; Off          ; 3.3-V LVTTL  ; 24mA             ; Off         ; Fitter               ; 0 pF ; -                    ; -                   ;
; MemWriteData_Debug[22] ; AA13  ; 7        ; 35           ; 0            ; 0           ; no              ; no                     ; no            ; no              ; no         ; no            ; no       ; Off          ; 3.3-V LVTTL  ; 24mA             ; Off         ; Fitter               ; 0 pF ; -                    ; -                   ;
; MemWriteData_Debug[23] ; AE18  ; 7        ; 46           ; 0            ; 0           ; no              ; no                     ; no            ; no              ; no         ; no            ; no       ; Off          ; 3.3-V LVTTL  ; 24mA             ; Off         ; Fitter               ; 0 pF ; -                    ; -                   ;
; MemWriteData_Debug[24] ; AE16  ; 7        ; 40           ; 0            ; 0           ; no              ; no                     ; no            ; no              ; no         ; no            ; no       ; Off          ; 3.3-V LVTTL  ; 24mA             ; Off         ; Fitter               ; 0 pF ; -                    ; -                   ;
; MemWriteData_Debug[25] ; AB12  ; 8        ; 24           ; 0            ; 1           ; no              ; no                     ; no            ; no              ; no         ; no            ; no       ; Off          ; 3.3-V LVTTL  ; 24mA             ; Off         ; Fitter               ; 0 pF ; -                    ; -                   ;
; MemWriteData_Debug[26] ; U12   ; 8        ; 29           ; 0            ; 2           ; no              ; no                     ; no            ; no              ; no         ; no            ; no       ; Off          ; 3.3-V LVTTL  ; 24mA             ; Off         ; Fitter               ; 0 pF ; -                    ; -                   ;
; MemWriteData_Debug[27] ; V11   ; 8        ; 29           ; 0            ; 3           ; no              ; no                     ; no            ; no              ; no         ; no            ; no       ; Off          ; 3.3-V LVTTL  ; 24mA             ; Off         ; Fitter               ; 0 pF ; -                    ; -                   ;
; MemWriteData_Debug[28] ; AC14  ; 7        ; 35           ; 0            ; 1           ; no              ; no                     ; no            ; no              ; no         ; no            ; no       ; Off          ; 3.3-V LVTTL  ; 24mA             ; Off         ; Fitter               ; 0 pF ; -                    ; -                   ;
; MemWriteData_Debug[29] ; Y13   ; 7        ; 37           ; 0            ; 3           ; no              ; no                     ; no            ; no              ; no         ; no            ; no       ; Off          ; 3.3-V LVTTL  ; 24mA             ; Off         ; Fitter               ; 0 pF ; -                    ; -                   ;
; MemWriteData_Debug[2]  ; AE15  ; 7        ; 35           ; 0            ; 3           ; no              ; no                     ; no            ; no              ; no         ; no            ; no       ; Off          ; 3.3-V LVTTL  ; 24mA             ; Off         ; Fitter               ; 0 pF ; -                    ; -                   ;
; MemWriteData_Debug[30] ; AC16  ; 7        ; 42           ; 0            ; 2           ; no              ; no                     ; no            ; no              ; no         ; no            ; no       ; Off          ; 3.3-V LVTTL  ; 24mA             ; Off         ; Fitter               ; 0 pF ; -                    ; -                   ;
; MemWriteData_Debug[31] ; AD10  ; 8        ; 22           ; 0            ; 1           ; no              ; no                     ; no            ; no              ; no         ; no            ; no       ; Off          ; 3.3-V LVTTL  ; 24mA             ; Off         ; Fitter               ; 0 pF ; -                    ; -                   ;
; MemWriteData_Debug[3]  ; AF17  ; 7        ; 44           ; 0            ; 3           ; no              ; no                     ; no            ; no              ; no         ; no            ; no       ; Off          ; 3.3-V LVTTL  ; 24mA             ; Off         ; Fitter               ; 0 pF ; -                    ; -                   ;
; MemWriteData_Debug[4]  ; AE11  ; 8        ; 27           ; 0            ; 2           ; no              ; no                     ; no            ; no              ; no         ; no            ; no       ; Off          ; 3.3-V LVTTL  ; 24mA             ; Off         ; Fitter               ; 0 pF ; -                    ; -                   ;
; MemWriteData_Debug[5]  ; Y14   ; 7        ; 37           ; 0            ; 1           ; no              ; no                     ; no            ; no              ; no         ; no            ; no       ; Off          ; 3.3-V LVTTL  ; 24mA             ; Off         ; Fitter               ; 0 pF ; -                    ; -                   ;
; MemWriteData_Debug[6]  ; W15   ; 7        ; 42           ; 0            ; 1           ; no              ; no                     ; no            ; no              ; no         ; no            ; no       ; Off          ; 3.3-V LVTTL  ; 24mA             ; Off         ; Fitter               ; 0 pF ; -                    ; -                   ;
; MemWriteData_Debug[7]  ; AE17  ; 7        ; 44           ; 0            ; 2           ; no              ; no                     ; no            ; no              ; no         ; no            ; no       ; Off          ; 3.3-V LVTTL  ; 24mA             ; Off         ; Fitter               ; 0 pF ; -                    ; -                   ;
; MemWriteData_Debug[8]  ; AD17  ; 7        ; 44           ; 0            ; 0           ; no              ; no                     ; no            ; no              ; no         ; no            ; no       ; Off          ; 3.3-V LVTTL  ; 24mA             ; Off         ; Fitter               ; 0 pF ; -                    ; -                   ;
; MemWriteData_Debug[9]  ; Y16   ; 7        ; 46           ; 0            ; 2           ; no              ; no                     ; no            ; no              ; no         ; no            ; no       ; Off          ; 3.3-V LVTTL  ; 24mA             ; Off         ; Fitter               ; 0 pF ; -                    ; -                   ;
; WriteDataReg_Debug[0]  ; T25   ; 6        ; 65           ; 15           ; 3           ; no              ; no                     ; no            ; no              ; no         ; no            ; no       ; Off          ; 3.3-V LVTTL  ; 24mA             ; Off         ; Fitter               ; 0 pF ; -                    ; -                   ;
; WriteDataReg_Debug[10] ; G12   ; 3        ; 27           ; 36           ; 2           ; no              ; no                     ; no            ; no              ; no         ; no            ; no       ; Off          ; 3.3-V LVTTL  ; 24mA             ; Off         ; Fitter               ; 0 pF ; -                    ; -                   ;
; WriteDataReg_Debug[11] ; D15   ; 4        ; 40           ; 36           ; 2           ; no              ; no                     ; no            ; no              ; no         ; no            ; no       ; Off          ; 3.3-V LVTTL  ; 24mA             ; Off         ; Fitter               ; 0 pF ; -                    ; -                   ;
; WriteDataReg_Debug[12] ; B12   ; 3        ; 29           ; 36           ; 0           ; no              ; no                     ; no            ; no              ; no         ; no            ; no       ; Off          ; 3.3-V LVTTL  ; 24mA             ; Off         ; Fitter               ; 0 pF ; -                    ; -                   ;
; WriteDataReg_Debug[13] ; C16   ; 4        ; 37           ; 36           ; 0           ; no              ; no                     ; no            ; no              ; no         ; no            ; no       ; Off          ; 3.3-V LVTTL  ; 24mA             ; Off         ; Fitter               ; 0 pF ; -                    ; -                   ;
; WriteDataReg_Debug[14] ; AF9   ; 8        ; 22           ; 0            ; 2           ; no              ; no                     ; no            ; no              ; no         ; no            ; no       ; Off          ; 3.3-V LVTTL  ; 24mA             ; Off         ; Fitter               ; 0 pF ; -                    ; -                   ;
; WriteDataReg_Debug[15] ; H16   ; 4        ; 42           ; 36           ; 2           ; no              ; no                     ; no            ; no              ; no         ; no            ; no       ; Off          ; 3.3-V LVTTL  ; 24mA             ; Off         ; Fitter               ; 0 pF ; -                    ; -                   ;
; WriteDataReg_Debug[16] ; W11   ; 8        ; 18           ; 0            ; 1           ; no              ; no                     ; no            ; no              ; no         ; no            ; no       ; Off          ; 3.3-V LVTTL  ; 24mA             ; Off         ; Fitter               ; 0 pF ; -                    ; -                   ;
; WriteDataReg_Debug[17] ; B17   ; 4        ; 42           ; 36           ; 0           ; no              ; no                     ; no            ; no              ; no         ; no            ; no       ; Off          ; 3.3-V LVTTL  ; 24mA             ; Off         ; Fitter               ; 0 pF ; -                    ; -                   ;
; WriteDataReg_Debug[18] ; AC10  ; 8        ; 20           ; 0            ; 1           ; no              ; no                     ; no            ; no              ; no         ; no            ; no       ; Off          ; 3.3-V LVTTL  ; 24mA             ; Off         ; Fitter               ; 0 pF ; -                    ; -                   ;
; WriteDataReg_Debug[19] ; G14   ; 4        ; 35           ; 36           ; 2           ; no              ; no                     ; no            ; no              ; no         ; no            ; no       ; Off          ; 3.3-V LVTTL  ; 24mA             ; Off         ; Fitter               ; 0 pF ; -                    ; -                   ;
; WriteDataReg_Debug[1]  ; C15   ; 4        ; 37           ; 36           ; 3           ; no              ; no                     ; no            ; no              ; no         ; no            ; no       ; Off          ; 3.3-V LVTTL  ; 24mA             ; Off         ; Fitter               ; 0 pF ; -                    ; -                   ;
; WriteDataReg_Debug[20] ; G11   ; 3        ; 22           ; 36           ; 1           ; no              ; no                     ; no            ; no              ; no         ; no            ; no       ; Off          ; 3.3-V LVTTL  ; 24mA             ; Off         ; Fitter               ; 0 pF ; -                    ; -                   ;
; WriteDataReg_Debug[21] ; A14   ; 4        ; 33           ; 36           ; 1           ; no              ; no                     ; no            ; no              ; no         ; no            ; no       ; Off          ; 3.3-V LVTTL  ; 24mA             ; Off         ; Fitter               ; 0 pF ; -                    ; -                   ;
; WriteDataReg_Debug[22] ; AC12  ; 8        ; 24           ; 0            ; 0           ; no              ; no                     ; no            ; no              ; no         ; no            ; no       ; Off          ; 3.3-V LVTTL  ; 24mA             ; Off         ; Fitter               ; 0 pF ; -                    ; -                   ;
; WriteDataReg_Debug[23] ; B10   ; 3        ; 22           ; 36           ; 3           ; no              ; no                     ; no            ; no              ; no         ; no            ; no       ; Off          ; 3.3-V LVTTL  ; 24mA             ; Off         ; Fitter               ; 0 pF ; -                    ; -                   ;
; WriteDataReg_Debug[24] ; AC11  ; 8        ; 22           ; 0            ; 0           ; no              ; no                     ; no            ; no              ; no         ; no            ; no       ; Off          ; 3.3-V LVTTL  ; 24mA             ; Off         ; Fitter               ; 0 pF ; -                    ; -                   ;
; WriteDataReg_Debug[25] ; F13   ; 4        ; 35           ; 36           ; 1           ; no              ; no                     ; no            ; no              ; no         ; no            ; no       ; Off          ; 3.3-V LVTTL  ; 24mA             ; Off         ; Fitter               ; 0 pF ; -                    ; -                   ;
; WriteDataReg_Debug[26] ; D11   ; 3        ; 22           ; 36           ; 0           ; no              ; no                     ; no            ; no              ; no         ; no            ; no       ; Off          ; 3.3-V LVTTL  ; 24mA             ; Off         ; Fitter               ; 0 pF ; -                    ; -                   ;
; WriteDataReg_Debug[27] ; H15   ; 4        ; 42           ; 36           ; 3           ; no              ; no                     ; no            ; no              ; no         ; no            ; no       ; Off          ; 3.3-V LVTTL  ; 24mA             ; Off         ; Fitter               ; 0 pF ; -                    ; -                   ;
; WriteDataReg_Debug[28] ; J14   ; 3        ; 24           ; 36           ; 0           ; no              ; no                     ; no            ; no              ; no         ; no            ; no       ; Off          ; 3.3-V LVTTL  ; 24mA             ; Off         ; Fitter               ; 0 pF ; -                    ; -                   ;
; WriteDataReg_Debug[29] ; C12   ; 3        ; 29           ; 36           ; 1           ; no              ; no                     ; no            ; no              ; no         ; no            ; no       ; Off          ; 3.3-V LVTTL  ; 24mA             ; Off         ; Fitter               ; 0 pF ; -                    ; -                   ;
; WriteDataReg_Debug[2]  ; N24   ; 5        ; 65           ; 20           ; 3           ; no              ; no                     ; no            ; no              ; no         ; no            ; no       ; Off          ; 3.3-V LVTTL  ; 24mA             ; Off         ; Fitter               ; 0 pF ; -                    ; -                   ;
; WriteDataReg_Debug[30] ; B11   ; 3        ; 29           ; 36           ; 2           ; no              ; no                     ; no            ; no              ; no         ; no            ; no       ; Off          ; 3.3-V LVTTL  ; 24mA             ; Off         ; Fitter               ; 0 pF ; -                    ; -                   ;
; WriteDataReg_Debug[31] ; B15   ; 4        ; 37           ; 36           ; 2           ; no              ; no                     ; no            ; no              ; no         ; no            ; no       ; Off          ; 3.3-V LVTTL  ; 24mA             ; Off         ; Fitter               ; 0 pF ; -                    ; -                   ;
; WriteDataReg_Debug[3]  ; B14   ; 4        ; 33           ; 36           ; 2           ; no              ; no                     ; no            ; no              ; no         ; no            ; no       ; Off          ; 3.3-V LVTTL  ; 24mA             ; Off         ; Fitter               ; 0 pF ; -                    ; -                   ;
; WriteDataReg_Debug[4]  ; F14   ; 4        ; 35           ; 36           ; 3           ; no              ; no                     ; no            ; no              ; no         ; no            ; no       ; Off          ; 3.3-V LVTTL  ; 24mA             ; Off         ; Fitter               ; 0 pF ; -                    ; -                   ;
; WriteDataReg_Debug[5]  ; D14   ; 4        ; 33           ; 36           ; 0           ; no              ; no                     ; no            ; no              ; no         ; no            ; no       ; Off          ; 3.3-V LVTTL  ; 24mA             ; Off         ; Fitter               ; 0 pF ; -                    ; -                   ;
; WriteDataReg_Debug[6]  ; J10   ; 3        ; 27           ; 36           ; 1           ; no              ; no                     ; no            ; no              ; no         ; no            ; no       ; Off          ; 3.3-V LVTTL  ; 24mA             ; Off         ; Fitter               ; 0 pF ; -                    ; -                   ;
; WriteDataReg_Debug[7]  ; C11   ; 3        ; 29           ; 36           ; 3           ; no              ; no                     ; no            ; no              ; no         ; no            ; no       ; Off          ; 3.3-V LVTTL  ; 24mA             ; Off         ; Fitter               ; 0 pF ; -                    ; -                   ;
; WriteDataReg_Debug[8]  ; G13   ; 4        ; 35           ; 36           ; 0           ; no              ; no                     ; no            ; no              ; no         ; no            ; no       ; Off          ; 3.3-V LVTTL  ; 24mA             ; Off         ; Fitter               ; 0 pF ; -                    ; -                   ;
; WriteDataReg_Debug[9]  ; B16   ; 4        ; 37           ; 36           ; 1           ; no              ; no                     ; no            ; no              ; no         ; no            ; no       ; Off          ; 3.3-V LVTTL  ; 24mA             ; Off         ; Fitter               ; 0 pF ; -                    ; -                   ;
+------------------------+-------+----------+--------------+--------------+-------------+-----------------+------------------------+---------------+-----------------+------------+---------------+----------+--------------+--------------+------------------+-------------+----------------------+------+----------------------+---------------------+


+------------------------------------------------------------+
; I/O Bank Usage                                             ;
+----------+------------------+---------------+--------------+
; I/O Bank ; Usage            ; VCCIO Voltage ; VREF Voltage ;
+----------+------------------+---------------+--------------+
; 1        ; 6 / 64 ( 9 % )   ; 3.3V          ; --           ;
; 2        ; 2 / 59 ( 3 % )   ; 3.3V          ; --           ;
; 3        ; 18 / 56 ( 32 % ) ; 3.3V          ; --           ;
; 4        ; 19 / 58 ( 33 % ) ; 3.3V          ; --           ;
; 5        ; 1 / 65 ( 2 % )   ; 3.3V          ; --           ;
; 6        ; 15 / 59 ( 25 % ) ; 3.3V          ; --           ;
; 7        ; 40 / 58 ( 69 % ) ; 3.3V          ; --           ;
; 8        ; 32 / 56 ( 57 % ) ; 3.3V          ; --           ;
+----------+------------------+---------------+--------------+


+------------------------------------------------------------------------------------------------------------------------------------------------------------------------+
; All Package Pins                                                                                                                                                       ;
+----------+------------+----------+------------------------------------------+--------+--------------+---------+------------+-----------------+----------+--------------+
; Location ; Pad Number ; I/O Bank ; Pin Name/Usage                           ; Dir.   ; I/O Standard ; Voltage ; I/O Type   ; User Assignment ; Bus Hold ; Weak Pull Up ;
+----------+------------+----------+------------------------------------------+--------+--------------+---------+------------+-----------------+----------+--------------+
; A2       ;            ;          ; GND                                      ; gnd    ;              ;         ; --         ;                 ; --       ; --           ;
; A3       ;            ; 3        ; VCCIO3                                   ; power  ;              ; 3.3V    ; --         ;                 ; --       ; --           ;
; A4       ; 484        ; 3        ; GND*                                     ;        ;              ;         ; Column I/O ;                 ; no       ; Off          ;
; A5       ; 482        ; 3        ; GND*                                     ;        ;              ;         ; Column I/O ;                 ; no       ; Off          ;
; A6       ; 479        ; 3        ; GND*                                     ;        ;              ;         ; Column I/O ;                 ; no       ; Off          ;
; A7       ; 465        ; 3        ; GND*                                     ;        ;              ;         ; Column I/O ;                 ; no       ; Off          ;
; A8       ; 457        ; 3        ; GND*                                     ;        ;              ;         ; Column I/O ;                 ; no       ; Off          ;
; A9       ; 451        ; 3        ; ALU_Out_Debug[10]                        ; output ; 3.3-V LVTTL  ;         ; Column I/O ; N               ; no       ; Off          ;
; A10      ; 447        ; 3        ; Instruction[17]                          ; input  ; 3.3-V LVTTL  ;         ; Column I/O ; N               ; no       ; Off          ;
; A11      ;            ; 3        ; VCCIO3                                   ; power  ;              ; 3.3V    ; --         ;                 ; --       ; --           ;
; A12      ;            ;          ; GND                                      ; gnd    ;              ;         ; --         ;                 ; --       ; --           ;
; A13      ; 430        ; 4        ; GND+                                     ;        ;              ;         ; Column I/O ;                 ; --       ; --           ;
; A14      ; 427        ; 4        ; WriteDataReg_Debug[21]                   ; output ; 3.3-V LVTTL  ;         ; Column I/O ; N               ; no       ; Off          ;
; A15      ;            ;          ; GND                                      ; gnd    ;              ;         ; --         ;                 ; --       ; --           ;
; A16      ;            ; 4        ; VCCIO4                                   ; power  ;              ; 3.3V    ; --         ;                 ; --       ; --           ;
; A17      ; 412        ; 4        ; Instruction[16]                          ; input  ; 3.3-V LVTTL  ;         ; Column I/O ; N               ; no       ; Off          ;
; A18      ; 406        ; 4        ; GND*                                     ;        ;              ;         ; Column I/O ;                 ; no       ; Off          ;
; A19      ; 394        ; 4        ; GND*                                     ;        ;              ;         ; Column I/O ;                 ; no       ; Off          ;
; A20      ; 390        ; 4        ; GND*                                     ;        ;              ;         ; Column I/O ;                 ; no       ; Off          ;
; A21      ; 382        ; 4        ; GND*                                     ;        ;              ;         ; Column I/O ;                 ; no       ; Off          ;
; A22      ; 379        ; 4        ; GND*                                     ;        ;              ;         ; Column I/O ;                 ; no       ; Off          ;
; A23      ; 378        ; 4        ; GND*                                     ;        ;              ;         ; Column I/O ;                 ; no       ; Off          ;
; A24      ;            ; 4        ; VCCIO4                                   ; power  ;              ; 3.3V    ; --         ;                 ; --       ; --           ;
; A25      ;            ;          ; GND                                      ; gnd    ;              ;         ; --         ;                 ; --       ; --           ;
; AA1      ; 107        ; 1        ; GND*                                     ;        ;              ;         ; Row I/O    ;                 ; no       ; Off          ;
; AA2      ; 106        ; 1        ; GND*                                     ;        ;              ;         ; Row I/O    ;                 ; no       ; Off          ;
; AA3      ; 117        ; 1        ; GND*                                     ;        ;              ;         ; Row I/O    ;                 ; no       ; Off          ;
; AA4      ; 116        ; 1        ; GND*                                     ;        ;              ;         ; Row I/O    ;                 ; no       ; Off          ;
; AA5      ; 120        ; 1        ; GND*                                     ;        ;              ;         ; Row I/O    ;                 ; no       ; Off          ;
; AA6      ; 130        ; 1        ; GND*                                     ;        ;              ;         ; Row I/O    ;                 ; no       ; Off          ;
; AA7      ; 129        ; 1        ; GND*                                     ;        ;              ;         ; Row I/O    ;                 ; no       ; Off          ;
; AA8      ;            ;          ; VCCA_PLL1                                ; power  ;              ; 1.2V    ; --         ;                 ; --       ; --           ;
; AA9      ; 152        ; 8        ; GND*                                     ;        ;              ;         ; Column I/O ;                 ; no       ; Off          ;
; AA10     ; 153        ; 8        ; ALU_Out_Debug[18]                        ; output ; 3.3-V LVTTL  ;         ; Column I/O ; N               ; no       ; Off          ;
; AA11     ; 155        ; 8        ; ALU_Out_Debug[12]                        ; output ; 3.3-V LVTTL  ;         ; Column I/O ; N               ; no       ; Off          ;
; AA12     ; 179        ; 8        ; MemWriteData_Debug[12]                   ; output ; 3.3-V LVTTL  ;         ; Column I/O ; N               ; no       ; Off          ;
; AA13     ; 192        ; 7        ; MemWriteData_Debug[22]                   ; output ; 3.3-V LVTTL  ;         ; Column I/O ; N               ; no       ; Off          ;
; AA14     ; 194        ; 7        ; MemWriteData_Debug[15]                   ; output ; 3.3-V LVTTL  ;         ; Column I/O ; N               ; no       ; Off          ;
; AA15     ; 197        ; 7        ; Instruction[18]                          ; input  ; 3.3-V LVTTL  ;         ; Column I/O ; N               ; no       ; Off          ;
; AA16     ; 209        ; 7        ; MemWriteData_Debug[19]                   ; output ; 3.3-V LVTTL  ;         ; Column I/O ; N               ; no       ; Off          ;
; AA17     ; 219        ; 7        ; Instruction[0]                           ; input  ; 3.3-V LVTTL  ;         ; Column I/O ; N               ; no       ; Off          ;
; AA18     ; 220        ; 7        ; Instruction[7]                           ; input  ; 3.3-V LVTTL  ;         ; Column I/O ; N               ; no       ; Off          ;
; AA19     ;            ;          ; VCCA_PLL4                                ; power  ;              ; 1.2V    ; --         ;                 ; --       ; --           ;
; AA20     ; 230        ; 7        ; GND*                                     ;        ;              ;         ; Column I/O ;                 ; no       ; Off          ;
; AA21     ;            ;          ; GND_PLL4                                 ; gnd    ;              ;         ; --         ;                 ; --       ; --           ;
; AA22     ;            ; 6        ; VCCIO6                                   ; power  ;              ; 3.3V    ; --         ;                 ; --       ; --           ;
; AA23     ; 256        ; 6        ; GND*                                     ;        ;              ;         ; Row I/O    ;                 ; no       ; Off          ;
; AA24     ; 255        ; 6        ; GND*                                     ;        ;              ;         ; Row I/O    ;                 ; no       ; Off          ;
; AA25     ; 266        ; 6        ; GND*                                     ;        ;              ;         ; Row I/O    ;                 ; no       ; Off          ;
; AA26     ; 267        ; 6        ; GND*                                     ;        ;              ;         ; Row I/O    ;                 ; no       ; Off          ;
; AB1      ; 115        ; 1        ; GND*                                     ;        ;              ;         ; Row I/O    ;                 ; no       ; Off          ;
; AB2      ; 114        ; 1        ; GND*                                     ;        ;              ;         ; Row I/O    ;                 ; no       ; Off          ;
; AB3      ; 126        ; 1        ; GND*                                     ;        ;              ;         ; Row I/O    ;                 ; no       ; Off          ;
; AB4      ; 127        ; 1        ; GND*                                     ;        ;              ;         ; Row I/O    ;                 ; no       ; Off          ;
; AB5      ;            ; 1        ; VCCIO1                                   ; power  ;              ; 3.3V    ; --         ;                 ; --       ; --           ;
; AB6      ;            ; 8        ; VCCIO8                                   ; power  ;              ; 3.3V    ; --         ;                 ; --       ; --           ;
; AB7      ;            ;          ; GND                                      ; gnd    ;              ;         ; --         ;                 ; --       ; --           ;
; AB8      ; 147        ; 8        ; GND*                                     ;        ;              ;         ; Column I/O ;                 ; no       ; Off          ;
; AB9      ;            ; 8        ; VCCIO8                                   ; power  ;              ; 3.3V    ; --         ;                 ; --       ; --           ;
; AB10     ; 154        ; 8        ; ALU_Out_Debug[26]                        ; output ; 3.3-V LVTTL  ;         ; Column I/O ; N               ; no       ; Off          ;
; AB11     ;            ;          ; GND                                      ; gnd    ;              ;         ; --         ;                 ; --       ; --           ;
; AB12     ; 171        ; 8        ; MemWriteData_Debug[25]                   ; output ; 3.3-V LVTTL  ;         ; Column I/O ; N               ; no       ; Off          ;
; AB13     ;            ; 8        ; VCCIO8                                   ; power  ;              ; 3.3V    ; --         ;                 ; --       ; --           ;
; AB14     ;            ; 7        ; VCCIO7                                   ; power  ;              ; 3.3V    ; --         ;                 ; --       ; --           ;
; AB15     ; 198        ; 7        ; MemWriteData_Debug[18]                   ; output ; 3.3-V LVTTL  ;         ; Column I/O ; N               ; no       ; Off          ;
; AB16     ;            ;          ; GND                                      ; gnd    ;              ;         ; --         ;                 ; --       ; --           ;
; AB17     ;            ; 7        ; VCCIO7                                   ; power  ;              ; 3.3V    ; --         ;                 ; --       ; --           ;
; AB18     ; 215        ; 7        ; ALU_Out_Debug[27]                        ; output ; 3.3-V LVTTL  ;         ; Column I/O ; N               ; no       ; Off          ;
; AB19     ;            ;          ; GND                                      ; gnd    ;              ;         ; --         ;                 ; --       ; --           ;
; AB20     ; 225        ; 7        ; ALU_Out_Debug[22]                        ; output ; 3.3-V LVTTL  ;         ; Column I/O ; N               ; no       ; Off          ;
; AB21     ; 242        ; 7        ; GND*                                     ;        ;              ;         ; Column I/O ;                 ; no       ; Off          ;
; AB22     ;            ; 7        ; VCCIO7                                   ; power  ;              ; 3.3V    ; --         ;                 ; --       ; --           ;
; AB23     ; 258        ; 6        ; GND*                                     ;        ;              ;         ; Row I/O    ;                 ; no       ; Off          ;
; AB24     ; 257        ; 6        ; GND*                                     ;        ;              ;         ; Row I/O    ;                 ; no       ; Off          ;
; AB25     ; 263        ; 6        ; GND*                                     ;        ;              ;         ; Row I/O    ;                 ; no       ; Off          ;
; AB26     ; 262        ; 6        ; GND*                                     ;        ;              ;         ; Row I/O    ;                 ; no       ; Off          ;
; AC1      ; 119        ; 1        ; GND*                                     ;        ;              ;         ; Row I/O    ;                 ; no       ; Off          ;
; AC2      ; 118        ; 1        ; GND*                                     ;        ;              ;         ; Row I/O    ;                 ; no       ; Off          ;
; AC3      ; 128        ; 1        ; GND*                                     ;        ;              ;         ; Row I/O    ;                 ; no       ; Off          ;
; AC4      ;            ;          ; GND                                      ; gnd    ;              ;         ; --         ;                 ; --       ; --           ;
; AC5      ; 133        ; 8        ; GND*                                     ;        ;              ;         ; Column I/O ;                 ; no       ; Off          ;
; AC6      ; 134        ; 8        ; GND*                                     ;        ;              ;         ; Column I/O ;                 ; no       ; Off          ;
; AC7      ; 143        ; 8        ; GND*                                     ;        ;              ;         ; Column I/O ;                 ; --       ; --           ;
; AC8      ; 148        ; 8        ; GND*                                     ;        ;              ;         ; Column I/O ;                 ; no       ; Off          ;
; AC9      ; 163        ; 8        ; Instruction[29]                          ; input  ; 3.3-V LVTTL  ;         ; Column I/O ; N               ; no       ; Off          ;
; AC10     ; 164        ; 8        ; WriteDataReg_Debug[18]                   ; output ; 3.3-V LVTTL  ;         ; Column I/O ; N               ; no       ; Off          ;
; AC11     ; 168        ; 8        ; WriteDataReg_Debug[24]                   ; output ; 3.3-V LVTTL  ;         ; Column I/O ; N               ; no       ; Off          ;
; AC12     ; 172        ; 8        ; WriteDataReg_Debug[22]                   ; output ; 3.3-V LVTTL  ;         ; Column I/O ; N               ; no       ; Off          ;
; AC13     ; 185        ; 8        ; GND+                                     ;        ;              ;         ; Column I/O ;                 ; --       ; --           ;
; AC14     ; 191        ; 7        ; MemWriteData_Debug[28]                   ; output ; 3.3-V LVTTL  ;         ; Column I/O ; N               ; no       ; Off          ;
; AC15     ; 199        ; 7        ; ALU_Out_Debug[4]                         ; output ; 3.3-V LVTTL  ;         ; Column I/O ; N               ; no       ; Off          ;
; AC16     ; 202        ; 7        ; MemWriteData_Debug[30]                   ; output ; 3.3-V LVTTL  ;         ; Column I/O ; N               ; no       ; Off          ;
; AC17     ; 207        ; 7        ; MemWriteData_Debug[16]                   ; output ; 3.3-V LVTTL  ;         ; Column I/O ; N               ; no       ; Off          ;
; AC18     ; 216        ; 7        ; Instruction[14]                          ; input  ; 3.3-V LVTTL  ;         ; Column I/O ; N               ; no       ; Off          ;
; AC19     ; 222        ; 7        ; ALU_Out_Debug[11]                        ; output ; 3.3-V LVTTL  ;         ; Column I/O ; N               ; no       ; Off          ;
; AC20     ; 226        ; 7        ; ALU_Out_Debug[30]                        ; output ; 3.3-V LVTTL  ;         ; Column I/O ; N               ; no       ; Off          ;
; AC21     ; 237        ; 7        ; GND*                                     ;        ;              ;         ; Column I/O ;                 ; no       ; Off          ;
; AC22     ; 241        ; 7        ; GND*                                     ;        ;              ;         ; Column I/O ;                 ; no       ; Off          ;
; AC23     ; 245        ; 6        ; GND*                                     ;        ;              ;         ; Row I/O    ;                 ; no       ; Off          ;
; AC24     ;            ;          ; NC                                       ;        ;              ;         ; --         ;                 ; --       ; --           ;
; AC25     ; 260        ; 6        ; GND*                                     ;        ;              ;         ; Row I/O    ;                 ; no       ; Off          ;
; AC26     ; 261        ; 6        ; GND*                                     ;        ;              ;         ; Row I/O    ;                 ; no       ; Off          ;
; AD1      ;            ; 1        ; VCCIO1                                   ; power  ;              ; 3.3V    ; --         ;                 ; --       ; --           ;
; AD2      ; 122        ; 1        ; GND*                                     ;        ;              ;         ; Row I/O    ;                 ; no       ; Off          ;
; AD3      ; 123        ; 1        ; GND*                                     ;        ;              ;         ; Row I/O    ;                 ; no       ; Off          ;
; AD4      ; 135        ; 8        ; GND*                                     ;        ;              ;         ; Column I/O ;                 ; no       ; Off          ;
; AD5      ; 136        ; 8        ; GND*                                     ;        ;              ;         ; Column I/O ;                 ; no       ; Off          ;
; AD6      ; 139        ; 8        ; GND*                                     ;        ;              ;         ; Column I/O ;                 ; no       ; Off          ;
; AD7      ; 140        ; 8        ; GND*                                     ;        ;              ;         ; Column I/O ;                 ; no       ; Off          ;
; AD8      ; 149        ; 8        ; GND*                                     ;        ;              ;         ; Column I/O ;                 ; no       ; Off          ;
; AD9      ;            ;          ; GND                                      ; gnd    ;              ;         ; --         ;                 ; --       ; --           ;
; AD10     ; 167        ; 8        ; MemWriteData_Debug[31]                   ; output ; 3.3-V LVTTL  ;         ; Column I/O ; N               ; no       ; Off          ;
; AD11     ; 173        ; 8        ; MemWriteData_Debug[11]                   ; output ; 3.3-V LVTTL  ;         ; Column I/O ; N               ; no       ; Off          ;
; AD12     ; 181        ; 8        ; Instruction[20]                          ; input  ; 3.3-V LVTTL  ;         ; Column I/O ; N               ; no       ; Off          ;
; AD13     ; 186        ; 8        ; GND+                                     ;        ;              ;         ; Column I/O ;                 ; --       ; --           ;
; AD14     ;            ;          ; GND                                      ; gnd    ;              ;         ; --         ;                 ; --       ; --           ;
; AD15     ; 190        ; 7        ; MemWriteData_Debug[13]                   ; output ; 3.3-V LVTTL  ;         ; Column I/O ; N               ; no       ; Off          ;
; AD16     ; 201        ; 7        ; ALU_Out_Debug[0]                         ; output ; 3.3-V LVTTL  ;         ; Column I/O ; N               ; no       ; Off          ;
; AD17     ; 208        ; 7        ; MemWriteData_Debug[8]                    ; output ; 3.3-V LVTTL  ;         ; Column I/O ; N               ; no       ; Off          ;
; AD18     ;            ;          ; GND                                      ; gnd    ;              ;         ; --         ;                 ; --       ; --           ;
; AD19     ; 221        ; 7        ; ALU_Out_Debug[24]                        ; output ; 3.3-V LVTTL  ;         ; Column I/O ; N               ; no       ; Off          ;
; AD20     ;            ; 7        ; VCCIO7                                   ; power  ;              ; 3.3V    ; --         ;                 ; --       ; --           ;
; AD21     ; 238        ; 7        ; GND*                                     ;        ;              ;         ; Column I/O ;                 ; no       ; Off          ;
; AD22     ; 240        ; 7        ; GND*                                     ;        ;              ;         ; Column I/O ;                 ; no       ; Off          ;
; AD23     ; 239        ; 7        ; GND*                                     ;        ;              ;         ; Column I/O ;                 ; no       ; Off          ;
; AD24     ; 249        ; 6        ; GND*                                     ;        ;              ;         ; Row I/O    ;                 ; no       ; Off          ;
; AD25     ; 248        ; 6        ; GND*                                     ;        ;              ;         ; Row I/O    ;                 ; no       ; Off          ;
; AD26     ;            ; 6        ; VCCIO6                                   ; power  ;              ; 3.3V    ; --         ;                 ; --       ; --           ;
; AE1      ;            ;          ; GND                                      ; gnd    ;              ;         ; --         ;                 ; --       ; --           ;
; AE2      ; 124        ; 1        ; GND*                                     ;        ;              ;         ; Row I/O    ;                 ; no       ; Off          ;
; AE3      ; 125        ; 1        ; GND*                                     ;        ;              ;         ; Row I/O    ;                 ; no       ; Off          ;
; AE4      ; 131        ; 8        ; GND*                                     ;        ;              ;         ; Column I/O ;                 ; no       ; Off          ;
; AE5      ; 137        ; 8        ; GND*                                     ;        ;              ;         ; Column I/O ;                 ; no       ; Off          ;
; AE6      ; 150        ; 8        ; GND*                                     ;        ;              ;         ; Column I/O ;                 ; no       ; Off          ;
; AE7      ; 157        ; 8        ; ALU_Out_Debug[6]                         ; output ; 3.3-V LVTTL  ;         ; Column I/O ; N               ; no       ; Off          ;
; AE8      ; 159        ; 8        ; Instruction[27]                          ; input  ; 3.3-V LVTTL  ;         ; Column I/O ; N               ; no       ; Off          ;
; AE9      ; 165        ; 8        ; Instruction[30]                          ; input  ; 3.3-V LVTTL  ;         ; Column I/O ; N               ; no       ; Off          ;
; AE10     ; 169        ; 8        ; ALU_Out_Debug[2]                         ; output ; 3.3-V LVTTL  ;         ; Column I/O ; N               ; no       ; Off          ;
; AE11     ; 174        ; 8        ; MemWriteData_Debug[4]                    ; output ; 3.3-V LVTTL  ;         ; Column I/O ; N               ; no       ; Off          ;
; AE12     ; 182        ; 8        ; MemWriteData_Debug[20]                   ; output ; 3.3-V LVTTL  ;         ; Column I/O ; N               ; no       ; Off          ;
; AE13     ; 183        ; 8        ; ALU_Out_Debug[5]                         ; output ; 3.3-V LVTTL  ;         ; Column I/O ; N               ; no       ; Off          ;
; AE14     ; 188        ; 7        ; GND+                                     ;        ;              ;         ; Column I/O ;                 ; --       ; --           ;
; AE15     ; 189        ; 7        ; MemWriteData_Debug[2]                    ; output ; 3.3-V LVTTL  ;         ; Column I/O ; N               ; no       ; Off          ;
; AE16     ; 200        ; 7        ; MemWriteData_Debug[24]                   ; output ; 3.3-V LVTTL  ;         ; Column I/O ; N               ; no       ; Off          ;
; AE17     ; 206        ; 7        ; MemWriteData_Debug[7]                    ; output ; 3.3-V LVTTL  ;         ; Column I/O ; N               ; no       ; Off          ;
; AE18     ; 212        ; 7        ; MemWriteData_Debug[23]                   ; output ; 3.3-V LVTTL  ;         ; Column I/O ; N               ; no       ; Off          ;
; AE19     ; 214        ; 7        ; ALU_Out_Debug[17]                        ; output ; 3.3-V LVTTL  ;         ; Column I/O ; N               ; no       ; Off          ;
; AE20     ; 224        ; 7        ; ALU_Out_Debug[25]                        ; output ; 3.3-V LVTTL  ;         ; Column I/O ; N               ; no       ; Off          ;
; AE21     ; 228        ; 7        ; Instruction[31]                          ; input  ; 3.3-V LVTTL  ;         ; Column I/O ; N               ; no       ; Off          ;
; AE22     ; 236        ; 7        ; GND*                                     ;        ;              ;         ; Column I/O ;                 ; no       ; Off          ;
; AE23     ; 244        ; 7        ; GND*                                     ;        ;              ;         ; Column I/O ;                 ; no       ; Off          ;
; AE24     ; 247        ; 6        ; ~LVDS150p/nCEO~                          ; output ; 3.3-V LVTTL  ;         ; Row I/O    ; N               ; no       ; Off          ;
; AE25     ; 246        ; 6        ; GND*                                     ;        ;              ;         ; Row I/O    ;                 ; no       ; Off          ;
; AE26     ;            ;          ; GND                                      ; gnd    ;              ;         ; --         ;                 ; --       ; --           ;
; AF2      ;            ;          ; GND                                      ; gnd    ;              ;         ; --         ;                 ; --       ; --           ;
; AF3      ;            ; 8        ; VCCIO8                                   ; power  ;              ; 3.3V    ; --         ;                 ; --       ; --           ;
; AF4      ; 132        ; 8        ; GND*                                     ;        ;              ;         ; Column I/O ;                 ; no       ; Off          ;
; AF5      ; 138        ; 8        ; GND*                                     ;        ;              ;         ; Column I/O ;                 ; no       ; Off          ;
; AF6      ; 151        ; 8        ; GND*                                     ;        ;              ;         ; Column I/O ;                 ; no       ; Off          ;
; AF7      ; 158        ; 8        ; ALU_Out_Debug[16]                        ; output ; 3.3-V LVTTL  ;         ; Column I/O ; N               ; no       ; Off          ;
; AF8      ; 160        ; 8        ; Instruction[8]                           ; input  ; 3.3-V LVTTL  ;         ; Column I/O ; N               ; no       ; Off          ;
; AF9      ; 166        ; 8        ; WriteDataReg_Debug[14]                   ; output ; 3.3-V LVTTL  ;         ; Column I/O ; N               ; no       ; Off          ;
; AF10     ; 170        ; 8        ; ALU_Out_Debug[3]                         ; output ; 3.3-V LVTTL  ;         ; Column I/O ; N               ; no       ; Off          ;
; AF11     ;            ; 8        ; VCCIO8                                   ; power  ;              ; 3.3V    ; --         ;                 ; --       ; --           ;
; AF12     ;            ;          ; GND                                      ; gnd    ;              ;         ; --         ;                 ; --       ; --           ;
; AF13     ; 184        ; 8        ; MemWriteData_Debug[1]                    ; output ; 3.3-V LVTTL  ;         ; Column I/O ; N               ; no       ; Off          ;
; AF14     ; 187        ; 7        ; GND+                                     ;        ;              ;         ; Column I/O ;                 ; --       ; --           ;
; AF15     ;            ;          ; GND                                      ; gnd    ;              ;         ; --         ;                 ; --       ; --           ;
; AF16     ;            ; 7        ; VCCIO7                                   ; power  ;              ; 3.3V    ; --         ;                 ; --       ; --           ;
; AF17     ; 205        ; 7        ; MemWriteData_Debug[3]                    ; output ; 3.3-V LVTTL  ;         ; Column I/O ; N               ; no       ; Off          ;
; AF18     ; 211        ; 7        ; MemWriteData_Debug[21]                   ; output ; 3.3-V LVTTL  ;         ; Column I/O ; N               ; no       ; Off          ;
; AF19     ; 213        ; 7        ; Instruction[15]                          ; input  ; 3.3-V LVTTL  ;         ; Column I/O ; N               ; no       ; Off          ;
; AF20     ; 223        ; 7        ; ALU_Out_Debug[19]                        ; output ; 3.3-V LVTTL  ;         ; Column I/O ; N               ; no       ; Off          ;
; AF21     ; 227        ; 7        ; Instruction[10]                          ; input  ; 3.3-V LVTTL  ;         ; Column I/O ; N               ; no       ; Off          ;
; AF22     ; 235        ; 7        ; GND*                                     ;        ;              ;         ; Column I/O ;                 ; no       ; Off          ;
; AF23     ; 243        ; 7        ; GND*                                     ;        ;              ;         ; Column I/O ;                 ; no       ; Off          ;
; AF24     ;            ; 7        ; VCCIO7                                   ; power  ;              ; 3.3V    ; --         ;                 ; --       ; --           ;
; AF25     ;            ;          ; GND                                      ; gnd    ;              ;         ; --         ;                 ; --       ; --           ;
; B1       ;            ;          ; GND                                      ; gnd    ;              ;         ; --         ;                 ; --       ; --           ;
; B2       ; 2          ; 2        ; GND*                                     ;        ;              ;         ; Row I/O    ;                 ; no       ; Off          ;
; B3       ; 3          ; 2        ; GND*                                     ;        ;              ;         ; Row I/O    ;                 ; no       ; Off          ;
; B4       ; 483        ; 3        ; GND*                                     ;        ;              ;         ; Column I/O ;                 ; no       ; Off          ;
; B5       ; 481        ; 3        ; GND*                                     ;        ;              ;         ; Column I/O ;                 ; no       ; Off          ;
; B6       ; 480        ; 3        ; GND*                                     ;        ;              ;         ; Column I/O ;                 ; no       ; Off          ;
; B7       ; 466        ; 3        ; GND*                                     ;        ;              ;         ; Column I/O ;                 ; no       ; Off          ;
; B8       ; 458        ; 3        ; GND*                                     ;        ;              ;         ; Column I/O ;                 ; no       ; Off          ;
; B9       ; 452        ; 3        ; GND*                                     ;        ;              ;         ; Column I/O ;                 ; no       ; Off          ;
; B10      ; 448        ; 3        ; WriteDataReg_Debug[23]                   ; output ; 3.3-V LVTTL  ;         ; Column I/O ; N               ; no       ; Off          ;
; B11      ; 435        ; 3        ; WriteDataReg_Debug[30]                   ; output ; 3.3-V LVTTL  ;         ; Column I/O ; N               ; no       ; Off          ;
; B12      ; 433        ; 3        ; WriteDataReg_Debug[12]                   ; output ; 3.3-V LVTTL  ;         ; Column I/O ; N               ; no       ; Off          ;
; B13      ; 429        ; 4        ; GND+                                     ;        ;              ;         ; Column I/O ;                 ; --       ; --           ;
; B14      ; 428        ; 4        ; WriteDataReg_Debug[3]                    ; output ; 3.3-V LVTTL  ;         ; Column I/O ; N               ; no       ; Off          ;
; B15      ; 420        ; 4        ; WriteDataReg_Debug[31]                   ; output ; 3.3-V LVTTL  ;         ; Column I/O ; N               ; no       ; Off          ;
; B16      ; 419        ; 4        ; WriteDataReg_Debug[9]                    ; output ; 3.3-V LVTTL  ;         ; Column I/O ; N               ; no       ; Off          ;
; B17      ; 411        ; 4        ; WriteDataReg_Debug[17]                   ; output ; 3.3-V LVTTL  ;         ; Column I/O ; N               ; no       ; Off          ;
; B18      ; 405        ; 4        ; GND*                                     ;        ;              ;         ; Column I/O ;                 ; no       ; Off          ;
; B19      ; 393        ; 4        ; GND*                                     ;        ;              ;         ; Column I/O ;                 ; no       ; Off          ;
; B20      ; 389        ; 4        ; GND*                                     ;        ;              ;         ; Column I/O ;                 ; no       ; Off          ;
; B21      ; 381        ; 4        ; GND*                                     ;        ;              ;         ; Column I/O ;                 ; no       ; Off          ;
; B22      ; 380        ; 4        ; GND*                                     ;        ;              ;         ; Column I/O ;                 ; no       ; Off          ;
; B23      ; 377        ; 4        ; GND*                                     ;        ;              ;         ; Column I/O ;                 ; no       ; Off          ;
; B24      ; 363        ; 5        ; GND*                                     ;        ;              ;         ; Row I/O    ;                 ; no       ; Off          ;
; B25      ; 362        ; 5        ; GND*                                     ;        ;              ;         ; Row I/O    ;                 ; no       ; Off          ;
; B26      ;            ;          ; GND                                      ; gnd    ;              ;         ; --         ;                 ; --       ; --           ;
; C1       ;            ; 2        ; VCCIO2                                   ; power  ;              ; 3.3V    ; --         ;                 ; --       ; --           ;
; C2       ; 6          ; 2        ; GND*                                     ;        ;              ;         ; Row I/O    ;                 ; no       ; Off          ;
; C3       ; 7          ; 2        ; GND*                                     ;        ;              ;         ; Row I/O    ;                 ; no       ; Off          ;
; C4       ; 478        ; 3        ; GND*                                     ;        ;              ;         ; Column I/O ;                 ; no       ; Off          ;
; C5       ; 486        ; 3        ; GND*                                     ;        ;              ;         ; Column I/O ;                 ; no       ; Off          ;
; C6       ; 485        ; 3        ; GND*                                     ;        ;              ;         ; Column I/O ;                 ; no       ; Off          ;
; C7       ; 468        ; 3        ; GND*                                     ;        ;              ;         ; Column I/O ;                 ; no       ; Off          ;
; C8       ; 463        ; 3        ; GND*                                     ;        ;              ;         ; Column I/O ;                 ; no       ; Off          ;
; C9       ; 459        ; 3        ; GND*                                     ;        ;              ;         ; Column I/O ;                 ; no       ; Off          ;
; C10      ; 450        ; 3        ; Instruction[11]                          ; input  ; 3.3-V LVTTL  ;         ; Column I/O ; N               ; no       ; Off          ;
; C11      ; 436        ; 3        ; WriteDataReg_Debug[7]                    ; output ; 3.3-V LVTTL  ;         ; Column I/O ; N               ; no       ; Off          ;
; C12      ; 434        ; 3        ; WriteDataReg_Debug[29]                   ; output ; 3.3-V LVTTL  ;         ; Column I/O ; N               ; no       ; Off          ;
; C13      ; 431        ; 3        ; GND+                                     ;        ;              ;         ; Column I/O ;                 ; --       ; --           ;
; C14      ;            ;          ; GND                                      ; gnd    ;              ;         ; --         ;                 ; --       ; --           ;
; C15      ; 421        ; 4        ; WriteDataReg_Debug[1]                    ; output ; 3.3-V LVTTL  ;         ; Column I/O ; N               ; no       ; Off          ;
; C16      ; 418        ; 4        ; WriteDataReg_Debug[13]                   ; output ; 3.3-V LVTTL  ;         ; Column I/O ; N               ; no       ; Off          ;
; C17      ; 404        ; 4        ; GND*                                     ;        ;              ;         ; Column I/O ;                 ; no       ; Off          ;
; C18      ;            ;          ; GND                                      ; gnd    ;              ;         ; --         ;                 ; --       ; --           ;
; C19      ; 391        ; 4        ; GND*                                     ;        ;              ;         ; Column I/O ;                 ; no       ; Off          ;
; C20      ;            ; 4        ; VCCIO4                                   ; power  ;              ; 3.3V    ; --         ;                 ; --       ; --           ;
; C21      ; 375        ; 4        ; GND*                                     ;        ;              ;         ; Column I/O ;                 ; no       ; Off          ;
; C22      ; 374        ; 4        ; GND*                                     ;        ;              ;         ; Column I/O ;                 ; no       ; Off          ;
; C23      ; 373        ; 4        ; GND*                                     ;        ;              ;         ; Column I/O ;                 ; no       ; Off          ;
; C24      ; 360        ; 5        ; GND*                                     ;        ;              ;         ; Row I/O    ;                 ; no       ; Off          ;
; C25      ; 361        ; 5        ; GND*                                     ;        ;              ;         ; Row I/O    ;                 ; no       ; Off          ;
; C26      ;            ; 5        ; VCCIO5                                   ; power  ;              ; 3.3V    ; --         ;                 ; --       ; --           ;
; D1       ; 13         ; 2        ; GND*                                     ;        ;              ;         ; Row I/O    ;                 ; no       ; Off          ;
; D2       ; 12         ; 2        ; GND*                                     ;        ;              ;         ; Row I/O    ;                 ; no       ; Off          ;
; D3       ; 1          ; 2        ; ~nCSO~ / RESERVED_INPUT_WITH_WEAK_PULLUP ; input  ; 3.3-V LVTTL  ;         ; Row I/O    ; N               ; no       ; On           ;
; D4       ;            ;          ; GND                                      ; gnd    ;              ;         ; --         ;                 ; --       ; --           ;
; D5       ; 477        ; 3        ; GND*                                     ;        ;              ;         ; Column I/O ;                 ; no       ; Off          ;
; D6       ; 467        ; 3        ; GND*                                     ;        ;              ;         ; Column I/O ;                 ; no       ; Off          ;
; D7       ; 469        ; 3        ; GND*                                     ;        ;              ;         ; Column I/O ;                 ; no       ; Off          ;
; D8       ; 464        ; 3        ; GND*                                     ;        ;              ;         ; Column I/O ;                 ; no       ; Off          ;
; D9       ; 460        ; 3        ; GND*                                     ;        ;              ;         ; Column I/O ;                 ; no       ; Off          ;
; D10      ; 449        ; 3        ; GND*                                     ;        ;              ;         ; Column I/O ;                 ; no       ; Off          ;
; D11      ; 445        ; 3        ; WriteDataReg_Debug[26]                   ; output ; 3.3-V LVTTL  ;         ; Column I/O ; N               ; no       ; Off          ;
; D12      ; 443        ; 3        ; Instruction[3]                           ; input  ; 3.3-V LVTTL  ;         ; Column I/O ; N               ; no       ; Off          ;
; D13      ; 432        ; 3        ; GND+                                     ;        ;              ;         ; Column I/O ;                 ; --       ; --           ;
; D14      ; 426        ; 4        ; WriteDataReg_Debug[5]                    ; output ; 3.3-V LVTTL  ;         ; Column I/O ; N               ; no       ; Off          ;
; D15      ; 417        ; 4        ; WriteDataReg_Debug[11]                   ; output ; 3.3-V LVTTL  ;         ; Column I/O ; N               ; no       ; Off          ;
; D16      ; 415        ; 4        ; Instruction[24]                          ; input  ; 3.3-V LVTTL  ;         ; Column I/O ; N               ; no       ; Off          ;
; D17      ; 403        ; 4        ; GND*                                     ;        ;              ;         ; Column I/O ;                 ; no       ; Off          ;
; D18      ; 396        ; 4        ; GND*                                     ;        ;              ;         ; Column I/O ;                 ; no       ; Off          ;
; D19      ; 392        ; 4        ; GND*                                     ;        ;              ;         ; Column I/O ;                 ; no       ; Off          ;
; D20      ; 387        ; 4        ; GND*                                     ;        ;              ;         ; Column I/O ;                 ; no       ; Off          ;
; D21      ; 376        ; 4        ; GND*                                     ;        ;              ;         ; Column I/O ;                 ; no       ; Off          ;
; D22      ;            ; 4        ; VCCIO4                                   ; power  ;              ; 3.3V    ; --         ;                 ; --       ; --           ;
; D23      ; 369        ; 5        ; GND*                                     ;        ;              ;         ; Row I/O    ;                 ; no       ; Off          ;
; D24      ;            ;          ; GND                                      ; gnd    ;              ;         ; --         ;                 ; --       ; --           ;
; D25      ; 358        ; 5        ; GND*                                     ;        ;              ;         ; Row I/O    ;                 ; no       ; Off          ;
; D26      ; 359        ; 5        ; GND*                                     ;        ;              ;         ; Row I/O    ;                 ; no       ; Off          ;
; E1       ; 20         ; 2        ; GND*                                     ;        ;              ;         ; Row I/O    ;                 ; no       ; Off          ;
; E2       ; 19         ; 2        ; GND*                                     ;        ;              ;         ; Row I/O    ;                 ; no       ; Off          ;
; E3       ; 0          ; 2        ; ~ASDO~ / RESERVED_INPUT_WITH_WEAK_PULLUP ; input  ; 3.3-V LVTTL  ;         ; Row I/O    ; N               ; no       ; On           ;
; E4       ;            ;          ; GND_PLL3                                 ; gnd    ;              ;         ; --         ;                 ; --       ; --           ;
; E5       ; 4          ; 2        ; GND*                                     ;        ;              ;         ; Row I/O    ;                 ; no       ; Off          ;
; E6       ;            ; 3        ; VCCIO3                                   ; power  ;              ; 3.3V    ; --         ;                 ; --       ; --           ;
; E7       ;            ;          ; GND                                      ; gnd    ;              ;         ; --         ;                 ; --       ; --           ;
; E8       ; 474        ; 3        ; GND*                                     ;        ;              ;         ; Column I/O ;                 ; --       ; --           ;
; E9       ;            ; 3        ; VCCIO3                                   ; power  ;              ; 3.3V    ; --         ;                 ; --       ; --           ;
; E10      ; 453        ; 3        ; GND*                                     ;        ;              ;         ; Column I/O ;                 ; no       ; Off          ;
; E11      ;            ;          ; GND                                      ; gnd    ;              ;         ; --         ;                 ; --       ; --           ;
; E12      ; 444        ; 3        ; Instruction[21]                          ; input  ; 3.3-V LVTTL  ;         ; Column I/O ; N               ; no       ; Off          ;
; E13      ;            ; 3        ; VCCIO3                                   ; power  ;              ; 3.3V    ; --         ;                 ; --       ; --           ;
; E14      ;            ; 4        ; VCCIO4                                   ; power  ;              ; 3.3V    ; --         ;                 ; --       ; --           ;
; E15      ; 416        ; 4        ; Instruction[25]                          ; input  ; 3.3-V LVTTL  ;         ; Column I/O ; N               ; no       ; Off          ;
; E16      ;            ;          ; GND                                      ; gnd    ;              ;         ; --         ;                 ; --       ; --           ;
; E17      ;            ; 4        ; VCCIO4                                   ; power  ;              ; 3.3V    ; --         ;                 ; --       ; --           ;
; E18      ; 395        ; 4        ; GND*                                     ;        ;              ;         ; Column I/O ;                 ; no       ; Off          ;
; E19      ;            ;          ; GND                                      ; gnd    ;              ;         ; --         ;                 ; --       ; --           ;
; E20      ; 388        ; 4        ; GND*                                     ;        ;              ;         ; Column I/O ;                 ; --       ; --           ;
; E21      ;            ;          ; GND_PLL2                                 ; gnd    ;              ;         ; --         ;                 ; --       ; --           ;
; E22      ; 370        ; 5        ; GND*                                     ;        ;              ;         ; Row I/O    ;                 ; no       ; Off          ;
; E23      ; 365        ; 5        ; GND*                                     ;        ;              ;         ; Row I/O    ;                 ; no       ; Off          ;
; E24      ; 364        ; 5        ; GND*                                     ;        ;              ;         ; Row I/O    ;                 ; no       ; Off          ;
; E25      ; 355        ; 5        ; GND*                                     ;        ;              ;         ; Row I/O    ;                 ; no       ; Off          ;
; E26      ; 356        ; 5        ; GND*                                     ;        ;              ;         ; Row I/O    ;                 ; no       ; Off          ;
; F1       ; 29         ; 2        ; GND*                                     ;        ;              ;         ; Row I/O    ;                 ; no       ; Off          ;
; F2       ; 28         ; 2        ; GND*                                     ;        ;              ;         ; Row I/O    ;                 ; no       ; Off          ;
; F3       ; 10         ; 2        ; GND*                                     ;        ;              ;         ; Row I/O    ;                 ; no       ; Off          ;
; F4       ; 11         ; 2        ; GND*                                     ;        ;              ;         ; Row I/O    ;                 ; no       ; Off          ;
; F5       ;            ; 2        ; VCCIO2                                   ; power  ;              ; 3.3V    ; --         ;                 ; --       ; --           ;
; F6       ; 5          ; 2        ; GND*                                     ;        ;              ;         ; Row I/O    ;                 ; no       ; Off          ;
; F7       ; 14         ; 2        ; GND*                                     ;        ;              ;         ; Row I/O    ;                 ; no       ; Off          ;
; F8       ;            ;          ; GNDA_PLL3                                ; gnd    ;              ;         ; --         ;                 ; --       ; --           ;
; F9       ; 470        ; 3        ; GND*                                     ;        ;              ;         ; Column I/O ;                 ; no       ; Off          ;
; F10      ; 462        ; 3        ; GND*                                     ;        ;              ;         ; Column I/O ;                 ; no       ; Off          ;
; F11      ; 454        ; 3        ; GND*                                     ;        ;              ;         ; Column I/O ;                 ; no       ; Off          ;
; F12      ; 440        ; 3        ; Instruction[23]                          ; input  ; 3.3-V LVTTL  ;         ; Column I/O ; N               ; no       ; Off          ;
; F13      ; 423        ; 4        ; WriteDataReg_Debug[25]                   ; output ; 3.3-V LVTTL  ;         ; Column I/O ; N               ; no       ; Off          ;
; F14      ; 425        ; 4        ; WriteDataReg_Debug[4]                    ; output ; 3.3-V LVTTL  ;         ; Column I/O ; N               ; no       ; Off          ;
; F15      ; 409        ; 4        ; GND*                                     ;        ;              ;         ; Column I/O ;                 ; no       ; Off          ;
; F16      ; 408        ; 4        ; GND*                                     ;        ;              ;         ; Column I/O ;                 ; no       ; Off          ;
; F17      ; 401        ; 4        ; GND*                                     ;        ;              ;         ; Column I/O ;                 ; no       ; Off          ;
; F18      ; 398        ; 4        ; GND*                                     ;        ;              ;         ; Column I/O ;                 ; no       ; Off          ;
; F19      ;            ;          ; GNDA_PLL2                                ; gnd    ;              ;         ; --         ;                 ; --       ; --           ;
; F20      ; 372        ; 5        ; GND*                                     ;        ;              ;         ; Row I/O    ;                 ; no       ; Off          ;
; F21      ; 371        ; 5        ; GND*                                     ;        ;              ;         ; Row I/O    ;                 ; no       ; Off          ;
; F22      ;            ; 5        ; VCCIO5                                   ; power  ;              ; 3.3V    ; --         ;                 ; --       ; --           ;
; F23      ; 353        ; 5        ; GND*                                     ;        ;              ;         ; Row I/O    ;                 ; no       ; Off          ;
; F24      ; 354        ; 5        ; GND*                                     ;        ;              ;         ; Row I/O    ;                 ; no       ; Off          ;
; F25      ; 350        ; 5        ; GND*                                     ;        ;              ;         ; Row I/O    ;                 ; no       ; Off          ;
; F26      ; 349        ; 5        ; GND*                                     ;        ;              ;         ; Row I/O    ;                 ; no       ; Off          ;
; G1       ; 30         ; 2        ; GND*                                     ;        ;              ;         ; Row I/O    ;                 ; no       ; Off          ;
; G2       ; 31         ; 2        ; GND*                                     ;        ;              ;         ; Row I/O    ;                 ; no       ; Off          ;
; G3       ; 24         ; 2        ; GND*                                     ;        ;              ;         ; Row I/O    ;                 ; no       ; Off          ;
; G4       ; 23         ; 2        ; GND*                                     ;        ;              ;         ; Row I/O    ;                 ; no       ; Off          ;
; G5       ; 8          ; 2        ; GND*                                     ;        ;              ;         ; Row I/O    ;                 ; no       ; Off          ;
; G6       ; 9          ; 2        ; GND*                                     ;        ;              ;         ; Row I/O    ;                 ; no       ; Off          ;
; G7       ;            ;          ; GND_PLL3                                 ; gnd    ;              ;         ; --         ;                 ; --       ; --           ;
; G8       ;            ;          ; VCCA_PLL3                                ; power  ;              ; 1.2V    ; --         ;                 ; --       ; --           ;
; G9       ; 471        ; 3        ; GND*                                     ;        ;              ;         ; Column I/O ;                 ; no       ; Off          ;
; G10      ; 461        ; 3        ; GND*                                     ;        ;              ;         ; Column I/O ;                 ; no       ; Off          ;
; G11      ; 446        ; 3        ; WriteDataReg_Debug[20]                   ; output ; 3.3-V LVTTL  ;         ; Column I/O ; N               ; no       ; Off          ;
; G12      ; 439        ; 3        ; WriteDataReg_Debug[10]                   ; output ; 3.3-V LVTTL  ;         ; Column I/O ; N               ; no       ; Off          ;
; G13      ; 422        ; 4        ; WriteDataReg_Debug[8]                    ; output ; 3.3-V LVTTL  ;         ; Column I/O ; N               ; no       ; Off          ;
; G14      ; 424        ; 4        ; WriteDataReg_Debug[19]                   ; output ; 3.3-V LVTTL  ;         ; Column I/O ; N               ; no       ; Off          ;
; G15      ; 410        ; 4        ; GND*                                     ;        ;              ;         ; Column I/O ;                 ; no       ; Off          ;
; G16      ; 407        ; 4        ; Instruction[1]                           ; input  ; 3.3-V LVTTL  ;         ; Column I/O ; N               ; no       ; Off          ;
; G17      ; 402        ; 4        ; GND*                                     ;        ;              ;         ; Column I/O ;                 ; no       ; Off          ;
; G18      ; 397        ; 4        ; GND*                                     ;        ;              ;         ; Column I/O ;                 ; no       ; Off          ;
; G19      ;            ;          ; VCCA_PLL2                                ; power  ;              ; 1.2V    ; --         ;                 ; --       ; --           ;
; G20      ;            ;          ; GND_PLL2                                 ; gnd    ;              ;         ; --         ;                 ; --       ; --           ;
; G21      ; 368        ; 5        ; GND*                                     ;        ;              ;         ; Row I/O    ;                 ; no       ; Off          ;
; G22      ; 367        ; 5        ; GND*                                     ;        ;              ;         ; Row I/O    ;                 ; no       ; Off          ;
; G23      ; 346        ; 5        ; GND*                                     ;        ;              ;         ; Row I/O    ;                 ; no       ; Off          ;
; G24      ; 345        ; 5        ; GND*                                     ;        ;              ;         ; Row I/O    ;                 ; no       ; Off          ;
; G25      ; 343        ; 5        ; GND*                                     ;        ;              ;         ; Row I/O    ;                 ; no       ; Off          ;
; G26      ; 342        ; 5        ; GND*                                     ;        ;              ;         ; Row I/O    ;                 ; no       ; Off          ;
; H1       ; 37         ; 2        ; GND*                                     ;        ;              ;         ; Row I/O    ;                 ; no       ; Off          ;
; H2       ; 36         ; 2        ; GND*                                     ;        ;              ;         ; Row I/O    ;                 ; no       ; Off          ;
; H3       ; 32         ; 2        ; GND*                                     ;        ;              ;         ; Row I/O    ;                 ; no       ; Off          ;
; H4       ; 33         ; 2        ; GND*                                     ;        ;              ;         ; Row I/O    ;                 ; no       ; Off          ;
; H5       ;            ;          ; GND                                      ; gnd    ;              ;         ; --         ;                 ; --       ; --           ;
; H6       ; 18         ; 2        ; GND*                                     ;        ;              ;         ; Row I/O    ;                 ; no       ; Off          ;
; H7       ;            ;          ; VCCD_PLL3                                ; power  ;              ; 1.2V    ; --         ;                 ; --       ; --           ;
; H8       ; 473        ; 3        ; GND*                                     ;        ;              ;         ; Column I/O ;                 ; no       ; Off          ;
; H9       ;            ; 3        ; VCCIO3                                   ; power  ;              ; 3.3V    ; --         ;                 ; --       ; --           ;
; H10      ; 472        ; 3        ; GND*                                     ;        ;              ;         ; Column I/O ;                 ; no       ; Off          ;
; H11      ; 456        ; 3        ; GND*                                     ;        ;              ;         ; Column I/O ;                 ; no       ; Off          ;
; H12      ; 455        ; 3        ; GND*                                     ;        ;              ;         ; Column I/O ;                 ; no       ; Off          ;
; H13      ;            ;          ; GND                                      ; gnd    ;              ;         ; --         ;                 ; --       ; --           ;
; H14      ;            ;          ; GND                                      ; gnd    ;              ;         ; --         ;                 ; --       ; --           ;
; H15      ; 414        ; 4        ; WriteDataReg_Debug[27]                   ; output ; 3.3-V LVTTL  ;         ; Column I/O ; N               ; no       ; Off          ;
; H16      ; 413        ; 4        ; WriteDataReg_Debug[15]                   ; output ; 3.3-V LVTTL  ;         ; Column I/O ; N               ; no       ; Off          ;
; H17      ; 400        ; 4        ; GND*                                     ;        ;              ;         ; Column I/O ;                 ; no       ; Off          ;
; H18      ;            ; 4        ; VCCIO4                                   ; power  ;              ; 3.3V    ; --         ;                 ; --       ; --           ;
; H19      ; 335        ; 5        ; GND*                                     ;        ;              ;         ; Row I/O    ;                 ; no       ; Off          ;
; H20      ;            ;          ; VCCD_PLL2                                ; power  ;              ; 1.2V    ; --         ;                 ; --       ; --           ;
; H21      ; 366        ; 5        ; GND*                                     ;        ;              ;         ; Row I/O    ;                 ; no       ; Off          ;
; H22      ;            ;          ; GND                                      ; gnd    ;              ;         ; --         ;                 ; --       ; --           ;
; H23      ; 341        ; 5        ; GND*                                     ;        ;              ;         ; Row I/O    ;                 ; no       ; Off          ;
; H24      ; 340        ; 5        ; GND*                                     ;        ;              ;         ; Row I/O    ;                 ; no       ; Off          ;
; H25      ; 337        ; 5        ; GND*                                     ;        ;              ;         ; Row I/O    ;                 ; no       ; Off          ;
; H26      ; 336        ; 5        ; GND*                                     ;        ;              ;         ; Row I/O    ;                 ; no       ; Off          ;
; J1       ; 39         ; 2        ; GND*                                     ;        ;              ;         ; Row I/O    ;                 ; no       ; Off          ;
; J2       ; 38         ; 2        ; GND*                                     ;        ;              ;         ; Row I/O    ;                 ; no       ; Off          ;
; J3       ; 34         ; 2        ; GND*                                     ;        ;              ;         ; Row I/O    ;                 ; no       ; Off          ;
; J4       ; 35         ; 2        ; GND*                                     ;        ;              ;         ; Row I/O    ;                 ; no       ; Off          ;
; J5       ; 15         ; 2        ; GND*                                     ;        ;              ;         ; Row I/O    ;                 ; --       ; --           ;
; J6       ; 25         ; 2        ; GND*                                     ;        ;              ;         ; Row I/O    ;                 ; no       ; Off          ;
; J7       ; 17         ; 2        ; GND*                                     ;        ;              ;         ; Row I/O    ;                 ; no       ; Off          ;
; J8       ; 16         ; 2        ; GND*                                     ;        ;              ;         ; Row I/O    ;                 ; no       ; Off          ;
; J9       ; 475        ; 3        ; GND*                                     ;        ;              ;         ; Column I/O ;                 ; no       ; Off          ;
; J10      ; 438        ; 3        ; WriteDataReg_Debug[6]                    ; output ; 3.3-V LVTTL  ;         ; Column I/O ; N               ; no       ; Off          ;
; J11      ; 437        ; 3        ; Instruction[19]                          ; input  ; 3.3-V LVTTL  ;         ; Column I/O ; N               ; no       ; Off          ;
; J12      ;            ; 3        ; VCCIO3                                   ; power  ;              ; 3.3V    ; --         ;                 ; --       ; --           ;
; J13      ; 442        ; 3        ; Instruction[22]                          ; input  ; 3.3-V LVTTL  ;         ; Column I/O ; N               ; no       ; Off          ;
; J14      ; 441        ; 3        ; WriteDataReg_Debug[28]                   ; output ; 3.3-V LVTTL  ;         ; Column I/O ; N               ; no       ; Off          ;
; J15      ;            ; 4        ; VCCIO4                                   ; power  ;              ; 3.3V    ; --         ;                 ; --       ; --           ;
; J16      ; 385        ; 4        ; GND*                                     ;        ;              ;         ; Column I/O ;                 ; no       ; Off          ;
; J17      ; 399        ; 4        ; GND*                                     ;        ;              ;         ; Column I/O ;                 ; no       ; Off          ;
; J18      ; 383        ; 4        ; GND*                                     ;        ;              ;         ; Column I/O ;                 ; no       ; Off          ;
; J19      ;            ; 5        ; VCCIO5                                   ; power  ;              ; 3.3V    ; --         ;                 ; --       ; --           ;
; J20      ; 351        ; 5        ; GND*                                     ;        ;              ;         ; Row I/O    ;                 ; no       ; Off          ;
; J21      ; 352        ; 5        ; GND*                                     ;        ;              ;         ; Row I/O    ;                 ; no       ; Off          ;
; J22      ; 357        ; 5        ; GND*                                     ;        ;              ;         ; Row I/O    ;                 ; --       ; --           ;
; J23      ; 339        ; 5        ; GND*                                     ;        ;              ;         ; Row I/O    ;                 ; no       ; Off          ;
; J24      ; 338        ; 5        ; GND*                                     ;        ;              ;         ; Row I/O    ;                 ; no       ; Off          ;
; J25      ; 327        ; 5        ; GND*                                     ;        ;              ;         ; Row I/O    ;                 ; no       ; Off          ;
; J26      ; 326        ; 5        ; GND*                                     ;        ;              ;         ; Row I/O    ;                 ; no       ; Off          ;
; K1       ; 42         ; 2        ; GND*                                     ;        ;              ;         ; Row I/O    ;                 ; no       ; Off          ;
; K2       ; 43         ; 2        ; GND*                                     ;        ;              ;         ; Row I/O    ;                 ; no       ; Off          ;
; K3       ; 41         ; 2        ; GND*                                     ;        ;              ;         ; Row I/O    ;                 ; no       ; Off          ;
; K4       ; 40         ; 2        ; GND*                                     ;        ;              ;         ; Row I/O    ;                 ; no       ; Off          ;
; K5       ; 22         ; 2        ; GND*                                     ;        ;              ;         ; Row I/O    ;                 ; no       ; Off          ;
; K6       ; 21         ; 2        ; GND*                                     ;        ;              ;         ; Row I/O    ;                 ; no       ; Off          ;
; K7       ; 27         ; 2        ; GND*                                     ;        ;              ;         ; Row I/O    ;                 ; no       ; Off          ;
; K8       ; 26         ; 2        ; GND*                                     ;        ;              ;         ; Row I/O    ;                 ; no       ; Off          ;
; K9       ; 476        ; 3        ; GND*                                     ;        ;              ;         ; Column I/O ;                 ; no       ; Off          ;
; K10      ;            ;          ; VCCINT                                   ; power  ;              ; 1.2V    ; --         ;                 ; --       ; --           ;
; K11      ;            ;          ; VCCINT                                   ; power  ;              ; 1.2V    ; --         ;                 ; --       ; --           ;
; K12      ;            ;          ; VCCINT                                   ; power  ;              ; 1.2V    ; --         ;                 ; --       ; --           ;
; K13      ;            ;          ; VCCINT                                   ; power  ;              ; 1.2V    ; --         ;                 ; --       ; --           ;
; K14      ;            ;          ; VCCINT                                   ; power  ;              ; 1.2V    ; --         ;                 ; --       ; --           ;
; K15      ;            ;          ; VCCINT                                   ; power  ;              ; 1.2V    ; --         ;                 ; --       ; --           ;
; K16      ; 386        ; 4        ; GND*                                     ;        ;              ;         ; Column I/O ;                 ; no       ; Off          ;
; K17      ; 384        ; 4        ; GND*                                     ;        ;              ;         ; Column I/O ;                 ; no       ; Off          ;
; K18      ; 334        ; 5        ; GND*                                     ;        ;              ;         ; Row I/O    ;                 ; no       ; Off          ;
; K19      ; 333        ; 5        ; GND*                                     ;        ;              ;         ; Row I/O    ;                 ; no       ; Off          ;
; K20      ;            ;          ; GND                                      ; gnd    ;              ;         ; --         ;                 ; --       ; --           ;
; K21      ; 332        ; 5        ; GND*                                     ;        ;              ;         ; Row I/O    ;                 ; no       ; Off          ;
; K22      ; 344        ; 5        ; GND*                                     ;        ;              ;         ; Row I/O    ;                 ; no       ; Off          ;
; K23      ; 331        ; 5        ; GND*                                     ;        ;              ;         ; Row I/O    ;                 ; no       ; Off          ;
; K24      ; 330        ; 5        ; GND*                                     ;        ;              ;         ; Row I/O    ;                 ; no       ; Off          ;
; K25      ; 321        ; 5        ; GND*                                     ;        ;              ;         ; Row I/O    ;                 ; no       ; Off          ;
; K26      ; 320        ; 5        ; GND*                                     ;        ;              ;         ; Row I/O    ;                 ; no       ; Off          ;
; L1       ;            ; 2        ; VCCIO2                                   ; power  ;              ; 3.3V    ; --         ;                 ; --       ; --           ;
; L2       ; 50         ; 2        ; GND*                                     ;        ;              ;         ; Row I/O    ;                 ; no       ; Off          ;
; L3       ; 51         ; 2        ; GND*                                     ;        ;              ;         ; Row I/O    ;                 ; no       ; Off          ;
; L4       ; 44         ; 2        ; GND*                                     ;        ;              ;         ; Row I/O    ;                 ; --       ; --           ;
; L5       ;            ;          ; GND                                      ; gnd    ;              ;         ; --         ;                 ; --       ; --           ;
; L6       ; 48         ; 2        ; GND*                                     ;        ;              ;         ; Row I/O    ;                 ; no       ; Off          ;
; L7       ; 47         ; 2        ; GND*                                     ;        ;              ;         ; Row I/O    ;                 ; no       ; Off          ;
; L8       ; 59         ; 2        ; #TMS                                     ; input  ;              ;         ; --         ;                 ; --       ; --           ;
; L9       ; 49         ; 2        ; GND*                                     ;        ;              ;         ; Row I/O    ;                 ; no       ; Off          ;
; L10      ; 52         ; 2        ; GND*                                     ;        ;              ;         ; Row I/O    ;                 ; no       ; Off          ;
; L11      ;            ;          ; VCCINT                                   ; power  ;              ; 1.2V    ; --         ;                 ; --       ; --           ;
; L12      ;            ;          ; GND                                      ; gnd    ;              ;         ; --         ;                 ; --       ; --           ;
; L13      ;            ;          ; GND                                      ; gnd    ;              ;         ; --         ;                 ; --       ; --           ;
; L14      ;            ;          ; GND                                      ; gnd    ;              ;         ; --         ;                 ; --       ; --           ;
; L15      ;            ;          ; GND                                      ; gnd    ;              ;         ; --         ;                 ; --       ; --           ;
; L16      ;            ;          ; VCCINT                                   ; power  ;              ; 1.2V    ; --         ;                 ; --       ; --           ;
; L17      ;            ;          ; VCCINT                                   ; power  ;              ; 1.2V    ; --         ;                 ; --       ; --           ;
; L18      ;            ;          ; VCCINT                                   ; power  ;              ; 1.2V    ; --         ;                 ; --       ; --           ;
; L19      ; 322        ; 5        ; GND*                                     ;        ;              ;         ; Row I/O    ;                 ; no       ; Off          ;
; L20      ; 328        ; 5        ; GND*                                     ;        ;              ;         ; Row I/O    ;                 ; no       ; Off          ;
; L21      ; 329        ; 5        ; GND*                                     ;        ;              ;         ; Row I/O    ;                 ; no       ; Off          ;
; L22      ;            ;          ; GND                                      ; gnd    ;              ;         ; --         ;                 ; --       ; --           ;
; L23      ; 325        ; 5        ; GND*                                     ;        ;              ;         ; Row I/O    ;                 ; --       ; --           ;
; L24      ; 324        ; 5        ; GND*                                     ;        ;              ;         ; Row I/O    ;                 ; no       ; Off          ;
; L25      ; 323        ; 5        ; GND*                                     ;        ;              ;         ; Row I/O    ;                 ; no       ; Off          ;
; L26      ;            ; 5        ; VCCIO5                                   ; power  ;              ; 3.3V    ; --         ;                 ; --       ; --           ;
; M1       ;            ;          ; GND                                      ; gnd    ;              ;         ; --         ;                 ; --       ; --           ;
; M2       ; 56         ; 2        ; GND*                                     ;        ;              ;         ; Row I/O    ;                 ; no       ; Off          ;
; M3       ; 55         ; 2        ; GND*                                     ;        ;              ;         ; Row I/O    ;                 ; no       ; Off          ;
; M4       ; 53         ; 2        ; GND*                                     ;        ;              ;         ; Row I/O    ;                 ; no       ; Off          ;
; M5       ; 54         ; 2        ; GND*                                     ;        ;              ;         ; Row I/O    ;                 ; no       ; Off          ;
; M6       ; 58         ; 2        ; #TCK                                     ; input  ;              ;         ; --         ;                 ; --       ; --           ;
; M7       ; 60         ; 2        ; #TDO                                     ; output ;              ;         ; --         ;                 ; --       ; --           ;
; M8       ; 57         ; 2        ; #TDI                                     ; input  ;              ;         ; --         ;                 ; --       ; --           ;
; M9       ;            ; 2        ; VCCIO2                                   ; power  ;              ; 3.3V    ; --         ;                 ; --       ; --           ;
; M10      ;            ;          ; VCCINT                                   ; power  ;              ; 1.2V    ; --         ;                 ; --       ; --           ;
; M11      ;            ;          ; VCCINT                                   ; power  ;              ; 1.2V    ; --         ;                 ; --       ; --           ;
; M12      ;            ;          ; GND                                      ; gnd    ;              ;         ; --         ;                 ; --       ; --           ;
; M13      ;            ;          ; GND                                      ; gnd    ;              ;         ; --         ;                 ; --       ; --           ;
; M14      ;            ;          ; GND                                      ; gnd    ;              ;         ; --         ;                 ; --       ; --           ;
; M15      ;            ;          ; GND                                      ; gnd    ;              ;         ; --         ;                 ; --       ; --           ;
; M16      ;            ;          ; VCCINT                                   ; power  ;              ; 1.2V    ; --         ;                 ; --       ; --           ;
; M17      ;            ;          ; VCCINT                                   ; power  ;              ; 1.2V    ; --         ;                 ; --       ; --           ;
; M18      ;            ; 5        ; VCCIO5                                   ; power  ;              ; 3.3V    ; --         ;                 ; --       ; --           ;
; M19      ; 317        ; 5        ; GND*                                     ;        ;              ;         ; Row I/O    ;                 ; no       ; Off          ;
; M20      ; 316        ; 5        ; GND*                                     ;        ;              ;         ; Row I/O    ;                 ; no       ; Off          ;
; M21      ; 314        ; 5        ; GND*                                     ;        ;              ;         ; Row I/O    ;                 ; no       ; Off          ;
; M22      ; 319        ; 5        ; GND*                                     ;        ;              ;         ; Row I/O    ;                 ; no       ; Off          ;
; M23      ; 318        ; 5        ; GND*                                     ;        ;              ;         ; Row I/O    ;                 ; no       ; Off          ;
; M24      ; 313        ; 5        ; GND*                                     ;        ;              ;         ; Row I/O    ;                 ; no       ; Off          ;
; M25      ; 312        ; 5        ; GND*                                     ;        ;              ;         ; Row I/O    ;                 ; no       ; Off          ;
; M26      ;            ;          ; GND                                      ; gnd    ;              ;         ; --         ;                 ; --       ; --           ;
; N1       ; 65         ; 2        ; GND+                                     ;        ;              ;         ; Row I/O    ;                 ; --       ; --           ;
; N2       ; 64         ; 2        ; GND+                                     ;        ;              ;         ; Row I/O    ;                 ; --       ; --           ;
; N3       ; 62         ; 2        ; ^DATA0                                   ; input  ;              ;         ; --         ;                 ; --       ; --           ;
; N4       ; 63         ; 2        ; ^nCE                                     ;        ;              ;         ; --         ;                 ; --       ; --           ;
; N5       ;            ; 2        ; VCCIO2                                   ; power  ;              ; 3.3V    ; --         ;                 ; --       ; --           ;
; N6       ; 61         ; 2        ; ^DCLK                                    ;        ;              ;         ; --         ;                 ; --       ; --           ;
; N7       ; 66         ; 2        ; ^nCONFIG                                 ;        ;              ;         ; --         ;                 ; --       ; --           ;
; N8       ;            ;          ; GND                                      ; gnd    ;              ;         ; --         ;                 ; --       ; --           ;
; N9       ; 45         ; 2        ; GND*                                     ;        ;              ;         ; Row I/O    ;                 ; no       ; Off          ;
; N10      ;            ;          ; VCCINT                                   ; power  ;              ; 1.2V    ; --         ;                 ; --       ; --           ;
; N11      ;            ;          ; GND                                      ; gnd    ;              ;         ; --         ;                 ; --       ; --           ;
; N12      ;            ;          ; GND                                      ; gnd    ;              ;         ; --         ;                 ; --       ; --           ;
; N13      ;            ;          ; GND                                      ; gnd    ;              ;         ; --         ;                 ; --       ; --           ;
; N14      ;            ;          ; GND                                      ; gnd    ;              ;         ; --         ;                 ; --       ; --           ;
; N15      ;            ;          ; GND                                      ; gnd    ;              ;         ; --         ;                 ; --       ; --           ;
; N16      ;            ;          ; GND                                      ; gnd    ;              ;         ; --         ;                 ; --       ; --           ;
; N17      ;            ;          ; VCCINT                                   ; power  ;              ; 1.2V    ; --         ;                 ; --       ; --           ;
; N18      ; 348        ; 5        ; GND*                                     ;        ;              ;         ; Row I/O    ;                 ; no       ; Off          ;
; N19      ;            ;          ; GND                                      ; gnd    ;              ;         ; --         ;                 ; --       ; --           ;
; N20      ; 315        ; 5        ; GND*                                     ;        ;              ;         ; Row I/O    ;                 ; no       ; Off          ;
; N21      ;            ;          ; NC                                       ;        ;              ;         ; --         ;                 ; --       ; --           ;
; N22      ;            ; 5        ; VCCIO5                                   ; power  ;              ; 3.3V    ; --         ;                 ; --       ; --           ;
; N23      ; 311        ; 5        ; GND*                                     ;        ;              ;         ; Row I/O    ;                 ; no       ; Off          ;
; N24      ; 310        ; 5        ; WriteDataReg_Debug[2]                    ; output ; 3.3-V LVTTL  ;         ; Row I/O    ; N               ; no       ; Off          ;
; N25      ; 309        ; 5        ; GND+                                     ;        ;              ;         ; Row I/O    ;                 ; --       ; --           ;
; N26      ; 308        ; 5        ; GND+                                     ;        ;              ;         ; Row I/O    ;                 ; --       ; --           ;
; P1       ; 68         ; 1        ; rst_n                                    ; input  ; 3.3-V LVTTL  ;         ; Row I/O    ; N               ; no       ; Off          ;
; P2       ; 67         ; 1        ; clk                                      ; input  ; 3.3-V LVTTL  ;         ; Row I/O    ; N               ; no       ; Off          ;
; P3       ; 69         ; 1        ; GND*                                     ;        ;              ;         ; Row I/O    ;                 ; no       ; Off          ;
; P4       ; 70         ; 1        ; GND*                                     ;        ;              ;         ; Row I/O    ;                 ; no       ; Off          ;
; P5       ;            ; 1        ; VCCIO1                                   ; power  ;              ; 3.3V    ; --         ;                 ; --       ; --           ;
; P6       ; 78         ; 1        ; ALU_Out_Debug[14]                        ; output ; 3.3-V LVTTL  ;         ; Row I/O    ; N               ; no       ; Off          ;
; P7       ; 77         ; 1        ; GND*                                     ;        ;              ;         ; Row I/O    ;                 ; no       ; Off          ;
; P8       ;            ;          ; GND                                      ; gnd    ;              ;         ; --         ;                 ; --       ; --           ;
; P9       ; 46         ; 2        ; GND*                                     ;        ;              ;         ; Row I/O    ;                 ; no       ; Off          ;
; P10      ;            ;          ; VCCINT                                   ; power  ;              ; 1.2V    ; --         ;                 ; --       ; --           ;
; P11      ;            ;          ; GND                                      ; gnd    ;              ;         ; --         ;                 ; --       ; --           ;
; P12      ;            ;          ; GND                                      ; gnd    ;              ;         ; --         ;                 ; --       ; --           ;
; P13      ;            ;          ; GND                                      ; gnd    ;              ;         ; --         ;                 ; --       ; --           ;
; P14      ;            ;          ; GND                                      ; gnd    ;              ;         ; --         ;                 ; --       ; --           ;
; P15      ;            ;          ; GND                                      ; gnd    ;              ;         ; --         ;                 ; --       ; --           ;
; P16      ;            ;          ; GND                                      ; gnd    ;              ;         ; --         ;                 ; --       ; --           ;
; P17      ; 293        ; 6        ; ALU_Out_Debug[21]                        ; output ; 3.3-V LVTTL  ;         ; Row I/O    ; N               ; no       ; Off          ;
; P18      ; 347        ; 5        ; GND*                                     ;        ;              ;         ; Row I/O    ;                 ; no       ; Off          ;
; P19      ;            ;          ; GND                                      ; gnd    ;              ;         ; --         ;                 ; --       ; --           ;
; P20      ; 301        ; 6        ; ^MSEL0                                   ;        ;              ;         ; --         ;                 ; --       ; --           ;
; P21      ; 300        ; 6        ; ^MSEL1                                   ;        ;              ;         ; --         ;                 ; --       ; --           ;
; P22      ;            ; 6        ; VCCIO6                                   ; power  ;              ; 3.3V    ; --         ;                 ; --       ; --           ;
; P23      ; 305        ; 6        ; GND*                                     ;        ;              ;         ; Row I/O    ;                 ; no       ; Off          ;
; P24      ; 304        ; 6        ; GND*                                     ;        ;              ;         ; Row I/O    ;                 ; no       ; Off          ;
; P25      ; 307        ; 6        ; GND+                                     ;        ;              ;         ; Row I/O    ;                 ; --       ; --           ;
; P26      ; 306        ; 6        ; GND+                                     ;        ;              ;         ; Row I/O    ;                 ; --       ; --           ;
; R1       ;            ;          ; GND                                      ; gnd    ;              ;         ; --         ;                 ; --       ; --           ;
; R2       ; 71         ; 1        ; ALU_Out_Debug[8]                         ; output ; 3.3-V LVTTL  ;         ; Row I/O    ; N               ; no       ; Off          ;
; R3       ; 72         ; 1        ; GND*                                     ;        ;              ;         ; Row I/O    ;                 ; no       ; Off          ;
; R4       ; 73         ; 1        ; GND*                                     ;        ;              ;         ; Row I/O    ;                 ; no       ; Off          ;
; R5       ; 74         ; 1        ; GND*                                     ;        ;              ;         ; Row I/O    ;                 ; no       ; Off          ;
; R6       ; 81         ; 1        ; ALU_Out_Debug[31]                        ; output ; 3.3-V LVTTL  ;         ; Row I/O    ; N               ; no       ; Off          ;
; R7       ; 82         ; 1        ; GND*                                     ;        ;              ;         ; Row I/O    ;                 ; no       ; Off          ;
; R8       ; 110        ; 1        ; GND*                                     ;        ;              ;         ; Row I/O    ;                 ; no       ; Off          ;
; R9       ;            ; 1        ; VCCIO1                                   ; power  ;              ; 3.3V    ; --         ;                 ; --       ; --           ;
; R10      ;            ;          ; VCCINT                                   ; power  ;              ; 1.2V    ; --         ;                 ; --       ; --           ;
; R11      ;            ;          ; VCCINT                                   ; power  ;              ; 1.2V    ; --         ;                 ; --       ; --           ;
; R12      ;            ;          ; GND                                      ; gnd    ;              ;         ; --         ;                 ; --       ; --           ;
; R13      ;            ;          ; GND                                      ; gnd    ;              ;         ; --         ;                 ; --       ; --           ;
; R14      ;            ;          ; GND                                      ; gnd    ;              ;         ; --         ;                 ; --       ; --           ;
; R15      ;            ;          ; GND                                      ; gnd    ;              ;         ; --         ;                 ; --       ; --           ;
; R16      ;            ;          ; VCCINT                                   ; power  ;              ; 1.2V    ; --         ;                 ; --       ; --           ;
; R17      ; 294        ; 6        ; ALU_Out_Debug[7]                         ; output ; 3.3-V LVTTL  ;         ; Row I/O    ; N               ; no       ; Off          ;
; R18      ;            ; 6        ; VCCIO6                                   ; power  ;              ; 3.3V    ; --         ;                 ; --       ; --           ;
; R19      ; 282        ; 6        ; GND*                                     ;        ;              ;         ; Row I/O    ;                 ; no       ; Off          ;
; R20      ; 297        ; 6        ; GND*                                     ;        ;              ;         ; Row I/O    ;                 ; no       ; Off          ;
; R21      ;            ;          ; GND                                      ; gnd    ;              ;         ; --         ;                 ; --       ; --           ;
; R22      ; 298        ; 6        ; ^nSTATUS                                 ;        ;              ;         ; --         ;                 ; --       ; --           ;
; R23      ; 299        ; 6        ; ^CONF_DONE                               ;        ;              ;         ; --         ;                 ; --       ; --           ;
; R24      ; 302        ; 6        ; Instruction[5]                           ; input  ; 3.3-V LVTTL  ;         ; Row I/O    ; N               ; no       ; Off          ;
; R25      ; 303        ; 6        ; GND*                                     ;        ;              ;         ; Row I/O    ;                 ; no       ; Off          ;
; R26      ;            ;          ; GND                                      ; gnd    ;              ;         ; --         ;                 ; --       ; --           ;
; T1       ;            ; 1        ; VCCIO1                                   ; power  ;              ; 3.3V    ; --         ;                 ; --       ; --           ;
; T2       ; 79         ; 1        ; GND*                                     ;        ;              ;         ; Row I/O    ;                 ; no       ; Off          ;
; T3       ; 80         ; 1        ; GND*                                     ;        ;              ;         ; Row I/O    ;                 ; no       ; Off          ;
; T4       ; 83         ; 1        ; GND*                                     ;        ;              ;         ; Row I/O    ;                 ; --       ; --           ;
; T5       ;            ;          ; GND                                      ; gnd    ;              ;         ; --         ;                 ; --       ; --           ;
; T6       ; 93         ; 1        ; GND*                                     ;        ;              ;         ; Row I/O    ;                 ; no       ; Off          ;
; T7       ; 92         ; 1        ; GND*                                     ;        ;              ;         ; Row I/O    ;                 ; no       ; Off          ;
; T8       ; 111        ; 1        ; GND*                                     ;        ;              ;         ; Row I/O    ;                 ; no       ; Off          ;
; T9       ; 76         ; 1        ; GND*                                     ;        ;              ;         ; Row I/O    ;                 ; no       ; Off          ;
; T10      ; 75         ; 1        ; GND*                                     ;        ;              ;         ; Row I/O    ;                 ; no       ; Off          ;
; T11      ;            ;          ; VCCINT                                   ; power  ;              ; 1.2V    ; --         ;                 ; --       ; --           ;
; T12      ;            ;          ; GND                                      ; gnd    ;              ;         ; --         ;                 ; --       ; --           ;
; T13      ;            ;          ; GND                                      ; gnd    ;              ;         ; --         ;                 ; --       ; --           ;
; T14      ;            ;          ; GND                                      ; gnd    ;              ;         ; --         ;                 ; --       ; --           ;
; T15      ;            ;          ; GND                                      ; gnd    ;              ;         ; --         ;                 ; --       ; --           ;
; T16      ;            ;          ; VCCINT                                   ; power  ;              ; 1.2V    ; --         ;                 ; --       ; --           ;
; T17      ; 289        ; 6        ; Instruction[2]                           ; input  ; 3.3-V LVTTL  ;         ; Row I/O    ; N               ; no       ; Off          ;
; T18      ; 290        ; 6        ; Instruction[6]                           ; input  ; 3.3-V LVTTL  ;         ; Row I/O    ; N               ; no       ; Off          ;
; T19      ; 281        ; 6        ; GND*                                     ;        ;              ;         ; Row I/O    ;                 ; no       ; Off          ;
; T20      ; 287        ; 6        ; ALU_Out_Debug[23]                        ; output ; 3.3-V LVTTL  ;         ; Row I/O    ; N               ; no       ; Off          ;
; T21      ; 288        ; 6        ; Instruction[4]                           ; input  ; 3.3-V LVTTL  ;         ; Row I/O    ; N               ; no       ; Off          ;
; T22      ; 296        ; 6        ; ALU_Out_Debug[9]                         ; output ; 3.3-V LVTTL  ;         ; Row I/O    ; N               ; no       ; Off          ;
; T23      ; 295        ; 6        ; GND*                                     ;        ;              ;         ; Row I/O    ;                 ; no       ; Off          ;
; T24      ; 292        ; 6        ; ALU_Out_Debug[20]                        ; output ; 3.3-V LVTTL  ;         ; Row I/O    ; N               ; no       ; Off          ;
; T25      ; 291        ; 6        ; WriteDataReg_Debug[0]                    ; output ; 3.3-V LVTTL  ;         ; Row I/O    ; N               ; no       ; Off          ;
; T26      ;            ; 6        ; VCCIO6                                   ; power  ;              ; 3.3V    ; --         ;                 ; --       ; --           ;
; U1       ; 85         ; 1        ; GND*                                     ;        ;              ;         ; Row I/O    ;                 ; no       ; Off          ;
; U2       ; 84         ; 1        ; ALU_Out_Debug[28]                        ; output ; 3.3-V LVTTL  ;         ; Row I/O    ; N               ; no       ; Off          ;
; U3       ; 88         ; 1        ; GND*                                     ;        ;              ;         ; Row I/O    ;                 ; no       ; Off          ;
; U4       ; 89         ; 1        ; GND*                                     ;        ;              ;         ; Row I/O    ;                 ; no       ; Off          ;
; U5       ; 100        ; 1        ; GND*                                     ;        ;              ;         ; Row I/O    ;                 ; no       ; Off          ;
; U6       ; 98         ; 1        ; GND*                                     ;        ;              ;         ; Row I/O    ;                 ; no       ; Off          ;
; U7       ; 99         ; 1        ; GND*                                     ;        ;              ;         ; Row I/O    ;                 ; no       ; Off          ;
; U8       ;            ;          ; GND                                      ; gnd    ;              ;         ; --         ;                 ; --       ; --           ;
; U9       ; 86         ; 1        ; GND*                                     ;        ;              ;         ; Row I/O    ;                 ; no       ; Off          ;
; U10      ; 87         ; 1        ; GND*                                     ;        ;              ;         ; Row I/O    ;                 ; no       ; Off          ;
; U11      ;            ;          ; VCCINT                                   ; power  ;              ; 1.2V    ; --         ;                 ; --       ; --           ;
; U12      ; 178        ; 8        ; MemWriteData_Debug[26]                   ; output ; 3.3-V LVTTL  ;         ; Column I/O ; N               ; no       ; Off          ;
; U13      ;            ;          ; VCCINT                                   ; power  ;              ; 1.2V    ; --         ;                 ; --       ; --           ;
; U14      ;            ;          ; VCCINT                                   ; power  ;              ; 1.2V    ; --         ;                 ; --       ; --           ;
; U15      ;            ;          ; VCCINT                                   ; power  ;              ; 1.2V    ; --         ;                 ; --       ; --           ;
; U16      ;            ;          ; VCCINT                                   ; power  ;              ; 1.2V    ; --         ;                 ; --       ; --           ;
; U17      ; 231        ; 7        ; GND*                                     ;        ;              ;         ; Column I/O ;                 ; no       ; Off          ;
; U18      ; 232        ; 7        ; GND*                                     ;        ;              ;         ; Column I/O ;                 ; no       ; Off          ;
; U19      ;            ;          ; GND                                      ; gnd    ;              ;         ; --         ;                 ; --       ; --           ;
; U20      ; 280        ; 6        ; GND*                                     ;        ;              ;         ; Row I/O    ;                 ; no       ; Off          ;
; U21      ; 279        ; 6        ; GND*                                     ;        ;              ;         ; Row I/O    ;                 ; no       ; Off          ;
; U22      ; 270        ; 6        ; Instruction[26]                          ; input  ; 3.3-V LVTTL  ;         ; Row I/O    ; N               ; no       ; Off          ;
; U23      ; 284        ; 6        ; GND*                                     ;        ;              ;         ; Row I/O    ;                 ; no       ; Off          ;
; U24      ; 283        ; 6        ; ALU_Out_Debug[29]                        ; output ; 3.3-V LVTTL  ;         ; Row I/O    ; N               ; no       ; Off          ;
; U25      ; 285        ; 6        ; Instruction[9]                           ; input  ; 3.3-V LVTTL  ;         ; Row I/O    ; N               ; no       ; Off          ;
; U26      ; 286        ; 6        ; GND*                                     ;        ;              ;         ; Row I/O    ;                 ; no       ; Off          ;
; V1       ; 90         ; 1        ; GND*                                     ;        ;              ;         ; Row I/O    ;                 ; no       ; Off          ;
; V2       ; 91         ; 1        ; GND*                                     ;        ;              ;         ; Row I/O    ;                 ; no       ; Off          ;
; V3       ; 95         ; 1        ; GND*                                     ;        ;              ;         ; Row I/O    ;                 ; no       ; Off          ;
; V4       ; 94         ; 1        ; GND*                                     ;        ;              ;         ; Row I/O    ;                 ; no       ; Off          ;
; V5       ; 104        ; 1        ; GND*                                     ;        ;              ;         ; Row I/O    ;                 ; no       ; Off          ;
; V6       ; 105        ; 1        ; GND*                                     ;        ;              ;         ; Row I/O    ;                 ; no       ; Off          ;
; V7       ; 112        ; 1        ; GND*                                     ;        ;              ;         ; Row I/O    ;                 ; no       ; Off          ;
; V8       ;            ; 1        ; VCCIO1                                   ; power  ;              ; 3.3V    ; --         ;                 ; --       ; --           ;
; V9       ; 142        ; 8        ; GND*                                     ;        ;              ;         ; Column I/O ;                 ; no       ; Off          ;
; V10      ; 141        ; 8        ; GND*                                     ;        ;              ;         ; Column I/O ;                 ; no       ; Off          ;
; V11      ; 177        ; 8        ; MemWriteData_Debug[27]                   ; output ; 3.3-V LVTTL  ;         ; Column I/O ; N               ; no       ; Off          ;
; V12      ;            ; 8        ; VCCIO8                                   ; power  ;              ; 3.3V    ; --         ;                 ; --       ; --           ;
; V13      ; 176        ; 8        ; MemWriteData_Debug[14]                   ; output ; 3.3-V LVTTL  ;         ; Column I/O ; N               ; no       ; Off          ;
; V14      ; 175        ; 8        ; MemWriteData_Debug[10]                   ; output ; 3.3-V LVTTL  ;         ; Column I/O ; N               ; no       ; Off          ;
; V15      ;            ; 7        ; VCCIO7                                   ; power  ;              ; 3.3V    ; --         ;                 ; --       ; --           ;
; V16      ;            ;          ; VCCINT                                   ; power  ;              ; 1.2V    ; --         ;                 ; --       ; --           ;
; V17      ; 218        ; 7        ; ALU_Out_Debug[13]                        ; output ; 3.3-V LVTTL  ;         ; Column I/O ; N               ; no       ; Off          ;
; V18      ; 233        ; 7        ; GND*                                     ;        ;              ;         ; Column I/O ;                 ; no       ; Off          ;
; V19      ;            ; 6        ; VCCIO6                                   ; power  ;              ; 3.3V    ; --         ;                 ; --       ; --           ;
; V20      ; 251        ; 6        ; GND*                                     ;        ;              ;         ; Row I/O    ;                 ; no       ; Off          ;
; V21      ; 252        ; 6        ; GND*                                     ;        ;              ;         ; Row I/O    ;                 ; no       ; Off          ;
; V22      ; 259        ; 6        ; GND*                                     ;        ;              ;         ; Row I/O    ;                 ; --       ; --           ;
; V23      ; 275        ; 6        ; GND*                                     ;        ;              ;         ; Row I/O    ;                 ; no       ; Off          ;
; V24      ; 276        ; 6        ; GND*                                     ;        ;              ;         ; Row I/O    ;                 ; no       ; Off          ;
; V25      ; 277        ; 6        ; GND*                                     ;        ;              ;         ; Row I/O    ;                 ; no       ; Off          ;
; V26      ; 278        ; 6        ; GND*                                     ;        ;              ;         ; Row I/O    ;                 ; no       ; Off          ;
; W1       ; 97         ; 1        ; GND*                                     ;        ;              ;         ; Row I/O    ;                 ; no       ; Off          ;
; W2       ; 96         ; 1        ; GND*                                     ;        ;              ;         ; Row I/O    ;                 ; no       ; Off          ;
; W3       ; 102        ; 1        ; GND*                                     ;        ;              ;         ; Row I/O    ;                 ; no       ; Off          ;
; W4       ; 101        ; 1        ; GND*                                     ;        ;              ;         ; Row I/O    ;                 ; no       ; Off          ;
; W5       ;            ;          ; GND                                      ; gnd    ;              ;         ; --         ;                 ; --       ; --           ;
; W6       ; 113        ; 1        ; GND*                                     ;        ;              ;         ; Row I/O    ;                 ; --       ; --           ;
; W7       ;            ;          ; GND_PLL1                                 ; gnd    ;              ;         ; --         ;                 ; --       ; --           ;
; W8       ; 144        ; 8        ; GND*                                     ;        ;              ;         ; Column I/O ;                 ; no       ; Off          ;
; W9       ;            ; 8        ; VCCIO8                                   ; power  ;              ; 3.3V    ; --         ;                 ; --       ; --           ;
; W10      ; 145        ; 8        ; GND*                                     ;        ;              ;         ; Column I/O ;                 ; no       ; Off          ;
; W11      ; 161        ; 8        ; WriteDataReg_Debug[16]                   ; output ; 3.3-V LVTTL  ;         ; Column I/O ; N               ; no       ; Off          ;
; W12      ; 162        ; 8        ; Instruction[12]                          ; input  ; 3.3-V LVTTL  ;         ; Column I/O ; N               ; no       ; Off          ;
; W13      ;            ;          ; GND                                      ; gnd    ;              ;         ; --         ;                 ; --       ; --           ;
; W14      ;            ;          ; GND                                      ; gnd    ;              ;         ; --         ;                 ; --       ; --           ;
; W15      ; 203        ; 7        ; MemWriteData_Debug[6]                    ; output ; 3.3-V LVTTL  ;         ; Column I/O ; N               ; no       ; Off          ;
; W16      ; 204        ; 7        ; ALU_Out_Debug[1]                         ; output ; 3.3-V LVTTL  ;         ; Column I/O ; N               ; no       ; Off          ;
; W17      ; 217        ; 7        ; ALU_Out_Debug[15]                        ; output ; 3.3-V LVTTL  ;         ; Column I/O ; N               ; no       ; Off          ;
; W18      ;            ; 7        ; VCCIO7                                   ; power  ;              ; 3.3V    ; --         ;                 ; --       ; --           ;
; W19      ; 234        ; 7        ; GND*                                     ;        ;              ;         ; Column I/O ;                 ; no       ; Off          ;
; W20      ;            ;          ; GND_PLL4                                 ; gnd    ;              ;         ; --         ;                 ; --       ; --           ;
; W21      ; 253        ; 6        ; GND*                                     ;        ;              ;         ; Row I/O    ;                 ; no       ; Off          ;
; W22      ;            ;          ; GND                                      ; gnd    ;              ;         ; --         ;                 ; --       ; --           ;
; W23      ; 272        ; 6        ; GND*                                     ;        ;              ;         ; Row I/O    ;                 ; no       ; Off          ;
; W24      ; 271        ; 6        ; Instruction[13]                          ; input  ; 3.3-V LVTTL  ;         ; Row I/O    ; N               ; no       ; Off          ;
; W25      ; 273        ; 6        ; GND*                                     ;        ;              ;         ; Row I/O    ;                 ; no       ; Off          ;
; W26      ; 274        ; 6        ; GND*                                     ;        ;              ;         ; Row I/O    ;                 ; no       ; Off          ;
; Y1       ; 103        ; 1        ; GND*                                     ;        ;              ;         ; Row I/O    ;                 ; no       ; Off          ;
; Y2       ;            ;          ; NC                                       ;        ;              ;         ; --         ;                 ; --       ; --           ;
; Y3       ; 108        ; 1        ; GND*                                     ;        ;              ;         ; Row I/O    ;                 ; no       ; Off          ;
; Y4       ; 109        ; 1        ; GND*                                     ;        ;              ;         ; Row I/O    ;                 ; no       ; Off          ;
; Y5       ; 121        ; 1        ; GND*                                     ;        ;              ;         ; Row I/O    ;                 ; no       ; Off          ;
; Y6       ;            ;          ; GND_PLL1                                 ; gnd    ;              ;         ; --         ;                 ; --       ; --           ;
; Y7       ;            ;          ; VCCD_PLL1                                ; power  ;              ; 1.2V    ; --         ;                 ; --       ; --           ;
; Y8       ;            ;          ; GNDA_PLL1                                ; gnd    ;              ;         ; --         ;                 ; --       ; --           ;
; Y9       ;            ;          ; GND                                      ; gnd    ;              ;         ; --         ;                 ; --       ; --           ;
; Y10      ; 146        ; 8        ; GND*                                     ;        ;              ;         ; Column I/O ;                 ; no       ; Off          ;
; Y11      ; 156        ; 8        ; Instruction[28]                          ; input  ; 3.3-V LVTTL  ;         ; Column I/O ; N               ; no       ; Off          ;
; Y12      ; 180        ; 8        ; MemWriteData_Debug[0]                    ; output ; 3.3-V LVTTL  ;         ; Column I/O ; N               ; no       ; Off          ;
; Y13      ; 193        ; 7        ; MemWriteData_Debug[29]                   ; output ; 3.3-V LVTTL  ;         ; Column I/O ; N               ; no       ; Off          ;
; Y14      ; 195        ; 7        ; MemWriteData_Debug[5]                    ; output ; 3.3-V LVTTL  ;         ; Column I/O ; N               ; no       ; Off          ;
; Y15      ; 196        ; 7        ; MemWriteData_Debug[17]                   ; output ; 3.3-V LVTTL  ;         ; Column I/O ; N               ; no       ; Off          ;
; Y16      ; 210        ; 7        ; MemWriteData_Debug[9]                    ; output ; 3.3-V LVTTL  ;         ; Column I/O ; N               ; no       ; Off          ;
; Y17      ;            ;          ; GND                                      ; gnd    ;              ;         ; --         ;                 ; --       ; --           ;
; Y18      ; 229        ; 7        ; GND*                                     ;        ;              ;         ; Column I/O ;                 ; --       ; --           ;
; Y19      ;            ;          ; GNDA_PLL4                                ; gnd    ;              ;         ; --         ;                 ; --       ; --           ;
; Y20      ;            ;          ; VCCD_PLL4                                ; power  ;              ; 1.2V    ; --         ;                 ; --       ; --           ;
; Y21      ; 250        ; 6        ; GND*                                     ;        ;              ;         ; Row I/O    ;                 ; no       ; Off          ;
; Y22      ; 254        ; 6        ; GND*                                     ;        ;              ;         ; Row I/O    ;                 ; no       ; Off          ;
; Y23      ; 265        ; 6        ; GND*                                     ;        ;              ;         ; Row I/O    ;                 ; no       ; Off          ;
; Y24      ; 264        ; 6        ; GND*                                     ;        ;              ;         ; Row I/O    ;                 ; no       ; Off          ;
; Y25      ; 269        ; 6        ; GND*                                     ;        ;              ;         ; Row I/O    ;                 ; no       ; Off          ;
; Y26      ; 268        ; 6        ; GND*                                     ;        ;              ;         ; Row I/O    ;                 ; no       ; Off          ;
+----------+------------+----------+------------------------------------------+--------+--------------+---------+------------+-----------------+----------+--------------+
Note: Pin directions (input, output or bidir) are based on device operating in user mode.


+-------------------------------------------------------------------------------+
; Output Pin Default Load For Reported TCO                                      ;
+----------------------------------+-------+------------------------------------+
; I/O Standard                     ; Load  ; Termination Resistance             ;
+----------------------------------+-------+------------------------------------+
; 3.3-V LVTTL                      ; 0 pF  ; Not Available                      ;
; 3.3-V LVCMOS                     ; 0 pF  ; Not Available                      ;
; 2.5 V                            ; 0 pF  ; Not Available                      ;
; 1.8 V                            ; 0 pF  ; Not Available                      ;
; 1.5 V                            ; 0 pF  ; Not Available                      ;
; 3.3-V PCI                        ; 10 pF ; 25 Ohm (Parallel)                  ;
; 3.3-V PCI-X                      ; 10 pF ; 25 Ohm (Parallel)                  ;
; SSTL-2 Class I                   ; 0 pF  ; 50 Ohm (Parallel), 25 Ohm (Serial) ;
; SSTL-2 Class II                  ; 0 pF  ; 25 Ohm (Parallel), 25 Ohm (Serial) ;
; SSTL-18 Class I                  ; 0 pF  ; 50 Ohm (Parallel), 25 Ohm (Serial) ;
; SSTL-18 Class II                 ; 0 pF  ; 25 Ohm (Parallel), 25 Ohm (Serial) ;
; 1.5-V HSTL Class I               ; 0 pF  ; 50 Ohm (Parallel)                  ;
; 1.5-V HSTL Class II              ; 0 pF  ; 25 Ohm (Parallel)                  ;
; 1.8-V HSTL Class I               ; 0 pF  ; 50 Ohm (Parallel)                  ;
; 1.8-V HSTL Class II              ; 0 pF  ; 25 Ohm (Parallel)                  ;
; Differential SSTL-2              ; 0 pF  ; (See SSTL-2)                       ;
; Differential 2.5-V SSTL Class II ; 0 pF  ; (See SSTL-2 Class II)              ;
; Differential 1.8-V SSTL Class I  ; 0 pF  ; (See 1.8-V SSTL Class I)           ;
; Differential 1.8-V SSTL Class II ; 0 pF  ; (See 1.8-V SSTL Class II)          ;
; Differential 1.5-V HSTL Class I  ; 0 pF  ; (See 1.5-V HSTL Class I)           ;
; Differential 1.5-V HSTL Class II ; 0 pF  ; (See 1.5-V HSTL Class II)          ;
; Differential 1.8-V HSTL Class I  ; 0 pF  ; (See 1.8-V HSTL Class I)           ;
; Differential 1.8-V HSTL Class II ; 0 pF  ; (See 1.8-V HSTL Class II)          ;
; LVDS                             ; 0 pF  ; 100 Ohm (Differential)             ;
; mini-LVDS                        ; 0 pF  ; 100 Ohm (Differential)             ;
; RSDS                             ; 0 pF  ; 100 Ohm (Differential)             ;
; Simple RSDS                      ; 0 pF  ; Not Available                      ;
; Differential LVPECL              ; 0 pF  ; 100 Ohm (Differential)             ;
+----------------------------------+-------+------------------------------------+
Note: User assignments will override these defaults. The user specified values are listed in the Output Pins and Bidir Pins tables.


+--------------------------------------------------------------------------------------------------------------------------------------------------------------------------------------------------------------------------------------------------------------------------+
; Fitter Resource Utilization by Entity                                                                                                                                                                                                                                    ;
+----------------------------+-------------+---------------------------+---------------+-------------+------+--------------+---------+-----------+------+--------------+--------------+-------------------+------------------+------------------------------+--------------+
; Compilation Hierarchy Node ; Logic Cells ; Dedicated Logic Registers ; I/O Registers ; Memory Bits ; M4Ks ; DSP Elements ; DSP 9x9 ; DSP 18x18 ; Pins ; Virtual Pins ; LUT-Only LCs ; Register-Only LCs ; LUT/Register LCs ; Full Hierarchy Name          ; Library Name ;
+----------------------------+-------------+---------------------------+---------------+-------------+------+--------------+---------+-----------+------+--------------+--------------+-------------------+------------------+------------------------------+--------------+
; |Datapath                  ; 4203 (54)   ; 3072 (0)                  ; 0 (0)         ; 0           ; 0    ; 0            ; 0       ; 0         ; 130  ; 0            ; 1131 (38)    ; 1279 (0)          ; 1793 (32)        ; |Datapath                    ; work         ;
;    |ALU_32bit:alu|         ; 32 (32)     ; 0 (0)                     ; 0 (0)         ; 0           ; 0    ; 0            ; 0       ; 0         ; 0    ; 0            ; 28 (28)      ; 0 (0)             ; 4 (4)            ; |Datapath|ALU_32bit:alu      ; work         ;
;    |Control_Unit:cu|       ; 10 (10)     ; 0 (0)                     ; 0 (0)         ; 0           ; 0    ; 0            ; 0       ; 0         ; 0    ; 0            ; 8 (8)        ; 0 (0)             ; 2 (2)            ; |Datapath|Control_Unit:cu    ; work         ;
;    |Dual_Port_Ram:dmem|    ; 2506 (2506) ; 2048 (2048)               ; 0 (0)         ; 0           ; 0    ; 0            ; 0       ; 0         ; 0    ; 0            ; 458 (458)    ; 1037 (1037)       ; 1011 (1011)      ; |Datapath|Dual_Port_Ram:dmem ; work         ;
;    |RegisterFile:rf|       ; 1646 (1646) ; 1024 (1024)               ; 0 (0)         ; 0           ; 0    ; 0            ; 0       ; 0         ; 0    ; 0            ; 599 (599)    ; 242 (242)         ; 805 (805)        ; |Datapath|RegisterFile:rf    ; work         ;
+----------------------------+-------------+---------------------------+---------------+-------------+------+--------------+---------+-----------+------+--------------+--------------+-------------------+------------------+------------------------------+--------------+
Note: For table entries with two numbers listed, the numbers in parentheses indicate the number of resources of the given type used by the specific entity alone. The numbers listed outside of parentheses indicate the total resources of the given type used by the specific entity and all of its sub-entities in the hierarchy.


+-------------------------------------------------------------------------------------------------+
; Delay Chain Summary                                                                             ;
+------------------------+----------+---------------+---------------+-----------------------+-----+
; Name                   ; Pin Type ; Pad to Core 0 ; Pad to Core 1 ; Pad to Input Register ; TCO ;
+------------------------+----------+---------------+---------------+-----------------------+-----+
; ALU_Out_Debug[0]       ; Output   ; --            ; --            ; --                    ; --  ;
; ALU_Out_Debug[1]       ; Output   ; --            ; --            ; --                    ; --  ;
; ALU_Out_Debug[2]       ; Output   ; --            ; --            ; --                    ; --  ;
; ALU_Out_Debug[3]       ; Output   ; --            ; --            ; --                    ; --  ;
; ALU_Out_Debug[4]       ; Output   ; --            ; --            ; --                    ; --  ;
; ALU_Out_Debug[5]       ; Output   ; --            ; --            ; --                    ; --  ;
; ALU_Out_Debug[6]       ; Output   ; --            ; --            ; --                    ; --  ;
; ALU_Out_Debug[7]       ; Output   ; --            ; --            ; --                    ; --  ;
; ALU_Out_Debug[8]       ; Output   ; --            ; --            ; --                    ; --  ;
; ALU_Out_Debug[9]       ; Output   ; --            ; --            ; --                    ; --  ;
; ALU_Out_Debug[10]      ; Output   ; --            ; --            ; --                    ; --  ;
; ALU_Out_Debug[11]      ; Output   ; --            ; --            ; --                    ; --  ;
; ALU_Out_Debug[12]      ; Output   ; --            ; --            ; --                    ; --  ;
; ALU_Out_Debug[13]      ; Output   ; --            ; --            ; --                    ; --  ;
; ALU_Out_Debug[14]      ; Output   ; --            ; --            ; --                    ; --  ;
; ALU_Out_Debug[15]      ; Output   ; --            ; --            ; --                    ; --  ;
; ALU_Out_Debug[16]      ; Output   ; --            ; --            ; --                    ; --  ;
; ALU_Out_Debug[17]      ; Output   ; --            ; --            ; --                    ; --  ;
; ALU_Out_Debug[18]      ; Output   ; --            ; --            ; --                    ; --  ;
; ALU_Out_Debug[19]      ; Output   ; --            ; --            ; --                    ; --  ;
; ALU_Out_Debug[20]      ; Output   ; --            ; --            ; --                    ; --  ;
; ALU_Out_Debug[21]      ; Output   ; --            ; --            ; --                    ; --  ;
; ALU_Out_Debug[22]      ; Output   ; --            ; --            ; --                    ; --  ;
; ALU_Out_Debug[23]      ; Output   ; --            ; --            ; --                    ; --  ;
; ALU_Out_Debug[24]      ; Output   ; --            ; --            ; --                    ; --  ;
; ALU_Out_Debug[25]      ; Output   ; --            ; --            ; --                    ; --  ;
; ALU_Out_Debug[26]      ; Output   ; --            ; --            ; --                    ; --  ;
; ALU_Out_Debug[27]      ; Output   ; --            ; --            ; --                    ; --  ;
; ALU_Out_Debug[28]      ; Output   ; --            ; --            ; --                    ; --  ;
; ALU_Out_Debug[29]      ; Output   ; --            ; --            ; --                    ; --  ;
; ALU_Out_Debug[30]      ; Output   ; --            ; --            ; --                    ; --  ;
; ALU_Out_Debug[31]      ; Output   ; --            ; --            ; --                    ; --  ;
; WriteDataReg_Debug[0]  ; Output   ; --            ; --            ; --                    ; --  ;
; WriteDataReg_Debug[1]  ; Output   ; --            ; --            ; --                    ; --  ;
; WriteDataReg_Debug[2]  ; Output   ; --            ; --            ; --                    ; --  ;
; WriteDataReg_Debug[3]  ; Output   ; --            ; --            ; --                    ; --  ;
; WriteDataReg_Debug[4]  ; Output   ; --            ; --            ; --                    ; --  ;
; WriteDataReg_Debug[5]  ; Output   ; --            ; --            ; --                    ; --  ;
; WriteDataReg_Debug[6]  ; Output   ; --            ; --            ; --                    ; --  ;
; WriteDataReg_Debug[7]  ; Output   ; --            ; --            ; --                    ; --  ;
; WriteDataReg_Debug[8]  ; Output   ; --            ; --            ; --                    ; --  ;
; WriteDataReg_Debug[9]  ; Output   ; --            ; --            ; --                    ; --  ;
; WriteDataReg_Debug[10] ; Output   ; --            ; --            ; --                    ; --  ;
; WriteDataReg_Debug[11] ; Output   ; --            ; --            ; --                    ; --  ;
; WriteDataReg_Debug[12] ; Output   ; --            ; --            ; --                    ; --  ;
; WriteDataReg_Debug[13] ; Output   ; --            ; --            ; --                    ; --  ;
; WriteDataReg_Debug[14] ; Output   ; --            ; --            ; --                    ; --  ;
; WriteDataReg_Debug[15] ; Output   ; --            ; --            ; --                    ; --  ;
; WriteDataReg_Debug[16] ; Output   ; --            ; --            ; --                    ; --  ;
; WriteDataReg_Debug[17] ; Output   ; --            ; --            ; --                    ; --  ;
; WriteDataReg_Debug[18] ; Output   ; --            ; --            ; --                    ; --  ;
; WriteDataReg_Debug[19] ; Output   ; --            ; --            ; --                    ; --  ;
; WriteDataReg_Debug[20] ; Output   ; --            ; --            ; --                    ; --  ;
; WriteDataReg_Debug[21] ; Output   ; --            ; --            ; --                    ; --  ;
; WriteDataReg_Debug[22] ; Output   ; --            ; --            ; --                    ; --  ;
; WriteDataReg_Debug[23] ; Output   ; --            ; --            ; --                    ; --  ;
; WriteDataReg_Debug[24] ; Output   ; --            ; --            ; --                    ; --  ;
; WriteDataReg_Debug[25] ; Output   ; --            ; --            ; --                    ; --  ;
; WriteDataReg_Debug[26] ; Output   ; --            ; --            ; --                    ; --  ;
; WriteDataReg_Debug[27] ; Output   ; --            ; --            ; --                    ; --  ;
; WriteDataReg_Debug[28] ; Output   ; --            ; --            ; --                    ; --  ;
; WriteDataReg_Debug[29] ; Output   ; --            ; --            ; --                    ; --  ;
; WriteDataReg_Debug[30] ; Output   ; --            ; --            ; --                    ; --  ;
; WriteDataReg_Debug[31] ; Output   ; --            ; --            ; --                    ; --  ;
; MemWriteData_Debug[0]  ; Output   ; --            ; --            ; --                    ; --  ;
; MemWriteData_Debug[1]  ; Output   ; --            ; --            ; --                    ; --  ;
; MemWriteData_Debug[2]  ; Output   ; --            ; --            ; --                    ; --  ;
; MemWriteData_Debug[3]  ; Output   ; --            ; --            ; --                    ; --  ;
; MemWriteData_Debug[4]  ; Output   ; --            ; --            ; --                    ; --  ;
; MemWriteData_Debug[5]  ; Output   ; --            ; --            ; --                    ; --  ;
; MemWriteData_Debug[6]  ; Output   ; --            ; --            ; --                    ; --  ;
; MemWriteData_Debug[7]  ; Output   ; --            ; --            ; --                    ; --  ;
; MemWriteData_Debug[8]  ; Output   ; --            ; --            ; --                    ; --  ;
; MemWriteData_Debug[9]  ; Output   ; --            ; --            ; --                    ; --  ;
; MemWriteData_Debug[10] ; Output   ; --            ; --            ; --                    ; --  ;
; MemWriteData_Debug[11] ; Output   ; --            ; --            ; --                    ; --  ;
; MemWriteData_Debug[12] ; Output   ; --            ; --            ; --                    ; --  ;
; MemWriteData_Debug[13] ; Output   ; --            ; --            ; --                    ; --  ;
; MemWriteData_Debug[14] ; Output   ; --            ; --            ; --                    ; --  ;
; MemWriteData_Debug[15] ; Output   ; --            ; --            ; --                    ; --  ;
; MemWriteData_Debug[16] ; Output   ; --            ; --            ; --                    ; --  ;
; MemWriteData_Debug[17] ; Output   ; --            ; --            ; --                    ; --  ;
; MemWriteData_Debug[18] ; Output   ; --            ; --            ; --                    ; --  ;
; MemWriteData_Debug[19] ; Output   ; --            ; --            ; --                    ; --  ;
; MemWriteData_Debug[20] ; Output   ; --            ; --            ; --                    ; --  ;
; MemWriteData_Debug[21] ; Output   ; --            ; --            ; --                    ; --  ;
; MemWriteData_Debug[22] ; Output   ; --            ; --            ; --                    ; --  ;
; MemWriteData_Debug[23] ; Output   ; --            ; --            ; --                    ; --  ;
; MemWriteData_Debug[24] ; Output   ; --            ; --            ; --                    ; --  ;
; MemWriteData_Debug[25] ; Output   ; --            ; --            ; --                    ; --  ;
; MemWriteData_Debug[26] ; Output   ; --            ; --            ; --                    ; --  ;
; MemWriteData_Debug[27] ; Output   ; --            ; --            ; --                    ; --  ;
; MemWriteData_Debug[28] ; Output   ; --            ; --            ; --                    ; --  ;
; MemWriteData_Debug[29] ; Output   ; --            ; --            ; --                    ; --  ;
; MemWriteData_Debug[30] ; Output   ; --            ; --            ; --                    ; --  ;
; MemWriteData_Debug[31] ; Output   ; --            ; --            ; --                    ; --  ;
; Instruction[23]        ; Input    ; (6) 2514 ps   ; (6) 2514 ps   ; --                    ; --  ;
; Instruction[24]        ; Input    ; (6) 2514 ps   ; (6) 2514 ps   ; --                    ; --  ;
; Instruction[22]        ; Input    ; (6) 2514 ps   ; (6) 2514 ps   ; --                    ; --  ;
; Instruction[21]        ; Input    ; (6) 2514 ps   ; (6) 2514 ps   ; --                    ; --  ;
; Instruction[25]        ; Input    ; (6) 2514 ps   ; (6) 2514 ps   ; --                    ; --  ;
; Instruction[26]        ; Input    ; (6) 2523 ps   ; (6) 2523 ps   ; --                    ; --  ;
; Instruction[27]        ; Input    ; (6) 2514 ps   ; (6) 2514 ps   ; --                    ; --  ;
; Instruction[28]        ; Input    ; (6) 2514 ps   ; (6) 2514 ps   ; --                    ; --  ;
; Instruction[29]        ; Input    ; (6) 2514 ps   ; (6) 2514 ps   ; --                    ; --  ;
; Instruction[30]        ; Input    ; (6) 2514 ps   ; (6) 2514 ps   ; --                    ; --  ;
; Instruction[31]        ; Input    ; (6) 2514 ps   ; (6) 2514 ps   ; --                    ; --  ;
; Instruction[18]        ; Input    ; (6) 2514 ps   ; (6) 2514 ps   ; --                    ; --  ;
; Instruction[19]        ; Input    ; (6) 2514 ps   ; (6) 2514 ps   ; --                    ; --  ;
; Instruction[17]        ; Input    ; (6) 2514 ps   ; (6) 2514 ps   ; --                    ; --  ;
; Instruction[16]        ; Input    ; (6) 2514 ps   ; (6) 2514 ps   ; --                    ; --  ;
; Instruction[0]         ; Input    ; (6) 2514 ps   ; (6) 2514 ps   ; --                    ; --  ;
; Instruction[20]        ; Input    ; (6) 2514 ps   ; (6) 2514 ps   ; --                    ; --  ;
; Instruction[1]         ; Input    ; (6) 2514 ps   ; (6) 2514 ps   ; --                    ; --  ;
; Instruction[2]         ; Input    ; (6) 2523 ps   ; (6) 2523 ps   ; --                    ; --  ;
; Instruction[3]         ; Input    ; (6) 2514 ps   ; (6) 2514 ps   ; --                    ; --  ;
; Instruction[4]         ; Input    ; (6) 2523 ps   ; (6) 2523 ps   ; --                    ; --  ;
; Instruction[5]         ; Input    ; (6) 2523 ps   ; (6) 2523 ps   ; --                    ; --  ;
; Instruction[6]         ; Input    ; (6) 2523 ps   ; (6) 2523 ps   ; --                    ; --  ;
; Instruction[7]         ; Input    ; (6) 2514 ps   ; (6) 2514 ps   ; --                    ; --  ;
; Instruction[8]         ; Input    ; (6) 2514 ps   ; (6) 2514 ps   ; --                    ; --  ;
; Instruction[9]         ; Input    ; (6) 2523 ps   ; (6) 2523 ps   ; --                    ; --  ;
; Instruction[10]        ; Input    ; (6) 2514 ps   ; (6) 2514 ps   ; --                    ; --  ;
; Instruction[11]        ; Input    ; (6) 2514 ps   ; (6) 2514 ps   ; --                    ; --  ;
; Instruction[12]        ; Input    ; (6) 2514 ps   ; (6) 2514 ps   ; --                    ; --  ;
; Instruction[13]        ; Input    ; (6) 2523 ps   ; (6) 2523 ps   ; --                    ; --  ;
; Instruction[14]        ; Input    ; (6) 2514 ps   ; (6) 2514 ps   ; --                    ; --  ;
; Instruction[15]        ; Input    ; (6) 2514 ps   ; (6) 2514 ps   ; --                    ; --  ;
; clk                    ; Input    ; (0) 171 ps    ; (0) 171 ps    ; --                    ; --  ;
; rst_n                  ; Input    ; (0) 171 ps    ; (0) 171 ps    ; --                    ; --  ;
+------------------------+----------+---------------+---------------+-----------------------+-----+


+------------------------------------------------------------------+
; Pad To Core Delay Chain Fanout                                   ;
+------------------------------------+-------------------+---------+
; Source Pin / Fanout                ; Pad To Core Index ; Setting ;
+------------------------------------+-------------------+---------+
; Instruction[23]                    ;                   ;         ;
;      - RegisterFile:rf|Mux31~0     ; 0                 ; 6       ;
;      - RegisterFile:rf|Mux31~1     ; 0                 ; 6       ;
;      - RegisterFile:rf|Mux31~2     ; 0                 ; 6       ;
;      - RegisterFile:rf|Mux31~4     ; 0                 ; 6       ;
;      - RegisterFile:rf|Mux31~5     ; 0                 ; 6       ;
;      - RegisterFile:rf|Mux31~7     ; 0                 ; 6       ;
;      - RegisterFile:rf|Mux31~16    ; 0                 ; 6       ;
;      - RegisterFile:rf|Mux30~0     ; 0                 ; 6       ;
;      - RegisterFile:rf|Mux30~1     ; 0                 ; 6       ;
;      - RegisterFile:rf|Mux30~2     ; 0                 ; 6       ;
;      - RegisterFile:rf|Mux30~4     ; 0                 ; 6       ;
;      - RegisterFile:rf|Mux30~7     ; 0                 ; 6       ;
;      - RegisterFile:rf|Mux30~8     ; 0                 ; 6       ;
;      - RegisterFile:rf|Mux30~16    ; 0                 ; 6       ;
;      - RegisterFile:rf|Mux30~19    ; 0                 ; 6       ;
;      - RegisterFile:rf|Mux29~0     ; 0                 ; 6       ;
;      - RegisterFile:rf|Mux29~1     ; 0                 ; 6       ;
;      - RegisterFile:rf|Mux29~2     ; 0                 ; 6       ;
;      - RegisterFile:rf|Mux29~4     ; 0                 ; 6       ;
;      - RegisterFile:rf|Mux29~5     ; 0                 ; 6       ;
;      - RegisterFile:rf|Mux29~7     ; 0                 ; 6       ;
;      - RegisterFile:rf|Mux29~16    ; 0                 ; 6       ;
;      - RegisterFile:rf|Mux28~0     ; 0                 ; 6       ;
;      - RegisterFile:rf|Mux28~1     ; 0                 ; 6       ;
;      - RegisterFile:rf|Mux28~2     ; 0                 ; 6       ;
;      - RegisterFile:rf|Mux28~4     ; 0                 ; 6       ;
;      - RegisterFile:rf|Mux28~7     ; 0                 ; 6       ;
;      - RegisterFile:rf|Mux28~8     ; 0                 ; 6       ;
;      - RegisterFile:rf|Mux28~16    ; 0                 ; 6       ;
;      - RegisterFile:rf|Mux28~19    ; 0                 ; 6       ;
;      - RegisterFile:rf|Mux27~0     ; 0                 ; 6       ;
;      - RegisterFile:rf|Mux27~1     ; 0                 ; 6       ;
;      - RegisterFile:rf|Mux27~2     ; 0                 ; 6       ;
;      - RegisterFile:rf|Mux27~4     ; 0                 ; 6       ;
;      - RegisterFile:rf|Mux27~5     ; 0                 ; 6       ;
;      - RegisterFile:rf|Mux27~7     ; 0                 ; 6       ;
;      - RegisterFile:rf|Mux27~16    ; 0                 ; 6       ;
;      - RegisterFile:rf|Mux26~0     ; 0                 ; 6       ;
;      - RegisterFile:rf|Mux26~1     ; 0                 ; 6       ;
;      - RegisterFile:rf|Mux26~2     ; 0                 ; 6       ;
;      - RegisterFile:rf|Mux26~4     ; 0                 ; 6       ;
;      - RegisterFile:rf|Mux26~7     ; 0                 ; 6       ;
;      - RegisterFile:rf|Mux26~8     ; 0                 ; 6       ;
;      - RegisterFile:rf|Mux26~16    ; 0                 ; 6       ;
;      - RegisterFile:rf|Mux26~19    ; 0                 ; 6       ;
;      - RegisterFile:rf|Mux25~0     ; 0                 ; 6       ;
;      - RegisterFile:rf|Mux25~1     ; 0                 ; 6       ;
;      - RegisterFile:rf|Mux25~2     ; 0                 ; 6       ;
;      - RegisterFile:rf|Mux25~4     ; 0                 ; 6       ;
;      - RegisterFile:rf|Mux25~5     ; 0                 ; 6       ;
;      - RegisterFile:rf|Mux25~7     ; 0                 ; 6       ;
;      - RegisterFile:rf|Mux25~16    ; 0                 ; 6       ;
;      - RegisterFile:rf|Mux24~0     ; 0                 ; 6       ;
;      - RegisterFile:rf|Mux24~1     ; 0                 ; 6       ;
;      - RegisterFile:rf|Mux24~2     ; 0                 ; 6       ;
;      - RegisterFile:rf|Mux24~4     ; 0                 ; 6       ;
;      - RegisterFile:rf|Mux24~7     ; 0                 ; 6       ;
;      - RegisterFile:rf|Mux24~8     ; 0                 ; 6       ;
;      - RegisterFile:rf|Mux24~16    ; 0                 ; 6       ;
;      - RegisterFile:rf|Mux24~19    ; 0                 ; 6       ;
;      - RegisterFile:rf|Mux23~0     ; 0                 ; 6       ;
;      - RegisterFile:rf|Mux23~1     ; 0                 ; 6       ;
;      - RegisterFile:rf|Mux23~2     ; 0                 ; 6       ;
;      - RegisterFile:rf|Mux23~4     ; 0                 ; 6       ;
;      - RegisterFile:rf|Mux23~5     ; 0                 ; 6       ;
;      - RegisterFile:rf|Mux23~7     ; 0                 ; 6       ;
;      - RegisterFile:rf|Mux23~16    ; 0                 ; 6       ;
;      - RegisterFile:rf|Mux22~0     ; 0                 ; 6       ;
;      - RegisterFile:rf|Mux22~1     ; 0                 ; 6       ;
;      - RegisterFile:rf|Mux22~2     ; 0                 ; 6       ;
;      - RegisterFile:rf|Mux22~4     ; 0                 ; 6       ;
;      - RegisterFile:rf|Mux22~7     ; 0                 ; 6       ;
;      - RegisterFile:rf|Mux22~8     ; 0                 ; 6       ;
;      - RegisterFile:rf|Mux22~16    ; 0                 ; 6       ;
;      - RegisterFile:rf|Mux22~19    ; 0                 ; 6       ;
;      - RegisterFile:rf|Mux21~0     ; 0                 ; 6       ;
;      - RegisterFile:rf|Mux21~1     ; 0                 ; 6       ;
;      - RegisterFile:rf|Mux21~2     ; 0                 ; 6       ;
;      - RegisterFile:rf|Mux21~4     ; 0                 ; 6       ;
;      - RegisterFile:rf|Mux21~5     ; 0                 ; 6       ;
;      - RegisterFile:rf|Mux21~7     ; 0                 ; 6       ;
;      - RegisterFile:rf|Mux21~16    ; 0                 ; 6       ;
;      - RegisterFile:rf|Mux20~0     ; 0                 ; 6       ;
;      - RegisterFile:rf|Mux20~1     ; 0                 ; 6       ;
;      - RegisterFile:rf|Mux20~2     ; 0                 ; 6       ;
;      - RegisterFile:rf|Mux20~4     ; 0                 ; 6       ;
;      - RegisterFile:rf|Mux20~7     ; 0                 ; 6       ;
;      - RegisterFile:rf|Mux20~8     ; 0                 ; 6       ;
;      - RegisterFile:rf|Mux20~16    ; 0                 ; 6       ;
;      - RegisterFile:rf|Mux20~19    ; 0                 ; 6       ;
;      - RegisterFile:rf|Mux19~0     ; 0                 ; 6       ;
;      - RegisterFile:rf|Mux19~1     ; 0                 ; 6       ;
;      - RegisterFile:rf|Mux19~2     ; 0                 ; 6       ;
;      - RegisterFile:rf|Mux19~4     ; 0                 ; 6       ;
;      - RegisterFile:rf|Mux19~5     ; 0                 ; 6       ;
;      - RegisterFile:rf|Mux19~7     ; 0                 ; 6       ;
;      - RegisterFile:rf|Mux19~16    ; 0                 ; 6       ;
;      - RegisterFile:rf|Mux18~0     ; 0                 ; 6       ;
;      - RegisterFile:rf|Mux18~1     ; 0                 ; 6       ;
;      - RegisterFile:rf|Mux18~2     ; 0                 ; 6       ;
;      - RegisterFile:rf|Mux18~4     ; 0                 ; 6       ;
;      - RegisterFile:rf|Mux18~7     ; 0                 ; 6       ;
;      - RegisterFile:rf|Mux18~8     ; 0                 ; 6       ;
;      - RegisterFile:rf|Mux18~16    ; 0                 ; 6       ;
;      - RegisterFile:rf|Mux18~19    ; 0                 ; 6       ;
;      - RegisterFile:rf|Mux17~0     ; 0                 ; 6       ;
;      - RegisterFile:rf|Mux17~1     ; 0                 ; 6       ;
;      - RegisterFile:rf|Mux17~2     ; 0                 ; 6       ;
;      - RegisterFile:rf|Mux17~4     ; 0                 ; 6       ;
;      - RegisterFile:rf|Mux17~5     ; 0                 ; 6       ;
;      - RegisterFile:rf|Mux17~7     ; 0                 ; 6       ;
;      - RegisterFile:rf|Mux17~16    ; 0                 ; 6       ;
;      - RegisterFile:rf|Mux16~0     ; 0                 ; 6       ;
;      - RegisterFile:rf|Mux16~1     ; 0                 ; 6       ;
;      - RegisterFile:rf|Mux16~2     ; 0                 ; 6       ;
;      - RegisterFile:rf|Mux16~4     ; 0                 ; 6       ;
;      - RegisterFile:rf|Mux16~7     ; 0                 ; 6       ;
;      - RegisterFile:rf|Mux16~8     ; 0                 ; 6       ;
;      - RegisterFile:rf|Mux16~16    ; 0                 ; 6       ;
;      - RegisterFile:rf|Mux16~19    ; 0                 ; 6       ;
;      - RegisterFile:rf|Mux15~0     ; 0                 ; 6       ;
;      - RegisterFile:rf|Mux15~1     ; 0                 ; 6       ;
;      - RegisterFile:rf|Mux15~2     ; 0                 ; 6       ;
;      - RegisterFile:rf|Mux15~4     ; 0                 ; 6       ;
;      - RegisterFile:rf|Mux15~5     ; 0                 ; 6       ;
;      - RegisterFile:rf|Mux15~7     ; 0                 ; 6       ;
;      - RegisterFile:rf|Mux15~16    ; 0                 ; 6       ;
;      - RegisterFile:rf|Mux14~0     ; 0                 ; 6       ;
;      - RegisterFile:rf|Mux14~1     ; 0                 ; 6       ;
;      - RegisterFile:rf|Mux14~2     ; 0                 ; 6       ;
;      - RegisterFile:rf|Mux14~4     ; 0                 ; 6       ;
;      - RegisterFile:rf|Mux14~7     ; 0                 ; 6       ;
;      - RegisterFile:rf|Mux14~8     ; 0                 ; 6       ;
;      - RegisterFile:rf|Mux14~16    ; 0                 ; 6       ;
;      - RegisterFile:rf|Mux14~19    ; 0                 ; 6       ;
;      - RegisterFile:rf|Mux13~0     ; 0                 ; 6       ;
;      - RegisterFile:rf|Mux13~1     ; 0                 ; 6       ;
;      - RegisterFile:rf|Mux13~2     ; 0                 ; 6       ;
;      - RegisterFile:rf|Mux13~4     ; 0                 ; 6       ;
;      - RegisterFile:rf|Mux13~5     ; 0                 ; 6       ;
;      - RegisterFile:rf|Mux13~7     ; 0                 ; 6       ;
;      - RegisterFile:rf|Mux13~16    ; 0                 ; 6       ;
;      - RegisterFile:rf|Mux12~0     ; 0                 ; 6       ;
;      - RegisterFile:rf|Mux12~1     ; 0                 ; 6       ;
;      - RegisterFile:rf|Mux12~2     ; 0                 ; 6       ;
;      - RegisterFile:rf|Mux12~4     ; 0                 ; 6       ;
;      - RegisterFile:rf|Mux12~7     ; 0                 ; 6       ;
;      - RegisterFile:rf|Mux12~8     ; 0                 ; 6       ;
;      - RegisterFile:rf|Mux12~16    ; 0                 ; 6       ;
;      - RegisterFile:rf|Mux12~19    ; 0                 ; 6       ;
;      - RegisterFile:rf|Mux11~0     ; 0                 ; 6       ;
;      - RegisterFile:rf|Mux11~1     ; 0                 ; 6       ;
;      - RegisterFile:rf|Mux11~2     ; 0                 ; 6       ;
;      - RegisterFile:rf|Mux11~4     ; 0                 ; 6       ;
;      - RegisterFile:rf|Mux11~5     ; 0                 ; 6       ;
;      - RegisterFile:rf|Mux11~7     ; 0                 ; 6       ;
;      - RegisterFile:rf|Mux11~16    ; 0                 ; 6       ;
;      - RegisterFile:rf|Mux10~0     ; 0                 ; 6       ;
;      - RegisterFile:rf|Mux10~1     ; 0                 ; 6       ;
;      - RegisterFile:rf|Mux10~2     ; 0                 ; 6       ;
;      - RegisterFile:rf|Mux10~4     ; 0                 ; 6       ;
;      - RegisterFile:rf|Mux10~7     ; 0                 ; 6       ;
;      - RegisterFile:rf|Mux10~8     ; 0                 ; 6       ;
;      - RegisterFile:rf|Mux10~16    ; 0                 ; 6       ;
;      - RegisterFile:rf|Mux10~19    ; 0                 ; 6       ;
;      - RegisterFile:rf|Mux9~0      ; 0                 ; 6       ;
;      - RegisterFile:rf|Mux9~1      ; 0                 ; 6       ;
;      - RegisterFile:rf|Mux9~2      ; 0                 ; 6       ;
;      - RegisterFile:rf|Mux9~4      ; 0                 ; 6       ;
;      - RegisterFile:rf|Mux9~5      ; 0                 ; 6       ;
;      - RegisterFile:rf|Mux9~7      ; 0                 ; 6       ;
;      - RegisterFile:rf|Mux9~16     ; 0                 ; 6       ;
;      - RegisterFile:rf|Mux8~0      ; 0                 ; 6       ;
;      - RegisterFile:rf|Mux8~1      ; 0                 ; 6       ;
;      - RegisterFile:rf|Mux8~2      ; 0                 ; 6       ;
;      - RegisterFile:rf|Mux8~4      ; 0                 ; 6       ;
;      - RegisterFile:rf|Mux8~7      ; 0                 ; 6       ;
;      - RegisterFile:rf|Mux8~8      ; 0                 ; 6       ;
;      - RegisterFile:rf|Mux8~16     ; 0                 ; 6       ;
;      - RegisterFile:rf|Mux8~19     ; 0                 ; 6       ;
;      - RegisterFile:rf|Mux7~0      ; 0                 ; 6       ;
;      - RegisterFile:rf|Mux7~1      ; 0                 ; 6       ;
;      - RegisterFile:rf|Mux7~2      ; 0                 ; 6       ;
;      - RegisterFile:rf|Mux7~4      ; 0                 ; 6       ;
;      - RegisterFile:rf|Mux7~5      ; 0                 ; 6       ;
;      - RegisterFile:rf|Mux7~7      ; 0                 ; 6       ;
;      - RegisterFile:rf|Mux7~16     ; 0                 ; 6       ;
;      - RegisterFile:rf|Mux6~0      ; 0                 ; 6       ;
;      - RegisterFile:rf|Mux6~1      ; 0                 ; 6       ;
;      - RegisterFile:rf|Mux6~2      ; 0                 ; 6       ;
;      - RegisterFile:rf|Mux6~4      ; 0                 ; 6       ;
;      - RegisterFile:rf|Mux6~7      ; 0                 ; 6       ;
;      - RegisterFile:rf|Mux6~8      ; 0                 ; 6       ;
;      - RegisterFile:rf|Mux6~16     ; 0                 ; 6       ;
;      - RegisterFile:rf|Mux6~19     ; 0                 ; 6       ;
;      - RegisterFile:rf|Mux5~0      ; 0                 ; 6       ;
;      - RegisterFile:rf|Mux5~1      ; 0                 ; 6       ;
;      - RegisterFile:rf|Mux5~2      ; 0                 ; 6       ;
;      - RegisterFile:rf|Mux5~4      ; 0                 ; 6       ;
;      - RegisterFile:rf|Mux5~5      ; 0                 ; 6       ;
;      - RegisterFile:rf|Mux5~7      ; 0                 ; 6       ;
;      - RegisterFile:rf|Mux5~16     ; 0                 ; 6       ;
;      - RegisterFile:rf|Mux4~0      ; 0                 ; 6       ;
;      - RegisterFile:rf|Mux4~1      ; 0                 ; 6       ;
;      - RegisterFile:rf|Mux4~2      ; 0                 ; 6       ;
;      - RegisterFile:rf|Mux4~4      ; 0                 ; 6       ;
;      - RegisterFile:rf|Mux4~7      ; 0                 ; 6       ;
;      - RegisterFile:rf|Mux4~8      ; 0                 ; 6       ;
;      - RegisterFile:rf|Mux4~16     ; 0                 ; 6       ;
;      - RegisterFile:rf|Mux4~19     ; 0                 ; 6       ;
;      - RegisterFile:rf|Mux3~0      ; 0                 ; 6       ;
;      - RegisterFile:rf|Mux3~1      ; 0                 ; 6       ;
;      - RegisterFile:rf|Mux3~2      ; 0                 ; 6       ;
;      - RegisterFile:rf|Mux3~4      ; 0                 ; 6       ;
;      - RegisterFile:rf|Mux3~5      ; 0                 ; 6       ;
;      - RegisterFile:rf|Mux3~7      ; 0                 ; 6       ;
;      - RegisterFile:rf|Mux3~16     ; 0                 ; 6       ;
;      - RegisterFile:rf|Mux2~0      ; 0                 ; 6       ;
;      - RegisterFile:rf|Mux2~1      ; 0                 ; 6       ;
;      - RegisterFile:rf|Mux2~2      ; 0                 ; 6       ;
;      - RegisterFile:rf|Mux2~4      ; 0                 ; 6       ;
;      - RegisterFile:rf|Mux2~7      ; 0                 ; 6       ;
;      - RegisterFile:rf|Mux2~8      ; 0                 ; 6       ;
;      - RegisterFile:rf|Mux2~16     ; 0                 ; 6       ;
;      - RegisterFile:rf|Mux2~19     ; 0                 ; 6       ;
;      - RegisterFile:rf|Mux1~0      ; 0                 ; 6       ;
;      - RegisterFile:rf|Mux1~1      ; 0                 ; 6       ;
;      - RegisterFile:rf|Mux1~2      ; 0                 ; 6       ;
;      - RegisterFile:rf|Mux1~4      ; 0                 ; 6       ;
;      - RegisterFile:rf|Mux1~5      ; 0                 ; 6       ;
;      - RegisterFile:rf|Mux1~7      ; 0                 ; 6       ;
;      - RegisterFile:rf|Mux1~16     ; 0                 ; 6       ;
;      - RegisterFile:rf|Mux0~0      ; 0                 ; 6       ;
;      - RegisterFile:rf|Mux0~1      ; 0                 ; 6       ;
;      - RegisterFile:rf|Mux0~2      ; 0                 ; 6       ;
;      - RegisterFile:rf|Mux0~4      ; 0                 ; 6       ;
;      - RegisterFile:rf|Mux0~7      ; 0                 ; 6       ;
;      - RegisterFile:rf|Mux0~8      ; 0                 ; 6       ;
;      - RegisterFile:rf|Mux0~16     ; 0                 ; 6       ;
;      - RegisterFile:rf|Mux0~19     ; 0                 ; 6       ;
; Instruction[24]                    ;                   ;         ;
;      - RegisterFile:rf|Mux31~0     ; 0                 ; 6       ;
;      - RegisterFile:rf|Mux31~2     ; 0                 ; 6       ;
;      - RegisterFile:rf|Mux31~3     ; 0                 ; 6       ;
;      - RegisterFile:rf|Mux31~4     ; 0                 ; 6       ;
;      - RegisterFile:rf|Mux31~7     ; 0                 ; 6       ;
;      - RegisterFile:rf|Mux31~8     ; 0                 ; 6       ;
;      - RegisterFile:rf|Mux31~16    ; 0                 ; 6       ;
;      - RegisterFile:rf|Mux31~19    ; 0                 ; 6       ;
;      - RegisterFile:rf|Mux30~0     ; 0                 ; 6       ;
;      - RegisterFile:rf|Mux30~2     ; 0                 ; 6       ;
;      - RegisterFile:rf|Mux30~3     ; 0                 ; 6       ;
;      - RegisterFile:rf|Mux30~4     ; 0                 ; 6       ;
;      - RegisterFile:rf|Mux30~5     ; 0                 ; 6       ;
;      - RegisterFile:rf|Mux30~7     ; 0                 ; 6       ;
;      - RegisterFile:rf|Mux30~16    ; 0                 ; 6       ;
;      - RegisterFile:rf|Mux29~0     ; 0                 ; 6       ;
;      - RegisterFile:rf|Mux29~2     ; 0                 ; 6       ;
;      - RegisterFile:rf|Mux29~3     ; 0                 ; 6       ;
;      - RegisterFile:rf|Mux29~4     ; 0                 ; 6       ;
;      - RegisterFile:rf|Mux29~7     ; 0                 ; 6       ;
;      - RegisterFile:rf|Mux29~8     ; 0                 ; 6       ;
;      - RegisterFile:rf|Mux29~16    ; 0                 ; 6       ;
;      - RegisterFile:rf|Mux29~19    ; 0                 ; 6       ;
;      - RegisterFile:rf|Mux28~0     ; 0                 ; 6       ;
;      - RegisterFile:rf|Mux28~2     ; 0                 ; 6       ;
;      - RegisterFile:rf|Mux28~3     ; 0                 ; 6       ;
;      - RegisterFile:rf|Mux28~4     ; 0                 ; 6       ;
;      - RegisterFile:rf|Mux28~5     ; 0                 ; 6       ;
;      - RegisterFile:rf|Mux28~7     ; 0                 ; 6       ;
;      - RegisterFile:rf|Mux28~16    ; 0                 ; 6       ;
;      - RegisterFile:rf|Mux27~0     ; 0                 ; 6       ;
;      - RegisterFile:rf|Mux27~2     ; 0                 ; 6       ;
;      - RegisterFile:rf|Mux27~3     ; 0                 ; 6       ;
;      - RegisterFile:rf|Mux27~4     ; 0                 ; 6       ;
;      - RegisterFile:rf|Mux27~7     ; 0                 ; 6       ;
;      - RegisterFile:rf|Mux27~8     ; 0                 ; 6       ;
;      - RegisterFile:rf|Mux27~16    ; 0                 ; 6       ;
;      - RegisterFile:rf|Mux27~19    ; 0                 ; 6       ;
;      - RegisterFile:rf|Mux26~0     ; 0                 ; 6       ;
;      - RegisterFile:rf|Mux26~2     ; 0                 ; 6       ;
;      - RegisterFile:rf|Mux26~3     ; 0                 ; 6       ;
;      - RegisterFile:rf|Mux26~4     ; 0                 ; 6       ;
;      - RegisterFile:rf|Mux26~5     ; 0                 ; 6       ;
;      - RegisterFile:rf|Mux26~7     ; 0                 ; 6       ;
;      - RegisterFile:rf|Mux26~16    ; 0                 ; 6       ;
;      - RegisterFile:rf|Mux25~0     ; 0                 ; 6       ;
;      - RegisterFile:rf|Mux25~2     ; 0                 ; 6       ;
;      - RegisterFile:rf|Mux25~3     ; 0                 ; 6       ;
;      - RegisterFile:rf|Mux25~4     ; 0                 ; 6       ;
;      - RegisterFile:rf|Mux25~7     ; 0                 ; 6       ;
;      - RegisterFile:rf|Mux25~8     ; 0                 ; 6       ;
;      - RegisterFile:rf|Mux25~16    ; 0                 ; 6       ;
;      - RegisterFile:rf|Mux25~19    ; 0                 ; 6       ;
;      - RegisterFile:rf|Mux24~0     ; 0                 ; 6       ;
;      - RegisterFile:rf|Mux24~2     ; 0                 ; 6       ;
;      - RegisterFile:rf|Mux24~3     ; 0                 ; 6       ;
;      - RegisterFile:rf|Mux24~4     ; 0                 ; 6       ;
;      - RegisterFile:rf|Mux24~5     ; 0                 ; 6       ;
;      - RegisterFile:rf|Mux24~7     ; 0                 ; 6       ;
;      - RegisterFile:rf|Mux24~16    ; 0                 ; 6       ;
;      - RegisterFile:rf|Mux23~0     ; 0                 ; 6       ;
;      - RegisterFile:rf|Mux23~2     ; 0                 ; 6       ;
;      - RegisterFile:rf|Mux23~3     ; 0                 ; 6       ;
;      - RegisterFile:rf|Mux23~4     ; 0                 ; 6       ;
;      - RegisterFile:rf|Mux23~7     ; 0                 ; 6       ;
;      - RegisterFile:rf|Mux23~8     ; 0                 ; 6       ;
;      - RegisterFile:rf|Mux23~16    ; 0                 ; 6       ;
;      - RegisterFile:rf|Mux23~19    ; 0                 ; 6       ;
;      - RegisterFile:rf|Mux22~0     ; 0                 ; 6       ;
;      - RegisterFile:rf|Mux22~2     ; 0                 ; 6       ;
;      - RegisterFile:rf|Mux22~3     ; 0                 ; 6       ;
;      - RegisterFile:rf|Mux22~4     ; 0                 ; 6       ;
;      - RegisterFile:rf|Mux22~5     ; 0                 ; 6       ;
;      - RegisterFile:rf|Mux22~7     ; 0                 ; 6       ;
;      - RegisterFile:rf|Mux22~16    ; 0                 ; 6       ;
;      - RegisterFile:rf|Mux21~0     ; 0                 ; 6       ;
;      - RegisterFile:rf|Mux21~2     ; 0                 ; 6       ;
;      - RegisterFile:rf|Mux21~3     ; 0                 ; 6       ;
;      - RegisterFile:rf|Mux21~4     ; 0                 ; 6       ;
;      - RegisterFile:rf|Mux21~7     ; 0                 ; 6       ;
;      - RegisterFile:rf|Mux21~8     ; 0                 ; 6       ;
;      - RegisterFile:rf|Mux21~16    ; 0                 ; 6       ;
;      - RegisterFile:rf|Mux21~19    ; 0                 ; 6       ;
;      - RegisterFile:rf|Mux20~0     ; 0                 ; 6       ;
;      - RegisterFile:rf|Mux20~2     ; 0                 ; 6       ;
;      - RegisterFile:rf|Mux20~3     ; 0                 ; 6       ;
;      - RegisterFile:rf|Mux20~4     ; 0                 ; 6       ;
;      - RegisterFile:rf|Mux20~5     ; 0                 ; 6       ;
;      - RegisterFile:rf|Mux20~7     ; 0                 ; 6       ;
;      - RegisterFile:rf|Mux20~16    ; 0                 ; 6       ;
;      - RegisterFile:rf|Mux19~0     ; 0                 ; 6       ;
;      - RegisterFile:rf|Mux19~2     ; 0                 ; 6       ;
;      - RegisterFile:rf|Mux19~3     ; 0                 ; 6       ;
;      - RegisterFile:rf|Mux19~4     ; 0                 ; 6       ;
;      - RegisterFile:rf|Mux19~7     ; 0                 ; 6       ;
;      - RegisterFile:rf|Mux19~8     ; 0                 ; 6       ;
;      - RegisterFile:rf|Mux19~16    ; 0                 ; 6       ;
;      - RegisterFile:rf|Mux19~19    ; 0                 ; 6       ;
;      - RegisterFile:rf|Mux18~0     ; 0                 ; 6       ;
;      - RegisterFile:rf|Mux18~2     ; 0                 ; 6       ;
;      - RegisterFile:rf|Mux18~3     ; 0                 ; 6       ;
;      - RegisterFile:rf|Mux18~4     ; 0                 ; 6       ;
;      - RegisterFile:rf|Mux18~5     ; 0                 ; 6       ;
;      - RegisterFile:rf|Mux18~7     ; 0                 ; 6       ;
;      - RegisterFile:rf|Mux18~16    ; 0                 ; 6       ;
;      - RegisterFile:rf|Mux17~0     ; 0                 ; 6       ;
;      - RegisterFile:rf|Mux17~2     ; 0                 ; 6       ;
;      - RegisterFile:rf|Mux17~3     ; 0                 ; 6       ;
;      - RegisterFile:rf|Mux17~4     ; 0                 ; 6       ;
;      - RegisterFile:rf|Mux17~7     ; 0                 ; 6       ;
;      - RegisterFile:rf|Mux17~8     ; 0                 ; 6       ;
;      - RegisterFile:rf|Mux17~16    ; 0                 ; 6       ;
;      - RegisterFile:rf|Mux17~19    ; 0                 ; 6       ;
;      - RegisterFile:rf|Mux16~0     ; 0                 ; 6       ;
;      - RegisterFile:rf|Mux16~2     ; 0                 ; 6       ;
;      - RegisterFile:rf|Mux16~3     ; 0                 ; 6       ;
;      - RegisterFile:rf|Mux16~4     ; 0                 ; 6       ;
;      - RegisterFile:rf|Mux16~5     ; 0                 ; 6       ;
;      - RegisterFile:rf|Mux16~7     ; 0                 ; 6       ;
;      - RegisterFile:rf|Mux16~16    ; 0                 ; 6       ;
;      - RegisterFile:rf|Mux15~0     ; 0                 ; 6       ;
;      - RegisterFile:rf|Mux15~2     ; 0                 ; 6       ;
;      - RegisterFile:rf|Mux15~3     ; 0                 ; 6       ;
;      - RegisterFile:rf|Mux15~4     ; 0                 ; 6       ;
;      - RegisterFile:rf|Mux15~7     ; 0                 ; 6       ;
;      - RegisterFile:rf|Mux15~8     ; 0                 ; 6       ;
;      - RegisterFile:rf|Mux15~16    ; 0                 ; 6       ;
;      - RegisterFile:rf|Mux15~19    ; 0                 ; 6       ;
;      - RegisterFile:rf|Mux14~0     ; 0                 ; 6       ;
;      - RegisterFile:rf|Mux14~2     ; 0                 ; 6       ;
;      - RegisterFile:rf|Mux14~3     ; 0                 ; 6       ;
;      - RegisterFile:rf|Mux14~4     ; 0                 ; 6       ;
;      - RegisterFile:rf|Mux14~5     ; 0                 ; 6       ;
;      - RegisterFile:rf|Mux14~7     ; 0                 ; 6       ;
;      - RegisterFile:rf|Mux14~16    ; 0                 ; 6       ;
;      - RegisterFile:rf|Mux13~0     ; 0                 ; 6       ;
;      - RegisterFile:rf|Mux13~2     ; 0                 ; 6       ;
;      - RegisterFile:rf|Mux13~3     ; 0                 ; 6       ;
;      - RegisterFile:rf|Mux13~4     ; 0                 ; 6       ;
;      - RegisterFile:rf|Mux13~7     ; 0                 ; 6       ;
;      - RegisterFile:rf|Mux13~8     ; 0                 ; 6       ;
;      - RegisterFile:rf|Mux13~16    ; 0                 ; 6       ;
;      - RegisterFile:rf|Mux13~19    ; 0                 ; 6       ;
;      - RegisterFile:rf|Mux12~0     ; 0                 ; 6       ;
;      - RegisterFile:rf|Mux12~2     ; 0                 ; 6       ;
;      - RegisterFile:rf|Mux12~3     ; 0                 ; 6       ;
;      - RegisterFile:rf|Mux12~4     ; 0                 ; 6       ;
;      - RegisterFile:rf|Mux12~5     ; 0                 ; 6       ;
;      - RegisterFile:rf|Mux12~7     ; 0                 ; 6       ;
;      - RegisterFile:rf|Mux12~16    ; 0                 ; 6       ;
;      - RegisterFile:rf|Mux11~0     ; 0                 ; 6       ;
;      - RegisterFile:rf|Mux11~2     ; 0                 ; 6       ;
;      - RegisterFile:rf|Mux11~3     ; 0                 ; 6       ;
;      - RegisterFile:rf|Mux11~4     ; 0                 ; 6       ;
;      - RegisterFile:rf|Mux11~7     ; 0                 ; 6       ;
;      - RegisterFile:rf|Mux11~8     ; 0                 ; 6       ;
;      - RegisterFile:rf|Mux11~16    ; 0                 ; 6       ;
;      - RegisterFile:rf|Mux11~19    ; 0                 ; 6       ;
;      - RegisterFile:rf|Mux10~0     ; 0                 ; 6       ;
;      - RegisterFile:rf|Mux10~2     ; 0                 ; 6       ;
;      - RegisterFile:rf|Mux10~3     ; 0                 ; 6       ;
;      - RegisterFile:rf|Mux10~4     ; 0                 ; 6       ;
;      - RegisterFile:rf|Mux10~5     ; 0                 ; 6       ;
;      - RegisterFile:rf|Mux10~7     ; 0                 ; 6       ;
;      - RegisterFile:rf|Mux10~16    ; 0                 ; 6       ;
;      - RegisterFile:rf|Mux9~0      ; 0                 ; 6       ;
;      - RegisterFile:rf|Mux9~2      ; 0                 ; 6       ;
;      - RegisterFile:rf|Mux9~3      ; 0                 ; 6       ;
;      - RegisterFile:rf|Mux9~4      ; 0                 ; 6       ;
;      - RegisterFile:rf|Mux9~7      ; 0                 ; 6       ;
;      - RegisterFile:rf|Mux9~8      ; 0                 ; 6       ;
;      - RegisterFile:rf|Mux9~16     ; 0                 ; 6       ;
;      - RegisterFile:rf|Mux9~19     ; 0                 ; 6       ;
;      - RegisterFile:rf|Mux8~0      ; 0                 ; 6       ;
;      - RegisterFile:rf|Mux8~2      ; 0                 ; 6       ;
;      - RegisterFile:rf|Mux8~3      ; 0                 ; 6       ;
;      - RegisterFile:rf|Mux8~4      ; 0                 ; 6       ;
;      - RegisterFile:rf|Mux8~5      ; 0                 ; 6       ;
;      - RegisterFile:rf|Mux8~7      ; 0                 ; 6       ;
;      - RegisterFile:rf|Mux8~16     ; 0                 ; 6       ;
;      - RegisterFile:rf|Mux7~0      ; 0                 ; 6       ;
;      - RegisterFile:rf|Mux7~2      ; 0                 ; 6       ;
;      - RegisterFile:rf|Mux7~3      ; 0                 ; 6       ;
;      - RegisterFile:rf|Mux7~4      ; 0                 ; 6       ;
;      - RegisterFile:rf|Mux7~7      ; 0                 ; 6       ;
;      - RegisterFile:rf|Mux7~8      ; 0                 ; 6       ;
;      - RegisterFile:rf|Mux7~16     ; 0                 ; 6       ;
;      - RegisterFile:rf|Mux7~19     ; 0                 ; 6       ;
;      - RegisterFile:rf|Mux6~0      ; 0                 ; 6       ;
;      - RegisterFile:rf|Mux6~2      ; 0                 ; 6       ;
;      - RegisterFile:rf|Mux6~3      ; 0                 ; 6       ;
;      - RegisterFile:rf|Mux6~4      ; 0                 ; 6       ;
;      - RegisterFile:rf|Mux6~5      ; 0                 ; 6       ;
;      - RegisterFile:rf|Mux6~7      ; 0                 ; 6       ;
;      - RegisterFile:rf|Mux6~16     ; 0                 ; 6       ;
;      - RegisterFile:rf|Mux5~0      ; 0                 ; 6       ;
;      - RegisterFile:rf|Mux5~2      ; 0                 ; 6       ;
;      - RegisterFile:rf|Mux5~3      ; 0                 ; 6       ;
;      - RegisterFile:rf|Mux5~4      ; 0                 ; 6       ;
;      - RegisterFile:rf|Mux5~7      ; 0                 ; 6       ;
;      - RegisterFile:rf|Mux5~8      ; 0                 ; 6       ;
;      - RegisterFile:rf|Mux5~16     ; 0                 ; 6       ;
;      - RegisterFile:rf|Mux5~19     ; 0                 ; 6       ;
;      - RegisterFile:rf|Mux4~0      ; 0                 ; 6       ;
;      - RegisterFile:rf|Mux4~2      ; 0                 ; 6       ;
;      - RegisterFile:rf|Mux4~3      ; 0                 ; 6       ;
;      - RegisterFile:rf|Mux4~4      ; 0                 ; 6       ;
;      - RegisterFile:rf|Mux4~5      ; 0                 ; 6       ;
;      - RegisterFile:rf|Mux4~7      ; 0                 ; 6       ;
;      - RegisterFile:rf|Mux4~16     ; 0                 ; 6       ;
;      - RegisterFile:rf|Mux3~0      ; 0                 ; 6       ;
;      - RegisterFile:rf|Mux3~2      ; 0                 ; 6       ;
;      - RegisterFile:rf|Mux3~3      ; 0                 ; 6       ;
;      - RegisterFile:rf|Mux3~4      ; 0                 ; 6       ;
;      - RegisterFile:rf|Mux3~7      ; 0                 ; 6       ;
;      - RegisterFile:rf|Mux3~8      ; 0                 ; 6       ;
;      - RegisterFile:rf|Mux3~16     ; 0                 ; 6       ;
;      - RegisterFile:rf|Mux3~19     ; 0                 ; 6       ;
;      - RegisterFile:rf|Mux2~0      ; 0                 ; 6       ;
;      - RegisterFile:rf|Mux2~2      ; 0                 ; 6       ;
;      - RegisterFile:rf|Mux2~3      ; 0                 ; 6       ;
;      - RegisterFile:rf|Mux2~4      ; 0                 ; 6       ;
;      - RegisterFile:rf|Mux2~5      ; 0                 ; 6       ;
;      - RegisterFile:rf|Mux2~7      ; 0                 ; 6       ;
;      - RegisterFile:rf|Mux2~16     ; 0                 ; 6       ;
;      - RegisterFile:rf|Mux1~0      ; 0                 ; 6       ;
;      - RegisterFile:rf|Mux1~2      ; 0                 ; 6       ;
;      - RegisterFile:rf|Mux1~3      ; 0                 ; 6       ;
;      - RegisterFile:rf|Mux1~4      ; 0                 ; 6       ;
;      - RegisterFile:rf|Mux1~7      ; 0                 ; 6       ;
;      - RegisterFile:rf|Mux1~8      ; 0                 ; 6       ;
;      - RegisterFile:rf|Mux1~16     ; 0                 ; 6       ;
;      - RegisterFile:rf|Mux1~19     ; 0                 ; 6       ;
;      - RegisterFile:rf|Mux0~0      ; 0                 ; 6       ;
;      - RegisterFile:rf|Mux0~2      ; 0                 ; 6       ;
;      - RegisterFile:rf|Mux0~3      ; 0                 ; 6       ;
;      - RegisterFile:rf|Mux0~4      ; 0                 ; 6       ;
;      - RegisterFile:rf|Mux0~5      ; 0                 ; 6       ;
;      - RegisterFile:rf|Mux0~7      ; 0                 ; 6       ;
;      - RegisterFile:rf|Mux0~16     ; 0                 ; 6       ;
; Instruction[22]                    ;                   ;         ;
;      - RegisterFile:rf|Mux31~6     ; 0                 ; 6       ;
;      - RegisterFile:rf|Mux31~9     ; 0                 ; 6       ;
;      - RegisterFile:rf|Mux31~10    ; 0                 ; 6       ;
;      - RegisterFile:rf|Mux31~11    ; 0                 ; 6       ;
;      - RegisterFile:rf|Mux31~12    ; 0                 ; 6       ;
;      - RegisterFile:rf|Mux31~14    ; 0                 ; 6       ;
;      - RegisterFile:rf|Mux31~15    ; 0                 ; 6       ;
;      - RegisterFile:rf|Mux31~17    ; 0                 ; 6       ;
;      - RegisterFile:rf|Mux30~6     ; 0                 ; 6       ;
;      - RegisterFile:rf|Mux30~10    ; 0                 ; 6       ;
;      - RegisterFile:rf|Mux30~11    ; 0                 ; 6       ;
;      - RegisterFile:rf|Mux30~12    ; 0                 ; 6       ;
;      - RegisterFile:rf|Mux30~14    ; 0                 ; 6       ;
;      - RegisterFile:rf|Mux30~17    ; 0                 ; 6       ;
;      - RegisterFile:rf|Mux30~18    ; 0                 ; 6       ;
;      - RegisterFile:rf|Mux29~6     ; 0                 ; 6       ;
;      - RegisterFile:rf|Mux29~9     ; 0                 ; 6       ;
;      - RegisterFile:rf|Mux29~10    ; 0                 ; 6       ;
;      - RegisterFile:rf|Mux29~11    ; 0                 ; 6       ;
;      - RegisterFile:rf|Mux29~12    ; 0                 ; 6       ;
;      - RegisterFile:rf|Mux29~14    ; 0                 ; 6       ;
;      - RegisterFile:rf|Mux29~15    ; 0                 ; 6       ;
;      - RegisterFile:rf|Mux29~17    ; 0                 ; 6       ;
;      - RegisterFile:rf|Mux28~6     ; 0                 ; 6       ;
;      - RegisterFile:rf|Mux28~10    ; 0                 ; 6       ;
;      - RegisterFile:rf|Mux28~11    ; 0                 ; 6       ;
;      - RegisterFile:rf|Mux28~12    ; 0                 ; 6       ;
;      - RegisterFile:rf|Mux28~14    ; 0                 ; 6       ;
;      - RegisterFile:rf|Mux28~17    ; 0                 ; 6       ;
;      - RegisterFile:rf|Mux28~18    ; 0                 ; 6       ;
;      - RegisterFile:rf|Mux27~6     ; 0                 ; 6       ;
;      - RegisterFile:rf|Mux27~9     ; 0                 ; 6       ;
;      - RegisterFile:rf|Mux27~10    ; 0                 ; 6       ;
;      - RegisterFile:rf|Mux27~11    ; 0                 ; 6       ;
;      - RegisterFile:rf|Mux27~12    ; 0                 ; 6       ;
;      - RegisterFile:rf|Mux27~14    ; 0                 ; 6       ;
;      - RegisterFile:rf|Mux27~15    ; 0                 ; 6       ;
;      - RegisterFile:rf|Mux27~17    ; 0                 ; 6       ;
;      - RegisterFile:rf|Mux26~6     ; 0                 ; 6       ;
;      - RegisterFile:rf|Mux26~10    ; 0                 ; 6       ;
;      - RegisterFile:rf|Mux26~11    ; 0                 ; 6       ;
;      - RegisterFile:rf|Mux26~12    ; 0                 ; 6       ;
;      - RegisterFile:rf|Mux26~14    ; 0                 ; 6       ;
;      - RegisterFile:rf|Mux26~17    ; 0                 ; 6       ;
;      - RegisterFile:rf|Mux26~18    ; 0                 ; 6       ;
;      - RegisterFile:rf|Mux25~6     ; 0                 ; 6       ;
;      - RegisterFile:rf|Mux25~9     ; 0                 ; 6       ;
;      - RegisterFile:rf|Mux25~10    ; 0                 ; 6       ;
;      - RegisterFile:rf|Mux25~11    ; 0                 ; 6       ;
;      - RegisterFile:rf|Mux25~12    ; 0                 ; 6       ;
;      - RegisterFile:rf|Mux25~14    ; 0                 ; 6       ;
;      - RegisterFile:rf|Mux25~15    ; 0                 ; 6       ;
;      - RegisterFile:rf|Mux25~17    ; 0                 ; 6       ;
;      - RegisterFile:rf|Mux24~6     ; 0                 ; 6       ;
;      - RegisterFile:rf|Mux24~10    ; 0                 ; 6       ;
;      - RegisterFile:rf|Mux24~11    ; 0                 ; 6       ;
;      - RegisterFile:rf|Mux24~12    ; 0                 ; 6       ;
;      - RegisterFile:rf|Mux24~14    ; 0                 ; 6       ;
;      - RegisterFile:rf|Mux24~17    ; 0                 ; 6       ;
;      - RegisterFile:rf|Mux24~18    ; 0                 ; 6       ;
;      - RegisterFile:rf|Mux23~6     ; 0                 ; 6       ;
;      - RegisterFile:rf|Mux23~9     ; 0                 ; 6       ;
;      - RegisterFile:rf|Mux23~10    ; 0                 ; 6       ;
;      - RegisterFile:rf|Mux23~11    ; 0                 ; 6       ;
;      - RegisterFile:rf|Mux23~12    ; 0                 ; 6       ;
;      - RegisterFile:rf|Mux23~14    ; 0                 ; 6       ;
;      - RegisterFile:rf|Mux23~15    ; 0                 ; 6       ;
;      - RegisterFile:rf|Mux23~17    ; 0                 ; 6       ;
;      - RegisterFile:rf|Mux22~6     ; 0                 ; 6       ;
;      - RegisterFile:rf|Mux22~10    ; 0                 ; 6       ;
;      - RegisterFile:rf|Mux22~11    ; 0                 ; 6       ;
;      - RegisterFile:rf|Mux22~12    ; 0                 ; 6       ;
;      - RegisterFile:rf|Mux22~14    ; 0                 ; 6       ;
;      - RegisterFile:rf|Mux22~17    ; 0                 ; 6       ;
;      - RegisterFile:rf|Mux22~18    ; 0                 ; 6       ;
;      - RegisterFile:rf|Mux21~6     ; 0                 ; 6       ;
;      - RegisterFile:rf|Mux21~9     ; 0                 ; 6       ;
;      - RegisterFile:rf|Mux21~10    ; 0                 ; 6       ;
;      - RegisterFile:rf|Mux21~11    ; 0                 ; 6       ;
;      - RegisterFile:rf|Mux21~12    ; 0                 ; 6       ;
;      - RegisterFile:rf|Mux21~14    ; 0                 ; 6       ;
;      - RegisterFile:rf|Mux21~15    ; 0                 ; 6       ;
;      - RegisterFile:rf|Mux21~17    ; 0                 ; 6       ;
;      - RegisterFile:rf|Mux20~6     ; 0                 ; 6       ;
;      - RegisterFile:rf|Mux20~10    ; 0                 ; 6       ;
;      - RegisterFile:rf|Mux20~11    ; 0                 ; 6       ;
;      - RegisterFile:rf|Mux20~12    ; 0                 ; 6       ;
;      - RegisterFile:rf|Mux20~14    ; 0                 ; 6       ;
;      - RegisterFile:rf|Mux20~17    ; 0                 ; 6       ;
;      - RegisterFile:rf|Mux20~18    ; 0                 ; 6       ;
;      - RegisterFile:rf|Mux19~6     ; 0                 ; 6       ;
;      - RegisterFile:rf|Mux19~9     ; 0                 ; 6       ;
;      - RegisterFile:rf|Mux19~10    ; 0                 ; 6       ;
;      - RegisterFile:rf|Mux19~11    ; 0                 ; 6       ;
;      - RegisterFile:rf|Mux19~12    ; 0                 ; 6       ;
;      - RegisterFile:rf|Mux19~14    ; 0                 ; 6       ;
;      - RegisterFile:rf|Mux19~15    ; 0                 ; 6       ;
;      - RegisterFile:rf|Mux19~17    ; 0                 ; 6       ;
;      - RegisterFile:rf|Mux18~6     ; 0                 ; 6       ;
;      - RegisterFile:rf|Mux18~10    ; 0                 ; 6       ;
;      - RegisterFile:rf|Mux18~11    ; 0                 ; 6       ;
;      - RegisterFile:rf|Mux18~12    ; 0                 ; 6       ;
;      - RegisterFile:rf|Mux18~14    ; 0                 ; 6       ;
;      - RegisterFile:rf|Mux18~17    ; 0                 ; 6       ;
;      - RegisterFile:rf|Mux18~18    ; 0                 ; 6       ;
;      - RegisterFile:rf|Mux17~6     ; 0                 ; 6       ;
;      - RegisterFile:rf|Mux17~9     ; 0                 ; 6       ;
;      - RegisterFile:rf|Mux17~10    ; 0                 ; 6       ;
;      - RegisterFile:rf|Mux17~11    ; 0                 ; 6       ;
;      - RegisterFile:rf|Mux17~12    ; 0                 ; 6       ;
;      - RegisterFile:rf|Mux17~14    ; 0                 ; 6       ;
;      - RegisterFile:rf|Mux17~15    ; 0                 ; 6       ;
;      - RegisterFile:rf|Mux17~17    ; 0                 ; 6       ;
;      - RegisterFile:rf|Mux16~6     ; 0                 ; 6       ;
;      - RegisterFile:rf|Mux16~10    ; 0                 ; 6       ;
;      - RegisterFile:rf|Mux16~11    ; 0                 ; 6       ;
;      - RegisterFile:rf|Mux16~12    ; 0                 ; 6       ;
;      - RegisterFile:rf|Mux16~14    ; 0                 ; 6       ;
;      - RegisterFile:rf|Mux16~17    ; 0                 ; 6       ;
;      - RegisterFile:rf|Mux16~18    ; 0                 ; 6       ;
;      - RegisterFile:rf|Mux15~6     ; 0                 ; 6       ;
;      - RegisterFile:rf|Mux15~9     ; 0                 ; 6       ;
;      - RegisterFile:rf|Mux15~10    ; 0                 ; 6       ;
;      - RegisterFile:rf|Mux15~11    ; 0                 ; 6       ;
;      - RegisterFile:rf|Mux15~12    ; 0                 ; 6       ;
;      - RegisterFile:rf|Mux15~14    ; 0                 ; 6       ;
;      - RegisterFile:rf|Mux15~15    ; 0                 ; 6       ;
;      - RegisterFile:rf|Mux15~17    ; 0                 ; 6       ;
;      - RegisterFile:rf|Mux14~6     ; 0                 ; 6       ;
;      - RegisterFile:rf|Mux14~10    ; 0                 ; 6       ;
;      - RegisterFile:rf|Mux14~11    ; 0                 ; 6       ;
;      - RegisterFile:rf|Mux14~12    ; 0                 ; 6       ;
;      - RegisterFile:rf|Mux14~14    ; 0                 ; 6       ;
;      - RegisterFile:rf|Mux14~17    ; 0                 ; 6       ;
;      - RegisterFile:rf|Mux14~18    ; 0                 ; 6       ;
;      - RegisterFile:rf|Mux13~6     ; 0                 ; 6       ;
;      - RegisterFile:rf|Mux13~9     ; 0                 ; 6       ;
;      - RegisterFile:rf|Mux13~10    ; 0                 ; 6       ;
;      - RegisterFile:rf|Mux13~11    ; 0                 ; 6       ;
;      - RegisterFile:rf|Mux13~12    ; 0                 ; 6       ;
;      - RegisterFile:rf|Mux13~14    ; 0                 ; 6       ;
;      - RegisterFile:rf|Mux13~15    ; 0                 ; 6       ;
;      - RegisterFile:rf|Mux13~17    ; 0                 ; 6       ;
;      - RegisterFile:rf|Mux12~6     ; 0                 ; 6       ;
;      - RegisterFile:rf|Mux12~10    ; 0                 ; 6       ;
;      - RegisterFile:rf|Mux12~11    ; 0                 ; 6       ;
;      - RegisterFile:rf|Mux12~12    ; 0                 ; 6       ;
;      - RegisterFile:rf|Mux12~14    ; 0                 ; 6       ;
;      - RegisterFile:rf|Mux12~17    ; 0                 ; 6       ;
;      - RegisterFile:rf|Mux12~18    ; 0                 ; 6       ;
;      - RegisterFile:rf|Mux11~6     ; 0                 ; 6       ;
;      - RegisterFile:rf|Mux11~9     ; 0                 ; 6       ;
;      - RegisterFile:rf|Mux11~10    ; 0                 ; 6       ;
;      - RegisterFile:rf|Mux11~11    ; 0                 ; 6       ;
;      - RegisterFile:rf|Mux11~12    ; 0                 ; 6       ;
;      - RegisterFile:rf|Mux11~14    ; 0                 ; 6       ;
;      - RegisterFile:rf|Mux11~15    ; 0                 ; 6       ;
;      - RegisterFile:rf|Mux11~17    ; 0                 ; 6       ;
;      - RegisterFile:rf|Mux10~6     ; 0                 ; 6       ;
;      - RegisterFile:rf|Mux10~10    ; 0                 ; 6       ;
;      - RegisterFile:rf|Mux10~11    ; 0                 ; 6       ;
;      - RegisterFile:rf|Mux10~12    ; 0                 ; 6       ;
;      - RegisterFile:rf|Mux10~14    ; 0                 ; 6       ;
;      - RegisterFile:rf|Mux10~17    ; 0                 ; 6       ;
;      - RegisterFile:rf|Mux10~18    ; 0                 ; 6       ;
;      - RegisterFile:rf|Mux9~6      ; 0                 ; 6       ;
;      - RegisterFile:rf|Mux9~9      ; 0                 ; 6       ;
;      - RegisterFile:rf|Mux9~10     ; 0                 ; 6       ;
;      - RegisterFile:rf|Mux9~11     ; 0                 ; 6       ;
;      - RegisterFile:rf|Mux9~12     ; 0                 ; 6       ;
;      - RegisterFile:rf|Mux9~14     ; 0                 ; 6       ;
;      - RegisterFile:rf|Mux9~15     ; 0                 ; 6       ;
;      - RegisterFile:rf|Mux9~17     ; 0                 ; 6       ;
;      - RegisterFile:rf|Mux8~6      ; 0                 ; 6       ;
;      - RegisterFile:rf|Mux8~10     ; 0                 ; 6       ;
;      - RegisterFile:rf|Mux8~11     ; 0                 ; 6       ;
;      - RegisterFile:rf|Mux8~12     ; 0                 ; 6       ;
;      - RegisterFile:rf|Mux8~14     ; 0                 ; 6       ;
;      - RegisterFile:rf|Mux8~17     ; 0                 ; 6       ;
;      - RegisterFile:rf|Mux8~18     ; 0                 ; 6       ;
;      - RegisterFile:rf|Mux7~6      ; 0                 ; 6       ;
;      - RegisterFile:rf|Mux7~9      ; 0                 ; 6       ;
;      - RegisterFile:rf|Mux7~10     ; 0                 ; 6       ;
;      - RegisterFile:rf|Mux7~11     ; 0                 ; 6       ;
;      - RegisterFile:rf|Mux7~12     ; 0                 ; 6       ;
;      - RegisterFile:rf|Mux7~14     ; 0                 ; 6       ;
;      - RegisterFile:rf|Mux7~15     ; 0                 ; 6       ;
;      - RegisterFile:rf|Mux7~17     ; 0                 ; 6       ;
;      - RegisterFile:rf|Mux6~6      ; 0                 ; 6       ;
;      - RegisterFile:rf|Mux6~10     ; 0                 ; 6       ;
;      - RegisterFile:rf|Mux6~11     ; 0                 ; 6       ;
;      - RegisterFile:rf|Mux6~12     ; 0                 ; 6       ;
;      - RegisterFile:rf|Mux6~14     ; 0                 ; 6       ;
;      - RegisterFile:rf|Mux6~17     ; 0                 ; 6       ;
;      - RegisterFile:rf|Mux6~18     ; 0                 ; 6       ;
;      - RegisterFile:rf|Mux5~6      ; 0                 ; 6       ;
;      - RegisterFile:rf|Mux5~9      ; 0                 ; 6       ;
;      - RegisterFile:rf|Mux5~10     ; 0                 ; 6       ;
;      - RegisterFile:rf|Mux5~11     ; 0                 ; 6       ;
;      - RegisterFile:rf|Mux5~12     ; 0                 ; 6       ;
;      - RegisterFile:rf|Mux5~14     ; 0                 ; 6       ;
;      - RegisterFile:rf|Mux5~15     ; 0                 ; 6       ;
;      - RegisterFile:rf|Mux5~17     ; 0                 ; 6       ;
;      - RegisterFile:rf|Mux4~6      ; 0                 ; 6       ;
;      - RegisterFile:rf|Mux4~10     ; 0                 ; 6       ;
;      - RegisterFile:rf|Mux4~11     ; 0                 ; 6       ;
;      - RegisterFile:rf|Mux4~12     ; 0                 ; 6       ;
;      - RegisterFile:rf|Mux4~14     ; 0                 ; 6       ;
;      - RegisterFile:rf|Mux4~17     ; 0                 ; 6       ;
;      - RegisterFile:rf|Mux4~18     ; 0                 ; 6       ;
;      - RegisterFile:rf|Mux3~6      ; 0                 ; 6       ;
;      - RegisterFile:rf|Mux3~9      ; 0                 ; 6       ;
;      - RegisterFile:rf|Mux3~10     ; 0                 ; 6       ;
;      - RegisterFile:rf|Mux3~11     ; 0                 ; 6       ;
;      - RegisterFile:rf|Mux3~12     ; 0                 ; 6       ;
;      - RegisterFile:rf|Mux3~14     ; 0                 ; 6       ;
;      - RegisterFile:rf|Mux3~15     ; 0                 ; 6       ;
;      - RegisterFile:rf|Mux3~17     ; 0                 ; 6       ;
;      - RegisterFile:rf|Mux2~6      ; 0                 ; 6       ;
;      - RegisterFile:rf|Mux2~10     ; 0                 ; 6       ;
;      - RegisterFile:rf|Mux2~11     ; 0                 ; 6       ;
;      - RegisterFile:rf|Mux2~12     ; 0                 ; 6       ;
;      - RegisterFile:rf|Mux2~14     ; 0                 ; 6       ;
;      - RegisterFile:rf|Mux2~17     ; 0                 ; 6       ;
;      - RegisterFile:rf|Mux2~18     ; 0                 ; 6       ;
;      - RegisterFile:rf|Mux1~6      ; 0                 ; 6       ;
;      - RegisterFile:rf|Mux1~9      ; 0                 ; 6       ;
;      - RegisterFile:rf|Mux1~10     ; 0                 ; 6       ;
;      - RegisterFile:rf|Mux1~11     ; 0                 ; 6       ;
;      - RegisterFile:rf|Mux1~12     ; 0                 ; 6       ;
;      - RegisterFile:rf|Mux1~14     ; 0                 ; 6       ;
;      - RegisterFile:rf|Mux1~15     ; 0                 ; 6       ;
;      - RegisterFile:rf|Mux1~17     ; 0                 ; 6       ;
;      - RegisterFile:rf|Mux0~6      ; 0                 ; 6       ;
;      - RegisterFile:rf|Mux0~10     ; 0                 ; 6       ;
;      - RegisterFile:rf|Mux0~11     ; 0                 ; 6       ;
;      - RegisterFile:rf|Mux0~12     ; 0                 ; 6       ;
;      - RegisterFile:rf|Mux0~14     ; 0                 ; 6       ;
;      - RegisterFile:rf|Mux0~17     ; 0                 ; 6       ;
;      - RegisterFile:rf|Mux0~18     ; 0                 ; 6       ;
; Instruction[21]                    ;                   ;         ;
;      - RegisterFile:rf|Mux31~6     ; 0                 ; 6       ;
;      - RegisterFile:rf|Mux31~10    ; 0                 ; 6       ;
;      - RegisterFile:rf|Mux31~12    ; 0                 ; 6       ;
;      - RegisterFile:rf|Mux31~13    ; 0                 ; 6       ;
;      - RegisterFile:rf|Mux31~14    ; 0                 ; 6       ;
;      - RegisterFile:rf|Mux31~17    ; 0                 ; 6       ;
;      - RegisterFile:rf|Mux31~18    ; 0                 ; 6       ;
;      - RegisterFile:rf|Mux30~6     ; 0                 ; 6       ;
;      - RegisterFile:rf|Mux30~9     ; 0                 ; 6       ;
;      - RegisterFile:rf|Mux30~10    ; 0                 ; 6       ;
;      - RegisterFile:rf|Mux30~12    ; 0                 ; 6       ;
;      - RegisterFile:rf|Mux30~13    ; 0                 ; 6       ;
;      - RegisterFile:rf|Mux30~14    ; 0                 ; 6       ;
;      - RegisterFile:rf|Mux30~15    ; 0                 ; 6       ;
;      - RegisterFile:rf|Mux30~17    ; 0                 ; 6       ;
;      - RegisterFile:rf|Mux29~6     ; 0                 ; 6       ;
;      - RegisterFile:rf|Mux29~10    ; 0                 ; 6       ;
;      - RegisterFile:rf|Mux29~12    ; 0                 ; 6       ;
;      - RegisterFile:rf|Mux29~13    ; 0                 ; 6       ;
;      - RegisterFile:rf|Mux29~14    ; 0                 ; 6       ;
;      - RegisterFile:rf|Mux29~17    ; 0                 ; 6       ;
;      - RegisterFile:rf|Mux29~18    ; 0                 ; 6       ;
;      - RegisterFile:rf|Mux28~6     ; 0                 ; 6       ;
;      - RegisterFile:rf|Mux28~9     ; 0                 ; 6       ;
;      - RegisterFile:rf|Mux28~10    ; 0                 ; 6       ;
;      - RegisterFile:rf|Mux28~12    ; 0                 ; 6       ;
;      - RegisterFile:rf|Mux28~13    ; 0                 ; 6       ;
;      - RegisterFile:rf|Mux28~14    ; 0                 ; 6       ;
;      - RegisterFile:rf|Mux28~15    ; 0                 ; 6       ;
;      - RegisterFile:rf|Mux28~17    ; 0                 ; 6       ;
;      - RegisterFile:rf|Mux27~6     ; 0                 ; 6       ;
;      - RegisterFile:rf|Mux27~10    ; 0                 ; 6       ;
;      - RegisterFile:rf|Mux27~12    ; 0                 ; 6       ;
;      - RegisterFile:rf|Mux27~13    ; 0                 ; 6       ;
;      - RegisterFile:rf|Mux27~14    ; 0                 ; 6       ;
;      - RegisterFile:rf|Mux27~17    ; 0                 ; 6       ;
;      - RegisterFile:rf|Mux27~18    ; 0                 ; 6       ;
;      - RegisterFile:rf|Mux26~6     ; 0                 ; 6       ;
;      - RegisterFile:rf|Mux26~9     ; 0                 ; 6       ;
;      - RegisterFile:rf|Mux26~10    ; 0                 ; 6       ;
;      - RegisterFile:rf|Mux26~12    ; 0                 ; 6       ;
;      - RegisterFile:rf|Mux26~13    ; 0                 ; 6       ;
;      - RegisterFile:rf|Mux26~14    ; 0                 ; 6       ;
;      - RegisterFile:rf|Mux26~15    ; 0                 ; 6       ;
;      - RegisterFile:rf|Mux26~17    ; 0                 ; 6       ;
;      - RegisterFile:rf|Mux25~6     ; 0                 ; 6       ;
;      - RegisterFile:rf|Mux25~10    ; 0                 ; 6       ;
;      - RegisterFile:rf|Mux25~12    ; 0                 ; 6       ;
;      - RegisterFile:rf|Mux25~13    ; 0                 ; 6       ;
;      - RegisterFile:rf|Mux25~14    ; 0                 ; 6       ;
;      - RegisterFile:rf|Mux25~17    ; 0                 ; 6       ;
;      - RegisterFile:rf|Mux25~18    ; 0                 ; 6       ;
;      - RegisterFile:rf|Mux24~6     ; 0                 ; 6       ;
;      - RegisterFile:rf|Mux24~9     ; 0                 ; 6       ;
;      - RegisterFile:rf|Mux24~10    ; 0                 ; 6       ;
;      - RegisterFile:rf|Mux24~12    ; 0                 ; 6       ;
;      - RegisterFile:rf|Mux24~13    ; 0                 ; 6       ;
;      - RegisterFile:rf|Mux24~14    ; 0                 ; 6       ;
;      - RegisterFile:rf|Mux24~15    ; 0                 ; 6       ;
;      - RegisterFile:rf|Mux24~17    ; 0                 ; 6       ;
;      - RegisterFile:rf|Mux23~6     ; 0                 ; 6       ;
;      - RegisterFile:rf|Mux23~10    ; 0                 ; 6       ;
;      - RegisterFile:rf|Mux23~12    ; 0                 ; 6       ;
;      - RegisterFile:rf|Mux23~13    ; 0                 ; 6       ;
;      - RegisterFile:rf|Mux23~14    ; 0                 ; 6       ;
;      - RegisterFile:rf|Mux23~17    ; 0                 ; 6       ;
;      - RegisterFile:rf|Mux23~18    ; 0                 ; 6       ;
;      - RegisterFile:rf|Mux22~6     ; 0                 ; 6       ;
;      - RegisterFile:rf|Mux22~9     ; 0                 ; 6       ;
;      - RegisterFile:rf|Mux22~10    ; 0                 ; 6       ;
;      - RegisterFile:rf|Mux22~12    ; 0                 ; 6       ;
;      - RegisterFile:rf|Mux22~13    ; 0                 ; 6       ;
;      - RegisterFile:rf|Mux22~14    ; 0                 ; 6       ;
;      - RegisterFile:rf|Mux22~15    ; 0                 ; 6       ;
;      - RegisterFile:rf|Mux22~17    ; 0                 ; 6       ;
;      - RegisterFile:rf|Mux21~6     ; 0                 ; 6       ;
;      - RegisterFile:rf|Mux21~10    ; 0                 ; 6       ;
;      - RegisterFile:rf|Mux21~12    ; 0                 ; 6       ;
;      - RegisterFile:rf|Mux21~13    ; 0                 ; 6       ;
;      - RegisterFile:rf|Mux21~14    ; 0                 ; 6       ;
;      - RegisterFile:rf|Mux21~17    ; 0                 ; 6       ;
;      - RegisterFile:rf|Mux21~18    ; 0                 ; 6       ;
;      - RegisterFile:rf|Mux20~6     ; 0                 ; 6       ;
;      - RegisterFile:rf|Mux20~9     ; 0                 ; 6       ;
;      - RegisterFile:rf|Mux20~10    ; 0                 ; 6       ;
;      - RegisterFile:rf|Mux20~12    ; 0                 ; 6       ;
;      - RegisterFile:rf|Mux20~13    ; 0                 ; 6       ;
;      - RegisterFile:rf|Mux20~14    ; 0                 ; 6       ;
;      - RegisterFile:rf|Mux20~15    ; 0                 ; 6       ;
;      - RegisterFile:rf|Mux20~17    ; 0                 ; 6       ;
;      - RegisterFile:rf|Mux19~6     ; 0                 ; 6       ;
;      - RegisterFile:rf|Mux19~10    ; 0                 ; 6       ;
;      - RegisterFile:rf|Mux19~12    ; 0                 ; 6       ;
;      - RegisterFile:rf|Mux19~13    ; 0                 ; 6       ;
;      - RegisterFile:rf|Mux19~14    ; 0                 ; 6       ;
;      - RegisterFile:rf|Mux19~17    ; 0                 ; 6       ;
;      - RegisterFile:rf|Mux19~18    ; 0                 ; 6       ;
;      - RegisterFile:rf|Mux18~6     ; 0                 ; 6       ;
;      - RegisterFile:rf|Mux18~9     ; 0                 ; 6       ;
;      - RegisterFile:rf|Mux18~10    ; 0                 ; 6       ;
;      - RegisterFile:rf|Mux18~12    ; 0                 ; 6       ;
;      - RegisterFile:rf|Mux18~13    ; 0                 ; 6       ;
;      - RegisterFile:rf|Mux18~14    ; 0                 ; 6       ;
;      - RegisterFile:rf|Mux18~15    ; 0                 ; 6       ;
;      - RegisterFile:rf|Mux18~17    ; 0                 ; 6       ;
;      - RegisterFile:rf|Mux17~6     ; 0                 ; 6       ;
;      - RegisterFile:rf|Mux17~10    ; 0                 ; 6       ;
;      - RegisterFile:rf|Mux17~12    ; 0                 ; 6       ;
;      - RegisterFile:rf|Mux17~13    ; 0                 ; 6       ;
;      - RegisterFile:rf|Mux17~14    ; 0                 ; 6       ;
;      - RegisterFile:rf|Mux17~17    ; 0                 ; 6       ;
;      - RegisterFile:rf|Mux17~18    ; 0                 ; 6       ;
;      - RegisterFile:rf|Mux16~6     ; 0                 ; 6       ;
;      - RegisterFile:rf|Mux16~9     ; 0                 ; 6       ;
;      - RegisterFile:rf|Mux16~10    ; 0                 ; 6       ;
;      - RegisterFile:rf|Mux16~12    ; 0                 ; 6       ;
;      - RegisterFile:rf|Mux16~13    ; 0                 ; 6       ;
;      - RegisterFile:rf|Mux16~14    ; 0                 ; 6       ;
;      - RegisterFile:rf|Mux16~15    ; 0                 ; 6       ;
;      - RegisterFile:rf|Mux16~17    ; 0                 ; 6       ;
;      - RegisterFile:rf|Mux15~6     ; 0                 ; 6       ;
;      - RegisterFile:rf|Mux15~10    ; 0                 ; 6       ;
;      - RegisterFile:rf|Mux15~12    ; 0                 ; 6       ;
;      - RegisterFile:rf|Mux15~13    ; 0                 ; 6       ;
;      - RegisterFile:rf|Mux15~14    ; 0                 ; 6       ;
;      - RegisterFile:rf|Mux15~17    ; 0                 ; 6       ;
;      - RegisterFile:rf|Mux15~18    ; 0                 ; 6       ;
;      - RegisterFile:rf|Mux14~6     ; 0                 ; 6       ;
;      - RegisterFile:rf|Mux14~9     ; 0                 ; 6       ;
;      - RegisterFile:rf|Mux14~10    ; 0                 ; 6       ;
;      - RegisterFile:rf|Mux14~12    ; 0                 ; 6       ;
;      - RegisterFile:rf|Mux14~13    ; 0                 ; 6       ;
;      - RegisterFile:rf|Mux14~14    ; 0                 ; 6       ;
;      - RegisterFile:rf|Mux14~15    ; 0                 ; 6       ;
;      - RegisterFile:rf|Mux14~17    ; 0                 ; 6       ;
;      - RegisterFile:rf|Mux13~6     ; 0                 ; 6       ;
;      - RegisterFile:rf|Mux13~10    ; 0                 ; 6       ;
;      - RegisterFile:rf|Mux13~12    ; 0                 ; 6       ;
;      - RegisterFile:rf|Mux13~13    ; 0                 ; 6       ;
;      - RegisterFile:rf|Mux13~14    ; 0                 ; 6       ;
;      - RegisterFile:rf|Mux13~17    ; 0                 ; 6       ;
;      - RegisterFile:rf|Mux13~18    ; 0                 ; 6       ;
;      - RegisterFile:rf|Mux12~6     ; 0                 ; 6       ;
;      - RegisterFile:rf|Mux12~9     ; 0                 ; 6       ;
;      - RegisterFile:rf|Mux12~10    ; 0                 ; 6       ;
;      - RegisterFile:rf|Mux12~12    ; 0                 ; 6       ;
;      - RegisterFile:rf|Mux12~13    ; 0                 ; 6       ;
;      - RegisterFile:rf|Mux12~14    ; 0                 ; 6       ;
;      - RegisterFile:rf|Mux12~15    ; 0                 ; 6       ;
;      - RegisterFile:rf|Mux12~17    ; 0                 ; 6       ;
;      - RegisterFile:rf|Mux11~6     ; 0                 ; 6       ;
;      - RegisterFile:rf|Mux11~10    ; 0                 ; 6       ;
;      - RegisterFile:rf|Mux11~12    ; 0                 ; 6       ;
;      - RegisterFile:rf|Mux11~13    ; 0                 ; 6       ;
;      - RegisterFile:rf|Mux11~14    ; 0                 ; 6       ;
;      - RegisterFile:rf|Mux11~17    ; 0                 ; 6       ;
;      - RegisterFile:rf|Mux11~18    ; 0                 ; 6       ;
;      - RegisterFile:rf|Mux10~6     ; 0                 ; 6       ;
;      - RegisterFile:rf|Mux10~9     ; 0                 ; 6       ;
;      - RegisterFile:rf|Mux10~10    ; 0                 ; 6       ;
;      - RegisterFile:rf|Mux10~12    ; 0                 ; 6       ;
;      - RegisterFile:rf|Mux10~13    ; 0                 ; 6       ;
;      - RegisterFile:rf|Mux10~14    ; 0                 ; 6       ;
;      - RegisterFile:rf|Mux10~15    ; 0                 ; 6       ;
;      - RegisterFile:rf|Mux10~17    ; 0                 ; 6       ;
;      - RegisterFile:rf|Mux9~6      ; 0                 ; 6       ;
;      - RegisterFile:rf|Mux9~10     ; 0                 ; 6       ;
;      - RegisterFile:rf|Mux9~12     ; 0                 ; 6       ;
;      - RegisterFile:rf|Mux9~13     ; 0                 ; 6       ;
;      - RegisterFile:rf|Mux9~14     ; 0                 ; 6       ;
;      - RegisterFile:rf|Mux9~17     ; 0                 ; 6       ;
;      - RegisterFile:rf|Mux9~18     ; 0                 ; 6       ;
;      - RegisterFile:rf|Mux8~6      ; 0                 ; 6       ;
;      - RegisterFile:rf|Mux8~9      ; 0                 ; 6       ;
;      - RegisterFile:rf|Mux8~10     ; 0                 ; 6       ;
;      - RegisterFile:rf|Mux8~12     ; 0                 ; 6       ;
;      - RegisterFile:rf|Mux8~13     ; 0                 ; 6       ;
;      - RegisterFile:rf|Mux8~14     ; 0                 ; 6       ;
;      - RegisterFile:rf|Mux8~15     ; 0                 ; 6       ;
;      - RegisterFile:rf|Mux8~17     ; 0                 ; 6       ;
;      - RegisterFile:rf|Mux7~6      ; 0                 ; 6       ;
;      - RegisterFile:rf|Mux7~10     ; 0                 ; 6       ;
;      - RegisterFile:rf|Mux7~12     ; 0                 ; 6       ;
;      - RegisterFile:rf|Mux7~13     ; 0                 ; 6       ;
;      - RegisterFile:rf|Mux7~14     ; 0                 ; 6       ;
;      - RegisterFile:rf|Mux7~17     ; 0                 ; 6       ;
;      - RegisterFile:rf|Mux7~18     ; 0                 ; 6       ;
;      - RegisterFile:rf|Mux6~6      ; 0                 ; 6       ;
;      - RegisterFile:rf|Mux6~9      ; 0                 ; 6       ;
;      - RegisterFile:rf|Mux6~10     ; 0                 ; 6       ;
;      - RegisterFile:rf|Mux6~12     ; 0                 ; 6       ;
;      - RegisterFile:rf|Mux6~13     ; 0                 ; 6       ;
;      - RegisterFile:rf|Mux6~14     ; 0                 ; 6       ;
;      - RegisterFile:rf|Mux6~15     ; 0                 ; 6       ;
;      - RegisterFile:rf|Mux6~17     ; 0                 ; 6       ;
;      - RegisterFile:rf|Mux5~6      ; 0                 ; 6       ;
;      - RegisterFile:rf|Mux5~10     ; 0                 ; 6       ;
;      - RegisterFile:rf|Mux5~12     ; 0                 ; 6       ;
;      - RegisterFile:rf|Mux5~13     ; 0                 ; 6       ;
;      - RegisterFile:rf|Mux5~14     ; 0                 ; 6       ;
;      - RegisterFile:rf|Mux5~17     ; 0                 ; 6       ;
;      - RegisterFile:rf|Mux5~18     ; 0                 ; 6       ;
;      - RegisterFile:rf|Mux4~6      ; 0                 ; 6       ;
;      - RegisterFile:rf|Mux4~9      ; 0                 ; 6       ;
;      - RegisterFile:rf|Mux4~10     ; 0                 ; 6       ;
;      - RegisterFile:rf|Mux4~12     ; 0                 ; 6       ;
;      - RegisterFile:rf|Mux4~13     ; 0                 ; 6       ;
;      - RegisterFile:rf|Mux4~14     ; 0                 ; 6       ;
;      - RegisterFile:rf|Mux4~15     ; 0                 ; 6       ;
;      - RegisterFile:rf|Mux4~17     ; 0                 ; 6       ;
;      - RegisterFile:rf|Mux3~6      ; 0                 ; 6       ;
;      - RegisterFile:rf|Mux3~10     ; 0                 ; 6       ;
;      - RegisterFile:rf|Mux3~12     ; 0                 ; 6       ;
;      - RegisterFile:rf|Mux3~13     ; 0                 ; 6       ;
;      - RegisterFile:rf|Mux3~14     ; 0                 ; 6       ;
;      - RegisterFile:rf|Mux3~17     ; 0                 ; 6       ;
;      - RegisterFile:rf|Mux3~18     ; 0                 ; 6       ;
;      - RegisterFile:rf|Mux2~6      ; 0                 ; 6       ;
;      - RegisterFile:rf|Mux2~9      ; 0                 ; 6       ;
;      - RegisterFile:rf|Mux2~10     ; 0                 ; 6       ;
;      - RegisterFile:rf|Mux2~12     ; 0                 ; 6       ;
;      - RegisterFile:rf|Mux2~13     ; 0                 ; 6       ;
;      - RegisterFile:rf|Mux2~14     ; 0                 ; 6       ;
;      - RegisterFile:rf|Mux2~15     ; 0                 ; 6       ;
;      - RegisterFile:rf|Mux2~17     ; 0                 ; 6       ;
;      - RegisterFile:rf|Mux1~6      ; 0                 ; 6       ;
;      - RegisterFile:rf|Mux1~10     ; 0                 ; 6       ;
;      - RegisterFile:rf|Mux1~12     ; 0                 ; 6       ;
;      - RegisterFile:rf|Mux1~13     ; 0                 ; 6       ;
;      - RegisterFile:rf|Mux1~14     ; 0                 ; 6       ;
;      - RegisterFile:rf|Mux1~17     ; 0                 ; 6       ;
;      - RegisterFile:rf|Mux1~18     ; 0                 ; 6       ;
;      - RegisterFile:rf|Mux0~6      ; 0                 ; 6       ;
;      - RegisterFile:rf|Mux0~9      ; 0                 ; 6       ;
;      - RegisterFile:rf|Mux0~10     ; 0                 ; 6       ;
;      - RegisterFile:rf|Mux0~12     ; 0                 ; 6       ;
;      - RegisterFile:rf|Mux0~13     ; 0                 ; 6       ;
;      - RegisterFile:rf|Mux0~14     ; 0                 ; 6       ;
;      - RegisterFile:rf|Mux0~15     ; 0                 ; 6       ;
;      - RegisterFile:rf|Mux0~17     ; 0                 ; 6       ;
; Instruction[25]                    ;                   ;         ;
;      - RegisterFile:rf|Mux31~20    ; 1                 ; 6       ;
;      - RegisterFile:rf|Mux30~20    ; 1                 ; 6       ;
;      - RegisterFile:rf|Mux29~20    ; 1                 ; 6       ;
;      - RegisterFile:rf|Mux28~20    ; 1                 ; 6       ;
;      - RegisterFile:rf|Mux27~20    ; 1                 ; 6       ;
;      - RegisterFile:rf|Mux26~20    ; 1                 ; 6       ;
;      - RegisterFile:rf|Mux25~20    ; 1                 ; 6       ;
;      - RegisterFile:rf|Mux24~20    ; 1                 ; 6       ;
;      - RegisterFile:rf|Mux23~20    ; 1                 ; 6       ;
;      - RegisterFile:rf|Mux22~20    ; 1                 ; 6       ;
;      - RegisterFile:rf|Mux21~20    ; 1                 ; 6       ;
;      - RegisterFile:rf|Mux20~20    ; 1                 ; 6       ;
;      - RegisterFile:rf|Mux19~20    ; 1                 ; 6       ;
;      - RegisterFile:rf|Mux18~20    ; 1                 ; 6       ;
;      - RegisterFile:rf|Mux17~20    ; 1                 ; 6       ;
;      - RegisterFile:rf|Mux16~20    ; 1                 ; 6       ;
;      - RegisterFile:rf|Mux15~20    ; 1                 ; 6       ;
;      - RegisterFile:rf|Mux14~20    ; 1                 ; 6       ;
;      - RegisterFile:rf|Mux13~20    ; 1                 ; 6       ;
;      - RegisterFile:rf|Mux12~20    ; 1                 ; 6       ;
;      - RegisterFile:rf|Mux11~20    ; 1                 ; 6       ;
;      - RegisterFile:rf|Mux10~20    ; 1                 ; 6       ;
;      - RegisterFile:rf|Mux9~20     ; 1                 ; 6       ;
;      - RegisterFile:rf|Mux8~20     ; 1                 ; 6       ;
;      - RegisterFile:rf|Mux7~20     ; 1                 ; 6       ;
;      - RegisterFile:rf|Mux6~20     ; 1                 ; 6       ;
;      - RegisterFile:rf|Mux5~20     ; 1                 ; 6       ;
;      - RegisterFile:rf|Mux4~20     ; 1                 ; 6       ;
;      - RegisterFile:rf|Mux3~20     ; 1                 ; 6       ;
;      - RegisterFile:rf|Mux2~20     ; 1                 ; 6       ;
;      - RegisterFile:rf|Mux1~20     ; 1                 ; 6       ;
;      - RegisterFile:rf|Mux0~20     ; 1                 ; 6       ;
; Instruction[26]                    ;                   ;         ;
;      - Control_Unit:cu|WideOr0~0   ; 1                 ; 6       ;
;      - Control_Unit:cu|Decoder0~3  ; 1                 ; 6       ;
;      - Control_Unit:cu|WideOr1~0   ; 1                 ; 6       ;
;      - Control_Unit:cu|Decoder0~4  ; 1                 ; 6       ;
;      - Control_Unit:cu|Decoder0~6  ; 1                 ; 6       ;
; Instruction[27]                    ;                   ;         ;
;      - Control_Unit:cu|WideOr0~0   ; 0                 ; 6       ;
;      - Control_Unit:cu|Decoder0~3  ; 0                 ; 6       ;
;      - Control_Unit:cu|WideOr1~0   ; 0                 ; 6       ;
;      - Control_Unit:cu|Decoder0~5  ; 0                 ; 6       ;
;      - Control_Unit:cu|Decoder0~6  ; 0                 ; 6       ;
;      - Control_Unit:cu|Decoder0~7  ; 0                 ; 6       ;
; Instruction[28]                    ;                   ;         ;
;      - Control_Unit:cu|WideOr0~0   ; 0                 ; 6       ;
;      - Control_Unit:cu|Decoder0~3  ; 0                 ; 6       ;
;      - Control_Unit:cu|WideOr1~0   ; 0                 ; 6       ;
;      - Control_Unit:cu|Decoder0~5  ; 0                 ; 6       ;
;      - Control_Unit:cu|Decoder0~6  ; 0                 ; 6       ;
;      - Control_Unit:cu|Decoder0~7  ; 0                 ; 6       ;
; Instruction[29]                    ;                   ;         ;
;      - Control_Unit:cu|WideOr0~0   ; 0                 ; 6       ;
;      - Control_Unit:cu|Decoder0~2  ; 0                 ; 6       ;
;      - Control_Unit:cu|WideOr1~0   ; 0                 ; 6       ;
;      - Control_Unit:cu|Decoder0~4  ; 0                 ; 6       ;
; Instruction[30]                    ;                   ;         ;
;      - Control_Unit:cu|WideOr0~1   ; 1                 ; 6       ;
;      - Control_Unit:cu|Decoder0~2  ; 1                 ; 6       ;
;      - Control_Unit:cu|WideOr1~1   ; 1                 ; 6       ;
;      - Control_Unit:cu|Decoder0~4  ; 1                 ; 6       ;
; Instruction[31]                    ;                   ;         ;
;      - Control_Unit:cu|WideOr0~1   ; 0                 ; 6       ;
;      - Control_Unit:cu|Decoder0~2  ; 0                 ; 6       ;
;      - Control_Unit:cu|WideOr1~1   ; 0                 ; 6       ;
;      - Control_Unit:cu|Decoder0~4  ; 0                 ; 6       ;
; Instruction[18]                    ;                   ;         ;
;      - RegisterFile:rf|Mux63~0     ; 0                 ; 6       ;
;      - RegisterFile:rf|Mux63~1     ; 0                 ; 6       ;
;      - RegisterFile:rf|Mux63~2     ; 0                 ; 6       ;
;      - RegisterFile:rf|Mux63~4     ; 0                 ; 6       ;
;      - RegisterFile:rf|Mux63~5     ; 0                 ; 6       ;
;      - RegisterFile:rf|Mux63~7     ; 0                 ; 6       ;
;      - RegisterFile:rf|Mux63~16    ; 0                 ; 6       ;
;      - RegisterFile:rf|Mux62~0     ; 0                 ; 6       ;
;      - RegisterFile:rf|Mux62~1     ; 0                 ; 6       ;
;      - RegisterFile:rf|Mux62~2     ; 0                 ; 6       ;
;      - RegisterFile:rf|Mux62~4     ; 0                 ; 6       ;
;      - RegisterFile:rf|Mux62~7     ; 0                 ; 6       ;
;      - RegisterFile:rf|Mux62~8     ; 0                 ; 6       ;
;      - RegisterFile:rf|Mux62~16    ; 0                 ; 6       ;
;      - RegisterFile:rf|Mux62~19    ; 0                 ; 6       ;
;      - RegisterFile:rf|Mux61~0     ; 0                 ; 6       ;
;      - RegisterFile:rf|Mux61~1     ; 0                 ; 6       ;
;      - RegisterFile:rf|Mux61~2     ; 0                 ; 6       ;
;      - RegisterFile:rf|Mux61~4     ; 0                 ; 6       ;
;      - RegisterFile:rf|Mux61~5     ; 0                 ; 6       ;
;      - RegisterFile:rf|Mux61~7     ; 0                 ; 6       ;
;      - RegisterFile:rf|Mux61~16    ; 0                 ; 6       ;
;      - RegisterFile:rf|Mux60~0     ; 0                 ; 6       ;
;      - RegisterFile:rf|Mux60~1     ; 0                 ; 6       ;
;      - RegisterFile:rf|Mux60~2     ; 0                 ; 6       ;
;      - RegisterFile:rf|Mux60~4     ; 0                 ; 6       ;
;      - RegisterFile:rf|Mux60~7     ; 0                 ; 6       ;
;      - RegisterFile:rf|Mux60~8     ; 0                 ; 6       ;
;      - RegisterFile:rf|Mux60~16    ; 0                 ; 6       ;
;      - RegisterFile:rf|Mux60~19    ; 0                 ; 6       ;
;      - RegisterFile:rf|Mux59~0     ; 0                 ; 6       ;
;      - RegisterFile:rf|Mux59~1     ; 0                 ; 6       ;
;      - RegisterFile:rf|Mux59~2     ; 0                 ; 6       ;
;      - RegisterFile:rf|Mux59~4     ; 0                 ; 6       ;
;      - RegisterFile:rf|Mux59~5     ; 0                 ; 6       ;
;      - RegisterFile:rf|Mux59~7     ; 0                 ; 6       ;
;      - RegisterFile:rf|Mux59~16    ; 0                 ; 6       ;
;      - RegisterFile:rf|Mux58~0     ; 0                 ; 6       ;
;      - RegisterFile:rf|Mux58~1     ; 0                 ; 6       ;
;      - RegisterFile:rf|Mux58~2     ; 0                 ; 6       ;
;      - RegisterFile:rf|Mux58~4     ; 0                 ; 6       ;
;      - RegisterFile:rf|Mux58~7     ; 0                 ; 6       ;
;      - RegisterFile:rf|Mux58~8     ; 0                 ; 6       ;
;      - RegisterFile:rf|Mux58~16    ; 0                 ; 6       ;
;      - RegisterFile:rf|Mux58~19    ; 0                 ; 6       ;
;      - RegisterFile:rf|Mux57~0     ; 0                 ; 6       ;
;      - RegisterFile:rf|Mux57~1     ; 0                 ; 6       ;
;      - RegisterFile:rf|Mux57~2     ; 0                 ; 6       ;
;      - RegisterFile:rf|Mux57~4     ; 0                 ; 6       ;
;      - RegisterFile:rf|Mux57~5     ; 0                 ; 6       ;
;      - RegisterFile:rf|Mux57~7     ; 0                 ; 6       ;
;      - RegisterFile:rf|Mux57~16    ; 0                 ; 6       ;
;      - RegisterFile:rf|Mux56~0     ; 0                 ; 6       ;
;      - RegisterFile:rf|Mux56~1     ; 0                 ; 6       ;
;      - RegisterFile:rf|Mux56~2     ; 0                 ; 6       ;
;      - RegisterFile:rf|Mux56~4     ; 0                 ; 6       ;
;      - RegisterFile:rf|Mux56~7     ; 0                 ; 6       ;
;      - RegisterFile:rf|Mux56~8     ; 0                 ; 6       ;
;      - RegisterFile:rf|Mux56~16    ; 0                 ; 6       ;
;      - RegisterFile:rf|Mux56~19    ; 0                 ; 6       ;
;      - RegisterFile:rf|Mux55~0     ; 0                 ; 6       ;
;      - RegisterFile:rf|Mux55~1     ; 0                 ; 6       ;
;      - RegisterFile:rf|Mux55~2     ; 0                 ; 6       ;
;      - RegisterFile:rf|Mux55~4     ; 0                 ; 6       ;
;      - RegisterFile:rf|Mux55~5     ; 0                 ; 6       ;
;      - RegisterFile:rf|Mux55~7     ; 0                 ; 6       ;
;      - RegisterFile:rf|Mux55~16    ; 0                 ; 6       ;
;      - RegisterFile:rf|Mux54~0     ; 0                 ; 6       ;
;      - RegisterFile:rf|Mux54~1     ; 0                 ; 6       ;
;      - RegisterFile:rf|Mux54~2     ; 0                 ; 6       ;
;      - RegisterFile:rf|Mux54~4     ; 0                 ; 6       ;
;      - RegisterFile:rf|Mux54~7     ; 0                 ; 6       ;
;      - RegisterFile:rf|Mux54~8     ; 0                 ; 6       ;
;      - RegisterFile:rf|Mux54~16    ; 0                 ; 6       ;
;      - RegisterFile:rf|Mux54~19    ; 0                 ; 6       ;
;      - RegisterFile:rf|Mux53~0     ; 0                 ; 6       ;
;      - RegisterFile:rf|Mux53~1     ; 0                 ; 6       ;
;      - RegisterFile:rf|Mux53~2     ; 0                 ; 6       ;
;      - RegisterFile:rf|Mux53~4     ; 0                 ; 6       ;
;      - RegisterFile:rf|Mux53~5     ; 0                 ; 6       ;
;      - RegisterFile:rf|Mux53~7     ; 0                 ; 6       ;
;      - RegisterFile:rf|Mux53~16    ; 0                 ; 6       ;
;      - RegisterFile:rf|Mux52~0     ; 0                 ; 6       ;
;      - RegisterFile:rf|Mux52~1     ; 0                 ; 6       ;
;      - RegisterFile:rf|Mux52~2     ; 0                 ; 6       ;
;      - RegisterFile:rf|Mux52~4     ; 0                 ; 6       ;
;      - RegisterFile:rf|Mux52~7     ; 0                 ; 6       ;
;      - RegisterFile:rf|Mux52~8     ; 0                 ; 6       ;
;      - RegisterFile:rf|Mux52~16    ; 0                 ; 6       ;
;      - RegisterFile:rf|Mux52~19    ; 0                 ; 6       ;
;      - RegisterFile:rf|Mux51~0     ; 0                 ; 6       ;
;      - RegisterFile:rf|Mux51~1     ; 0                 ; 6       ;
;      - RegisterFile:rf|Mux51~2     ; 0                 ; 6       ;
;      - RegisterFile:rf|Mux51~4     ; 0                 ; 6       ;
;      - RegisterFile:rf|Mux51~5     ; 0                 ; 6       ;
;      - RegisterFile:rf|Mux51~7     ; 0                 ; 6       ;
;      - RegisterFile:rf|Mux51~16    ; 0                 ; 6       ;
;      - RegisterFile:rf|Mux50~0     ; 0                 ; 6       ;
;      - RegisterFile:rf|Mux50~1     ; 0                 ; 6       ;
;      - RegisterFile:rf|Mux50~2     ; 0                 ; 6       ;
;      - RegisterFile:rf|Mux50~4     ; 0                 ; 6       ;
;      - RegisterFile:rf|Mux50~7     ; 0                 ; 6       ;
;      - RegisterFile:rf|Mux50~8     ; 0                 ; 6       ;
;      - RegisterFile:rf|Mux50~16    ; 0                 ; 6       ;
;      - RegisterFile:rf|Mux50~19    ; 0                 ; 6       ;
;      - RegisterFile:rf|Mux49~0     ; 0                 ; 6       ;
;      - RegisterFile:rf|Mux49~1     ; 0                 ; 6       ;
;      - RegisterFile:rf|Mux49~2     ; 0                 ; 6       ;
;      - RegisterFile:rf|Mux49~4     ; 0                 ; 6       ;
;      - RegisterFile:rf|Mux49~5     ; 0                 ; 6       ;
;      - RegisterFile:rf|Mux49~7     ; 0                 ; 6       ;
;      - RegisterFile:rf|Mux49~16    ; 0                 ; 6       ;
;      - RegisterFile:rf|Mux48~0     ; 0                 ; 6       ;
;      - RegisterFile:rf|Mux48~1     ; 0                 ; 6       ;
;      - RegisterFile:rf|Mux48~2     ; 0                 ; 6       ;
;      - RegisterFile:rf|Mux48~4     ; 0                 ; 6       ;
;      - RegisterFile:rf|Mux48~7     ; 0                 ; 6       ;
;      - RegisterFile:rf|Mux48~8     ; 0                 ; 6       ;
;      - RegisterFile:rf|Mux48~16    ; 0                 ; 6       ;
;      - RegisterFile:rf|Mux48~19    ; 0                 ; 6       ;
;      - RegisterFile:rf|Mux47~0     ; 0                 ; 6       ;
;      - RegisterFile:rf|Mux47~1     ; 0                 ; 6       ;
;      - RegisterFile:rf|Mux47~2     ; 0                 ; 6       ;
;      - RegisterFile:rf|Mux47~4     ; 0                 ; 6       ;
;      - RegisterFile:rf|Mux47~5     ; 0                 ; 6       ;
;      - RegisterFile:rf|Mux47~7     ; 0                 ; 6       ;
;      - RegisterFile:rf|Mux47~16    ; 0                 ; 6       ;
;      - RegisterFile:rf|Mux46~0     ; 0                 ; 6       ;
;      - RegisterFile:rf|Mux46~1     ; 0                 ; 6       ;
;      - RegisterFile:rf|Mux46~2     ; 0                 ; 6       ;
;      - RegisterFile:rf|Mux46~4     ; 0                 ; 6       ;
;      - RegisterFile:rf|Mux46~7     ; 0                 ; 6       ;
;      - RegisterFile:rf|Mux46~8     ; 0                 ; 6       ;
;      - RegisterFile:rf|Mux46~16    ; 0                 ; 6       ;
;      - RegisterFile:rf|Mux46~19    ; 0                 ; 6       ;
;      - RegisterFile:rf|Mux45~0     ; 0                 ; 6       ;
;      - RegisterFile:rf|Mux45~1     ; 0                 ; 6       ;
;      - RegisterFile:rf|Mux45~2     ; 0                 ; 6       ;
;      - RegisterFile:rf|Mux45~4     ; 0                 ; 6       ;
;      - RegisterFile:rf|Mux45~5     ; 0                 ; 6       ;
;      - RegisterFile:rf|Mux45~7     ; 0                 ; 6       ;
;      - RegisterFile:rf|Mux45~16    ; 0                 ; 6       ;
;      - RegisterFile:rf|Mux44~0     ; 0                 ; 6       ;
;      - RegisterFile:rf|Mux44~1     ; 0                 ; 6       ;
;      - RegisterFile:rf|Mux44~2     ; 0                 ; 6       ;
;      - RegisterFile:rf|Mux44~4     ; 0                 ; 6       ;
;      - RegisterFile:rf|Mux44~7     ; 0                 ; 6       ;
;      - RegisterFile:rf|Mux44~8     ; 0                 ; 6       ;
;      - RegisterFile:rf|Mux44~16    ; 0                 ; 6       ;
;      - RegisterFile:rf|Mux44~19    ; 0                 ; 6       ;
;      - RegisterFile:rf|Mux43~0     ; 0                 ; 6       ;
;      - RegisterFile:rf|Mux43~1     ; 0                 ; 6       ;
;      - RegisterFile:rf|Mux43~2     ; 0                 ; 6       ;
;      - RegisterFile:rf|Mux43~4     ; 0                 ; 6       ;
;      - RegisterFile:rf|Mux43~5     ; 0                 ; 6       ;
;      - RegisterFile:rf|Mux43~7     ; 0                 ; 6       ;
;      - RegisterFile:rf|Mux43~16    ; 0                 ; 6       ;
;      - RegisterFile:rf|Mux42~0     ; 0                 ; 6       ;
;      - RegisterFile:rf|Mux42~1     ; 0                 ; 6       ;
;      - RegisterFile:rf|Mux42~2     ; 0                 ; 6       ;
;      - RegisterFile:rf|Mux42~4     ; 0                 ; 6       ;
;      - RegisterFile:rf|Mux42~7     ; 0                 ; 6       ;
;      - RegisterFile:rf|Mux42~8     ; 0                 ; 6       ;
;      - RegisterFile:rf|Mux42~16    ; 0                 ; 6       ;
;      - RegisterFile:rf|Mux42~19    ; 0                 ; 6       ;
;      - RegisterFile:rf|Mux41~0     ; 0                 ; 6       ;
;      - RegisterFile:rf|Mux41~1     ; 0                 ; 6       ;
;      - RegisterFile:rf|Mux41~2     ; 0                 ; 6       ;
;      - RegisterFile:rf|Mux41~4     ; 0                 ; 6       ;
;      - RegisterFile:rf|Mux41~5     ; 0                 ; 6       ;
;      - RegisterFile:rf|Mux41~7     ; 0                 ; 6       ;
;      - RegisterFile:rf|Mux41~16    ; 0                 ; 6       ;
;      - RegisterFile:rf|Mux40~0     ; 0                 ; 6       ;
;      - RegisterFile:rf|Mux40~1     ; 0                 ; 6       ;
;      - RegisterFile:rf|Mux40~2     ; 0                 ; 6       ;
;      - RegisterFile:rf|Mux40~4     ; 0                 ; 6       ;
;      - RegisterFile:rf|Mux40~7     ; 0                 ; 6       ;
;      - RegisterFile:rf|Mux40~8     ; 0                 ; 6       ;
;      - RegisterFile:rf|Mux40~16    ; 0                 ; 6       ;
;      - RegisterFile:rf|Mux40~19    ; 0                 ; 6       ;
;      - RegisterFile:rf|Mux39~0     ; 0                 ; 6       ;
;      - RegisterFile:rf|Mux39~1     ; 0                 ; 6       ;
;      - RegisterFile:rf|Mux39~2     ; 0                 ; 6       ;
;      - RegisterFile:rf|Mux39~4     ; 0                 ; 6       ;
;      - RegisterFile:rf|Mux39~5     ; 0                 ; 6       ;
;      - RegisterFile:rf|Mux39~7     ; 0                 ; 6       ;
;      - RegisterFile:rf|Mux39~16    ; 0                 ; 6       ;
;      - RegisterFile:rf|Mux38~0     ; 0                 ; 6       ;
;      - RegisterFile:rf|Mux38~1     ; 0                 ; 6       ;
;      - RegisterFile:rf|Mux38~2     ; 0                 ; 6       ;
;      - RegisterFile:rf|Mux38~4     ; 0                 ; 6       ;
;      - RegisterFile:rf|Mux38~7     ; 0                 ; 6       ;
;      - RegisterFile:rf|Mux38~8     ; 0                 ; 6       ;
;      - RegisterFile:rf|Mux38~16    ; 0                 ; 6       ;
;      - RegisterFile:rf|Mux38~19    ; 0                 ; 6       ;
;      - RegisterFile:rf|Mux37~0     ; 0                 ; 6       ;
;      - RegisterFile:rf|Mux37~1     ; 0                 ; 6       ;
;      - RegisterFile:rf|Mux37~2     ; 0                 ; 6       ;
;      - RegisterFile:rf|Mux37~4     ; 0                 ; 6       ;
;      - RegisterFile:rf|Mux37~5     ; 0                 ; 6       ;
;      - RegisterFile:rf|Mux37~7     ; 0                 ; 6       ;
;      - RegisterFile:rf|Mux37~16    ; 0                 ; 6       ;
;      - RegisterFile:rf|Mux36~0     ; 0                 ; 6       ;
;      - RegisterFile:rf|Mux36~1     ; 0                 ; 6       ;
;      - RegisterFile:rf|Mux36~2     ; 0                 ; 6       ;
;      - RegisterFile:rf|Mux36~4     ; 0                 ; 6       ;
;      - RegisterFile:rf|Mux36~7     ; 0                 ; 6       ;
;      - RegisterFile:rf|Mux36~8     ; 0                 ; 6       ;
;      - RegisterFile:rf|Mux36~16    ; 0                 ; 6       ;
;      - RegisterFile:rf|Mux36~19    ; 0                 ; 6       ;
;      - RegisterFile:rf|Mux35~0     ; 0                 ; 6       ;
;      - RegisterFile:rf|Mux35~1     ; 0                 ; 6       ;
;      - RegisterFile:rf|Mux35~2     ; 0                 ; 6       ;
;      - RegisterFile:rf|Mux35~4     ; 0                 ; 6       ;
;      - RegisterFile:rf|Mux35~5     ; 0                 ; 6       ;
;      - RegisterFile:rf|Mux35~7     ; 0                 ; 6       ;
;      - RegisterFile:rf|Mux35~16    ; 0                 ; 6       ;
;      - RegisterFile:rf|Mux34~0     ; 0                 ; 6       ;
;      - RegisterFile:rf|Mux34~1     ; 0                 ; 6       ;
;      - RegisterFile:rf|Mux34~2     ; 0                 ; 6       ;
;      - RegisterFile:rf|Mux34~4     ; 0                 ; 6       ;
;      - RegisterFile:rf|Mux34~7     ; 0                 ; 6       ;
;      - RegisterFile:rf|Mux34~8     ; 0                 ; 6       ;
;      - RegisterFile:rf|Mux34~16    ; 0                 ; 6       ;
;      - RegisterFile:rf|Mux34~19    ; 0                 ; 6       ;
;      - RegisterFile:rf|Mux33~0     ; 0                 ; 6       ;
;      - RegisterFile:rf|Mux33~1     ; 0                 ; 6       ;
;      - RegisterFile:rf|Mux33~2     ; 0                 ; 6       ;
;      - RegisterFile:rf|Mux33~4     ; 0                 ; 6       ;
;      - RegisterFile:rf|Mux33~5     ; 0                 ; 6       ;
;      - RegisterFile:rf|Mux33~7     ; 0                 ; 6       ;
;      - RegisterFile:rf|Mux33~16    ; 0                 ; 6       ;
;      - RegisterFile:rf|Mux32~0     ; 0                 ; 6       ;
;      - RegisterFile:rf|Mux32~1     ; 0                 ; 6       ;
;      - RegisterFile:rf|Mux32~2     ; 0                 ; 6       ;
;      - RegisterFile:rf|Mux32~4     ; 0                 ; 6       ;
;      - RegisterFile:rf|Mux32~7     ; 0                 ; 6       ;
;      - RegisterFile:rf|Mux32~8     ; 0                 ; 6       ;
;      - RegisterFile:rf|Mux32~16    ; 0                 ; 6       ;
;      - RegisterFile:rf|Mux32~19    ; 0                 ; 6       ;
;      - WriteRegister[2]~2          ; 0                 ; 6       ;
; Instruction[19]                    ;                   ;         ;
;      - RegisterFile:rf|Mux63~0     ; 1                 ; 6       ;
;      - RegisterFile:rf|Mux63~2     ; 1                 ; 6       ;
;      - RegisterFile:rf|Mux63~3     ; 1                 ; 6       ;
;      - RegisterFile:rf|Mux63~4     ; 1                 ; 6       ;
;      - RegisterFile:rf|Mux63~7     ; 1                 ; 6       ;
;      - RegisterFile:rf|Mux63~8     ; 1                 ; 6       ;
;      - RegisterFile:rf|Mux63~16    ; 1                 ; 6       ;
;      - RegisterFile:rf|Mux63~19    ; 1                 ; 6       ;
;      - RegisterFile:rf|Mux62~0     ; 1                 ; 6       ;
;      - RegisterFile:rf|Mux62~2     ; 1                 ; 6       ;
;      - RegisterFile:rf|Mux62~3     ; 1                 ; 6       ;
;      - RegisterFile:rf|Mux62~4     ; 1                 ; 6       ;
;      - RegisterFile:rf|Mux62~5     ; 1                 ; 6       ;
;      - RegisterFile:rf|Mux62~7     ; 1                 ; 6       ;
;      - RegisterFile:rf|Mux62~16    ; 1                 ; 6       ;
;      - RegisterFile:rf|Mux61~0     ; 1                 ; 6       ;
;      - RegisterFile:rf|Mux61~2     ; 1                 ; 6       ;
;      - RegisterFile:rf|Mux61~3     ; 1                 ; 6       ;
;      - RegisterFile:rf|Mux61~4     ; 1                 ; 6       ;
;      - RegisterFile:rf|Mux61~7     ; 1                 ; 6       ;
;      - RegisterFile:rf|Mux61~8     ; 1                 ; 6       ;
;      - RegisterFile:rf|Mux61~16    ; 1                 ; 6       ;
;      - RegisterFile:rf|Mux61~19    ; 1                 ; 6       ;
;      - RegisterFile:rf|Mux60~0     ; 1                 ; 6       ;
;      - RegisterFile:rf|Mux60~2     ; 1                 ; 6       ;
;      - RegisterFile:rf|Mux60~3     ; 1                 ; 6       ;
;      - RegisterFile:rf|Mux60~4     ; 1                 ; 6       ;
;      - RegisterFile:rf|Mux60~5     ; 1                 ; 6       ;
;      - RegisterFile:rf|Mux60~7     ; 1                 ; 6       ;
;      - RegisterFile:rf|Mux60~16    ; 1                 ; 6       ;
;      - RegisterFile:rf|Mux59~0     ; 1                 ; 6       ;
;      - RegisterFile:rf|Mux59~2     ; 1                 ; 6       ;
;      - RegisterFile:rf|Mux59~3     ; 1                 ; 6       ;
;      - RegisterFile:rf|Mux59~4     ; 1                 ; 6       ;
;      - RegisterFile:rf|Mux59~7     ; 1                 ; 6       ;
;      - RegisterFile:rf|Mux59~8     ; 1                 ; 6       ;
;      - RegisterFile:rf|Mux59~16    ; 1                 ; 6       ;
;      - RegisterFile:rf|Mux59~19    ; 1                 ; 6       ;
;      - RegisterFile:rf|Mux58~0     ; 1                 ; 6       ;
;      - RegisterFile:rf|Mux58~2     ; 1                 ; 6       ;
;      - RegisterFile:rf|Mux58~3     ; 1                 ; 6       ;
;      - RegisterFile:rf|Mux58~4     ; 1                 ; 6       ;
;      - RegisterFile:rf|Mux58~5     ; 1                 ; 6       ;
;      - RegisterFile:rf|Mux58~7     ; 1                 ; 6       ;
;      - RegisterFile:rf|Mux58~16    ; 1                 ; 6       ;
;      - RegisterFile:rf|Mux57~0     ; 1                 ; 6       ;
;      - RegisterFile:rf|Mux57~2     ; 1                 ; 6       ;
;      - RegisterFile:rf|Mux57~3     ; 1                 ; 6       ;
;      - RegisterFile:rf|Mux57~4     ; 1                 ; 6       ;
;      - RegisterFile:rf|Mux57~7     ; 1                 ; 6       ;
;      - RegisterFile:rf|Mux57~8     ; 1                 ; 6       ;
;      - RegisterFile:rf|Mux57~16    ; 1                 ; 6       ;
;      - RegisterFile:rf|Mux57~19    ; 1                 ; 6       ;
;      - RegisterFile:rf|Mux56~0     ; 1                 ; 6       ;
;      - RegisterFile:rf|Mux56~2     ; 1                 ; 6       ;
;      - RegisterFile:rf|Mux56~3     ; 1                 ; 6       ;
;      - RegisterFile:rf|Mux56~4     ; 1                 ; 6       ;
;      - RegisterFile:rf|Mux56~5     ; 1                 ; 6       ;
;      - RegisterFile:rf|Mux56~7     ; 1                 ; 6       ;
;      - RegisterFile:rf|Mux56~16    ; 1                 ; 6       ;
;      - RegisterFile:rf|Mux55~0     ; 1                 ; 6       ;
;      - RegisterFile:rf|Mux55~2     ; 1                 ; 6       ;
;      - RegisterFile:rf|Mux55~3     ; 1                 ; 6       ;
;      - RegisterFile:rf|Mux55~4     ; 1                 ; 6       ;
;      - RegisterFile:rf|Mux55~7     ; 1                 ; 6       ;
;      - RegisterFile:rf|Mux55~8     ; 1                 ; 6       ;
;      - RegisterFile:rf|Mux55~16    ; 1                 ; 6       ;
;      - RegisterFile:rf|Mux55~19    ; 1                 ; 6       ;
;      - RegisterFile:rf|Mux54~0     ; 1                 ; 6       ;
;      - RegisterFile:rf|Mux54~2     ; 1                 ; 6       ;
;      - RegisterFile:rf|Mux54~3     ; 1                 ; 6       ;
;      - RegisterFile:rf|Mux54~4     ; 1                 ; 6       ;
;      - RegisterFile:rf|Mux54~5     ; 1                 ; 6       ;
;      - RegisterFile:rf|Mux54~7     ; 1                 ; 6       ;
;      - RegisterFile:rf|Mux54~16    ; 1                 ; 6       ;
;      - RegisterFile:rf|Mux53~0     ; 1                 ; 6       ;
;      - RegisterFile:rf|Mux53~2     ; 1                 ; 6       ;
;      - RegisterFile:rf|Mux53~3     ; 1                 ; 6       ;
;      - RegisterFile:rf|Mux53~4     ; 1                 ; 6       ;
;      - RegisterFile:rf|Mux53~7     ; 1                 ; 6       ;
;      - RegisterFile:rf|Mux53~8     ; 1                 ; 6       ;
;      - RegisterFile:rf|Mux53~16    ; 1                 ; 6       ;
;      - RegisterFile:rf|Mux53~19    ; 1                 ; 6       ;
;      - RegisterFile:rf|Mux52~0     ; 1                 ; 6       ;
;      - RegisterFile:rf|Mux52~2     ; 1                 ; 6       ;
;      - RegisterFile:rf|Mux52~3     ; 1                 ; 6       ;
;      - RegisterFile:rf|Mux52~4     ; 1                 ; 6       ;
;      - RegisterFile:rf|Mux52~5     ; 1                 ; 6       ;
;      - RegisterFile:rf|Mux52~7     ; 1                 ; 6       ;
;      - RegisterFile:rf|Mux52~16    ; 1                 ; 6       ;
;      - RegisterFile:rf|Mux51~0     ; 1                 ; 6       ;
;      - RegisterFile:rf|Mux51~2     ; 1                 ; 6       ;
;      - RegisterFile:rf|Mux51~3     ; 1                 ; 6       ;
;      - RegisterFile:rf|Mux51~4     ; 1                 ; 6       ;
;      - RegisterFile:rf|Mux51~7     ; 1                 ; 6       ;
;      - RegisterFile:rf|Mux51~8     ; 1                 ; 6       ;
;      - RegisterFile:rf|Mux51~16    ; 1                 ; 6       ;
;      - RegisterFile:rf|Mux51~19    ; 1                 ; 6       ;
;      - RegisterFile:rf|Mux50~0     ; 1                 ; 6       ;
;      - RegisterFile:rf|Mux50~2     ; 1                 ; 6       ;
;      - RegisterFile:rf|Mux50~3     ; 1                 ; 6       ;
;      - RegisterFile:rf|Mux50~4     ; 1                 ; 6       ;
;      - RegisterFile:rf|Mux50~5     ; 1                 ; 6       ;
;      - RegisterFile:rf|Mux50~7     ; 1                 ; 6       ;
;      - RegisterFile:rf|Mux50~16    ; 1                 ; 6       ;
;      - RegisterFile:rf|Mux49~0     ; 1                 ; 6       ;
;      - RegisterFile:rf|Mux49~2     ; 1                 ; 6       ;
;      - RegisterFile:rf|Mux49~3     ; 1                 ; 6       ;
;      - RegisterFile:rf|Mux49~4     ; 1                 ; 6       ;
;      - RegisterFile:rf|Mux49~7     ; 1                 ; 6       ;
;      - RegisterFile:rf|Mux49~8     ; 1                 ; 6       ;
;      - RegisterFile:rf|Mux49~16    ; 1                 ; 6       ;
;      - RegisterFile:rf|Mux49~19    ; 1                 ; 6       ;
;      - RegisterFile:rf|Mux48~0     ; 1                 ; 6       ;
;      - RegisterFile:rf|Mux48~2     ; 1                 ; 6       ;
;      - RegisterFile:rf|Mux48~3     ; 1                 ; 6       ;
;      - RegisterFile:rf|Mux48~4     ; 1                 ; 6       ;
;      - RegisterFile:rf|Mux48~5     ; 1                 ; 6       ;
;      - RegisterFile:rf|Mux48~7     ; 1                 ; 6       ;
;      - RegisterFile:rf|Mux48~16    ; 1                 ; 6       ;
;      - RegisterFile:rf|Mux47~0     ; 1                 ; 6       ;
;      - RegisterFile:rf|Mux47~2     ; 1                 ; 6       ;
;      - RegisterFile:rf|Mux47~3     ; 1                 ; 6       ;
;      - RegisterFile:rf|Mux47~4     ; 1                 ; 6       ;
;      - RegisterFile:rf|Mux47~7     ; 1                 ; 6       ;
;      - RegisterFile:rf|Mux47~8     ; 1                 ; 6       ;
;      - RegisterFile:rf|Mux47~16    ; 1                 ; 6       ;
;      - RegisterFile:rf|Mux47~19    ; 1                 ; 6       ;
;      - RegisterFile:rf|Mux46~0     ; 1                 ; 6       ;
;      - RegisterFile:rf|Mux46~2     ; 1                 ; 6       ;
;      - RegisterFile:rf|Mux46~3     ; 1                 ; 6       ;
;      - RegisterFile:rf|Mux46~4     ; 1                 ; 6       ;
;      - RegisterFile:rf|Mux46~5     ; 1                 ; 6       ;
;      - RegisterFile:rf|Mux46~7     ; 1                 ; 6       ;
;      - RegisterFile:rf|Mux46~16    ; 1                 ; 6       ;
;      - RegisterFile:rf|Mux45~0     ; 1                 ; 6       ;
;      - RegisterFile:rf|Mux45~2     ; 1                 ; 6       ;
;      - RegisterFile:rf|Mux45~3     ; 1                 ; 6       ;
;      - RegisterFile:rf|Mux45~4     ; 1                 ; 6       ;
;      - RegisterFile:rf|Mux45~7     ; 1                 ; 6       ;
;      - RegisterFile:rf|Mux45~8     ; 1                 ; 6       ;
;      - RegisterFile:rf|Mux45~16    ; 1                 ; 6       ;
;      - RegisterFile:rf|Mux45~19    ; 1                 ; 6       ;
;      - RegisterFile:rf|Mux44~0     ; 1                 ; 6       ;
;      - RegisterFile:rf|Mux44~2     ; 1                 ; 6       ;
;      - RegisterFile:rf|Mux44~3     ; 1                 ; 6       ;
;      - RegisterFile:rf|Mux44~4     ; 1                 ; 6       ;
;      - RegisterFile:rf|Mux44~5     ; 1                 ; 6       ;
;      - RegisterFile:rf|Mux44~7     ; 1                 ; 6       ;
;      - RegisterFile:rf|Mux44~16    ; 1                 ; 6       ;
;      - RegisterFile:rf|Mux43~0     ; 1                 ; 6       ;
;      - RegisterFile:rf|Mux43~2     ; 1                 ; 6       ;
;      - RegisterFile:rf|Mux43~3     ; 1                 ; 6       ;
;      - RegisterFile:rf|Mux43~4     ; 1                 ; 6       ;
;      - RegisterFile:rf|Mux43~7     ; 1                 ; 6       ;
;      - RegisterFile:rf|Mux43~8     ; 1                 ; 6       ;
;      - RegisterFile:rf|Mux43~16    ; 1                 ; 6       ;
;      - RegisterFile:rf|Mux43~19    ; 1                 ; 6       ;
;      - RegisterFile:rf|Mux42~0     ; 1                 ; 6       ;
;      - RegisterFile:rf|Mux42~2     ; 1                 ; 6       ;
;      - RegisterFile:rf|Mux42~3     ; 1                 ; 6       ;
;      - RegisterFile:rf|Mux42~4     ; 1                 ; 6       ;
;      - RegisterFile:rf|Mux42~5     ; 1                 ; 6       ;
;      - RegisterFile:rf|Mux42~7     ; 1                 ; 6       ;
;      - RegisterFile:rf|Mux42~16    ; 1                 ; 6       ;
;      - RegisterFile:rf|Mux41~0     ; 1                 ; 6       ;
;      - RegisterFile:rf|Mux41~2     ; 1                 ; 6       ;
;      - RegisterFile:rf|Mux41~3     ; 1                 ; 6       ;
;      - RegisterFile:rf|Mux41~4     ; 1                 ; 6       ;
;      - RegisterFile:rf|Mux41~7     ; 1                 ; 6       ;
;      - RegisterFile:rf|Mux41~8     ; 1                 ; 6       ;
;      - RegisterFile:rf|Mux41~16    ; 1                 ; 6       ;
;      - RegisterFile:rf|Mux41~19    ; 1                 ; 6       ;
;      - RegisterFile:rf|Mux40~0     ; 1                 ; 6       ;
;      - RegisterFile:rf|Mux40~2     ; 1                 ; 6       ;
;      - RegisterFile:rf|Mux40~3     ; 1                 ; 6       ;
;      - RegisterFile:rf|Mux40~4     ; 1                 ; 6       ;
;      - RegisterFile:rf|Mux40~5     ; 1                 ; 6       ;
;      - RegisterFile:rf|Mux40~7     ; 1                 ; 6       ;
;      - RegisterFile:rf|Mux40~16    ; 1                 ; 6       ;
;      - RegisterFile:rf|Mux39~0     ; 1                 ; 6       ;
;      - RegisterFile:rf|Mux39~2     ; 1                 ; 6       ;
;      - RegisterFile:rf|Mux39~3     ; 1                 ; 6       ;
;      - RegisterFile:rf|Mux39~4     ; 1                 ; 6       ;
;      - RegisterFile:rf|Mux39~7     ; 1                 ; 6       ;
;      - RegisterFile:rf|Mux39~8     ; 1                 ; 6       ;
;      - RegisterFile:rf|Mux39~16    ; 1                 ; 6       ;
;      - RegisterFile:rf|Mux39~19    ; 1                 ; 6       ;
;      - RegisterFile:rf|Mux38~0     ; 1                 ; 6       ;
;      - RegisterFile:rf|Mux38~2     ; 1                 ; 6       ;
;      - RegisterFile:rf|Mux38~3     ; 1                 ; 6       ;
;      - RegisterFile:rf|Mux38~4     ; 1                 ; 6       ;
;      - RegisterFile:rf|Mux38~5     ; 1                 ; 6       ;
;      - RegisterFile:rf|Mux38~7     ; 1                 ; 6       ;
;      - RegisterFile:rf|Mux38~16    ; 1                 ; 6       ;
;      - RegisterFile:rf|Mux37~0     ; 1                 ; 6       ;
;      - RegisterFile:rf|Mux37~2     ; 1                 ; 6       ;
;      - RegisterFile:rf|Mux37~3     ; 1                 ; 6       ;
;      - RegisterFile:rf|Mux37~4     ; 1                 ; 6       ;
;      - RegisterFile:rf|Mux37~7     ; 1                 ; 6       ;
;      - RegisterFile:rf|Mux37~8     ; 1                 ; 6       ;
;      - RegisterFile:rf|Mux37~16    ; 1                 ; 6       ;
;      - RegisterFile:rf|Mux37~19    ; 1                 ; 6       ;
;      - RegisterFile:rf|Mux36~0     ; 1                 ; 6       ;
;      - RegisterFile:rf|Mux36~2     ; 1                 ; 6       ;
;      - RegisterFile:rf|Mux36~3     ; 1                 ; 6       ;
;      - RegisterFile:rf|Mux36~4     ; 1                 ; 6       ;
;      - RegisterFile:rf|Mux36~5     ; 1                 ; 6       ;
;      - RegisterFile:rf|Mux36~7     ; 1                 ; 6       ;
;      - RegisterFile:rf|Mux36~16    ; 1                 ; 6       ;
;      - RegisterFile:rf|Mux35~0     ; 1                 ; 6       ;
;      - RegisterFile:rf|Mux35~2     ; 1                 ; 6       ;
;      - RegisterFile:rf|Mux35~3     ; 1                 ; 6       ;
;      - RegisterFile:rf|Mux35~4     ; 1                 ; 6       ;
;      - RegisterFile:rf|Mux35~7     ; 1                 ; 6       ;
;      - RegisterFile:rf|Mux35~8     ; 1                 ; 6       ;
;      - RegisterFile:rf|Mux35~16    ; 1                 ; 6       ;
;      - RegisterFile:rf|Mux35~19    ; 1                 ; 6       ;
;      - RegisterFile:rf|Mux34~0     ; 1                 ; 6       ;
;      - RegisterFile:rf|Mux34~2     ; 1                 ; 6       ;
;      - RegisterFile:rf|Mux34~3     ; 1                 ; 6       ;
;      - RegisterFile:rf|Mux34~4     ; 1                 ; 6       ;
;      - RegisterFile:rf|Mux34~5     ; 1                 ; 6       ;
;      - RegisterFile:rf|Mux34~7     ; 1                 ; 6       ;
;      - RegisterFile:rf|Mux34~16    ; 1                 ; 6       ;
;      - RegisterFile:rf|Mux33~0     ; 1                 ; 6       ;
;      - RegisterFile:rf|Mux33~2     ; 1                 ; 6       ;
;      - RegisterFile:rf|Mux33~3     ; 1                 ; 6       ;
;      - RegisterFile:rf|Mux33~4     ; 1                 ; 6       ;
;      - RegisterFile:rf|Mux33~7     ; 1                 ; 6       ;
;      - RegisterFile:rf|Mux33~8     ; 1                 ; 6       ;
;      - RegisterFile:rf|Mux33~16    ; 1                 ; 6       ;
;      - RegisterFile:rf|Mux33~19    ; 1                 ; 6       ;
;      - RegisterFile:rf|Mux32~0     ; 1                 ; 6       ;
;      - RegisterFile:rf|Mux32~2     ; 1                 ; 6       ;
;      - RegisterFile:rf|Mux32~3     ; 1                 ; 6       ;
;      - RegisterFile:rf|Mux32~4     ; 1                 ; 6       ;
;      - RegisterFile:rf|Mux32~5     ; 1                 ; 6       ;
;      - RegisterFile:rf|Mux32~7     ; 1                 ; 6       ;
;      - RegisterFile:rf|Mux32~16    ; 1                 ; 6       ;
;      - RegisterFile:rf|Decoder0~1  ; 1                 ; 6       ;
;      - RegisterFile:rf|Decoder0~4  ; 1                 ; 6       ;
;      - RegisterFile:rf|Decoder0~26 ; 1                 ; 6       ;
;      - RegisterFile:rf|Decoder0~31 ; 1                 ; 6       ;
; Instruction[17]                    ;                   ;         ;
;      - RegisterFile:rf|Mux63~6     ; 0                 ; 6       ;
;      - RegisterFile:rf|Mux63~9     ; 0                 ; 6       ;
;      - RegisterFile:rf|Mux63~10    ; 0                 ; 6       ;
;      - RegisterFile:rf|Mux63~11    ; 0                 ; 6       ;
;      - RegisterFile:rf|Mux63~12    ; 0                 ; 6       ;
;      - RegisterFile:rf|Mux63~14    ; 0                 ; 6       ;
;      - RegisterFile:rf|Mux63~15    ; 0                 ; 6       ;
;      - RegisterFile:rf|Mux63~17    ; 0                 ; 6       ;
;      - RegisterFile:rf|Mux62~6     ; 0                 ; 6       ;
;      - RegisterFile:rf|Mux62~10    ; 0                 ; 6       ;
;      - RegisterFile:rf|Mux62~11    ; 0                 ; 6       ;
;      - RegisterFile:rf|Mux62~12    ; 0                 ; 6       ;
;      - RegisterFile:rf|Mux62~14    ; 0                 ; 6       ;
;      - RegisterFile:rf|Mux62~17    ; 0                 ; 6       ;
;      - RegisterFile:rf|Mux62~18    ; 0                 ; 6       ;
;      - RegisterFile:rf|Mux61~6     ; 0                 ; 6       ;
;      - RegisterFile:rf|Mux61~9     ; 0                 ; 6       ;
;      - RegisterFile:rf|Mux61~10    ; 0                 ; 6       ;
;      - RegisterFile:rf|Mux61~11    ; 0                 ; 6       ;
;      - RegisterFile:rf|Mux61~12    ; 0                 ; 6       ;
;      - RegisterFile:rf|Mux61~14    ; 0                 ; 6       ;
;      - RegisterFile:rf|Mux61~15    ; 0                 ; 6       ;
;      - RegisterFile:rf|Mux61~17    ; 0                 ; 6       ;
;      - RegisterFile:rf|Mux60~6     ; 0                 ; 6       ;
;      - RegisterFile:rf|Mux60~10    ; 0                 ; 6       ;
;      - RegisterFile:rf|Mux60~11    ; 0                 ; 6       ;
;      - RegisterFile:rf|Mux60~12    ; 0                 ; 6       ;
;      - RegisterFile:rf|Mux60~14    ; 0                 ; 6       ;
;      - RegisterFile:rf|Mux60~17    ; 0                 ; 6       ;
;      - RegisterFile:rf|Mux60~18    ; 0                 ; 6       ;
;      - RegisterFile:rf|Mux59~6     ; 0                 ; 6       ;
;      - RegisterFile:rf|Mux59~9     ; 0                 ; 6       ;
;      - RegisterFile:rf|Mux59~10    ; 0                 ; 6       ;
;      - RegisterFile:rf|Mux59~11    ; 0                 ; 6       ;
;      - RegisterFile:rf|Mux59~12    ; 0                 ; 6       ;
;      - RegisterFile:rf|Mux59~14    ; 0                 ; 6       ;
;      - RegisterFile:rf|Mux59~15    ; 0                 ; 6       ;
;      - RegisterFile:rf|Mux59~17    ; 0                 ; 6       ;
;      - RegisterFile:rf|Mux58~6     ; 0                 ; 6       ;
;      - RegisterFile:rf|Mux58~10    ; 0                 ; 6       ;
;      - RegisterFile:rf|Mux58~11    ; 0                 ; 6       ;
;      - RegisterFile:rf|Mux58~12    ; 0                 ; 6       ;
;      - RegisterFile:rf|Mux58~14    ; 0                 ; 6       ;
;      - RegisterFile:rf|Mux58~17    ; 0                 ; 6       ;
;      - RegisterFile:rf|Mux58~18    ; 0                 ; 6       ;
;      - RegisterFile:rf|Mux57~6     ; 0                 ; 6       ;
;      - RegisterFile:rf|Mux57~9     ; 0                 ; 6       ;
;      - RegisterFile:rf|Mux57~10    ; 0                 ; 6       ;
;      - RegisterFile:rf|Mux57~11    ; 0                 ; 6       ;
;      - RegisterFile:rf|Mux57~12    ; 0                 ; 6       ;
;      - RegisterFile:rf|Mux57~14    ; 0                 ; 6       ;
;      - RegisterFile:rf|Mux57~15    ; 0                 ; 6       ;
;      - RegisterFile:rf|Mux57~17    ; 0                 ; 6       ;
;      - RegisterFile:rf|Mux56~6     ; 0                 ; 6       ;
;      - RegisterFile:rf|Mux56~10    ; 0                 ; 6       ;
;      - RegisterFile:rf|Mux56~11    ; 0                 ; 6       ;
;      - RegisterFile:rf|Mux56~12    ; 0                 ; 6       ;
;      - RegisterFile:rf|Mux56~14    ; 0                 ; 6       ;
;      - RegisterFile:rf|Mux56~17    ; 0                 ; 6       ;
;      - RegisterFile:rf|Mux56~18    ; 0                 ; 6       ;
;      - RegisterFile:rf|Mux55~6     ; 0                 ; 6       ;
;      - RegisterFile:rf|Mux55~9     ; 0                 ; 6       ;
;      - RegisterFile:rf|Mux55~10    ; 0                 ; 6       ;
;      - RegisterFile:rf|Mux55~11    ; 0                 ; 6       ;
;      - RegisterFile:rf|Mux55~12    ; 0                 ; 6       ;
;      - RegisterFile:rf|Mux55~14    ; 0                 ; 6       ;
;      - RegisterFile:rf|Mux55~15    ; 0                 ; 6       ;
;      - RegisterFile:rf|Mux55~17    ; 0                 ; 6       ;
;      - RegisterFile:rf|Mux54~6     ; 0                 ; 6       ;
;      - RegisterFile:rf|Mux54~10    ; 0                 ; 6       ;
;      - RegisterFile:rf|Mux54~11    ; 0                 ; 6       ;
;      - RegisterFile:rf|Mux54~12    ; 0                 ; 6       ;
;      - RegisterFile:rf|Mux54~14    ; 0                 ; 6       ;
;      - RegisterFile:rf|Mux54~17    ; 0                 ; 6       ;
;      - RegisterFile:rf|Mux54~18    ; 0                 ; 6       ;
;      - RegisterFile:rf|Mux53~6     ; 0                 ; 6       ;
;      - RegisterFile:rf|Mux53~9     ; 0                 ; 6       ;
;      - RegisterFile:rf|Mux53~10    ; 0                 ; 6       ;
;      - RegisterFile:rf|Mux53~11    ; 0                 ; 6       ;
;      - RegisterFile:rf|Mux53~12    ; 0                 ; 6       ;
;      - RegisterFile:rf|Mux53~14    ; 0                 ; 6       ;
;      - RegisterFile:rf|Mux53~15    ; 0                 ; 6       ;
;      - RegisterFile:rf|Mux53~17    ; 0                 ; 6       ;
;      - RegisterFile:rf|Mux52~6     ; 0                 ; 6       ;
;      - RegisterFile:rf|Mux52~10    ; 0                 ; 6       ;
;      - RegisterFile:rf|Mux52~11    ; 0                 ; 6       ;
;      - RegisterFile:rf|Mux52~12    ; 0                 ; 6       ;
;      - RegisterFile:rf|Mux52~14    ; 0                 ; 6       ;
;      - RegisterFile:rf|Mux52~17    ; 0                 ; 6       ;
;      - RegisterFile:rf|Mux52~18    ; 0                 ; 6       ;
;      - RegisterFile:rf|Mux51~6     ; 0                 ; 6       ;
;      - RegisterFile:rf|Mux51~9     ; 0                 ; 6       ;
;      - RegisterFile:rf|Mux51~10    ; 0                 ; 6       ;
;      - RegisterFile:rf|Mux51~11    ; 0                 ; 6       ;
;      - RegisterFile:rf|Mux51~12    ; 0                 ; 6       ;
;      - RegisterFile:rf|Mux51~14    ; 0                 ; 6       ;
;      - RegisterFile:rf|Mux51~15    ; 0                 ; 6       ;
;      - RegisterFile:rf|Mux51~17    ; 0                 ; 6       ;
;      - RegisterFile:rf|Mux50~6     ; 0                 ; 6       ;
;      - RegisterFile:rf|Mux50~10    ; 0                 ; 6       ;
;      - RegisterFile:rf|Mux50~11    ; 0                 ; 6       ;
;      - RegisterFile:rf|Mux50~12    ; 0                 ; 6       ;
;      - RegisterFile:rf|Mux50~14    ; 0                 ; 6       ;
;      - RegisterFile:rf|Mux50~17    ; 0                 ; 6       ;
;      - RegisterFile:rf|Mux50~18    ; 0                 ; 6       ;
;      - RegisterFile:rf|Mux49~6     ; 0                 ; 6       ;
;      - RegisterFile:rf|Mux49~9     ; 0                 ; 6       ;
;      - RegisterFile:rf|Mux49~10    ; 0                 ; 6       ;
;      - RegisterFile:rf|Mux49~11    ; 0                 ; 6       ;
;      - RegisterFile:rf|Mux49~12    ; 0                 ; 6       ;
;      - RegisterFile:rf|Mux49~14    ; 0                 ; 6       ;
;      - RegisterFile:rf|Mux49~15    ; 0                 ; 6       ;
;      - RegisterFile:rf|Mux49~17    ; 0                 ; 6       ;
;      - RegisterFile:rf|Mux48~6     ; 0                 ; 6       ;
;      - RegisterFile:rf|Mux48~10    ; 0                 ; 6       ;
;      - RegisterFile:rf|Mux48~11    ; 0                 ; 6       ;
;      - RegisterFile:rf|Mux48~12    ; 0                 ; 6       ;
;      - RegisterFile:rf|Mux48~14    ; 0                 ; 6       ;
;      - RegisterFile:rf|Mux48~17    ; 0                 ; 6       ;
;      - RegisterFile:rf|Mux48~18    ; 0                 ; 6       ;
;      - RegisterFile:rf|Mux47~6     ; 0                 ; 6       ;
;      - RegisterFile:rf|Mux47~9     ; 0                 ; 6       ;
;      - RegisterFile:rf|Mux47~10    ; 0                 ; 6       ;
;      - RegisterFile:rf|Mux47~11    ; 0                 ; 6       ;
;      - RegisterFile:rf|Mux47~12    ; 0                 ; 6       ;
;      - RegisterFile:rf|Mux47~14    ; 0                 ; 6       ;
;      - RegisterFile:rf|Mux47~15    ; 0                 ; 6       ;
;      - RegisterFile:rf|Mux47~17    ; 0                 ; 6       ;
;      - RegisterFile:rf|Mux46~6     ; 0                 ; 6       ;
;      - RegisterFile:rf|Mux46~10    ; 0                 ; 6       ;
;      - RegisterFile:rf|Mux46~11    ; 0                 ; 6       ;
;      - RegisterFile:rf|Mux46~12    ; 0                 ; 6       ;
;      - RegisterFile:rf|Mux46~14    ; 0                 ; 6       ;
;      - RegisterFile:rf|Mux46~17    ; 0                 ; 6       ;
;      - RegisterFile:rf|Mux46~18    ; 0                 ; 6       ;
;      - RegisterFile:rf|Mux45~6     ; 0                 ; 6       ;
;      - RegisterFile:rf|Mux45~9     ; 0                 ; 6       ;
;      - RegisterFile:rf|Mux45~10    ; 0                 ; 6       ;
;      - RegisterFile:rf|Mux45~11    ; 0                 ; 6       ;
;      - RegisterFile:rf|Mux45~12    ; 0                 ; 6       ;
;      - RegisterFile:rf|Mux45~14    ; 0                 ; 6       ;
;      - RegisterFile:rf|Mux45~15    ; 0                 ; 6       ;
;      - RegisterFile:rf|Mux45~17    ; 0                 ; 6       ;
;      - RegisterFile:rf|Mux44~6     ; 0                 ; 6       ;
;      - RegisterFile:rf|Mux44~10    ; 0                 ; 6       ;
;      - RegisterFile:rf|Mux44~11    ; 0                 ; 6       ;
;      - RegisterFile:rf|Mux44~12    ; 0                 ; 6       ;
;      - RegisterFile:rf|Mux44~14    ; 0                 ; 6       ;
;      - RegisterFile:rf|Mux44~17    ; 0                 ; 6       ;
;      - RegisterFile:rf|Mux44~18    ; 0                 ; 6       ;
;      - RegisterFile:rf|Mux43~6     ; 0                 ; 6       ;
;      - RegisterFile:rf|Mux43~9     ; 0                 ; 6       ;
;      - RegisterFile:rf|Mux43~10    ; 0                 ; 6       ;
;      - RegisterFile:rf|Mux43~11    ; 0                 ; 6       ;
;      - RegisterFile:rf|Mux43~12    ; 0                 ; 6       ;
;      - RegisterFile:rf|Mux43~14    ; 0                 ; 6       ;
;      - RegisterFile:rf|Mux43~15    ; 0                 ; 6       ;
;      - RegisterFile:rf|Mux43~17    ; 0                 ; 6       ;
;      - RegisterFile:rf|Mux42~6     ; 0                 ; 6       ;
;      - RegisterFile:rf|Mux42~10    ; 0                 ; 6       ;
;      - RegisterFile:rf|Mux42~11    ; 0                 ; 6       ;
;      - RegisterFile:rf|Mux42~12    ; 0                 ; 6       ;
;      - RegisterFile:rf|Mux42~14    ; 0                 ; 6       ;
;      - RegisterFile:rf|Mux42~17    ; 0                 ; 6       ;
;      - RegisterFile:rf|Mux42~18    ; 0                 ; 6       ;
;      - RegisterFile:rf|Mux41~6     ; 0                 ; 6       ;
;      - RegisterFile:rf|Mux41~9     ; 0                 ; 6       ;
;      - RegisterFile:rf|Mux41~10    ; 0                 ; 6       ;
;      - RegisterFile:rf|Mux41~11    ; 0                 ; 6       ;
;      - RegisterFile:rf|Mux41~12    ; 0                 ; 6       ;
;      - RegisterFile:rf|Mux41~14    ; 0                 ; 6       ;
;      - RegisterFile:rf|Mux41~15    ; 0                 ; 6       ;
;      - RegisterFile:rf|Mux41~17    ; 0                 ; 6       ;
;      - RegisterFile:rf|Mux40~6     ; 0                 ; 6       ;
;      - RegisterFile:rf|Mux40~10    ; 0                 ; 6       ;
;      - RegisterFile:rf|Mux40~11    ; 0                 ; 6       ;
;      - RegisterFile:rf|Mux40~12    ; 0                 ; 6       ;
;      - RegisterFile:rf|Mux40~14    ; 0                 ; 6       ;
;      - RegisterFile:rf|Mux40~17    ; 0                 ; 6       ;
;      - RegisterFile:rf|Mux40~18    ; 0                 ; 6       ;
;      - RegisterFile:rf|Mux39~6     ; 0                 ; 6       ;
;      - RegisterFile:rf|Mux39~9     ; 0                 ; 6       ;
;      - RegisterFile:rf|Mux39~10    ; 0                 ; 6       ;
;      - RegisterFile:rf|Mux39~11    ; 0                 ; 6       ;
;      - RegisterFile:rf|Mux39~12    ; 0                 ; 6       ;
;      - RegisterFile:rf|Mux39~14    ; 0                 ; 6       ;
;      - RegisterFile:rf|Mux39~15    ; 0                 ; 6       ;
;      - RegisterFile:rf|Mux39~17    ; 0                 ; 6       ;
;      - RegisterFile:rf|Mux38~6     ; 0                 ; 6       ;
;      - RegisterFile:rf|Mux38~10    ; 0                 ; 6       ;
;      - RegisterFile:rf|Mux38~11    ; 0                 ; 6       ;
;      - RegisterFile:rf|Mux38~12    ; 0                 ; 6       ;
;      - RegisterFile:rf|Mux38~14    ; 0                 ; 6       ;
;      - RegisterFile:rf|Mux38~17    ; 0                 ; 6       ;
;      - RegisterFile:rf|Mux38~18    ; 0                 ; 6       ;
;      - RegisterFile:rf|Mux37~6     ; 0                 ; 6       ;
;      - RegisterFile:rf|Mux37~9     ; 0                 ; 6       ;
;      - RegisterFile:rf|Mux37~10    ; 0                 ; 6       ;
;      - RegisterFile:rf|Mux37~11    ; 0                 ; 6       ;
;      - RegisterFile:rf|Mux37~12    ; 0                 ; 6       ;
;      - RegisterFile:rf|Mux37~14    ; 0                 ; 6       ;
;      - RegisterFile:rf|Mux37~15    ; 0                 ; 6       ;
;      - RegisterFile:rf|Mux37~17    ; 0                 ; 6       ;
;      - RegisterFile:rf|Mux36~6     ; 0                 ; 6       ;
;      - RegisterFile:rf|Mux36~10    ; 0                 ; 6       ;
;      - RegisterFile:rf|Mux36~11    ; 0                 ; 6       ;
;      - RegisterFile:rf|Mux36~12    ; 0                 ; 6       ;
;      - RegisterFile:rf|Mux36~14    ; 0                 ; 6       ;
;      - RegisterFile:rf|Mux36~17    ; 0                 ; 6       ;
;      - RegisterFile:rf|Mux36~18    ; 0                 ; 6       ;
;      - RegisterFile:rf|Mux35~6     ; 0                 ; 6       ;
;      - RegisterFile:rf|Mux35~9     ; 0                 ; 6       ;
;      - RegisterFile:rf|Mux35~10    ; 0                 ; 6       ;
;      - RegisterFile:rf|Mux35~11    ; 0                 ; 6       ;
;      - RegisterFile:rf|Mux35~12    ; 0                 ; 6       ;
;      - RegisterFile:rf|Mux35~14    ; 0                 ; 6       ;
;      - RegisterFile:rf|Mux35~15    ; 0                 ; 6       ;
;      - RegisterFile:rf|Mux35~17    ; 0                 ; 6       ;
;      - RegisterFile:rf|Mux34~6     ; 0                 ; 6       ;
;      - RegisterFile:rf|Mux34~10    ; 0                 ; 6       ;
;      - RegisterFile:rf|Mux34~11    ; 0                 ; 6       ;
;      - RegisterFile:rf|Mux34~12    ; 0                 ; 6       ;
;      - RegisterFile:rf|Mux34~14    ; 0                 ; 6       ;
;      - RegisterFile:rf|Mux34~17    ; 0                 ; 6       ;
;      - RegisterFile:rf|Mux34~18    ; 0                 ; 6       ;
;      - RegisterFile:rf|Mux33~6     ; 0                 ; 6       ;
;      - RegisterFile:rf|Mux33~9     ; 0                 ; 6       ;
;      - RegisterFile:rf|Mux33~10    ; 0                 ; 6       ;
;      - RegisterFile:rf|Mux33~11    ; 0                 ; 6       ;
;      - RegisterFile:rf|Mux33~12    ; 0                 ; 6       ;
;      - RegisterFile:rf|Mux33~14    ; 0                 ; 6       ;
;      - RegisterFile:rf|Mux33~15    ; 0                 ; 6       ;
;      - RegisterFile:rf|Mux33~17    ; 0                 ; 6       ;
;      - RegisterFile:rf|Mux32~6     ; 0                 ; 6       ;
;      - RegisterFile:rf|Mux32~10    ; 0                 ; 6       ;
;      - RegisterFile:rf|Mux32~11    ; 0                 ; 6       ;
;      - RegisterFile:rf|Mux32~12    ; 0                 ; 6       ;
;      - RegisterFile:rf|Mux32~14    ; 0                 ; 6       ;
;      - RegisterFile:rf|Mux32~17    ; 0                 ; 6       ;
;      - RegisterFile:rf|Mux32~18    ; 0                 ; 6       ;
;      - WriteRegister[1]~1          ; 0                 ; 6       ;
; Instruction[16]                    ;                   ;         ;
;      - RegisterFile:rf|Mux63~6     ; 1                 ; 6       ;
;      - RegisterFile:rf|Mux63~10    ; 1                 ; 6       ;
;      - RegisterFile:rf|Mux63~12    ; 1                 ; 6       ;
;      - RegisterFile:rf|Mux63~13    ; 1                 ; 6       ;
;      - RegisterFile:rf|Mux63~14    ; 1                 ; 6       ;
;      - RegisterFile:rf|Mux63~17    ; 1                 ; 6       ;
;      - RegisterFile:rf|Mux63~18    ; 1                 ; 6       ;
;      - RegisterFile:rf|Mux62~6     ; 1                 ; 6       ;
;      - RegisterFile:rf|Mux62~9     ; 1                 ; 6       ;
;      - RegisterFile:rf|Mux62~10    ; 1                 ; 6       ;
;      - RegisterFile:rf|Mux62~12    ; 1                 ; 6       ;
;      - RegisterFile:rf|Mux62~13    ; 1                 ; 6       ;
;      - RegisterFile:rf|Mux62~14    ; 1                 ; 6       ;
;      - RegisterFile:rf|Mux62~15    ; 1                 ; 6       ;
;      - RegisterFile:rf|Mux62~17    ; 1                 ; 6       ;
;      - RegisterFile:rf|Mux61~6     ; 1                 ; 6       ;
;      - RegisterFile:rf|Mux61~10    ; 1                 ; 6       ;
;      - RegisterFile:rf|Mux61~12    ; 1                 ; 6       ;
;      - RegisterFile:rf|Mux61~13    ; 1                 ; 6       ;
;      - RegisterFile:rf|Mux61~14    ; 1                 ; 6       ;
;      - RegisterFile:rf|Mux61~17    ; 1                 ; 6       ;
;      - RegisterFile:rf|Mux61~18    ; 1                 ; 6       ;
;      - RegisterFile:rf|Mux60~6     ; 1                 ; 6       ;
;      - RegisterFile:rf|Mux60~9     ; 1                 ; 6       ;
;      - RegisterFile:rf|Mux60~10    ; 1                 ; 6       ;
;      - RegisterFile:rf|Mux60~12    ; 1                 ; 6       ;
;      - RegisterFile:rf|Mux60~13    ; 1                 ; 6       ;
;      - RegisterFile:rf|Mux60~14    ; 1                 ; 6       ;
;      - RegisterFile:rf|Mux60~15    ; 1                 ; 6       ;
;      - RegisterFile:rf|Mux60~17    ; 1                 ; 6       ;
;      - RegisterFile:rf|Mux59~6     ; 1                 ; 6       ;
;      - RegisterFile:rf|Mux59~10    ; 1                 ; 6       ;
;      - RegisterFile:rf|Mux59~12    ; 1                 ; 6       ;
;      - RegisterFile:rf|Mux59~13    ; 1                 ; 6       ;
;      - RegisterFile:rf|Mux59~14    ; 1                 ; 6       ;
;      - RegisterFile:rf|Mux59~17    ; 1                 ; 6       ;
;      - RegisterFile:rf|Mux59~18    ; 1                 ; 6       ;
;      - RegisterFile:rf|Mux58~6     ; 1                 ; 6       ;
;      - RegisterFile:rf|Mux58~9     ; 1                 ; 6       ;
;      - RegisterFile:rf|Mux58~10    ; 1                 ; 6       ;
;      - RegisterFile:rf|Mux58~12    ; 1                 ; 6       ;
;      - RegisterFile:rf|Mux58~13    ; 1                 ; 6       ;
;      - RegisterFile:rf|Mux58~14    ; 1                 ; 6       ;
;      - RegisterFile:rf|Mux58~15    ; 1                 ; 6       ;
;      - RegisterFile:rf|Mux58~17    ; 1                 ; 6       ;
;      - RegisterFile:rf|Mux57~6     ; 1                 ; 6       ;
;      - RegisterFile:rf|Mux57~10    ; 1                 ; 6       ;
;      - RegisterFile:rf|Mux57~12    ; 1                 ; 6       ;
;      - RegisterFile:rf|Mux57~13    ; 1                 ; 6       ;
;      - RegisterFile:rf|Mux57~14    ; 1                 ; 6       ;
;      - RegisterFile:rf|Mux57~17    ; 1                 ; 6       ;
;      - RegisterFile:rf|Mux57~18    ; 1                 ; 6       ;
;      - RegisterFile:rf|Mux56~6     ; 1                 ; 6       ;
;      - RegisterFile:rf|Mux56~9     ; 1                 ; 6       ;
;      - RegisterFile:rf|Mux56~10    ; 1                 ; 6       ;
;      - RegisterFile:rf|Mux56~12    ; 1                 ; 6       ;
;      - RegisterFile:rf|Mux56~13    ; 1                 ; 6       ;
;      - RegisterFile:rf|Mux56~14    ; 1                 ; 6       ;
;      - RegisterFile:rf|Mux56~15    ; 1                 ; 6       ;
;      - RegisterFile:rf|Mux56~17    ; 1                 ; 6       ;
;      - RegisterFile:rf|Mux55~6     ; 1                 ; 6       ;
;      - RegisterFile:rf|Mux55~10    ; 1                 ; 6       ;
;      - RegisterFile:rf|Mux55~12    ; 1                 ; 6       ;
;      - RegisterFile:rf|Mux55~13    ; 1                 ; 6       ;
;      - RegisterFile:rf|Mux55~14    ; 1                 ; 6       ;
;      - RegisterFile:rf|Mux55~17    ; 1                 ; 6       ;
;      - RegisterFile:rf|Mux55~18    ; 1                 ; 6       ;
;      - RegisterFile:rf|Mux54~6     ; 1                 ; 6       ;
;      - RegisterFile:rf|Mux54~9     ; 1                 ; 6       ;
;      - RegisterFile:rf|Mux54~10    ; 1                 ; 6       ;
;      - RegisterFile:rf|Mux54~12    ; 1                 ; 6       ;
;      - RegisterFile:rf|Mux54~13    ; 1                 ; 6       ;
;      - RegisterFile:rf|Mux54~14    ; 1                 ; 6       ;
;      - RegisterFile:rf|Mux54~15    ; 1                 ; 6       ;
;      - RegisterFile:rf|Mux54~17    ; 1                 ; 6       ;
;      - RegisterFile:rf|Mux53~6     ; 1                 ; 6       ;
;      - RegisterFile:rf|Mux53~10    ; 1                 ; 6       ;
;      - RegisterFile:rf|Mux53~12    ; 1                 ; 6       ;
;      - RegisterFile:rf|Mux53~13    ; 1                 ; 6       ;
;      - RegisterFile:rf|Mux53~14    ; 1                 ; 6       ;
;      - RegisterFile:rf|Mux53~17    ; 1                 ; 6       ;
;      - RegisterFile:rf|Mux53~18    ; 1                 ; 6       ;
;      - RegisterFile:rf|Mux52~6     ; 1                 ; 6       ;
;      - RegisterFile:rf|Mux52~9     ; 1                 ; 6       ;
;      - RegisterFile:rf|Mux52~10    ; 1                 ; 6       ;
;      - RegisterFile:rf|Mux52~12    ; 1                 ; 6       ;
;      - RegisterFile:rf|Mux52~13    ; 1                 ; 6       ;
;      - RegisterFile:rf|Mux52~14    ; 1                 ; 6       ;
;      - RegisterFile:rf|Mux52~15    ; 1                 ; 6       ;
;      - RegisterFile:rf|Mux52~17    ; 1                 ; 6       ;
;      - RegisterFile:rf|Mux51~6     ; 1                 ; 6       ;
;      - RegisterFile:rf|Mux51~10    ; 1                 ; 6       ;
;      - RegisterFile:rf|Mux51~12    ; 1                 ; 6       ;
;      - RegisterFile:rf|Mux51~13    ; 1                 ; 6       ;
;      - RegisterFile:rf|Mux51~14    ; 1                 ; 6       ;
;      - RegisterFile:rf|Mux51~17    ; 1                 ; 6       ;
;      - RegisterFile:rf|Mux51~18    ; 1                 ; 6       ;
;      - RegisterFile:rf|Mux50~6     ; 1                 ; 6       ;
;      - RegisterFile:rf|Mux50~9     ; 1                 ; 6       ;
;      - RegisterFile:rf|Mux50~10    ; 1                 ; 6       ;
;      - RegisterFile:rf|Mux50~12    ; 1                 ; 6       ;
;      - RegisterFile:rf|Mux50~13    ; 1                 ; 6       ;
;      - RegisterFile:rf|Mux50~14    ; 1                 ; 6       ;
;      - RegisterFile:rf|Mux50~15    ; 1                 ; 6       ;
;      - RegisterFile:rf|Mux50~17    ; 1                 ; 6       ;
;      - RegisterFile:rf|Mux49~6     ; 1                 ; 6       ;
;      - RegisterFile:rf|Mux49~10    ; 1                 ; 6       ;
;      - RegisterFile:rf|Mux49~12    ; 1                 ; 6       ;
;      - RegisterFile:rf|Mux49~13    ; 1                 ; 6       ;
;      - RegisterFile:rf|Mux49~14    ; 1                 ; 6       ;
;      - RegisterFile:rf|Mux49~17    ; 1                 ; 6       ;
;      - RegisterFile:rf|Mux49~18    ; 1                 ; 6       ;
;      - RegisterFile:rf|Mux48~6     ; 1                 ; 6       ;
;      - RegisterFile:rf|Mux48~9     ; 1                 ; 6       ;
;      - RegisterFile:rf|Mux48~10    ; 1                 ; 6       ;
;      - RegisterFile:rf|Mux48~12    ; 1                 ; 6       ;
;      - RegisterFile:rf|Mux48~13    ; 1                 ; 6       ;
;      - RegisterFile:rf|Mux48~14    ; 1                 ; 6       ;
;      - RegisterFile:rf|Mux48~15    ; 1                 ; 6       ;
;      - RegisterFile:rf|Mux48~17    ; 1                 ; 6       ;
;      - RegisterFile:rf|Mux47~6     ; 1                 ; 6       ;
;      - RegisterFile:rf|Mux47~10    ; 1                 ; 6       ;
;      - RegisterFile:rf|Mux47~12    ; 1                 ; 6       ;
;      - RegisterFile:rf|Mux47~13    ; 1                 ; 6       ;
;      - RegisterFile:rf|Mux47~14    ; 1                 ; 6       ;
;      - RegisterFile:rf|Mux47~17    ; 1                 ; 6       ;
;      - RegisterFile:rf|Mux47~18    ; 1                 ; 6       ;
;      - RegisterFile:rf|Mux46~6     ; 1                 ; 6       ;
;      - RegisterFile:rf|Mux46~9     ; 1                 ; 6       ;
;      - RegisterFile:rf|Mux46~10    ; 1                 ; 6       ;
;      - RegisterFile:rf|Mux46~12    ; 1                 ; 6       ;
;      - RegisterFile:rf|Mux46~13    ; 1                 ; 6       ;
;      - RegisterFile:rf|Mux46~14    ; 1                 ; 6       ;
;      - RegisterFile:rf|Mux46~15    ; 1                 ; 6       ;
;      - RegisterFile:rf|Mux46~17    ; 1                 ; 6       ;
;      - RegisterFile:rf|Mux45~6     ; 1                 ; 6       ;
;      - RegisterFile:rf|Mux45~10    ; 1                 ; 6       ;
;      - RegisterFile:rf|Mux45~12    ; 1                 ; 6       ;
;      - RegisterFile:rf|Mux45~13    ; 1                 ; 6       ;
;      - RegisterFile:rf|Mux45~14    ; 1                 ; 6       ;
;      - RegisterFile:rf|Mux45~17    ; 1                 ; 6       ;
;      - RegisterFile:rf|Mux45~18    ; 1                 ; 6       ;
;      - RegisterFile:rf|Mux44~6     ; 1                 ; 6       ;
;      - RegisterFile:rf|Mux44~9     ; 1                 ; 6       ;
;      - RegisterFile:rf|Mux44~10    ; 1                 ; 6       ;
;      - RegisterFile:rf|Mux44~12    ; 1                 ; 6       ;
;      - RegisterFile:rf|Mux44~13    ; 1                 ; 6       ;
;      - RegisterFile:rf|Mux44~14    ; 1                 ; 6       ;
;      - RegisterFile:rf|Mux44~15    ; 1                 ; 6       ;
;      - RegisterFile:rf|Mux44~17    ; 1                 ; 6       ;
;      - RegisterFile:rf|Mux43~6     ; 1                 ; 6       ;
;      - RegisterFile:rf|Mux43~10    ; 1                 ; 6       ;
;      - RegisterFile:rf|Mux43~12    ; 1                 ; 6       ;
;      - RegisterFile:rf|Mux43~13    ; 1                 ; 6       ;
;      - RegisterFile:rf|Mux43~14    ; 1                 ; 6       ;
;      - RegisterFile:rf|Mux43~17    ; 1                 ; 6       ;
;      - RegisterFile:rf|Mux43~18    ; 1                 ; 6       ;
;      - RegisterFile:rf|Mux42~6     ; 1                 ; 6       ;
;      - RegisterFile:rf|Mux42~9     ; 1                 ; 6       ;
;      - RegisterFile:rf|Mux42~10    ; 1                 ; 6       ;
;      - RegisterFile:rf|Mux42~12    ; 1                 ; 6       ;
;      - RegisterFile:rf|Mux42~13    ; 1                 ; 6       ;
;      - RegisterFile:rf|Mux42~14    ; 1                 ; 6       ;
;      - RegisterFile:rf|Mux42~15    ; 1                 ; 6       ;
;      - RegisterFile:rf|Mux42~17    ; 1                 ; 6       ;
;      - RegisterFile:rf|Mux41~6     ; 1                 ; 6       ;
;      - RegisterFile:rf|Mux41~10    ; 1                 ; 6       ;
;      - RegisterFile:rf|Mux41~12    ; 1                 ; 6       ;
;      - RegisterFile:rf|Mux41~13    ; 1                 ; 6       ;
;      - RegisterFile:rf|Mux41~14    ; 1                 ; 6       ;
;      - RegisterFile:rf|Mux41~17    ; 1                 ; 6       ;
;      - RegisterFile:rf|Mux41~18    ; 1                 ; 6       ;
;      - RegisterFile:rf|Mux40~6     ; 1                 ; 6       ;
;      - RegisterFile:rf|Mux40~9     ; 1                 ; 6       ;
;      - RegisterFile:rf|Mux40~10    ; 1                 ; 6       ;
;      - RegisterFile:rf|Mux40~12    ; 1                 ; 6       ;
;      - RegisterFile:rf|Mux40~13    ; 1                 ; 6       ;
;      - RegisterFile:rf|Mux40~14    ; 1                 ; 6       ;
;      - RegisterFile:rf|Mux40~15    ; 1                 ; 6       ;
;      - RegisterFile:rf|Mux40~17    ; 1                 ; 6       ;
;      - RegisterFile:rf|Mux39~6     ; 1                 ; 6       ;
;      - RegisterFile:rf|Mux39~10    ; 1                 ; 6       ;
;      - RegisterFile:rf|Mux39~12    ; 1                 ; 6       ;
;      - RegisterFile:rf|Mux39~13    ; 1                 ; 6       ;
;      - RegisterFile:rf|Mux39~14    ; 1                 ; 6       ;
;      - RegisterFile:rf|Mux39~17    ; 1                 ; 6       ;
;      - RegisterFile:rf|Mux39~18    ; 1                 ; 6       ;
;      - RegisterFile:rf|Mux38~6     ; 1                 ; 6       ;
;      - RegisterFile:rf|Mux38~9     ; 1                 ; 6       ;
;      - RegisterFile:rf|Mux38~10    ; 1                 ; 6       ;
;      - RegisterFile:rf|Mux38~12    ; 1                 ; 6       ;
;      - RegisterFile:rf|Mux38~13    ; 1                 ; 6       ;
;      - RegisterFile:rf|Mux38~14    ; 1                 ; 6       ;
;      - RegisterFile:rf|Mux38~15    ; 1                 ; 6       ;
;      - RegisterFile:rf|Mux38~17    ; 1                 ; 6       ;
;      - RegisterFile:rf|Mux37~6     ; 1                 ; 6       ;
;      - RegisterFile:rf|Mux37~10    ; 1                 ; 6       ;
;      - RegisterFile:rf|Mux37~12    ; 1                 ; 6       ;
;      - RegisterFile:rf|Mux37~13    ; 1                 ; 6       ;
;      - RegisterFile:rf|Mux37~14    ; 1                 ; 6       ;
;      - RegisterFile:rf|Mux37~17    ; 1                 ; 6       ;
;      - RegisterFile:rf|Mux37~18    ; 1                 ; 6       ;
;      - RegisterFile:rf|Mux36~6     ; 1                 ; 6       ;
;      - RegisterFile:rf|Mux36~9     ; 1                 ; 6       ;
;      - RegisterFile:rf|Mux36~10    ; 1                 ; 6       ;
;      - RegisterFile:rf|Mux36~12    ; 1                 ; 6       ;
;      - RegisterFile:rf|Mux36~13    ; 1                 ; 6       ;
;      - RegisterFile:rf|Mux36~14    ; 1                 ; 6       ;
;      - RegisterFile:rf|Mux36~15    ; 1                 ; 6       ;
;      - RegisterFile:rf|Mux36~17    ; 1                 ; 6       ;
;      - RegisterFile:rf|Mux35~6     ; 1                 ; 6       ;
;      - RegisterFile:rf|Mux35~10    ; 1                 ; 6       ;
;      - RegisterFile:rf|Mux35~12    ; 1                 ; 6       ;
;      - RegisterFile:rf|Mux35~13    ; 1                 ; 6       ;
;      - RegisterFile:rf|Mux35~14    ; 1                 ; 6       ;
;      - RegisterFile:rf|Mux35~17    ; 1                 ; 6       ;
;      - RegisterFile:rf|Mux35~18    ; 1                 ; 6       ;
;      - RegisterFile:rf|Mux34~6     ; 1                 ; 6       ;
;      - RegisterFile:rf|Mux34~9     ; 1                 ; 6       ;
;      - RegisterFile:rf|Mux34~10    ; 1                 ; 6       ;
;      - RegisterFile:rf|Mux34~12    ; 1                 ; 6       ;
;      - RegisterFile:rf|Mux34~13    ; 1                 ; 6       ;
;      - RegisterFile:rf|Mux34~14    ; 1                 ; 6       ;
;      - RegisterFile:rf|Mux34~15    ; 1                 ; 6       ;
;      - RegisterFile:rf|Mux34~17    ; 1                 ; 6       ;
;      - RegisterFile:rf|Mux33~6     ; 1                 ; 6       ;
;      - RegisterFile:rf|Mux33~10    ; 1                 ; 6       ;
;      - RegisterFile:rf|Mux33~12    ; 1                 ; 6       ;
;      - RegisterFile:rf|Mux33~13    ; 1                 ; 6       ;
;      - RegisterFile:rf|Mux33~14    ; 1                 ; 6       ;
;      - RegisterFile:rf|Mux33~17    ; 1                 ; 6       ;
;      - RegisterFile:rf|Mux33~18    ; 1                 ; 6       ;
;      - RegisterFile:rf|Mux32~6     ; 1                 ; 6       ;
;      - RegisterFile:rf|Mux32~9     ; 1                 ; 6       ;
;      - RegisterFile:rf|Mux32~10    ; 1                 ; 6       ;
;      - RegisterFile:rf|Mux32~12    ; 1                 ; 6       ;
;      - RegisterFile:rf|Mux32~13    ; 1                 ; 6       ;
;      - RegisterFile:rf|Mux32~14    ; 1                 ; 6       ;
;      - RegisterFile:rf|Mux32~15    ; 1                 ; 6       ;
;      - RegisterFile:rf|Mux32~17    ; 1                 ; 6       ;
;      - WriteRegister[0]~0          ; 1                 ; 6       ;
; Instruction[0]                     ;                   ;         ;
;      - ALU_InB[0]~0                ; 0                 ; 6       ;
; Instruction[20]                    ;                   ;         ;
;      - ALU_InB[0]~0                ; 0                 ; 6       ;
;      - ALU_InB[1]~2                ; 0                 ; 6       ;
;      - RegisterFile:rf|Mux61~20    ; 0                 ; 6       ;
;      - RegisterFile:rf|Mux60~20    ; 0                 ; 6       ;
;      - RegisterFile:rf|Mux59~20    ; 0                 ; 6       ;
;      - RegisterFile:rf|Mux58~20    ; 0                 ; 6       ;
;      - RegisterFile:rf|Mux57~20    ; 0                 ; 6       ;
;      - RegisterFile:rf|Mux56~20    ; 0                 ; 6       ;
;      - RegisterFile:rf|Mux55~20    ; 0                 ; 6       ;
;      - RegisterFile:rf|Mux54~20    ; 0                 ; 6       ;
;      - RegisterFile:rf|Mux53~20    ; 0                 ; 6       ;
;      - RegisterFile:rf|Mux52~20    ; 0                 ; 6       ;
;      - RegisterFile:rf|Mux51~20    ; 0                 ; 6       ;
;      - RegisterFile:rf|Mux50~20    ; 0                 ; 6       ;
;      - RegisterFile:rf|Mux49~20    ; 0                 ; 6       ;
;      - RegisterFile:rf|Mux48~20    ; 0                 ; 6       ;
;      - RegisterFile:rf|Mux47~20    ; 0                 ; 6       ;
;      - RegisterFile:rf|Mux46~20    ; 0                 ; 6       ;
;      - RegisterFile:rf|Mux45~20    ; 0                 ; 6       ;
;      - RegisterFile:rf|Mux44~20    ; 0                 ; 6       ;
;      - RegisterFile:rf|Mux43~20    ; 0                 ; 6       ;
;      - RegisterFile:rf|Mux42~20    ; 0                 ; 6       ;
;      - RegisterFile:rf|Mux41~20    ; 0                 ; 6       ;
;      - RegisterFile:rf|Mux40~20    ; 0                 ; 6       ;
;      - RegisterFile:rf|Mux39~20    ; 0                 ; 6       ;
;      - RegisterFile:rf|Mux38~20    ; 0                 ; 6       ;
;      - RegisterFile:rf|Mux37~20    ; 0                 ; 6       ;
;      - RegisterFile:rf|Mux36~20    ; 0                 ; 6       ;
;      - RegisterFile:rf|Mux35~20    ; 0                 ; 6       ;
;      - RegisterFile:rf|Mux34~20    ; 0                 ; 6       ;
;      - RegisterFile:rf|Mux33~20    ; 0                 ; 6       ;
;      - RegisterFile:rf|Mux32~20    ; 0                 ; 6       ;
;      - RegisterFile:rf|Mux63~20    ; 0                 ; 6       ;
;      - RegisterFile:rf|Mux62~20    ; 0                 ; 6       ;
;      - WriteRegister[4]~3          ; 0                 ; 6       ;
; Instruction[1]                     ;                   ;         ;
;      - ALU_InB[1]~2                ; 0                 ; 6       ;
; Instruction[2]                     ;                   ;         ;
;      - ALU_InB[2]~4                ; 1                 ; 6       ;
; Instruction[3]                     ;                   ;         ;
;      - ALU_InB[3]~5                ; 0                 ; 6       ;
; Instruction[4]                     ;                   ;         ;
;      - ALU_InB[4]~6                ; 0                 ; 6       ;
; Instruction[5]                     ;                   ;         ;
;      - ALU_InB[5]~7                ; 1                 ; 6       ;
; Instruction[6]                     ;                   ;         ;
;      - ALU_InB[6]~8                ; 0                 ; 6       ;
; Instruction[7]                     ;                   ;         ;
;      - ALU_InB[7]~9                ; 1                 ; 6       ;
; Instruction[8]                     ;                   ;         ;
;      - ALU_InB[8]~10               ; 1                 ; 6       ;
; Instruction[9]                     ;                   ;         ;
;      - ALU_InB[9]~11               ; 1                 ; 6       ;
; Instruction[10]                    ;                   ;         ;
;      - ALU_InB[10]~12              ; 0                 ; 6       ;
; Instruction[11]                    ;                   ;         ;
;      - ALU_InB[11]~13              ; 0                 ; 6       ;
;      - WriteRegister[0]~0          ; 0                 ; 6       ;
; Instruction[12]                    ;                   ;         ;
;      - ALU_InB[12]~14              ; 0                 ; 6       ;
;      - WriteRegister[1]~1          ; 0                 ; 6       ;
; Instruction[13]                    ;                   ;         ;
;      - ALU_InB[13]~15              ; 0                 ; 6       ;
;      - WriteRegister[2]~2          ; 0                 ; 6       ;
; Instruction[14]                    ;                   ;         ;
;      - ALU_InB[14]~16              ; 1                 ; 6       ;
;      - RegisterFile:rf|Decoder0~1  ; 1                 ; 6       ;
;      - RegisterFile:rf|Decoder0~4  ; 1                 ; 6       ;
;      - RegisterFile:rf|Decoder0~26 ; 1                 ; 6       ;
;      - RegisterFile:rf|Decoder0~31 ; 1                 ; 6       ;
; Instruction[15]                    ;                   ;         ;
;      - ALU_InB[15]~17              ; 0                 ; 6       ;
;      - ALU_InB[16]~18              ; 0                 ; 6       ;
;      - ALU_InB[17]~19              ; 0                 ; 6       ;
;      - ALU_InB[18]~20              ; 0                 ; 6       ;
;      - ALU_InB[19]~21              ; 0                 ; 6       ;
;      - ALU_InB[20]~22              ; 0                 ; 6       ;
;      - ALU_InB[21]~23              ; 0                 ; 6       ;
;      - ALU_InB[22]~24              ; 0                 ; 6       ;
;      - ALU_InB[23]~25              ; 0                 ; 6       ;
;      - ALU_InB[24]~26              ; 0                 ; 6       ;
;      - ALU_InB[25]~27              ; 0                 ; 6       ;
;      - ALU_InB[26]~28              ; 0                 ; 6       ;
;      - ALU_InB[27]~29              ; 0                 ; 6       ;
;      - ALU_InB[28]~30              ; 0                 ; 6       ;
;      - ALU_InB[29]~31              ; 0                 ; 6       ;
;      - ALU_InB[30]~32              ; 0                 ; 6       ;
;      - ALU_InB[31]~33              ; 0                 ; 6       ;
;      - WriteRegister[4]~3          ; 0                 ; 6       ;
; clk                                ;                   ;         ;
; rst_n                              ;                   ;         ;
+------------------------------------+-------------------+---------+


+----------------------------------------------------------------------------------------------------------------------------------------------------------+
; Control Signals                                                                                                                                          ;
+-----------------------------+--------------------+---------+--------------+--------+----------------------+------------------+---------------------------+
; Name                        ; Location           ; Fan-Out ; Usage        ; Global ; Global Resource Used ; Global Line Name ; Enable Signal Source Name ;
+-----------------------------+--------------------+---------+--------------+--------+----------------------+------------------+---------------------------+
; Dual_Port_Ram:dmem|ram~3393 ; LCCOMB_X40_Y8_N28  ; 32      ; Clock enable ; no     ; --                   ; --               ; --                        ;
; Dual_Port_Ram:dmem|ram~3395 ; LCCOMB_X35_Y5_N4   ; 32      ; Clock enable ; no     ; --                   ; --               ; --                        ;
; Dual_Port_Ram:dmem|ram~3397 ; LCCOMB_X40_Y8_N20  ; 32      ; Clock enable ; no     ; --                   ; --               ; --                        ;
; Dual_Port_Ram:dmem|ram~3399 ; LCCOMB_X40_Y8_N6   ; 32      ; Clock enable ; no     ; --                   ; --               ; --                        ;
; Dual_Port_Ram:dmem|ram~3401 ; LCCOMB_X33_Y4_N24  ; 32      ; Clock enable ; no     ; --                   ; --               ; --                        ;
; Dual_Port_Ram:dmem|ram~3403 ; LCCOMB_X41_Y13_N30 ; 32      ; Clock enable ; no     ; --                   ; --               ; --                        ;
; Dual_Port_Ram:dmem|ram~3405 ; LCCOMB_X37_Y10_N14 ; 32      ; Clock enable ; no     ; --                   ; --               ; --                        ;
; Dual_Port_Ram:dmem|ram~3407 ; LCCOMB_X37_Y10_N20 ; 32      ; Clock enable ; no     ; --                   ; --               ; --                        ;
; Dual_Port_Ram:dmem|ram~3409 ; LCCOMB_X35_Y15_N10 ; 32      ; Clock enable ; no     ; --                   ; --               ; --                        ;
; Dual_Port_Ram:dmem|ram~3411 ; LCCOMB_X41_Y13_N18 ; 32      ; Clock enable ; no     ; --                   ; --               ; --                        ;
; Dual_Port_Ram:dmem|ram~3413 ; LCCOMB_X41_Y13_N8  ; 32      ; Clock enable ; no     ; --                   ; --               ; --                        ;
; Dual_Port_Ram:dmem|ram~3415 ; LCCOMB_X28_Y8_N12  ; 32      ; Clock enable ; no     ; --                   ; --               ; --                        ;
; Dual_Port_Ram:dmem|ram~3417 ; LCCOMB_X27_Y14_N22 ; 32      ; Clock enable ; no     ; --                   ; --               ; --                        ;
; Dual_Port_Ram:dmem|ram~3419 ; LCCOMB_X41_Y13_N22 ; 32      ; Clock enable ; no     ; --                   ; --               ; --                        ;
; Dual_Port_Ram:dmem|ram~3421 ; LCCOMB_X30_Y13_N10 ; 32      ; Clock enable ; no     ; --                   ; --               ; --                        ;
; Dual_Port_Ram:dmem|ram~3423 ; LCCOMB_X38_Y4_N26  ; 32      ; Clock enable ; no     ; --                   ; --               ; --                        ;
; Dual_Port_Ram:dmem|ram~3424 ; LCCOMB_X33_Y4_N26  ; 32      ; Clock enable ; no     ; --                   ; --               ; --                        ;
; Dual_Port_Ram:dmem|ram~3425 ; LCCOMB_X40_Y7_N16  ; 32      ; Clock enable ; no     ; --                   ; --               ; --                        ;
; Dual_Port_Ram:dmem|ram~3426 ; LCCOMB_X38_Y8_N24  ; 32      ; Clock enable ; no     ; --                   ; --               ; --                        ;
; Dual_Port_Ram:dmem|ram~3427 ; LCCOMB_X28_Y15_N18 ; 32      ; Clock enable ; no     ; --                   ; --               ; --                        ;
; Dual_Port_Ram:dmem|ram~3428 ; LCCOMB_X40_Y8_N0   ; 32      ; Clock enable ; no     ; --                   ; --               ; --                        ;
; Dual_Port_Ram:dmem|ram~3429 ; LCCOMB_X42_Y15_N0  ; 32      ; Clock enable ; no     ; --                   ; --               ; --                        ;
; Dual_Port_Ram:dmem|ram~3430 ; LCCOMB_X35_Y15_N24 ; 32      ; Clock enable ; no     ; --                   ; --               ; --                        ;
; Dual_Port_Ram:dmem|ram~3431 ; LCCOMB_X41_Y13_N0  ; 32      ; Clock enable ; no     ; --                   ; --               ; --                        ;
; Dual_Port_Ram:dmem|ram~3432 ; LCCOMB_X40_Y8_N2   ; 32      ; Clock enable ; no     ; --                   ; --               ; --                        ;
; Dual_Port_Ram:dmem|ram~3433 ; LCCOMB_X41_Y10_N16 ; 32      ; Clock enable ; no     ; --                   ; --               ; --                        ;
; Dual_Port_Ram:dmem|ram~3434 ; LCCOMB_X30_Y8_N26  ; 32      ; Clock enable ; no     ; --                   ; --               ; --                        ;
; Dual_Port_Ram:dmem|ram~3435 ; LCCOMB_X30_Y13_N16 ; 32      ; Clock enable ; no     ; --                   ; --               ; --                        ;
; Dual_Port_Ram:dmem|ram~3436 ; LCCOMB_X37_Y10_N30 ; 32      ; Clock enable ; no     ; --                   ; --               ; --                        ;
; Dual_Port_Ram:dmem|ram~3437 ; LCCOMB_X37_Y10_N4  ; 32      ; Clock enable ; no     ; --                   ; --               ; --                        ;
; Dual_Port_Ram:dmem|ram~3438 ; LCCOMB_X30_Y11_N30 ; 32      ; Clock enable ; no     ; --                   ; --               ; --                        ;
; Dual_Port_Ram:dmem|ram~3439 ; LCCOMB_X27_Y14_N0  ; 32      ; Clock enable ; no     ; --                   ; --               ; --                        ;
; Dual_Port_Ram:dmem|ram~3440 ; LCCOMB_X42_Y7_N10  ; 32      ; Clock enable ; no     ; --                   ; --               ; --                        ;
; Dual_Port_Ram:dmem|ram~3441 ; LCCOMB_X33_Y12_N22 ; 32      ; Clock enable ; no     ; --                   ; --               ; --                        ;
; Dual_Port_Ram:dmem|ram~3442 ; LCCOMB_X37_Y10_N2  ; 32      ; Clock enable ; no     ; --                   ; --               ; --                        ;
; Dual_Port_Ram:dmem|ram~3443 ; LCCOMB_X37_Y10_N24 ; 32      ; Clock enable ; no     ; --                   ; --               ; --                        ;
; Dual_Port_Ram:dmem|ram~3444 ; LCCOMB_X37_Y7_N8   ; 32      ; Clock enable ; no     ; --                   ; --               ; --                        ;
; Dual_Port_Ram:dmem|ram~3445 ; LCCOMB_X34_Y5_N2   ; 32      ; Clock enable ; no     ; --                   ; --               ; --                        ;
; Dual_Port_Ram:dmem|ram~3446 ; LCCOMB_X36_Y7_N6   ; 32      ; Clock enable ; no     ; --                   ; --               ; --                        ;
; Dual_Port_Ram:dmem|ram~3447 ; LCCOMB_X40_Y8_N16  ; 32      ; Clock enable ; no     ; --                   ; --               ; --                        ;
; Dual_Port_Ram:dmem|ram~3448 ; LCCOMB_X41_Y13_N14 ; 32      ; Clock enable ; no     ; --                   ; --               ; --                        ;
; Dual_Port_Ram:dmem|ram~3449 ; LCCOMB_X35_Y15_N26 ; 32      ; Clock enable ; no     ; --                   ; --               ; --                        ;
; Dual_Port_Ram:dmem|ram~3450 ; LCCOMB_X41_Y13_N24 ; 32      ; Clock enable ; no     ; --                   ; --               ; --                        ;
; Dual_Port_Ram:dmem|ram~3451 ; LCCOMB_X27_Y10_N2  ; 32      ; Clock enable ; no     ; --                   ; --               ; --                        ;
; Dual_Port_Ram:dmem|ram~3452 ; LCCOMB_X28_Y15_N4  ; 32      ; Clock enable ; no     ; --                   ; --               ; --                        ;
; Dual_Port_Ram:dmem|ram~3453 ; LCCOMB_X28_Y15_N6  ; 32      ; Clock enable ; no     ; --                   ; --               ; --                        ;
; Dual_Port_Ram:dmem|ram~3454 ; LCCOMB_X29_Y12_N4  ; 32      ; Clock enable ; no     ; --                   ; --               ; --                        ;
; Dual_Port_Ram:dmem|ram~3455 ; LCCOMB_X38_Y8_N18  ; 32      ; Clock enable ; no     ; --                   ; --               ; --                        ;
; Dual_Port_Ram:dmem|ram~3456 ; LCCOMB_X41_Y13_N26 ; 32      ; Clock enable ; no     ; --                   ; --               ; --                        ;
; Dual_Port_Ram:dmem|ram~3457 ; LCCOMB_X41_Y13_N4  ; 32      ; Clock enable ; no     ; --                   ; --               ; --                        ;
; Dual_Port_Ram:dmem|ram~3458 ; LCCOMB_X27_Y14_N26 ; 32      ; Clock enable ; no     ; --                   ; --               ; --                        ;
; Dual_Port_Ram:dmem|ram~3459 ; LCCOMB_X28_Y15_N20 ; 32      ; Clock enable ; no     ; --                   ; --               ; --                        ;
; Dual_Port_Ram:dmem|ram~3460 ; LCCOMB_X40_Y8_N10  ; 32      ; Clock enable ; no     ; --                   ; --               ; --                        ;
; Dual_Port_Ram:dmem|ram~3461 ; LCCOMB_X41_Y13_N10 ; 32      ; Clock enable ; no     ; --                   ; --               ; --                        ;
; Dual_Port_Ram:dmem|ram~3462 ; LCCOMB_X37_Y13_N10 ; 32      ; Clock enable ; no     ; --                   ; --               ; --                        ;
; Dual_Port_Ram:dmem|ram~3463 ; LCCOMB_X27_Y13_N16 ; 32      ; Clock enable ; no     ; --                   ; --               ; --                        ;
; Dual_Port_Ram:dmem|ram~3464 ; LCCOMB_X37_Y10_N6  ; 32      ; Clock enable ; no     ; --                   ; --               ; --                        ;
; Dual_Port_Ram:dmem|ram~3465 ; LCCOMB_X41_Y8_N6   ; 32      ; Clock enable ; no     ; --                   ; --               ; --                        ;
; Dual_Port_Ram:dmem|ram~3466 ; LCCOMB_X38_Y15_N6  ; 32      ; Clock enable ; no     ; --                   ; --               ; --                        ;
; Dual_Port_Ram:dmem|ram~3467 ; LCCOMB_X29_Y12_N2  ; 32      ; Clock enable ; no     ; --                   ; --               ; --                        ;
; Dual_Port_Ram:dmem|ram~3468 ; LCCOMB_X35_Y6_N6   ; 32      ; Clock enable ; no     ; --                   ; --               ; --                        ;
; Dual_Port_Ram:dmem|ram~3469 ; LCCOMB_X27_Y9_N0   ; 32      ; Clock enable ; no     ; --                   ; --               ; --                        ;
; Dual_Port_Ram:dmem|ram~3470 ; LCCOMB_X29_Y10_N14 ; 32      ; Clock enable ; no     ; --                   ; --               ; --                        ;
; Dual_Port_Ram:dmem|ram~3471 ; LCCOMB_X30_Y15_N26 ; 32      ; Clock enable ; no     ; --                   ; --               ; --                        ;
; RegisterFile:rf|Decoder0~11 ; LCCOMB_X31_Y17_N16 ; 32      ; Clock enable ; no     ; --                   ; --               ; --                        ;
; RegisterFile:rf|Decoder0~12 ; LCCOMB_X35_Y20_N30 ; 32      ; Clock enable ; no     ; --                   ; --               ; --                        ;
; RegisterFile:rf|Decoder0~13 ; LCCOMB_X31_Y17_N30 ; 32      ; Clock enable ; no     ; --                   ; --               ; --                        ;
; RegisterFile:rf|Decoder0~15 ; LCCOMB_X31_Y24_N8  ; 32      ; Clock enable ; no     ; --                   ; --               ; --                        ;
; RegisterFile:rf|Decoder0~17 ; LCCOMB_X31_Y24_N4  ; 32      ; Clock enable ; no     ; --                   ; --               ; --                        ;
; RegisterFile:rf|Decoder0~18 ; LCCOMB_X31_Y24_N10 ; 32      ; Clock enable ; no     ; --                   ; --               ; --                        ;
; RegisterFile:rf|Decoder0~19 ; LCCOMB_X31_Y24_N20 ; 32      ; Clock enable ; no     ; --                   ; --               ; --                        ;
; RegisterFile:rf|Decoder0~2  ; LCCOMB_X31_Y22_N8  ; 32      ; Clock enable ; no     ; --                   ; --               ; --                        ;
; RegisterFile:rf|Decoder0~21 ; LCCOMB_X31_Y24_N24 ; 32      ; Clock enable ; no     ; --                   ; --               ; --                        ;
; RegisterFile:rf|Decoder0~23 ; LCCOMB_X31_Y24_N28 ; 32      ; Clock enable ; no     ; --                   ; --               ; --                        ;
; RegisterFile:rf|Decoder0~24 ; LCCOMB_X31_Y24_N6  ; 32      ; Clock enable ; no     ; --                   ; --               ; --                        ;
; RegisterFile:rf|Decoder0~25 ; LCCOMB_X34_Y24_N14 ; 32      ; Clock enable ; no     ; --                   ; --               ; --                        ;
; RegisterFile:rf|Decoder0~27 ; LCCOMB_X31_Y17_N4  ; 32      ; Clock enable ; no     ; --                   ; --               ; --                        ;
; RegisterFile:rf|Decoder0~28 ; LCCOMB_X32_Y19_N14 ; 32      ; Clock enable ; no     ; --                   ; --               ; --                        ;
; RegisterFile:rf|Decoder0~29 ; LCCOMB_X31_Y20_N16 ; 32      ; Clock enable ; no     ; --                   ; --               ; --                        ;
; RegisterFile:rf|Decoder0~30 ; LCCOMB_X31_Y17_N18 ; 32      ; Clock enable ; no     ; --                   ; --               ; --                        ;
; RegisterFile:rf|Decoder0~32 ; LCCOMB_X30_Y22_N14 ; 32      ; Clock enable ; no     ; --                   ; --               ; --                        ;
; RegisterFile:rf|Decoder0~33 ; LCCOMB_X31_Y14_N26 ; 32      ; Clock enable ; no     ; --                   ; --               ; --                        ;
; RegisterFile:rf|Decoder0~34 ; LCCOMB_X30_Y22_N12 ; 32      ; Clock enable ; no     ; --                   ; --               ; --                        ;
; RegisterFile:rf|Decoder0~35 ; LCCOMB_X35_Y21_N18 ; 32      ; Clock enable ; no     ; --                   ; --               ; --                        ;
; RegisterFile:rf|Decoder0~36 ; LCCOMB_X30_Y18_N20 ; 32      ; Clock enable ; no     ; --                   ; --               ; --                        ;
; RegisterFile:rf|Decoder0~37 ; LCCOMB_X30_Y18_N22 ; 32      ; Clock enable ; no     ; --                   ; --               ; --                        ;
; RegisterFile:rf|Decoder0~38 ; LCCOMB_X30_Y22_N16 ; 32      ; Clock enable ; no     ; --                   ; --               ; --                        ;
; RegisterFile:rf|Decoder0~39 ; LCCOMB_X30_Y18_N14 ; 32      ; Clock enable ; no     ; --                   ; --               ; --                        ;
; RegisterFile:rf|Decoder0~40 ; LCCOMB_X31_Y17_N0  ; 32      ; Clock enable ; no     ; --                   ; --               ; --                        ;
; RegisterFile:rf|Decoder0~41 ; LCCOMB_X31_Y20_N4  ; 32      ; Clock enable ; no     ; --                   ; --               ; --                        ;
; RegisterFile:rf|Decoder0~42 ; LCCOMB_X31_Y20_N12 ; 32      ; Clock enable ; no     ; --                   ; --               ; --                        ;
; RegisterFile:rf|Decoder0~43 ; LCCOMB_X35_Y21_N8  ; 32      ; Clock enable ; no     ; --                   ; --               ; --                        ;
; RegisterFile:rf|Decoder0~5  ; LCCOMB_X31_Y17_N20 ; 32      ; Clock enable ; no     ; --                   ; --               ; --                        ;
; RegisterFile:rf|Decoder0~6  ; LCCOMB_X31_Y24_N16 ; 32      ; Clock enable ; no     ; --                   ; --               ; --                        ;
; RegisterFile:rf|Decoder0~7  ; LCCOMB_X29_Y19_N24 ; 32      ; Clock enable ; no     ; --                   ; --               ; --                        ;
; RegisterFile:rf|Decoder0~9  ; LCCOMB_X35_Y18_N24 ; 32      ; Clock enable ; no     ; --                   ; --               ; --                        ;
; clk                         ; PIN_P2             ; 3072    ; Clock        ; yes    ; Global Clock         ; GCLK3            ; --                        ;
; rst_n                       ; PIN_P1             ; 1024    ; Async. clear ; yes    ; Global Clock         ; GCLK1            ; --                        ;
+-----------------------------+--------------------+---------+--------------+--------+----------------------+------------------+---------------------------+


+--------------------------------------------------------------------------------------------------+
; Global & Other Fast Signals                                                                      ;
+-------+----------+---------+----------------------+------------------+---------------------------+
; Name  ; Location ; Fan-Out ; Global Resource Used ; Global Line Name ; Enable Signal Source Name ;
+-------+----------+---------+----------------------+------------------+---------------------------+
; clk   ; PIN_P2   ; 3072    ; Global Clock         ; GCLK3            ; --                        ;
; rst_n ; PIN_P1   ; 1024    ; Global Clock         ; GCLK1            ; --                        ;
+-------+----------+---------+----------------------+------------------+---------------------------+


+---------------------------------------+
; Non-Global High Fan-Out Signals       ;
+-----------------------------+---------+
; Name                        ; Fan-Out ;
+-----------------------------+---------+
; ALU_32bit:alu|Add1~6        ; 386     ;
; ALU_32bit:alu|Add1~2        ; 386     ;
; ALU_32bit:alu|Add1~4        ; 385     ;
; ALU_32bit:alu|Add1~0        ; 385     ;
; ALU_32bit:alu|Add1~10       ; 339     ;
; ALU_32bit:alu|Add1~8        ; 339     ;
; Instruction[19]             ; 244     ;
; Instruction[16]             ; 241     ;
; Instruction[17]             ; 241     ;
; Instruction[18]             ; 241     ;
; Instruction[21]             ; 240     ;
; Instruction[22]             ; 240     ;
; Instruction[24]             ; 240     ;
; Instruction[23]             ; 240     ;
; RegisterFile:rf|Mux32~20    ; 66      ;
; RegisterFile:rf|Mux33~20    ; 66      ;
; RegisterFile:rf|Mux34~20    ; 66      ;
; RegisterFile:rf|Mux35~20    ; 66      ;
; RegisterFile:rf|Mux36~20    ; 66      ;
; RegisterFile:rf|Mux37~20    ; 66      ;
; RegisterFile:rf|Mux38~20    ; 66      ;
; RegisterFile:rf|Mux39~20    ; 66      ;
; RegisterFile:rf|Mux40~20    ; 66      ;
; RegisterFile:rf|Mux41~20    ; 66      ;
; RegisterFile:rf|Mux42~20    ; 66      ;
; RegisterFile:rf|Mux43~20    ; 66      ;
; RegisterFile:rf|Mux44~20    ; 66      ;
; RegisterFile:rf|Mux45~20    ; 66      ;
; RegisterFile:rf|Mux46~20    ; 66      ;
; RegisterFile:rf|Mux47~20    ; 66      ;
; RegisterFile:rf|Mux48~20    ; 66      ;
; RegisterFile:rf|Mux49~20    ; 66      ;
; RegisterFile:rf|Mux50~20    ; 66      ;
; RegisterFile:rf|Mux51~20    ; 66      ;
; RegisterFile:rf|Mux52~20    ; 66      ;
; RegisterFile:rf|Mux53~20    ; 66      ;
; RegisterFile:rf|Mux54~20    ; 66      ;
; RegisterFile:rf|Mux55~20    ; 66      ;
; RegisterFile:rf|Mux56~20    ; 66      ;
; RegisterFile:rf|Mux57~20    ; 66      ;
; RegisterFile:rf|Mux58~20    ; 66      ;
; RegisterFile:rf|Mux59~20    ; 66      ;
; RegisterFile:rf|Mux60~20    ; 66      ;
; RegisterFile:rf|Mux61~20    ; 66      ;
; RegisterFile:rf|Mux62~20    ; 65      ;
; RegisterFile:rf|Mux63~20    ; 65      ;
; Control_Unit:cu|Decoder0~6  ; 64      ;
; Instruction[20]             ; 35      ;
; Control_Unit:cu|WideOr0~1   ; 34      ;
; WriteDataReg[31]~31         ; 33      ;
; WriteDataReg[30]~30         ; 33      ;
; WriteDataReg[29]~29         ; 33      ;
; WriteDataReg[28]~28         ; 33      ;
; WriteDataReg[27]~27         ; 33      ;
; WriteDataReg[26]~26         ; 33      ;
; WriteDataReg[25]~25         ; 33      ;
; WriteDataReg[24]~24         ; 33      ;
; WriteDataReg[23]~23         ; 33      ;
; WriteDataReg[22]~22         ; 33      ;
; WriteDataReg[21]~21         ; 33      ;
; WriteDataReg[20]~20         ; 33      ;
; WriteDataReg[19]~19         ; 33      ;
; WriteDataReg[18]~18         ; 33      ;
; WriteDataReg[17]~17         ; 33      ;
; WriteDataReg[16]~16         ; 33      ;
; WriteDataReg[15]~15         ; 33      ;
; WriteDataReg[14]~14         ; 33      ;
; WriteDataReg[13]~13         ; 33      ;
; WriteDataReg[12]~12         ; 33      ;
; WriteDataReg[11]~11         ; 33      ;
; WriteDataReg[10]~10         ; 33      ;
; WriteDataReg[9]~9           ; 33      ;
; WriteDataReg[8]~8           ; 33      ;
; WriteDataReg[7]~7           ; 33      ;
; WriteDataReg[6]~6           ; 33      ;
; WriteDataReg[5]~5           ; 33      ;
; WriteDataReg[4]~4           ; 33      ;
; WriteDataReg[3]~3           ; 33      ;
; WriteDataReg[2]~2           ; 33      ;
; WriteDataReg[1]~1           ; 33      ;
; WriteDataReg[0]~0           ; 33      ;
; Instruction[25]             ; 32      ;
; Dual_Port_Ram:dmem|ram~3471 ; 32      ;
; Dual_Port_Ram:dmem|ram~3470 ; 32      ;
; Dual_Port_Ram:dmem|ram~3469 ; 32      ;
; Dual_Port_Ram:dmem|ram~3468 ; 32      ;
; Dual_Port_Ram:dmem|ram~3467 ; 32      ;
; Dual_Port_Ram:dmem|ram~3466 ; 32      ;
; Dual_Port_Ram:dmem|ram~3465 ; 32      ;
; Dual_Port_Ram:dmem|ram~3464 ; 32      ;
; Dual_Port_Ram:dmem|ram~3463 ; 32      ;
; Dual_Port_Ram:dmem|ram~3462 ; 32      ;
; Dual_Port_Ram:dmem|ram~3461 ; 32      ;
; Dual_Port_Ram:dmem|ram~3460 ; 32      ;
; Dual_Port_Ram:dmem|ram~3459 ; 32      ;
; Dual_Port_Ram:dmem|ram~3458 ; 32      ;
; Dual_Port_Ram:dmem|ram~3457 ; 32      ;
; Dual_Port_Ram:dmem|ram~3456 ; 32      ;
; Dual_Port_Ram:dmem|ram~3455 ; 32      ;
; Dual_Port_Ram:dmem|ram~3454 ; 32      ;
; Dual_Port_Ram:dmem|ram~3453 ; 32      ;
; Dual_Port_Ram:dmem|ram~3452 ; 32      ;
; Dual_Port_Ram:dmem|ram~3451 ; 32      ;
; Dual_Port_Ram:dmem|ram~3450 ; 32      ;
; Dual_Port_Ram:dmem|ram~3449 ; 32      ;
; Dual_Port_Ram:dmem|ram~3448 ; 32      ;
; Dual_Port_Ram:dmem|ram~3447 ; 32      ;
; Dual_Port_Ram:dmem|ram~3446 ; 32      ;
; Dual_Port_Ram:dmem|ram~3445 ; 32      ;
; Dual_Port_Ram:dmem|ram~3444 ; 32      ;
; Dual_Port_Ram:dmem|ram~3443 ; 32      ;
; Dual_Port_Ram:dmem|ram~3442 ; 32      ;
; Dual_Port_Ram:dmem|ram~3441 ; 32      ;
; Dual_Port_Ram:dmem|ram~3440 ; 32      ;
; Dual_Port_Ram:dmem|ram~3439 ; 32      ;
; Dual_Port_Ram:dmem|ram~3438 ; 32      ;
; Dual_Port_Ram:dmem|ram~3437 ; 32      ;
; Dual_Port_Ram:dmem|ram~3436 ; 32      ;
; Dual_Port_Ram:dmem|ram~3435 ; 32      ;
; Dual_Port_Ram:dmem|ram~3434 ; 32      ;
; Dual_Port_Ram:dmem|ram~3433 ; 32      ;
; Dual_Port_Ram:dmem|ram~3432 ; 32      ;
; Dual_Port_Ram:dmem|ram~3431 ; 32      ;
; Dual_Port_Ram:dmem|ram~3430 ; 32      ;
; Dual_Port_Ram:dmem|ram~3429 ; 32      ;
; Dual_Port_Ram:dmem|ram~3428 ; 32      ;
; Dual_Port_Ram:dmem|ram~3427 ; 32      ;
; Dual_Port_Ram:dmem|ram~3426 ; 32      ;
; Dual_Port_Ram:dmem|ram~3425 ; 32      ;
; Dual_Port_Ram:dmem|ram~3424 ; 32      ;
; Dual_Port_Ram:dmem|ram~3423 ; 32      ;
; Dual_Port_Ram:dmem|ram~3421 ; 32      ;
; Dual_Port_Ram:dmem|ram~3419 ; 32      ;
; Dual_Port_Ram:dmem|ram~3417 ; 32      ;
; Dual_Port_Ram:dmem|ram~3415 ; 32      ;
; Dual_Port_Ram:dmem|ram~3413 ; 32      ;
; Dual_Port_Ram:dmem|ram~3411 ; 32      ;
; Dual_Port_Ram:dmem|ram~3409 ; 32      ;
; Dual_Port_Ram:dmem|ram~3407 ; 32      ;
; Dual_Port_Ram:dmem|ram~3405 ; 32      ;
; Dual_Port_Ram:dmem|ram~3403 ; 32      ;
; Dual_Port_Ram:dmem|ram~3401 ; 32      ;
; Dual_Port_Ram:dmem|ram~3399 ; 32      ;
; Dual_Port_Ram:dmem|ram~3397 ; 32      ;
; Dual_Port_Ram:dmem|ram~3395 ; 32      ;
; Dual_Port_Ram:dmem|ram~3393 ; 32      ;
; RegisterFile:rf|Decoder0~43 ; 32      ;
; RegisterFile:rf|Decoder0~42 ; 32      ;
; RegisterFile:rf|Decoder0~41 ; 32      ;
; RegisterFile:rf|Decoder0~40 ; 32      ;
; RegisterFile:rf|Decoder0~39 ; 32      ;
; RegisterFile:rf|Decoder0~38 ; 32      ;
; RegisterFile:rf|Decoder0~37 ; 32      ;
; RegisterFile:rf|Decoder0~36 ; 32      ;
; RegisterFile:rf|Decoder0~35 ; 32      ;
; RegisterFile:rf|Decoder0~34 ; 32      ;
; RegisterFile:rf|Decoder0~33 ; 32      ;
; RegisterFile:rf|Decoder0~32 ; 32      ;
; RegisterFile:rf|Decoder0~30 ; 32      ;
; RegisterFile:rf|Decoder0~29 ; 32      ;
; RegisterFile:rf|Decoder0~28 ; 32      ;
; RegisterFile:rf|Decoder0~27 ; 32      ;
; RegisterFile:rf|Decoder0~25 ; 32      ;
; RegisterFile:rf|Decoder0~24 ; 32      ;
; RegisterFile:rf|Decoder0~23 ; 32      ;
; RegisterFile:rf|Decoder0~21 ; 32      ;
; RegisterFile:rf|Decoder0~19 ; 32      ;
; RegisterFile:rf|Decoder0~18 ; 32      ;
; RegisterFile:rf|Decoder0~17 ; 32      ;
; RegisterFile:rf|Decoder0~15 ; 32      ;
; RegisterFile:rf|Decoder0~13 ; 32      ;
; RegisterFile:rf|Decoder0~12 ; 32      ;
; RegisterFile:rf|Decoder0~11 ; 32      ;
; RegisterFile:rf|Decoder0~9  ; 32      ;
; RegisterFile:rf|Decoder0~7  ; 32      ;
; RegisterFile:rf|Decoder0~6  ; 32      ;
; RegisterFile:rf|Decoder0~5  ; 32      ;
; RegisterFile:rf|Decoder0~2  ; 32      ;
; Control_Unit:cu|Decoder0~3  ; 32      ;
; Instruction[15]             ; 18      ;
; RegisterFile:rf|Decoder0~31 ; 8       ;
; RegisterFile:rf|Decoder0~26 ; 8       ;
; RegisterFile:rf|Decoder0~4  ; 8       ;
; RegisterFile:rf|Decoder0~1  ; 8       ;
; WriteRegister[2]~2          ; 8       ;
; WriteRegister[1]~1          ; 8       ;
; WriteRegister[0]~0          ; 8       ;
; Control_Unit:cu|WideOr1~1   ; 8       ;
; Instruction[28]             ; 6       ;
; Instruction[27]             ; 6       ;
; Instruction[14]             ; 5       ;
; Instruction[26]             ; 5       ;
; Control_Unit:cu|Decoder0~4  ; 5       ;
; Instruction[31]             ; 4       ;
; Instruction[30]             ; 4       ;
; Instruction[29]             ; 4       ;
; Control_Unit:cu|Decoder0~7  ; 4       ;
; Dual_Port_Ram:dmem|ram~3422 ; 4       ;
; Dual_Port_Ram:dmem|ram~3420 ; 4       ;
; Dual_Port_Ram:dmem|ram~3418 ; 4       ;
; Dual_Port_Ram:dmem|ram~3416 ; 4       ;
; Dual_Port_Ram:dmem|ram~3414 ; 4       ;
; Dual_Port_Ram:dmem|ram~3412 ; 4       ;
; Dual_Port_Ram:dmem|ram~3410 ; 4       ;
; Dual_Port_Ram:dmem|ram~3408 ; 4       ;
; Dual_Port_Ram:dmem|ram~3406 ; 4       ;
; Dual_Port_Ram:dmem|ram~3404 ; 4       ;
; Dual_Port_Ram:dmem|ram~3402 ; 4       ;
; Dual_Port_Ram:dmem|ram~3400 ; 4       ;
; Dual_Port_Ram:dmem|ram~3398 ; 4       ;
; Dual_Port_Ram:dmem|ram~3396 ; 4       ;
; Dual_Port_Ram:dmem|ram~3394 ; 4       ;
; Dual_Port_Ram:dmem|ram~3392 ; 4       ;
; RegisterFile:rf|Decoder0~22 ; 4       ;
; RegisterFile:rf|Decoder0~20 ; 4       ;
; RegisterFile:rf|Decoder0~16 ; 4       ;
; RegisterFile:rf|Decoder0~14 ; 4       ;
; RegisterFile:rf|Decoder0~10 ; 4       ;
; RegisterFile:rf|Decoder0~8  ; 4       ;
; RegisterFile:rf|Decoder0~3  ; 4       ;
; WriteRegister[4]~3          ; 4       ;
; RegisterFile:rf|Decoder0~0  ; 4       ;
; Control_Unit:cu|Decoder0~5  ; 4       ;
; Instruction[13]             ; 2       ;
; Instruction[12]             ; 2       ;
; Instruction[11]             ; 2       ;
; Control_Unit:cu|Decoder0~2  ; 2       ;
; RegisterFile:rf|rf[15][31]  ; 2       ;
; RegisterFile:rf|rf[12][31]  ; 2       ;
; RegisterFile:rf|rf[13][31]  ; 2       ;
; RegisterFile:rf|rf[14][31]  ; 2       ;
; RegisterFile:rf|rf[3][31]   ; 2       ;
; RegisterFile:rf|rf[0][31]   ; 2       ;
; RegisterFile:rf|rf[2][31]   ; 2       ;
; RegisterFile:rf|rf[1][31]   ; 2       ;
; RegisterFile:rf|rf[11][31]  ; 2       ;
; RegisterFile:rf|rf[8][31]   ; 2       ;
; RegisterFile:rf|rf[10][31]  ; 2       ;
; RegisterFile:rf|rf[9][31]   ; 2       ;
; RegisterFile:rf|rf[7][31]   ; 2       ;
; RegisterFile:rf|rf[4][31]   ; 2       ;
; RegisterFile:rf|rf[5][31]   ; 2       ;
; RegisterFile:rf|rf[6][31]   ; 2       ;
; RegisterFile:rf|rf[31][31]  ; 2       ;
; RegisterFile:rf|rf[19][31]  ; 2       ;
; RegisterFile:rf|rf[27][31]  ; 2       ;
; RegisterFile:rf|rf[23][31]  ; 2       ;
; RegisterFile:rf|rf[28][31]  ; 2       ;
; RegisterFile:rf|rf[16][31]  ; 2       ;
; RegisterFile:rf|rf[20][31]  ; 2       ;
; RegisterFile:rf|rf[24][31]  ; 2       ;
; RegisterFile:rf|rf[30][31]  ; 2       ;
; RegisterFile:rf|rf[18][31]  ; 2       ;
; RegisterFile:rf|rf[22][31]  ; 2       ;
; RegisterFile:rf|rf[26][31]  ; 2       ;
; RegisterFile:rf|rf[29][31]  ; 2       ;
; RegisterFile:rf|rf[17][31]  ; 2       ;
; RegisterFile:rf|rf[25][31]  ; 2       ;
; RegisterFile:rf|rf[21][31]  ; 2       ;
; RegisterFile:rf|rf[15][30]  ; 2       ;
; RegisterFile:rf|rf[12][30]  ; 2       ;
; RegisterFile:rf|rf[14][30]  ; 2       ;
; RegisterFile:rf|rf[13][30]  ; 2       ;
; RegisterFile:rf|rf[3][30]   ; 2       ;
; RegisterFile:rf|rf[0][30]   ; 2       ;
; RegisterFile:rf|rf[1][30]   ; 2       ;
; RegisterFile:rf|rf[2][30]   ; 2       ;
; RegisterFile:rf|rf[7][30]   ; 2       ;
; RegisterFile:rf|rf[4][30]   ; 2       ;
; RegisterFile:rf|rf[6][30]   ; 2       ;
; RegisterFile:rf|rf[5][30]   ; 2       ;
; RegisterFile:rf|rf[11][30]  ; 2       ;
; RegisterFile:rf|rf[8][30]   ; 2       ;
; RegisterFile:rf|rf[9][30]   ; 2       ;
; RegisterFile:rf|rf[10][30]  ; 2       ;
; RegisterFile:rf|rf[31][30]  ; 2       ;
; RegisterFile:rf|rf[19][30]  ; 2       ;
; RegisterFile:rf|rf[23][30]  ; 2       ;
; RegisterFile:rf|rf[27][30]  ; 2       ;
; RegisterFile:rf|rf[28][30]  ; 2       ;
; RegisterFile:rf|rf[16][30]  ; 2       ;
; RegisterFile:rf|rf[24][30]  ; 2       ;
; RegisterFile:rf|rf[20][30]  ; 2       ;
; RegisterFile:rf|rf[29][30]  ; 2       ;
; RegisterFile:rf|rf[17][30]  ; 2       ;
; RegisterFile:rf|rf[21][30]  ; 2       ;
; RegisterFile:rf|rf[25][30]  ; 2       ;
; RegisterFile:rf|rf[30][30]  ; 2       ;
; RegisterFile:rf|rf[18][30]  ; 2       ;
; RegisterFile:rf|rf[26][30]  ; 2       ;
; RegisterFile:rf|rf[22][30]  ; 2       ;
; RegisterFile:rf|rf[15][29]  ; 2       ;
; RegisterFile:rf|rf[12][29]  ; 2       ;
; RegisterFile:rf|rf[13][29]  ; 2       ;
; RegisterFile:rf|rf[14][29]  ; 2       ;
; RegisterFile:rf|rf[3][29]   ; 2       ;
; RegisterFile:rf|rf[0][29]   ; 2       ;
; RegisterFile:rf|rf[2][29]   ; 2       ;
; RegisterFile:rf|rf[1][29]   ; 2       ;
; RegisterFile:rf|rf[11][29]  ; 2       ;
; RegisterFile:rf|rf[8][29]   ; 2       ;
; RegisterFile:rf|rf[10][29]  ; 2       ;
; RegisterFile:rf|rf[9][29]   ; 2       ;
; RegisterFile:rf|rf[7][29]   ; 2       ;
; RegisterFile:rf|rf[4][29]   ; 2       ;
; RegisterFile:rf|rf[5][29]   ; 2       ;
; RegisterFile:rf|rf[6][29]   ; 2       ;
; RegisterFile:rf|rf[31][29]  ; 2       ;
; RegisterFile:rf|rf[19][29]  ; 2       ;
; RegisterFile:rf|rf[27][29]  ; 2       ;
; RegisterFile:rf|rf[23][29]  ; 2       ;
; RegisterFile:rf|rf[28][29]  ; 2       ;
; RegisterFile:rf|rf[16][29]  ; 2       ;
; RegisterFile:rf|rf[20][29]  ; 2       ;
; RegisterFile:rf|rf[24][29]  ; 2       ;
; RegisterFile:rf|rf[30][29]  ; 2       ;
; RegisterFile:rf|rf[18][29]  ; 2       ;
; RegisterFile:rf|rf[22][29]  ; 2       ;
; RegisterFile:rf|rf[26][29]  ; 2       ;
; RegisterFile:rf|rf[29][29]  ; 2       ;
; RegisterFile:rf|rf[17][29]  ; 2       ;
; RegisterFile:rf|rf[25][29]  ; 2       ;
; RegisterFile:rf|rf[21][29]  ; 2       ;
; RegisterFile:rf|rf[15][28]  ; 2       ;
; RegisterFile:rf|rf[12][28]  ; 2       ;
; RegisterFile:rf|rf[14][28]  ; 2       ;
; RegisterFile:rf|rf[13][28]  ; 2       ;
; RegisterFile:rf|rf[3][28]   ; 2       ;
; RegisterFile:rf|rf[0][28]   ; 2       ;
; RegisterFile:rf|rf[1][28]   ; 2       ;
; RegisterFile:rf|rf[2][28]   ; 2       ;
; RegisterFile:rf|rf[7][28]   ; 2       ;
; RegisterFile:rf|rf[4][28]   ; 2       ;
; RegisterFile:rf|rf[6][28]   ; 2       ;
; RegisterFile:rf|rf[5][28]   ; 2       ;
; RegisterFile:rf|rf[11][28]  ; 2       ;
; RegisterFile:rf|rf[8][28]   ; 2       ;
; RegisterFile:rf|rf[9][28]   ; 2       ;
; RegisterFile:rf|rf[10][28]  ; 2       ;
; RegisterFile:rf|rf[31][28]  ; 2       ;
; RegisterFile:rf|rf[19][28]  ; 2       ;
; RegisterFile:rf|rf[23][28]  ; 2       ;
; RegisterFile:rf|rf[27][28]  ; 2       ;
; RegisterFile:rf|rf[28][28]  ; 2       ;
; RegisterFile:rf|rf[16][28]  ; 2       ;
; RegisterFile:rf|rf[24][28]  ; 2       ;
; RegisterFile:rf|rf[20][28]  ; 2       ;
; RegisterFile:rf|rf[29][28]  ; 2       ;
; RegisterFile:rf|rf[17][28]  ; 2       ;
; RegisterFile:rf|rf[21][28]  ; 2       ;
; RegisterFile:rf|rf[25][28]  ; 2       ;
; RegisterFile:rf|rf[30][28]  ; 2       ;
; RegisterFile:rf|rf[18][28]  ; 2       ;
; RegisterFile:rf|rf[26][28]  ; 2       ;
; RegisterFile:rf|rf[22][28]  ; 2       ;
; RegisterFile:rf|rf[15][27]  ; 2       ;
; RegisterFile:rf|rf[12][27]  ; 2       ;
; RegisterFile:rf|rf[13][27]  ; 2       ;
; RegisterFile:rf|rf[14][27]  ; 2       ;
; RegisterFile:rf|rf[3][27]   ; 2       ;
; RegisterFile:rf|rf[0][27]   ; 2       ;
; RegisterFile:rf|rf[2][27]   ; 2       ;
; RegisterFile:rf|rf[1][27]   ; 2       ;
; RegisterFile:rf|rf[11][27]  ; 2       ;
; RegisterFile:rf|rf[8][27]   ; 2       ;
; RegisterFile:rf|rf[10][27]  ; 2       ;
; RegisterFile:rf|rf[9][27]   ; 2       ;
; RegisterFile:rf|rf[7][27]   ; 2       ;
; RegisterFile:rf|rf[4][27]   ; 2       ;
; RegisterFile:rf|rf[5][27]   ; 2       ;
; RegisterFile:rf|rf[6][27]   ; 2       ;
; RegisterFile:rf|rf[31][27]  ; 2       ;
; RegisterFile:rf|rf[19][27]  ; 2       ;
; RegisterFile:rf|rf[27][27]  ; 2       ;
; RegisterFile:rf|rf[23][27]  ; 2       ;
; RegisterFile:rf|rf[28][27]  ; 2       ;
; RegisterFile:rf|rf[16][27]  ; 2       ;
; RegisterFile:rf|rf[20][27]  ; 2       ;
; RegisterFile:rf|rf[24][27]  ; 2       ;
; RegisterFile:rf|rf[30][27]  ; 2       ;
; RegisterFile:rf|rf[18][27]  ; 2       ;
; RegisterFile:rf|rf[22][27]  ; 2       ;
; RegisterFile:rf|rf[26][27]  ; 2       ;
; RegisterFile:rf|rf[29][27]  ; 2       ;
; RegisterFile:rf|rf[17][27]  ; 2       ;
; RegisterFile:rf|rf[25][27]  ; 2       ;
; RegisterFile:rf|rf[21][27]  ; 2       ;
; RegisterFile:rf|rf[15][26]  ; 2       ;
; RegisterFile:rf|rf[12][26]  ; 2       ;
; RegisterFile:rf|rf[14][26]  ; 2       ;
; RegisterFile:rf|rf[13][26]  ; 2       ;
; RegisterFile:rf|rf[3][26]   ; 2       ;
; RegisterFile:rf|rf[0][26]   ; 2       ;
; RegisterFile:rf|rf[1][26]   ; 2       ;
; RegisterFile:rf|rf[2][26]   ; 2       ;
; RegisterFile:rf|rf[7][26]   ; 2       ;
; RegisterFile:rf|rf[4][26]   ; 2       ;
; RegisterFile:rf|rf[6][26]   ; 2       ;
; RegisterFile:rf|rf[5][26]   ; 2       ;
; RegisterFile:rf|rf[11][26]  ; 2       ;
; RegisterFile:rf|rf[8][26]   ; 2       ;
; RegisterFile:rf|rf[9][26]   ; 2       ;
; RegisterFile:rf|rf[10][26]  ; 2       ;
; RegisterFile:rf|rf[31][26]  ; 2       ;
; RegisterFile:rf|rf[19][26]  ; 2       ;
; RegisterFile:rf|rf[23][26]  ; 2       ;
; RegisterFile:rf|rf[27][26]  ; 2       ;
; RegisterFile:rf|rf[28][26]  ; 2       ;
; RegisterFile:rf|rf[16][26]  ; 2       ;
; RegisterFile:rf|rf[24][26]  ; 2       ;
; RegisterFile:rf|rf[20][26]  ; 2       ;
; RegisterFile:rf|rf[29][26]  ; 2       ;
; RegisterFile:rf|rf[17][26]  ; 2       ;
; RegisterFile:rf|rf[21][26]  ; 2       ;
; RegisterFile:rf|rf[25][26]  ; 2       ;
; RegisterFile:rf|rf[30][26]  ; 2       ;
; RegisterFile:rf|rf[18][26]  ; 2       ;
; RegisterFile:rf|rf[26][26]  ; 2       ;
; RegisterFile:rf|rf[22][26]  ; 2       ;
; RegisterFile:rf|rf[15][25]  ; 2       ;
; RegisterFile:rf|rf[12][25]  ; 2       ;
; RegisterFile:rf|rf[13][25]  ; 2       ;
; RegisterFile:rf|rf[14][25]  ; 2       ;
; RegisterFile:rf|rf[3][25]   ; 2       ;
; RegisterFile:rf|rf[0][25]   ; 2       ;
; RegisterFile:rf|rf[2][25]   ; 2       ;
; RegisterFile:rf|rf[1][25]   ; 2       ;
; RegisterFile:rf|rf[11][25]  ; 2       ;
; RegisterFile:rf|rf[8][25]   ; 2       ;
; RegisterFile:rf|rf[10][25]  ; 2       ;
; RegisterFile:rf|rf[9][25]   ; 2       ;
; RegisterFile:rf|rf[7][25]   ; 2       ;
; RegisterFile:rf|rf[4][25]   ; 2       ;
; RegisterFile:rf|rf[5][25]   ; 2       ;
; RegisterFile:rf|rf[6][25]   ; 2       ;
; RegisterFile:rf|rf[31][25]  ; 2       ;
; RegisterFile:rf|rf[19][25]  ; 2       ;
; RegisterFile:rf|rf[27][25]  ; 2       ;
; RegisterFile:rf|rf[23][25]  ; 2       ;
; RegisterFile:rf|rf[28][25]  ; 2       ;
; RegisterFile:rf|rf[16][25]  ; 2       ;
; RegisterFile:rf|rf[20][25]  ; 2       ;
; RegisterFile:rf|rf[24][25]  ; 2       ;
; RegisterFile:rf|rf[30][25]  ; 2       ;
; RegisterFile:rf|rf[18][25]  ; 2       ;
; RegisterFile:rf|rf[22][25]  ; 2       ;
; RegisterFile:rf|rf[26][25]  ; 2       ;
; RegisterFile:rf|rf[29][25]  ; 2       ;
; RegisterFile:rf|rf[17][25]  ; 2       ;
; RegisterFile:rf|rf[25][25]  ; 2       ;
; RegisterFile:rf|rf[21][25]  ; 2       ;
; RegisterFile:rf|rf[15][24]  ; 2       ;
; RegisterFile:rf|rf[12][24]  ; 2       ;
; RegisterFile:rf|rf[14][24]  ; 2       ;
; RegisterFile:rf|rf[13][24]  ; 2       ;
; RegisterFile:rf|rf[3][24]   ; 2       ;
; RegisterFile:rf|rf[0][24]   ; 2       ;
; RegisterFile:rf|rf[1][24]   ; 2       ;
; RegisterFile:rf|rf[2][24]   ; 2       ;
; RegisterFile:rf|rf[7][24]   ; 2       ;
; RegisterFile:rf|rf[4][24]   ; 2       ;
; RegisterFile:rf|rf[6][24]   ; 2       ;
; RegisterFile:rf|rf[5][24]   ; 2       ;
; RegisterFile:rf|rf[11][24]  ; 2       ;
; RegisterFile:rf|rf[8][24]   ; 2       ;
; RegisterFile:rf|rf[9][24]   ; 2       ;
; RegisterFile:rf|rf[10][24]  ; 2       ;
; RegisterFile:rf|rf[31][24]  ; 2       ;
; RegisterFile:rf|rf[19][24]  ; 2       ;
; RegisterFile:rf|rf[23][24]  ; 2       ;
; RegisterFile:rf|rf[27][24]  ; 2       ;
; RegisterFile:rf|rf[28][24]  ; 2       ;
; RegisterFile:rf|rf[16][24]  ; 2       ;
; RegisterFile:rf|rf[24][24]  ; 2       ;
; RegisterFile:rf|rf[20][24]  ; 2       ;
; RegisterFile:rf|rf[29][24]  ; 2       ;
; RegisterFile:rf|rf[17][24]  ; 2       ;
; RegisterFile:rf|rf[21][24]  ; 2       ;
; RegisterFile:rf|rf[25][24]  ; 2       ;
; RegisterFile:rf|rf[30][24]  ; 2       ;
; RegisterFile:rf|rf[18][24]  ; 2       ;
; RegisterFile:rf|rf[26][24]  ; 2       ;
; RegisterFile:rf|rf[22][24]  ; 2       ;
; RegisterFile:rf|rf[15][23]  ; 2       ;
; RegisterFile:rf|rf[12][23]  ; 2       ;
; RegisterFile:rf|rf[13][23]  ; 2       ;
; RegisterFile:rf|rf[14][23]  ; 2       ;
; RegisterFile:rf|rf[3][23]   ; 2       ;
; RegisterFile:rf|rf[0][23]   ; 2       ;
; RegisterFile:rf|rf[2][23]   ; 2       ;
; RegisterFile:rf|rf[1][23]   ; 2       ;
; RegisterFile:rf|rf[11][23]  ; 2       ;
; RegisterFile:rf|rf[8][23]   ; 2       ;
; RegisterFile:rf|rf[10][23]  ; 2       ;
; RegisterFile:rf|rf[9][23]   ; 2       ;
; RegisterFile:rf|rf[7][23]   ; 2       ;
; RegisterFile:rf|rf[4][23]   ; 2       ;
; RegisterFile:rf|rf[5][23]   ; 2       ;
; RegisterFile:rf|rf[6][23]   ; 2       ;
; RegisterFile:rf|rf[31][23]  ; 2       ;
; RegisterFile:rf|rf[19][23]  ; 2       ;
; RegisterFile:rf|rf[27][23]  ; 2       ;
; RegisterFile:rf|rf[23][23]  ; 2       ;
; RegisterFile:rf|rf[28][23]  ; 2       ;
; RegisterFile:rf|rf[16][23]  ; 2       ;
; RegisterFile:rf|rf[20][23]  ; 2       ;
; RegisterFile:rf|rf[24][23]  ; 2       ;
; RegisterFile:rf|rf[30][23]  ; 2       ;
; RegisterFile:rf|rf[18][23]  ; 2       ;
; RegisterFile:rf|rf[22][23]  ; 2       ;
; RegisterFile:rf|rf[26][23]  ; 2       ;
; RegisterFile:rf|rf[29][23]  ; 2       ;
; RegisterFile:rf|rf[17][23]  ; 2       ;
; RegisterFile:rf|rf[25][23]  ; 2       ;
; RegisterFile:rf|rf[21][23]  ; 2       ;
; RegisterFile:rf|rf[15][22]  ; 2       ;
; RegisterFile:rf|rf[12][22]  ; 2       ;
; RegisterFile:rf|rf[14][22]  ; 2       ;
; RegisterFile:rf|rf[13][22]  ; 2       ;
; RegisterFile:rf|rf[3][22]   ; 2       ;
; RegisterFile:rf|rf[0][22]   ; 2       ;
; RegisterFile:rf|rf[1][22]   ; 2       ;
; RegisterFile:rf|rf[2][22]   ; 2       ;
; RegisterFile:rf|rf[7][22]   ; 2       ;
; RegisterFile:rf|rf[4][22]   ; 2       ;
; RegisterFile:rf|rf[6][22]   ; 2       ;
; RegisterFile:rf|rf[5][22]   ; 2       ;
; RegisterFile:rf|rf[11][22]  ; 2       ;
; RegisterFile:rf|rf[8][22]   ; 2       ;
; RegisterFile:rf|rf[9][22]   ; 2       ;
; RegisterFile:rf|rf[10][22]  ; 2       ;
; RegisterFile:rf|rf[31][22]  ; 2       ;
; RegisterFile:rf|rf[19][22]  ; 2       ;
; RegisterFile:rf|rf[23][22]  ; 2       ;
; RegisterFile:rf|rf[27][22]  ; 2       ;
; RegisterFile:rf|rf[28][22]  ; 2       ;
; RegisterFile:rf|rf[16][22]  ; 2       ;
; RegisterFile:rf|rf[24][22]  ; 2       ;
; RegisterFile:rf|rf[20][22]  ; 2       ;
; RegisterFile:rf|rf[29][22]  ; 2       ;
; RegisterFile:rf|rf[17][22]  ; 2       ;
; RegisterFile:rf|rf[21][22]  ; 2       ;
; RegisterFile:rf|rf[25][22]  ; 2       ;
; RegisterFile:rf|rf[30][22]  ; 2       ;
; RegisterFile:rf|rf[18][22]  ; 2       ;
; RegisterFile:rf|rf[26][22]  ; 2       ;
; RegisterFile:rf|rf[22][22]  ; 2       ;
; RegisterFile:rf|rf[15][21]  ; 2       ;
; RegisterFile:rf|rf[12][21]  ; 2       ;
; RegisterFile:rf|rf[13][21]  ; 2       ;
; RegisterFile:rf|rf[14][21]  ; 2       ;
; RegisterFile:rf|rf[3][21]   ; 2       ;
; RegisterFile:rf|rf[0][21]   ; 2       ;
; RegisterFile:rf|rf[2][21]   ; 2       ;
; RegisterFile:rf|rf[1][21]   ; 2       ;
; RegisterFile:rf|rf[11][21]  ; 2       ;
; RegisterFile:rf|rf[8][21]   ; 2       ;
; RegisterFile:rf|rf[10][21]  ; 2       ;
; RegisterFile:rf|rf[9][21]   ; 2       ;
; RegisterFile:rf|rf[7][21]   ; 2       ;
; RegisterFile:rf|rf[4][21]   ; 2       ;
; RegisterFile:rf|rf[5][21]   ; 2       ;
; RegisterFile:rf|rf[6][21]   ; 2       ;
; RegisterFile:rf|rf[31][21]  ; 2       ;
; RegisterFile:rf|rf[19][21]  ; 2       ;
; RegisterFile:rf|rf[27][21]  ; 2       ;
; RegisterFile:rf|rf[23][21]  ; 2       ;
; RegisterFile:rf|rf[28][21]  ; 2       ;
; RegisterFile:rf|rf[16][21]  ; 2       ;
; RegisterFile:rf|rf[20][21]  ; 2       ;
; RegisterFile:rf|rf[24][21]  ; 2       ;
; RegisterFile:rf|rf[30][21]  ; 2       ;
; RegisterFile:rf|rf[18][21]  ; 2       ;
; RegisterFile:rf|rf[22][21]  ; 2       ;
; RegisterFile:rf|rf[26][21]  ; 2       ;
; RegisterFile:rf|rf[29][21]  ; 2       ;
; RegisterFile:rf|rf[17][21]  ; 2       ;
; RegisterFile:rf|rf[25][21]  ; 2       ;
; RegisterFile:rf|rf[21][21]  ; 2       ;
; RegisterFile:rf|rf[15][20]  ; 2       ;
; RegisterFile:rf|rf[12][20]  ; 2       ;
; RegisterFile:rf|rf[14][20]  ; 2       ;
; RegisterFile:rf|rf[13][20]  ; 2       ;
; RegisterFile:rf|rf[3][20]   ; 2       ;
; RegisterFile:rf|rf[0][20]   ; 2       ;
; RegisterFile:rf|rf[1][20]   ; 2       ;
; RegisterFile:rf|rf[2][20]   ; 2       ;
; RegisterFile:rf|rf[7][20]   ; 2       ;
; RegisterFile:rf|rf[4][20]   ; 2       ;
; RegisterFile:rf|rf[6][20]   ; 2       ;
; RegisterFile:rf|rf[5][20]   ; 2       ;
; RegisterFile:rf|rf[11][20]  ; 2       ;
; RegisterFile:rf|rf[8][20]   ; 2       ;
; RegisterFile:rf|rf[9][20]   ; 2       ;
; RegisterFile:rf|rf[10][20]  ; 2       ;
; RegisterFile:rf|rf[31][20]  ; 2       ;
; RegisterFile:rf|rf[19][20]  ; 2       ;
; RegisterFile:rf|rf[23][20]  ; 2       ;
; RegisterFile:rf|rf[27][20]  ; 2       ;
; RegisterFile:rf|rf[28][20]  ; 2       ;
; RegisterFile:rf|rf[16][20]  ; 2       ;
; RegisterFile:rf|rf[24][20]  ; 2       ;
; RegisterFile:rf|rf[20][20]  ; 2       ;
; RegisterFile:rf|rf[29][20]  ; 2       ;
; RegisterFile:rf|rf[17][20]  ; 2       ;
; RegisterFile:rf|rf[21][20]  ; 2       ;
; RegisterFile:rf|rf[25][20]  ; 2       ;
; RegisterFile:rf|rf[30][20]  ; 2       ;
; RegisterFile:rf|rf[18][20]  ; 2       ;
; RegisterFile:rf|rf[26][20]  ; 2       ;
; RegisterFile:rf|rf[22][20]  ; 2       ;
; RegisterFile:rf|rf[15][19]  ; 2       ;
; RegisterFile:rf|rf[12][19]  ; 2       ;
; RegisterFile:rf|rf[13][19]  ; 2       ;
; RegisterFile:rf|rf[14][19]  ; 2       ;
; RegisterFile:rf|rf[3][19]   ; 2       ;
; RegisterFile:rf|rf[0][19]   ; 2       ;
; RegisterFile:rf|rf[2][19]   ; 2       ;
; RegisterFile:rf|rf[1][19]   ; 2       ;
; RegisterFile:rf|rf[11][19]  ; 2       ;
; RegisterFile:rf|rf[8][19]   ; 2       ;
; RegisterFile:rf|rf[10][19]  ; 2       ;
; RegisterFile:rf|rf[9][19]   ; 2       ;
; RegisterFile:rf|rf[7][19]   ; 2       ;
; RegisterFile:rf|rf[4][19]   ; 2       ;
; RegisterFile:rf|rf[5][19]   ; 2       ;
; RegisterFile:rf|rf[6][19]   ; 2       ;
; RegisterFile:rf|rf[31][19]  ; 2       ;
; RegisterFile:rf|rf[19][19]  ; 2       ;
; RegisterFile:rf|rf[27][19]  ; 2       ;
; RegisterFile:rf|rf[23][19]  ; 2       ;
; RegisterFile:rf|rf[28][19]  ; 2       ;
; RegisterFile:rf|rf[16][19]  ; 2       ;
; RegisterFile:rf|rf[20][19]  ; 2       ;
; RegisterFile:rf|rf[24][19]  ; 2       ;
; RegisterFile:rf|rf[30][19]  ; 2       ;
; RegisterFile:rf|rf[18][19]  ; 2       ;
; RegisterFile:rf|rf[22][19]  ; 2       ;
; RegisterFile:rf|rf[26][19]  ; 2       ;
; RegisterFile:rf|rf[29][19]  ; 2       ;
; RegisterFile:rf|rf[17][19]  ; 2       ;
; RegisterFile:rf|rf[25][19]  ; 2       ;
; RegisterFile:rf|rf[21][19]  ; 2       ;
; RegisterFile:rf|rf[15][18]  ; 2       ;
; RegisterFile:rf|rf[12][18]  ; 2       ;
; RegisterFile:rf|rf[14][18]  ; 2       ;
; RegisterFile:rf|rf[13][18]  ; 2       ;
; RegisterFile:rf|rf[3][18]   ; 2       ;
; RegisterFile:rf|rf[0][18]   ; 2       ;
; RegisterFile:rf|rf[1][18]   ; 2       ;
; RegisterFile:rf|rf[2][18]   ; 2       ;
; RegisterFile:rf|rf[7][18]   ; 2       ;
; RegisterFile:rf|rf[4][18]   ; 2       ;
; RegisterFile:rf|rf[6][18]   ; 2       ;
; RegisterFile:rf|rf[5][18]   ; 2       ;
; RegisterFile:rf|rf[11][18]  ; 2       ;
; RegisterFile:rf|rf[8][18]   ; 2       ;
; RegisterFile:rf|rf[9][18]   ; 2       ;
; RegisterFile:rf|rf[10][18]  ; 2       ;
; RegisterFile:rf|rf[31][18]  ; 2       ;
; RegisterFile:rf|rf[19][18]  ; 2       ;
; RegisterFile:rf|rf[23][18]  ; 2       ;
; RegisterFile:rf|rf[27][18]  ; 2       ;
; RegisterFile:rf|rf[28][18]  ; 2       ;
; RegisterFile:rf|rf[16][18]  ; 2       ;
; RegisterFile:rf|rf[24][18]  ; 2       ;
; RegisterFile:rf|rf[20][18]  ; 2       ;
; RegisterFile:rf|rf[29][18]  ; 2       ;
; RegisterFile:rf|rf[17][18]  ; 2       ;
; RegisterFile:rf|rf[21][18]  ; 2       ;
; RegisterFile:rf|rf[25][18]  ; 2       ;
; RegisterFile:rf|rf[30][18]  ; 2       ;
; RegisterFile:rf|rf[18][18]  ; 2       ;
; RegisterFile:rf|rf[26][18]  ; 2       ;
; RegisterFile:rf|rf[22][18]  ; 2       ;
; RegisterFile:rf|rf[15][17]  ; 2       ;
; RegisterFile:rf|rf[12][17]  ; 2       ;
; RegisterFile:rf|rf[13][17]  ; 2       ;
; RegisterFile:rf|rf[14][17]  ; 2       ;
; RegisterFile:rf|rf[3][17]   ; 2       ;
; RegisterFile:rf|rf[0][17]   ; 2       ;
; RegisterFile:rf|rf[2][17]   ; 2       ;
; RegisterFile:rf|rf[1][17]   ; 2       ;
; RegisterFile:rf|rf[11][17]  ; 2       ;
; RegisterFile:rf|rf[8][17]   ; 2       ;
; RegisterFile:rf|rf[10][17]  ; 2       ;
; RegisterFile:rf|rf[9][17]   ; 2       ;
; RegisterFile:rf|rf[7][17]   ; 2       ;
; RegisterFile:rf|rf[4][17]   ; 2       ;
; RegisterFile:rf|rf[5][17]   ; 2       ;
; RegisterFile:rf|rf[6][17]   ; 2       ;
; RegisterFile:rf|rf[31][17]  ; 2       ;
; RegisterFile:rf|rf[19][17]  ; 2       ;
; RegisterFile:rf|rf[27][17]  ; 2       ;
; RegisterFile:rf|rf[23][17]  ; 2       ;
; RegisterFile:rf|rf[28][17]  ; 2       ;
; RegisterFile:rf|rf[16][17]  ; 2       ;
; RegisterFile:rf|rf[20][17]  ; 2       ;
; RegisterFile:rf|rf[24][17]  ; 2       ;
; RegisterFile:rf|rf[30][17]  ; 2       ;
; RegisterFile:rf|rf[18][17]  ; 2       ;
; RegisterFile:rf|rf[22][17]  ; 2       ;
; RegisterFile:rf|rf[26][17]  ; 2       ;
; RegisterFile:rf|rf[29][17]  ; 2       ;
; RegisterFile:rf|rf[17][17]  ; 2       ;
; RegisterFile:rf|rf[25][17]  ; 2       ;
; RegisterFile:rf|rf[21][17]  ; 2       ;
; RegisterFile:rf|rf[15][16]  ; 2       ;
; RegisterFile:rf|rf[12][16]  ; 2       ;
; RegisterFile:rf|rf[14][16]  ; 2       ;
; RegisterFile:rf|rf[13][16]  ; 2       ;
; RegisterFile:rf|rf[3][16]   ; 2       ;
; RegisterFile:rf|rf[0][16]   ; 2       ;
; RegisterFile:rf|rf[1][16]   ; 2       ;
; RegisterFile:rf|rf[2][16]   ; 2       ;
; RegisterFile:rf|rf[7][16]   ; 2       ;
; RegisterFile:rf|rf[4][16]   ; 2       ;
; RegisterFile:rf|rf[6][16]   ; 2       ;
; RegisterFile:rf|rf[5][16]   ; 2       ;
; RegisterFile:rf|rf[11][16]  ; 2       ;
; RegisterFile:rf|rf[8][16]   ; 2       ;
; RegisterFile:rf|rf[9][16]   ; 2       ;
; RegisterFile:rf|rf[10][16]  ; 2       ;
; RegisterFile:rf|rf[31][16]  ; 2       ;
; RegisterFile:rf|rf[19][16]  ; 2       ;
; RegisterFile:rf|rf[23][16]  ; 2       ;
; RegisterFile:rf|rf[27][16]  ; 2       ;
; RegisterFile:rf|rf[28][16]  ; 2       ;
; RegisterFile:rf|rf[16][16]  ; 2       ;
; RegisterFile:rf|rf[24][16]  ; 2       ;
; RegisterFile:rf|rf[20][16]  ; 2       ;
; RegisterFile:rf|rf[29][16]  ; 2       ;
; RegisterFile:rf|rf[17][16]  ; 2       ;
; RegisterFile:rf|rf[21][16]  ; 2       ;
; RegisterFile:rf|rf[25][16]  ; 2       ;
; RegisterFile:rf|rf[30][16]  ; 2       ;
; RegisterFile:rf|rf[18][16]  ; 2       ;
; RegisterFile:rf|rf[26][16]  ; 2       ;
; RegisterFile:rf|rf[22][16]  ; 2       ;
; RegisterFile:rf|rf[15][15]  ; 2       ;
; RegisterFile:rf|rf[12][15]  ; 2       ;
; RegisterFile:rf|rf[13][15]  ; 2       ;
; RegisterFile:rf|rf[14][15]  ; 2       ;
; RegisterFile:rf|rf[3][15]   ; 2       ;
; RegisterFile:rf|rf[0][15]   ; 2       ;
; RegisterFile:rf|rf[2][15]   ; 2       ;
; RegisterFile:rf|rf[1][15]   ; 2       ;
; RegisterFile:rf|rf[11][15]  ; 2       ;
; RegisterFile:rf|rf[8][15]   ; 2       ;
; RegisterFile:rf|rf[10][15]  ; 2       ;
; RegisterFile:rf|rf[9][15]   ; 2       ;
; RegisterFile:rf|rf[7][15]   ; 2       ;
; RegisterFile:rf|rf[4][15]   ; 2       ;
; RegisterFile:rf|rf[5][15]   ; 2       ;
; RegisterFile:rf|rf[6][15]   ; 2       ;
; RegisterFile:rf|rf[31][15]  ; 2       ;
; RegisterFile:rf|rf[19][15]  ; 2       ;
; RegisterFile:rf|rf[27][15]  ; 2       ;
; RegisterFile:rf|rf[23][15]  ; 2       ;
; RegisterFile:rf|rf[28][15]  ; 2       ;
; RegisterFile:rf|rf[16][15]  ; 2       ;
; RegisterFile:rf|rf[20][15]  ; 2       ;
; RegisterFile:rf|rf[24][15]  ; 2       ;
; RegisterFile:rf|rf[30][15]  ; 2       ;
; RegisterFile:rf|rf[18][15]  ; 2       ;
; RegisterFile:rf|rf[22][15]  ; 2       ;
; RegisterFile:rf|rf[26][15]  ; 2       ;
; RegisterFile:rf|rf[29][15]  ; 2       ;
; RegisterFile:rf|rf[17][15]  ; 2       ;
; RegisterFile:rf|rf[25][15]  ; 2       ;
; RegisterFile:rf|rf[21][15]  ; 2       ;
; RegisterFile:rf|rf[15][14]  ; 2       ;
; RegisterFile:rf|rf[12][14]  ; 2       ;
; RegisterFile:rf|rf[14][14]  ; 2       ;
; RegisterFile:rf|rf[13][14]  ; 2       ;
; RegisterFile:rf|rf[3][14]   ; 2       ;
; RegisterFile:rf|rf[0][14]   ; 2       ;
; RegisterFile:rf|rf[1][14]   ; 2       ;
; RegisterFile:rf|rf[2][14]   ; 2       ;
; RegisterFile:rf|rf[7][14]   ; 2       ;
; RegisterFile:rf|rf[4][14]   ; 2       ;
; RegisterFile:rf|rf[6][14]   ; 2       ;
; RegisterFile:rf|rf[5][14]   ; 2       ;
; RegisterFile:rf|rf[11][14]  ; 2       ;
; RegisterFile:rf|rf[8][14]   ; 2       ;
; RegisterFile:rf|rf[9][14]   ; 2       ;
; RegisterFile:rf|rf[10][14]  ; 2       ;
; RegisterFile:rf|rf[31][14]  ; 2       ;
; RegisterFile:rf|rf[19][14]  ; 2       ;
; RegisterFile:rf|rf[23][14]  ; 2       ;
; RegisterFile:rf|rf[27][14]  ; 2       ;
; RegisterFile:rf|rf[28][14]  ; 2       ;
; RegisterFile:rf|rf[16][14]  ; 2       ;
; RegisterFile:rf|rf[24][14]  ; 2       ;
; RegisterFile:rf|rf[20][14]  ; 2       ;
; RegisterFile:rf|rf[29][14]  ; 2       ;
; RegisterFile:rf|rf[17][14]  ; 2       ;
; RegisterFile:rf|rf[21][14]  ; 2       ;
; RegisterFile:rf|rf[25][14]  ; 2       ;
; RegisterFile:rf|rf[30][14]  ; 2       ;
; RegisterFile:rf|rf[18][14]  ; 2       ;
; RegisterFile:rf|rf[26][14]  ; 2       ;
; RegisterFile:rf|rf[22][14]  ; 2       ;
; RegisterFile:rf|rf[15][13]  ; 2       ;
; RegisterFile:rf|rf[12][13]  ; 2       ;
; RegisterFile:rf|rf[13][13]  ; 2       ;
; RegisterFile:rf|rf[14][13]  ; 2       ;
; RegisterFile:rf|rf[3][13]   ; 2       ;
; RegisterFile:rf|rf[0][13]   ; 2       ;
; RegisterFile:rf|rf[2][13]   ; 2       ;
; RegisterFile:rf|rf[1][13]   ; 2       ;
; RegisterFile:rf|rf[11][13]  ; 2       ;
; RegisterFile:rf|rf[8][13]   ; 2       ;
; RegisterFile:rf|rf[10][13]  ; 2       ;
; RegisterFile:rf|rf[9][13]   ; 2       ;
; RegisterFile:rf|rf[7][13]   ; 2       ;
; RegisterFile:rf|rf[4][13]   ; 2       ;
; RegisterFile:rf|rf[5][13]   ; 2       ;
; RegisterFile:rf|rf[6][13]   ; 2       ;
; RegisterFile:rf|rf[31][13]  ; 2       ;
; RegisterFile:rf|rf[19][13]  ; 2       ;
; RegisterFile:rf|rf[27][13]  ; 2       ;
; RegisterFile:rf|rf[23][13]  ; 2       ;
; RegisterFile:rf|rf[28][13]  ; 2       ;
; RegisterFile:rf|rf[16][13]  ; 2       ;
; RegisterFile:rf|rf[20][13]  ; 2       ;
; RegisterFile:rf|rf[24][13]  ; 2       ;
; RegisterFile:rf|rf[30][13]  ; 2       ;
; RegisterFile:rf|rf[18][13]  ; 2       ;
; RegisterFile:rf|rf[22][13]  ; 2       ;
; RegisterFile:rf|rf[26][13]  ; 2       ;
; RegisterFile:rf|rf[29][13]  ; 2       ;
; RegisterFile:rf|rf[17][13]  ; 2       ;
; RegisterFile:rf|rf[25][13]  ; 2       ;
; RegisterFile:rf|rf[21][13]  ; 2       ;
; RegisterFile:rf|rf[15][12]  ; 2       ;
; RegisterFile:rf|rf[12][12]  ; 2       ;
; RegisterFile:rf|rf[14][12]  ; 2       ;
; RegisterFile:rf|rf[13][12]  ; 2       ;
; RegisterFile:rf|rf[3][12]   ; 2       ;
; RegisterFile:rf|rf[0][12]   ; 2       ;
; RegisterFile:rf|rf[1][12]   ; 2       ;
; RegisterFile:rf|rf[2][12]   ; 2       ;
; RegisterFile:rf|rf[7][12]   ; 2       ;
; RegisterFile:rf|rf[4][12]   ; 2       ;
; RegisterFile:rf|rf[6][12]   ; 2       ;
; RegisterFile:rf|rf[5][12]   ; 2       ;
; RegisterFile:rf|rf[11][12]  ; 2       ;
; RegisterFile:rf|rf[8][12]   ; 2       ;
; RegisterFile:rf|rf[9][12]   ; 2       ;
; RegisterFile:rf|rf[10][12]  ; 2       ;
; RegisterFile:rf|rf[31][12]  ; 2       ;
; RegisterFile:rf|rf[19][12]  ; 2       ;
; RegisterFile:rf|rf[23][12]  ; 2       ;
; RegisterFile:rf|rf[27][12]  ; 2       ;
; RegisterFile:rf|rf[28][12]  ; 2       ;
; RegisterFile:rf|rf[16][12]  ; 2       ;
; RegisterFile:rf|rf[24][12]  ; 2       ;
; RegisterFile:rf|rf[20][12]  ; 2       ;
; RegisterFile:rf|rf[29][12]  ; 2       ;
; RegisterFile:rf|rf[17][12]  ; 2       ;
; RegisterFile:rf|rf[21][12]  ; 2       ;
; RegisterFile:rf|rf[25][12]  ; 2       ;
; RegisterFile:rf|rf[30][12]  ; 2       ;
; RegisterFile:rf|rf[18][12]  ; 2       ;
; RegisterFile:rf|rf[26][12]  ; 2       ;
; RegisterFile:rf|rf[22][12]  ; 2       ;
; RegisterFile:rf|rf[15][11]  ; 2       ;
; RegisterFile:rf|rf[12][11]  ; 2       ;
; RegisterFile:rf|rf[13][11]  ; 2       ;
; RegisterFile:rf|rf[14][11]  ; 2       ;
; RegisterFile:rf|rf[3][11]   ; 2       ;
; RegisterFile:rf|rf[0][11]   ; 2       ;
; RegisterFile:rf|rf[2][11]   ; 2       ;
; RegisterFile:rf|rf[1][11]   ; 2       ;
; RegisterFile:rf|rf[11][11]  ; 2       ;
; RegisterFile:rf|rf[8][11]   ; 2       ;
; RegisterFile:rf|rf[10][11]  ; 2       ;
; RegisterFile:rf|rf[9][11]   ; 2       ;
; RegisterFile:rf|rf[7][11]   ; 2       ;
; RegisterFile:rf|rf[4][11]   ; 2       ;
; RegisterFile:rf|rf[5][11]   ; 2       ;
; RegisterFile:rf|rf[6][11]   ; 2       ;
; RegisterFile:rf|rf[31][11]  ; 2       ;
; RegisterFile:rf|rf[19][11]  ; 2       ;
; RegisterFile:rf|rf[27][11]  ; 2       ;
; RegisterFile:rf|rf[23][11]  ; 2       ;
; RegisterFile:rf|rf[28][11]  ; 2       ;
; RegisterFile:rf|rf[16][11]  ; 2       ;
; RegisterFile:rf|rf[20][11]  ; 2       ;
; RegisterFile:rf|rf[24][11]  ; 2       ;
; RegisterFile:rf|rf[30][11]  ; 2       ;
; RegisterFile:rf|rf[18][11]  ; 2       ;
; RegisterFile:rf|rf[22][11]  ; 2       ;
; RegisterFile:rf|rf[26][11]  ; 2       ;
; RegisterFile:rf|rf[29][11]  ; 2       ;
; RegisterFile:rf|rf[17][11]  ; 2       ;
; RegisterFile:rf|rf[25][11]  ; 2       ;
; RegisterFile:rf|rf[21][11]  ; 2       ;
; RegisterFile:rf|rf[15][10]  ; 2       ;
; RegisterFile:rf|rf[12][10]  ; 2       ;
; RegisterFile:rf|rf[14][10]  ; 2       ;
; RegisterFile:rf|rf[13][10]  ; 2       ;
; RegisterFile:rf|rf[3][10]   ; 2       ;
; RegisterFile:rf|rf[0][10]   ; 2       ;
; RegisterFile:rf|rf[1][10]   ; 2       ;
; RegisterFile:rf|rf[2][10]   ; 2       ;
; RegisterFile:rf|rf[7][10]   ; 2       ;
; RegisterFile:rf|rf[4][10]   ; 2       ;
; RegisterFile:rf|rf[6][10]   ; 2       ;
; RegisterFile:rf|rf[5][10]   ; 2       ;
; RegisterFile:rf|rf[11][10]  ; 2       ;
; RegisterFile:rf|rf[8][10]   ; 2       ;
; RegisterFile:rf|rf[9][10]   ; 2       ;
; RegisterFile:rf|rf[10][10]  ; 2       ;
; RegisterFile:rf|rf[31][10]  ; 2       ;
; RegisterFile:rf|rf[19][10]  ; 2       ;
; RegisterFile:rf|rf[23][10]  ; 2       ;
; RegisterFile:rf|rf[27][10]  ; 2       ;
; RegisterFile:rf|rf[28][10]  ; 2       ;
; RegisterFile:rf|rf[16][10]  ; 2       ;
; RegisterFile:rf|rf[24][10]  ; 2       ;
; RegisterFile:rf|rf[20][10]  ; 2       ;
; RegisterFile:rf|rf[29][10]  ; 2       ;
; RegisterFile:rf|rf[17][10]  ; 2       ;
; RegisterFile:rf|rf[21][10]  ; 2       ;
; RegisterFile:rf|rf[25][10]  ; 2       ;
; RegisterFile:rf|rf[30][10]  ; 2       ;
; RegisterFile:rf|rf[18][10]  ; 2       ;
; RegisterFile:rf|rf[26][10]  ; 2       ;
; RegisterFile:rf|rf[22][10]  ; 2       ;
; RegisterFile:rf|rf[15][9]   ; 2       ;
; RegisterFile:rf|rf[12][9]   ; 2       ;
; RegisterFile:rf|rf[13][9]   ; 2       ;
; RegisterFile:rf|rf[14][9]   ; 2       ;
; RegisterFile:rf|rf[3][9]    ; 2       ;
; RegisterFile:rf|rf[0][9]    ; 2       ;
; RegisterFile:rf|rf[2][9]    ; 2       ;
; RegisterFile:rf|rf[1][9]    ; 2       ;
; RegisterFile:rf|rf[11][9]   ; 2       ;
; RegisterFile:rf|rf[8][9]    ; 2       ;
; RegisterFile:rf|rf[10][9]   ; 2       ;
; RegisterFile:rf|rf[9][9]    ; 2       ;
; RegisterFile:rf|rf[7][9]    ; 2       ;
; RegisterFile:rf|rf[4][9]    ; 2       ;
; RegisterFile:rf|rf[5][9]    ; 2       ;
; RegisterFile:rf|rf[6][9]    ; 2       ;
; RegisterFile:rf|rf[31][9]   ; 2       ;
; RegisterFile:rf|rf[19][9]   ; 2       ;
; RegisterFile:rf|rf[27][9]   ; 2       ;
; RegisterFile:rf|rf[23][9]   ; 2       ;
; RegisterFile:rf|rf[28][9]   ; 2       ;
; RegisterFile:rf|rf[16][9]   ; 2       ;
; RegisterFile:rf|rf[20][9]   ; 2       ;
; RegisterFile:rf|rf[24][9]   ; 2       ;
; RegisterFile:rf|rf[30][9]   ; 2       ;
; RegisterFile:rf|rf[18][9]   ; 2       ;
; RegisterFile:rf|rf[22][9]   ; 2       ;
; RegisterFile:rf|rf[26][9]   ; 2       ;
; RegisterFile:rf|rf[29][9]   ; 2       ;
; RegisterFile:rf|rf[17][9]   ; 2       ;
; RegisterFile:rf|rf[25][9]   ; 2       ;
; RegisterFile:rf|rf[21][9]   ; 2       ;
; RegisterFile:rf|rf[15][8]   ; 2       ;
; RegisterFile:rf|rf[12][8]   ; 2       ;
; RegisterFile:rf|rf[14][8]   ; 2       ;
; RegisterFile:rf|rf[13][8]   ; 2       ;
; RegisterFile:rf|rf[3][8]    ; 2       ;
; RegisterFile:rf|rf[0][8]    ; 2       ;
; RegisterFile:rf|rf[1][8]    ; 2       ;
; RegisterFile:rf|rf[2][8]    ; 2       ;
; RegisterFile:rf|rf[7][8]    ; 2       ;
; RegisterFile:rf|rf[4][8]    ; 2       ;
; RegisterFile:rf|rf[6][8]    ; 2       ;
; RegisterFile:rf|rf[5][8]    ; 2       ;
; RegisterFile:rf|rf[11][8]   ; 2       ;
; RegisterFile:rf|rf[8][8]    ; 2       ;
; RegisterFile:rf|rf[9][8]    ; 2       ;
; RegisterFile:rf|rf[10][8]   ; 2       ;
; RegisterFile:rf|rf[31][8]   ; 2       ;
; RegisterFile:rf|rf[19][8]   ; 2       ;
; RegisterFile:rf|rf[23][8]   ; 2       ;
; RegisterFile:rf|rf[27][8]   ; 2       ;
; RegisterFile:rf|rf[28][8]   ; 2       ;
; RegisterFile:rf|rf[16][8]   ; 2       ;
; RegisterFile:rf|rf[24][8]   ; 2       ;
; RegisterFile:rf|rf[20][8]   ; 2       ;
; RegisterFile:rf|rf[29][8]   ; 2       ;
; RegisterFile:rf|rf[17][8]   ; 2       ;
; RegisterFile:rf|rf[21][8]   ; 2       ;
; RegisterFile:rf|rf[25][8]   ; 2       ;
; RegisterFile:rf|rf[30][8]   ; 2       ;
; RegisterFile:rf|rf[18][8]   ; 2       ;
; RegisterFile:rf|rf[26][8]   ; 2       ;
; RegisterFile:rf|rf[22][8]   ; 2       ;
; RegisterFile:rf|rf[15][7]   ; 2       ;
; RegisterFile:rf|rf[12][7]   ; 2       ;
; RegisterFile:rf|rf[13][7]   ; 2       ;
; RegisterFile:rf|rf[14][7]   ; 2       ;
; RegisterFile:rf|rf[3][7]    ; 2       ;
+-----------------------------+---------+


+------------------------------------------------------+
; Other Routing Usage Summary                          ;
+-----------------------------+------------------------+
; Other Routing Resource Type ; Usage                  ;
+-----------------------------+------------------------+
; Block interconnects         ; 7,465 / 94,460 ( 8 % ) ;
; C16 interconnects           ; 174 / 3,315 ( 5 % )    ;
; C4 interconnects            ; 5,041 / 60,840 ( 8 % ) ;
; Direct links                ; 466 / 94,460 ( < 1 % ) ;
; Global clocks               ; 2 / 16 ( 13 % )        ;
; Local interconnects         ; 1,815 / 33,216 ( 5 % ) ;
; R24 interconnects           ; 158 / 3,091 ( 5 % )    ;
; R4 interconnects            ; 5,571 / 81,294 ( 7 % ) ;
+-----------------------------+------------------------+


+-----------------------------------------------------------------------------+
; LAB Logic Elements                                                          ;
+---------------------------------------------+-------------------------------+
; Number of Logic Elements  (Average = 13.30) ; Number of LABs  (Total = 316) ;
+---------------------------------------------+-------------------------------+
; 1                                           ; 5                             ;
; 2                                           ; 11                            ;
; 3                                           ; 5                             ;
; 4                                           ; 13                            ;
; 5                                           ; 7                             ;
; 6                                           ; 6                             ;
; 7                                           ; 3                             ;
; 8                                           ; 2                             ;
; 9                                           ; 3                             ;
; 10                                          ; 3                             ;
; 11                                          ; 2                             ;
; 12                                          ; 9                             ;
; 13                                          ; 23                            ;
; 14                                          ; 17                            ;
; 15                                          ; 35                            ;
; 16                                          ; 172                           ;
+---------------------------------------------+-------------------------------+


+--------------------------------------------------------------------+
; LAB-wide Signals                                                   ;
+------------------------------------+-------------------------------+
; LAB-wide Signals  (Average = 2.33) ; Number of LABs  (Total = 316) ;
+------------------------------------+-------------------------------+
; 1 Async. clear                     ; 122                           ;
; 1 Clock                            ; 311                           ;
; 1 Clock enable                     ; 23                            ;
; 2 Clock enables                    ; 280                           ;
+------------------------------------+-------------------------------+


+------------------------------------------------------------------------------+
; LAB Signals Sourced                                                          ;
+----------------------------------------------+-------------------------------+
; Number of Signals Sourced  (Average = 21.17) ; Number of LABs  (Total = 316) ;
+----------------------------------------------+-------------------------------+
; 0                                            ; 0                             ;
; 1                                            ; 2                             ;
; 2                                            ; 3                             ;
; 3                                            ; 4                             ;
; 4                                            ; 9                             ;
; 5                                            ; 5                             ;
; 6                                            ; 12                            ;
; 7                                            ; 1                             ;
; 8                                            ; 5                             ;
; 9                                            ; 4                             ;
; 10                                           ; 3                             ;
; 11                                           ; 3                             ;
; 12                                           ; 0                             ;
; 13                                           ; 3                             ;
; 14                                           ; 5                             ;
; 15                                           ; 10                            ;
; 16                                           ; 8                             ;
; 17                                           ; 10                            ;
; 18                                           ; 14                            ;
; 19                                           ; 4                             ;
; 20                                           ; 11                            ;
; 21                                           ; 15                            ;
; 22                                           ; 14                            ;
; 23                                           ; 18                            ;
; 24                                           ; 12                            ;
; 25                                           ; 25                            ;
; 26                                           ; 23                            ;
; 27                                           ; 14                            ;
; 28                                           ; 19                            ;
; 29                                           ; 16                            ;
; 30                                           ; 18                            ;
; 31                                           ; 7                             ;
; 32                                           ; 19                            ;
+----------------------------------------------+-------------------------------+


+----------------------------------------------------------------------------------+
; LAB Signals Sourced Out                                                          ;
+--------------------------------------------------+-------------------------------+
; Number of Signals Sourced Out  (Average = 10.47) ; Number of LABs  (Total = 316) ;
+--------------------------------------------------+-------------------------------+
; 0                                                ; 0                             ;
; 1                                                ; 13                            ;
; 2                                                ; 19                            ;
; 3                                                ; 13                            ;
; 4                                                ; 12                            ;
; 5                                                ; 11                            ;
; 6                                                ; 10                            ;
; 7                                                ; 9                             ;
; 8                                                ; 14                            ;
; 9                                                ; 19                            ;
; 10                                               ; 22                            ;
; 11                                               ; 28                            ;
; 12                                               ; 29                            ;
; 13                                               ; 19                            ;
; 14                                               ; 20                            ;
; 15                                               ; 17                            ;
; 16                                               ; 34                            ;
; 17                                               ; 7                             ;
; 18                                               ; 10                            ;
; 19                                               ; 4                             ;
; 20                                               ; 1                             ;
; 21                                               ; 1                             ;
; 22                                               ; 2                             ;
; 23                                               ; 1                             ;
; 24                                               ; 0                             ;
; 25                                               ; 0                             ;
; 26                                               ; 1                             ;
+--------------------------------------------------+-------------------------------+


+------------------------------------------------------------------------------+
; LAB Distinct Inputs                                                          ;
+----------------------------------------------+-------------------------------+
; Number of Distinct Inputs  (Average = 23.30) ; Number of LABs  (Total = 316) ;
+----------------------------------------------+-------------------------------+
; 0                                            ; 0                             ;
; 1                                            ; 0                             ;
; 2                                            ; 0                             ;
; 3                                            ; 3                             ;
; 4                                            ; 3                             ;
; 5                                            ; 2                             ;
; 6                                            ; 3                             ;
; 7                                            ; 2                             ;
; 8                                            ; 8                             ;
; 9                                            ; 11                            ;
; 10                                           ; 3                             ;
; 11                                           ; 8                             ;
; 12                                           ; 3                             ;
; 13                                           ; 9                             ;
; 14                                           ; 10                            ;
; 15                                           ; 5                             ;
; 16                                           ; 11                            ;
; 17                                           ; 5                             ;
; 18                                           ; 6                             ;
; 19                                           ; 10                            ;
; 20                                           ; 1                             ;
; 21                                           ; 8                             ;
; 22                                           ; 7                             ;
; 23                                           ; 12                            ;
; 24                                           ; 7                             ;
; 25                                           ; 9                             ;
; 26                                           ; 6                             ;
; 27                                           ; 17                            ;
; 28                                           ; 17                            ;
; 29                                           ; 18                            ;
; 30                                           ; 32                            ;
; 31                                           ; 63                            ;
; 32                                           ; 15                            ;
; 33                                           ; 0                             ;
; 34                                           ; 0                             ;
; 35                                           ; 0                             ;
; 36                                           ; 0                             ;
; 37                                           ; 1                             ;
; 38                                           ; 1                             ;
+----------------------------------------------+-------------------------------+


+-------------------------------------------------------------------------+
; Fitter Device Options                                                   ;
+----------------------------------------------+--------------------------+
; Option                                       ; Setting                  ;
+----------------------------------------------+--------------------------+
; Enable user-supplied start-up clock (CLKUSR) ; Off                      ;
; Enable device-wide reset (DEV_CLRn)          ; Off                      ;
; Enable device-wide output enable (DEV_OE)    ; Off                      ;
; Enable INIT_DONE output                      ; Off                      ;
; Configuration scheme                         ; Active Serial            ;
; Error detection CRC                          ; Off                      ;
; nCEO                                         ; As output driving ground ;
; ASDO,nCSO                                    ; As input tri-stated      ;
; Reserve all unused pins                      ; As output driving ground ;
; Base pin-out file on sameframe device        ; Off                      ;
+----------------------------------------------+--------------------------+


+------------------------------------+
; Operating Settings and Conditions  ;
+---------------------------+--------+
; Setting                   ; Value  ;
+---------------------------+--------+
; Nominal Core Voltage      ; 1.20 V ;
; Low Junction Temperature  ; 0 °C   ;
; High Junction Temperature ; 85 °C  ;
+---------------------------+--------+


+-----------------+
; Fitter Messages ;
+-----------------+
Warning (20028): Parallel compilation is not licensed and has been disabled
Info (119006): Selected device EP2C35F672C6 for design "Lab5"
Info (21077): Low junction temperature is 0 degrees C
Info (21077): High junction temperature is 85 degrees C
Info (171003): Fitter is performing an Auto Fit compilation, which may decrease Fitter effort to reduce compilation time
Warning (292013): Feature LogicLock is only available with a valid subscription license. You can purchase a software subscription to gain full access to this feature.
Info (176444): Device migration not selected. If you intend to use device migration later, you may need to change the pin assignments as they may be incompatible with other devices
    Info (176445): Device EP2C50F672C6 is compatible
    Info (176445): Device EP2C70F672C6 is compatible
Info (169124): Fitter converted 3 user pins into dedicated programming pins
    Info (169125): Pin ~ASDO~ is reserved at location E3
    Info (169125): Pin ~nCSO~ is reserved at location D3
    Info (169125): Pin ~LVDS150p/nCEO~ is reserved at location AE24
Critical Warning (169085): No exact pin location assignment(s) for 130 pins of 130 total pins
    Info (169086): Pin ALU_Out_Debug[0] not assigned to an exact location on the device
    Info (169086): Pin ALU_Out_Debug[1] not assigned to an exact location on the device
    Info (169086): Pin ALU_Out_Debug[2] not assigned to an exact location on the device
    Info (169086): Pin ALU_Out_Debug[3] not assigned to an exact location on the device
    Info (169086): Pin ALU_Out_Debug[4] not assigned to an exact location on the device
    Info (169086): Pin ALU_Out_Debug[5] not assigned to an exact location on the device
    Info (169086): Pin ALU_Out_Debug[6] not assigned to an exact location on the device
    Info (169086): Pin ALU_Out_Debug[7] not assigned to an exact location on the device
    Info (169086): Pin ALU_Out_Debug[8] not assigned to an exact location on the device
    Info (169086): Pin ALU_Out_Debug[9] not assigned to an exact location on the device
    Info (169086): Pin ALU_Out_Debug[10] not assigned to an exact location on the device
    Info (169086): Pin ALU_Out_Debug[11] not assigned to an exact location on the device
    Info (169086): Pin ALU_Out_Debug[12] not assigned to an exact location on the device
    Info (169086): Pin ALU_Out_Debug[13] not assigned to an exact location on the device
    Info (169086): Pin ALU_Out_Debug[14] not assigned to an exact location on the device
    Info (169086): Pin ALU_Out_Debug[15] not assigned to an exact location on the device
    Info (169086): Pin ALU_Out_Debug[16] not assigned to an exact location on the device
    Info (169086): Pin ALU_Out_Debug[17] not assigned to an exact location on the device
    Info (169086): Pin ALU_Out_Debug[18] not assigned to an exact location on the device
    Info (169086): Pin ALU_Out_Debug[19] not assigned to an exact location on the device
    Info (169086): Pin ALU_Out_Debug[20] not assigned to an exact location on the device
    Info (169086): Pin ALU_Out_Debug[21] not assigned to an exact location on the device
    Info (169086): Pin ALU_Out_Debug[22] not assigned to an exact location on the device
    Info (169086): Pin ALU_Out_Debug[23] not assigned to an exact location on the device
    Info (169086): Pin ALU_Out_Debug[24] not assigned to an exact location on the device
    Info (169086): Pin ALU_Out_Debug[25] not assigned to an exact location on the device
    Info (169086): Pin ALU_Out_Debug[26] not assigned to an exact location on the device
    Info (169086): Pin ALU_Out_Debug[27] not assigned to an exact location on the device
    Info (169086): Pin ALU_Out_Debug[28] not assigned to an exact location on the device
    Info (169086): Pin ALU_Out_Debug[29] not assigned to an exact location on the device
    Info (169086): Pin ALU_Out_Debug[30] not assigned to an exact location on the device
    Info (169086): Pin ALU_Out_Debug[31] not assigned to an exact location on the device
    Info (169086): Pin WriteDataReg_Debug[0] not assigned to an exact location on the device
    Info (169086): Pin WriteDataReg_Debug[1] not assigned to an exact location on the device
    Info (169086): Pin WriteDataReg_Debug[2] not assigned to an exact location on the device
    Info (169086): Pin WriteDataReg_Debug[3] not assigned to an exact location on the device
    Info (169086): Pin WriteDataReg_Debug[4] not assigned to an exact location on the device
    Info (169086): Pin WriteDataReg_Debug[5] not assigned to an exact location on the device
    Info (169086): Pin WriteDataReg_Debug[6] not assigned to an exact location on the device
    Info (169086): Pin WriteDataReg_Debug[7] not assigned to an exact location on the device
    Info (169086): Pin WriteDataReg_Debug[8] not assigned to an exact location on the device
    Info (169086): Pin WriteDataReg_Debug[9] not assigned to an exact location on the device
    Info (169086): Pin WriteDataReg_Debug[10] not assigned to an exact location on the device
    Info (169086): Pin WriteDataReg_Debug[11] not assigned to an exact location on the device
    Info (169086): Pin WriteDataReg_Debug[12] not assigned to an exact location on the device
    Info (169086): Pin WriteDataReg_Debug[13] not assigned to an exact location on the device
    Info (169086): Pin WriteDataReg_Debug[14] not assigned to an exact location on the device
    Info (169086): Pin WriteDataReg_Debug[15] not assigned to an exact location on the device
    Info (169086): Pin WriteDataReg_Debug[16] not assigned to an exact location on the device
    Info (169086): Pin WriteDataReg_Debug[17] not assigned to an exact location on the device
    Info (169086): Pin WriteDataReg_Debug[18] not assigned to an exact location on the device
    Info (169086): Pin WriteDataReg_Debug[19] not assigned to an exact location on the device
    Info (169086): Pin WriteDataReg_Debug[20] not assigned to an exact location on the device
    Info (169086): Pin WriteDataReg_Debug[21] not assigned to an exact location on the device
    Info (169086): Pin WriteDataReg_Debug[22] not assigned to an exact location on the device
    Info (169086): Pin WriteDataReg_Debug[23] not assigned to an exact location on the device
    Info (169086): Pin WriteDataReg_Debug[24] not assigned to an exact location on the device
    Info (169086): Pin WriteDataReg_Debug[25] not assigned to an exact location on the device
    Info (169086): Pin WriteDataReg_Debug[26] not assigned to an exact location on the device
    Info (169086): Pin WriteDataReg_Debug[27] not assigned to an exact location on the device
    Info (169086): Pin WriteDataReg_Debug[28] not assigned to an exact location on the device
    Info (169086): Pin WriteDataReg_Debug[29] not assigned to an exact location on the device
    Info (169086): Pin WriteDataReg_Debug[30] not assigned to an exact location on the device
    Info (169086): Pin WriteDataReg_Debug[31] not assigned to an exact location on the device
    Info (169086): Pin MemWriteData_Debug[0] not assigned to an exact location on the device
    Info (169086): Pin MemWriteData_Debug[1] not assigned to an exact location on the device
    Info (169086): Pin MemWriteData_Debug[2] not assigned to an exact location on the device
    Info (169086): Pin MemWriteData_Debug[3] not assigned to an exact location on the device
    Info (169086): Pin MemWriteData_Debug[4] not assigned to an exact location on the device
    Info (169086): Pin MemWriteData_Debug[5] not assigned to an exact location on the device
    Info (169086): Pin MemWriteData_Debug[6] not assigned to an exact location on the device
    Info (169086): Pin MemWriteData_Debug[7] not assigned to an exact location on the device
    Info (169086): Pin MemWriteData_Debug[8] not assigned to an exact location on the device
    Info (169086): Pin MemWriteData_Debug[9] not assigned to an exact location on the device
    Info (169086): Pin MemWriteData_Debug[10] not assigned to an exact location on the device
    Info (169086): Pin MemWriteData_Debug[11] not assigned to an exact location on the device
    Info (169086): Pin MemWriteData_Debug[12] not assigned to an exact location on the device
    Info (169086): Pin MemWriteData_Debug[13] not assigned to an exact location on the device
    Info (169086): Pin MemWriteData_Debug[14] not assigned to an exact location on the device
    Info (169086): Pin MemWriteData_Debug[15] not assigned to an exact location on the device
    Info (169086): Pin MemWriteData_Debug[16] not assigned to an exact location on the device
    Info (169086): Pin MemWriteData_Debug[17] not assigned to an exact location on the device
    Info (169086): Pin MemWriteData_Debug[18] not assigned to an exact location on the device
    Info (169086): Pin MemWriteData_Debug[19] not assigned to an exact location on the device
    Info (169086): Pin MemWriteData_Debug[20] not assigned to an exact location on the device
    Info (169086): Pin MemWriteData_Debug[21] not assigned to an exact location on the device
    Info (169086): Pin MemWriteData_Debug[22] not assigned to an exact location on the device
    Info (169086): Pin MemWriteData_Debug[23] not assigned to an exact location on the device
    Info (169086): Pin MemWriteData_Debug[24] not assigned to an exact location on the device
    Info (169086): Pin MemWriteData_Debug[25] not assigned to an exact location on the device
    Info (169086): Pin MemWriteData_Debug[26] not assigned to an exact location on the device
    Info (169086): Pin MemWriteData_Debug[27] not assigned to an exact location on the device
    Info (169086): Pin MemWriteData_Debug[28] not assigned to an exact location on the device
    Info (169086): Pin MemWriteData_Debug[29] not assigned to an exact location on the device
    Info (169086): Pin MemWriteData_Debug[30] not assigned to an exact location on the device
    Info (169086): Pin MemWriteData_Debug[31] not assigned to an exact location on the device
    Info (169086): Pin Instruction[23] not assigned to an exact location on the device
    Info (169086): Pin Instruction[24] not assigned to an exact location on the device
    Info (169086): Pin Instruction[22] not assigned to an exact location on the device
    Info (169086): Pin Instruction[21] not assigned to an exact location on the device
    Info (169086): Pin Instruction[25] not assigned to an exact location on the device
    Info (169086): Pin Instruction[26] not assigned to an exact location on the device
    Info (169086): Pin Instruction[27] not assigned to an exact location on the device
    Info (169086): Pin Instruction[28] not assigned to an exact location on the device
    Info (169086): Pin Instruction[29] not assigned to an exact location on the device
    Info (169086): Pin Instruction[30] not assigned to an exact location on the device
    Info (169086): Pin Instruction[31] not assigned to an exact location on the device
    Info (169086): Pin Instruction[18] not assigned to an exact location on the device
    Info (169086): Pin Instruction[19] not assigned to an exact location on the device
    Info (169086): Pin Instruction[17] not assigned to an exact location on the device
    Info (169086): Pin Instruction[16] not assigned to an exact location on the device
    Info (169086): Pin Instruction[0] not assigned to an exact location on the device
    Info (169086): Pin Instruction[20] not assigned to an exact location on the device
    Info (169086): Pin Instruction[1] not assigned to an exact location on the device
    Info (169086): Pin Instruction[2] not assigned to an exact location on the device
    Info (169086): Pin Instruction[3] not assigned to an exact location on the device
    Info (169086): Pin Instruction[4] not assigned to an exact location on the device
    Info (169086): Pin Instruction[5] not assigned to an exact location on the device
    Info (169086): Pin Instruction[6] not assigned to an exact location on the device
    Info (169086): Pin Instruction[7] not assigned to an exact location on the device
    Info (169086): Pin Instruction[8] not assigned to an exact location on the device
    Info (169086): Pin Instruction[9] not assigned to an exact location on the device
    Info (169086): Pin Instruction[10] not assigned to an exact location on the device
    Info (169086): Pin Instruction[11] not assigned to an exact location on the device
    Info (169086): Pin Instruction[12] not assigned to an exact location on the device
    Info (169086): Pin Instruction[13] not assigned to an exact location on the device
    Info (169086): Pin Instruction[14] not assigned to an exact location on the device
    Info (169086): Pin Instruction[15] not assigned to an exact location on the device
    Info (169086): Pin clk not assigned to an exact location on the device
    Info (169086): Pin rst_n not assigned to an exact location on the device
Critical Warning (332012): Synopsys Design Constraints File file not found: 'Lab5.sdc'. A Synopsys Design Constraints File is required by the TimeQuest Timing Analyzer to get proper timing constraints. Without it, the Compiler will not properly optimize the design.
Info (332144): No user constrained base clocks found in the design
Info (332130): Timing requirements not specified -- quality metrics such as performance may be sacrificed to reduce compilation time.
Info (176353): Automatically promoted node clk (placed in PIN P2 (CLK2, LVDSCLK1p, Input))
    Info (176355): Automatically promoted destinations to use location or clock signal Global Clock CLKCTRL_G3
Info (176353): Automatically promoted node rst_n (placed in PIN P1 (CLK3, LVDSCLK1n, Input))
    Info (176355): Automatically promoted destinations to use location or clock signal Global Clock CLKCTRL_G1
Info (176233): Starting register packing
Info (176235): Finished register packing
    Extra Info (176219): No registers were packed into other blocks
Info (176214): Statistics of I/O pins that need to be placed that use the same VCCIO and VREF, before I/O pin placement
    Info (176211): Number of I/O pins in group: 128 (unused VREF, 3.3V VCCIO, 32 input, 96 output, 0 bidirectional)
        Info (176212): I/O standards used: 3.3-V LVTTL.
Info (176215): I/O bank details before I/O pin placement
    Info (176214): Statistics of I/O banks
        Info (176213): I/O bank number 1 does not use VREF pins and has undetermined VCCIO pins. 2 total pin(s) used --  62 pins available
        Info (176213): I/O bank number 2 does not use VREF pins and has undetermined VCCIO pins. 2 total pin(s) used --  57 pins available
        Info (176213): I/O bank number 3 does not use VREF pins and has undetermined VCCIO pins. 0 total pin(s) used --  56 pins available
        Info (176213): I/O bank number 4 does not use VREF pins and has undetermined VCCIO pins. 0 total pin(s) used --  58 pins available
        Info (176213): I/O bank number 5 does not use VREF pins and has undetermined VCCIO pins. 0 total pin(s) used --  65 pins available
        Info (176213): I/O bank number 6 does not use VREF pins and has undetermined VCCIO pins. 1 total pin(s) used --  58 pins available
        Info (176213): I/O bank number 7 does not use VREF pins and has undetermined VCCIO pins. 0 total pin(s) used --  58 pins available
        Info (176213): I/O bank number 8 does not use VREF pins and has undetermined VCCIO pins. 0 total pin(s) used --  56 pins available
Info (171121): Fitter preparation operations ending: elapsed time is 00:00:04
Info (170189): Fitter placement preparation operations beginning
Info (170190): Fitter placement preparation operations ending: elapsed time is 00:00:05
Info (170191): Fitter placement operations beginning
Info (170137): Fitter placement was successful
Info (170192): Fitter placement operations ending: elapsed time is 00:00:31
Info (170193): Fitter routing operations beginning
Info (170195): Router estimated average interconnect usage is 6% of the available device resources
    Info (170196): Router estimated peak interconnect usage is 36% of the available device resources in the region that extends from location X33_Y12 to location X43_Y23
Info (170194): Fitter routing operations ending: elapsed time is 00:00:22
Info (170199): The Fitter performed an Auto Fit compilation.  Optimizations were skipped to reduce compilation time.
    Info (170201): Optimizations that may affect the design's routability were skipped
Info (11888): Total time spent on timing analysis during the Fitter is 7.36 seconds.
Info (306004): Started post-fitting delay annotation
Warning (306006): Found 96 output pins without output pin load capacitance assignment
    Info (306007): Pin "ALU_Out_Debug[0]" has no specified output pin load capacitance -- assuming default load capacitance of 0 pF for timing analysis
    Info (306007): Pin "ALU_Out_Debug[1]" has no specified output pin load capacitance -- assuming default load capacitance of 0 pF for timing analysis
    Info (306007): Pin "ALU_Out_Debug[2]" has no specified output pin load capacitance -- assuming default load capacitance of 0 pF for timing analysis
    Info (306007): Pin "ALU_Out_Debug[3]" has no specified output pin load capacitance -- assuming default load capacitance of 0 pF for timing analysis
    Info (306007): Pin "ALU_Out_Debug[4]" has no specified output pin load capacitance -- assuming default load capacitance of 0 pF for timing analysis
    Info (306007): Pin "ALU_Out_Debug[5]" has no specified output pin load capacitance -- assuming default load capacitance of 0 pF for timing analysis
    Info (306007): Pin "ALU_Out_Debug[6]" has no specified output pin load capacitance -- assuming default load capacitance of 0 pF for timing analysis
    Info (306007): Pin "ALU_Out_Debug[7]" has no specified output pin load capacitance -- assuming default load capacitance of 0 pF for timing analysis
    Info (306007): Pin "ALU_Out_Debug[8]" has no specified output pin load capacitance -- assuming default load capacitance of 0 pF for timing analysis
    Info (306007): Pin "ALU_Out_Debug[9]" has no specified output pin load capacitance -- assuming default load capacitance of 0 pF for timing analysis
    Info (306007): Pin "ALU_Out_Debug[10]" has no specified output pin load capacitance -- assuming default load capacitance of 0 pF for timing analysis
    Info (306007): Pin "ALU_Out_Debug[11]" has no specified output pin load capacitance -- assuming default load capacitance of 0 pF for timing analysis
    Info (306007): Pin "ALU_Out_Debug[12]" has no specified output pin load capacitance -- assuming default load capacitance of 0 pF for timing analysis
    Info (306007): Pin "ALU_Out_Debug[13]" has no specified output pin load capacitance -- assuming default load capacitance of 0 pF for timing analysis
    Info (306007): Pin "ALU_Out_Debug[14]" has no specified output pin load capacitance -- assuming default load capacitance of 0 pF for timing analysis
    Info (306007): Pin "ALU_Out_Debug[15]" has no specified output pin load capacitance -- assuming default load capacitance of 0 pF for timing analysis
    Info (306007): Pin "ALU_Out_Debug[16]" has no specified output pin load capacitance -- assuming default load capacitance of 0 pF for timing analysis
    Info (306007): Pin "ALU_Out_Debug[17]" has no specified output pin load capacitance -- assuming default load capacitance of 0 pF for timing analysis
    Info (306007): Pin "ALU_Out_Debug[18]" has no specified output pin load capacitance -- assuming default load capacitance of 0 pF for timing analysis
    Info (306007): Pin "ALU_Out_Debug[19]" has no specified output pin load capacitance -- assuming default load capacitance of 0 pF for timing analysis
    Info (306007): Pin "ALU_Out_Debug[20]" has no specified output pin load capacitance -- assuming default load capacitance of 0 pF for timing analysis
    Info (306007): Pin "ALU_Out_Debug[21]" has no specified output pin load capacitance -- assuming default load capacitance of 0 pF for timing analysis
    Info (306007): Pin "ALU_Out_Debug[22]" has no specified output pin load capacitance -- assuming default load capacitance of 0 pF for timing analysis
    Info (306007): Pin "ALU_Out_Debug[23]" has no specified output pin load capacitance -- assuming default load capacitance of 0 pF for timing analysis
    Info (306007): Pin "ALU_Out_Debug[24]" has no specified output pin load capacitance -- assuming default load capacitance of 0 pF for timing analysis
    Info (306007): Pin "ALU_Out_Debug[25]" has no specified output pin load capacitance -- assuming default load capacitance of 0 pF for timing analysis
    Info (306007): Pin "ALU_Out_Debug[26]" has no specified output pin load capacitance -- assuming default load capacitance of 0 pF for timing analysis
    Info (306007): Pin "ALU_Out_Debug[27]" has no specified output pin load capacitance -- assuming default load capacitance of 0 pF for timing analysis
    Info (306007): Pin "ALU_Out_Debug[28]" has no specified output pin load capacitance -- assuming default load capacitance of 0 pF for timing analysis
    Info (306007): Pin "ALU_Out_Debug[29]" has no specified output pin load capacitance -- assuming default load capacitance of 0 pF for timing analysis
    Info (306007): Pin "ALU_Out_Debug[30]" has no specified output pin load capacitance -- assuming default load capacitance of 0 pF for timing analysis
    Info (306007): Pin "ALU_Out_Debug[31]" has no specified output pin load capacitance -- assuming default load capacitance of 0 pF for timing analysis
    Info (306007): Pin "WriteDataReg_Debug[0]" has no specified output pin load capacitance -- assuming default load capacitance of 0 pF for timing analysis
    Info (306007): Pin "WriteDataReg_Debug[1]" has no specified output pin load capacitance -- assuming default load capacitance of 0 pF for timing analysis
    Info (306007): Pin "WriteDataReg_Debug[2]" has no specified output pin load capacitance -- assuming default load capacitance of 0 pF for timing analysis
    Info (306007): Pin "WriteDataReg_Debug[3]" has no specified output pin load capacitance -- assuming default load capacitance of 0 pF for timing analysis
    Info (306007): Pin "WriteDataReg_Debug[4]" has no specified output pin load capacitance -- assuming default load capacitance of 0 pF for timing analysis
    Info (306007): Pin "WriteDataReg_Debug[5]" has no specified output pin load capacitance -- assuming default load capacitance of 0 pF for timing analysis
    Info (306007): Pin "WriteDataReg_Debug[6]" has no specified output pin load capacitance -- assuming default load capacitance of 0 pF for timing analysis
    Info (306007): Pin "WriteDataReg_Debug[7]" has no specified output pin load capacitance -- assuming default load capacitance of 0 pF for timing analysis
    Info (306007): Pin "WriteDataReg_Debug[8]" has no specified output pin load capacitance -- assuming default load capacitance of 0 pF for timing analysis
    Info (306007): Pin "WriteDataReg_Debug[9]" has no specified output pin load capacitance -- assuming default load capacitance of 0 pF for timing analysis
    Info (306007): Pin "WriteDataReg_Debug[10]" has no specified output pin load capacitance -- assuming default load capacitance of 0 pF for timing analysis
    Info (306007): Pin "WriteDataReg_Debug[11]" has no specified output pin load capacitance -- assuming default load capacitance of 0 pF for timing analysis
    Info (306007): Pin "WriteDataReg_Debug[12]" has no specified output pin load capacitance -- assuming default load capacitance of 0 pF for timing analysis
    Info (306007): Pin "WriteDataReg_Debug[13]" has no specified output pin load capacitance -- assuming default load capacitance of 0 pF for timing analysis
    Info (306007): Pin "WriteDataReg_Debug[14]" has no specified output pin load capacitance -- assuming default load capacitance of 0 pF for timing analysis
    Info (306007): Pin "WriteDataReg_Debug[15]" has no specified output pin load capacitance -- assuming default load capacitance of 0 pF for timing analysis
    Info (306007): Pin "WriteDataReg_Debug[16]" has no specified output pin load capacitance -- assuming default load capacitance of 0 pF for timing analysis
    Info (306007): Pin "WriteDataReg_Debug[17]" has no specified output pin load capacitance -- assuming default load capacitance of 0 pF for timing analysis
    Info (306007): Pin "WriteDataReg_Debug[18]" has no specified output pin load capacitance -- assuming default load capacitance of 0 pF for timing analysis
    Info (306007): Pin "WriteDataReg_Debug[19]" has no specified output pin load capacitance -- assuming default load capacitance of 0 pF for timing analysis
    Info (306007): Pin "WriteDataReg_Debug[20]" has no specified output pin load capacitance -- assuming default load capacitance of 0 pF for timing analysis
    Info (306007): Pin "WriteDataReg_Debug[21]" has no specified output pin load capacitance -- assuming default load capacitance of 0 pF for timing analysis
    Info (306007): Pin "WriteDataReg_Debug[22]" has no specified output pin load capacitance -- assuming default load capacitance of 0 pF for timing analysis
    Info (306007): Pin "WriteDataReg_Debug[23]" has no specified output pin load capacitance -- assuming default load capacitance of 0 pF for timing analysis
    Info (306007): Pin "WriteDataReg_Debug[24]" has no specified output pin load capacitance -- assuming default load capacitance of 0 pF for timing analysis
    Info (306007): Pin "WriteDataReg_Debug[25]" has no specified output pin load capacitance -- assuming default load capacitance of 0 pF for timing analysis
    Info (306007): Pin "WriteDataReg_Debug[26]" has no specified output pin load capacitance -- assuming default load capacitance of 0 pF for timing analysis
    Info (306007): Pin "WriteDataReg_Debug[27]" has no specified output pin load capacitance -- assuming default load capacitance of 0 pF for timing analysis
    Info (306007): Pin "WriteDataReg_Debug[28]" has no specified output pin load capacitance -- assuming default load capacitance of 0 pF for timing analysis
    Info (306007): Pin "WriteDataReg_Debug[29]" has no specified output pin load capacitance -- assuming default load capacitance of 0 pF for timing analysis
    Info (306007): Pin "WriteDataReg_Debug[30]" has no specified output pin load capacitance -- assuming default load capacitance of 0 pF for timing analysis
    Info (306007): Pin "WriteDataReg_Debug[31]" has no specified output pin load capacitance -- assuming default load capacitance of 0 pF for timing analysis
    Info (306007): Pin "MemWriteData_Debug[0]" has no specified output pin load capacitance -- assuming default load capacitance of 0 pF for timing analysis
    Info (306007): Pin "MemWriteData_Debug[1]" has no specified output pin load capacitance -- assuming default load capacitance of 0 pF for timing analysis
    Info (306007): Pin "MemWriteData_Debug[2]" has no specified output pin load capacitance -- assuming default load capacitance of 0 pF for timing analysis
    Info (306007): Pin "MemWriteData_Debug[3]" has no specified output pin load capacitance -- assuming default load capacitance of 0 pF for timing analysis
    Info (306007): Pin "MemWriteData_Debug[4]" has no specified output pin load capacitance -- assuming default load capacitance of 0 pF for timing analysis
    Info (306007): Pin "MemWriteData_Debug[5]" has no specified output pin load capacitance -- assuming default load capacitance of 0 pF for timing analysis
    Info (306007): Pin "MemWriteData_Debug[6]" has no specified output pin load capacitance -- assuming default load capacitance of 0 pF for timing analysis
    Info (306007): Pin "MemWriteData_Debug[7]" has no specified output pin load capacitance -- assuming default load capacitance of 0 pF for timing analysis
    Info (306007): Pin "MemWriteData_Debug[8]" has no specified output pin load capacitance -- assuming default load capacitance of 0 pF for timing analysis
    Info (306007): Pin "MemWriteData_Debug[9]" has no specified output pin load capacitance -- assuming default load capacitance of 0 pF for timing analysis
    Info (306007): Pin "MemWriteData_Debug[10]" has no specified output pin load capacitance -- assuming default load capacitance of 0 pF for timing analysis
    Info (306007): Pin "MemWriteData_Debug[11]" has no specified output pin load capacitance -- assuming default load capacitance of 0 pF for timing analysis
    Info (306007): Pin "MemWriteData_Debug[12]" has no specified output pin load capacitance -- assuming default load capacitance of 0 pF for timing analysis
    Info (306007): Pin "MemWriteData_Debug[13]" has no specified output pin load capacitance -- assuming default load capacitance of 0 pF for timing analysis
    Info (306007): Pin "MemWriteData_Debug[14]" has no specified output pin load capacitance -- assuming default load capacitance of 0 pF for timing analysis
    Info (306007): Pin "MemWriteData_Debug[15]" has no specified output pin load capacitance -- assuming default load capacitance of 0 pF for timing analysis
    Info (306007): Pin "MemWriteData_Debug[16]" has no specified output pin load capacitance -- assuming default load capacitance of 0 pF for timing analysis
    Info (306007): Pin "MemWriteData_Debug[17]" has no specified output pin load capacitance -- assuming default load capacitance of 0 pF for timing analysis
    Info (306007): Pin "MemWriteData_Debug[18]" has no specified output pin load capacitance -- assuming default load capacitance of 0 pF for timing analysis
    Info (306007): Pin "MemWriteData_Debug[19]" has no specified output pin load capacitance -- assuming default load capacitance of 0 pF for timing analysis
    Info (306007): Pin "MemWriteData_Debug[20]" has no specified output pin load capacitance -- assuming default load capacitance of 0 pF for timing analysis
    Info (306007): Pin "MemWriteData_Debug[21]" has no specified output pin load capacitance -- assuming default load capacitance of 0 pF for timing analysis
    Info (306007): Pin "MemWriteData_Debug[22]" has no specified output pin load capacitance -- assuming default load capacitance of 0 pF for timing analysis
    Info (306007): Pin "MemWriteData_Debug[23]" has no specified output pin load capacitance -- assuming default load capacitance of 0 pF for timing analysis
    Info (306007): Pin "MemWriteData_Debug[24]" has no specified output pin load capacitance -- assuming default load capacitance of 0 pF for timing analysis
    Info (306007): Pin "MemWriteData_Debug[25]" has no specified output pin load capacitance -- assuming default load capacitance of 0 pF for timing analysis
    Info (306007): Pin "MemWriteData_Debug[26]" has no specified output pin load capacitance -- assuming default load capacitance of 0 pF for timing analysis
    Info (306007): Pin "MemWriteData_Debug[27]" has no specified output pin load capacitance -- assuming default load capacitance of 0 pF for timing analysis
    Info (306007): Pin "MemWriteData_Debug[28]" has no specified output pin load capacitance -- assuming default load capacitance of 0 pF for timing analysis
    Info (306007): Pin "MemWriteData_Debug[29]" has no specified output pin load capacitance -- assuming default load capacitance of 0 pF for timing analysis
    Info (306007): Pin "MemWriteData_Debug[30]" has no specified output pin load capacitance -- assuming default load capacitance of 0 pF for timing analysis
    Info (306007): Pin "MemWriteData_Debug[31]" has no specified output pin load capacitance -- assuming default load capacitance of 0 pF for timing analysis
Info (306005): Delay annotation completed successfully
Info (306004): Started post-fitting delay annotation
Info (306005): Delay annotation completed successfully
Info (11218): Fitter post-fit operations ending: elapsed time is 00:00:05
Warning (169174): The Reserve All Unused Pins setting has not been specified, and will default to 'As output driving ground'.
Info (144001): Generated suppressed messages file D:/Study_project/HDL/Lab5/output_files/Lab5.fit.smsg
Info: Quartus II 64-Bit Fitter was successful. 0 errors, 6 warnings
    Info: Peak virtual memory: 4931 megabytes
    Info: Processing ended: Thu May 21 12:29:11 2026
    Info: Elapsed time: 00:01:20
    Info: Total CPU time (on all processors): 00:01:18


+----------------------------+
; Fitter Suppressed Messages ;
+----------------------------+
The suppressed messages can be found in D:/Study_project/HDL/Lab5/output_files/Lab5.fit.smsg.


