TimeQuest Timing Analyzer report for Lab4
Tue May 19 14:04:00 2026
Quartus II 64-Bit Version 13.0.1 Build 232 06/12/2013 Service Pack 1 SJ Web Edition


---------------------
; Table of Contents ;
---------------------
  1. Legal Notice
  2. TimeQuest Timing Analyzer Summary
  3. Parallel Compilation
  4. Clocks
  5. Slow Model Fmax Summary
  6. Slow Model Setup Summary
  7. Slow Model Hold Summary
  8. Slow Model Recovery Summary
  9. Slow Model Removal Summary
 10. Slow Model Minimum Pulse Width Summary
 11. Propagation Delay
 12. Minimum Propagation Delay
 13. Fast Model Setup Summary
 14. Fast Model Hold Summary
 15. Fast Model Recovery Summary
 16. Fast Model Removal Summary
 17. Fast Model Minimum Pulse Width Summary
 18. Propagation Delay
 19. Minimum Propagation Delay
 20. Multicorner Timing Analysis Summary
 21. Progagation Delay
 22. Minimum Progagation Delay
 23. Clock Transfers
 24. Report TCCS
 25. Report RSKM
 26. Unconstrained Paths
 27. TimeQuest Timing Analyzer Messages



----------------
; Legal Notice ;
----------------
Copyright (C) 1991-2013 Altera Corporation
Your use of Altera Corporation's design tools, logic functions 
and other software and tools, and its AMPP partner logic 
functions, and any output files from any of the foregoing 
(including device programming or simulation files), and any 
associated documentation or information are expressly subject 
to the terms and conditions of the Altera Program License 
Subscription Agreement, Altera MegaCore Function License 
Agreement, or other applicable license agreement, including, 
without limitation, that your use is for the sole purpose of 
programming logic devices manufactured by Altera and sold by 
Altera or its authorized distributors.  Please refer to the 
applicable agreement for further details.



+----------------------------------------------------------------------------------------+
; TimeQuest Timing Analyzer Summary                                                      ;
+--------------------+-------------------------------------------------------------------+
; Quartus II Version ; Version 13.0.1 Build 232 06/12/2013 Service Pack 1 SJ Web Edition ;
; Revision Name      ; Lab4                                                              ;
; Device Family      ; Cyclone II                                                        ;
; Device Name        ; EP2C35F672C6                                                      ;
; Timing Models      ; Final                                                             ;
; Delay Model        ; Combined                                                          ;
; Rise/Fall Delays   ; Unavailable                                                       ;
+--------------------+-------------------------------------------------------------------+


Parallel compilation was disabled, but you have multiple processors available. Enable parallel compilation to reduce compilation time.
+-------------------------------------+
; Parallel Compilation                ;
+----------------------------+--------+
; Processors                 ; Number ;
+----------------------------+--------+
; Number detected on machine ; 8      ;
; Maximum allowed            ; 1      ;
+----------------------------+--------+


----------
; Clocks ;
----------
No clocks to report.


---------------------------
; Slow Model Fmax Summary ;
---------------------------
No paths to report.


----------------------------
; Slow Model Setup Summary ;
----------------------------
No paths to report.


---------------------------
; Slow Model Hold Summary ;
---------------------------
No paths to report.


-------------------------------
; Slow Model Recovery Summary ;
-------------------------------
No paths to report.


------------------------------
; Slow Model Removal Summary ;
------------------------------
No paths to report.


------------------------------------------
; Slow Model Minimum Pulse Width Summary ;
------------------------------------------
No paths to report.


+--------------------------------------------------------------+
; Propagation Delay                                            ;
+------------+-------------+--------+--------+--------+--------+
; Input Port ; Output Port ; RR     ; RF     ; FR     ; FF     ;
+------------+-------------+--------+--------+--------+--------+
; A[0]       ; Out[0]      ; 9.853  ; 9.853  ; 9.853  ; 9.853  ;
; A[0]       ; Out[1]      ; 10.399 ; 10.399 ; 10.399 ; 10.399 ;
; A[0]       ; Out[2]      ; 10.057 ; 10.057 ; 10.057 ; 10.057 ;
; A[0]       ; Out[3]      ; 10.855 ; 10.855 ; 10.855 ; 10.855 ;
; A[0]       ; Out[4]      ; 10.446 ; 10.446 ; 10.446 ; 10.446 ;
; A[0]       ; Out[5]      ; 10.906 ; 10.906 ; 10.906 ; 10.906 ;
; A[0]       ; Out[6]      ; 10.327 ; 10.327 ; 10.327 ; 10.327 ;
; A[0]       ; Out[7]      ; 10.639 ; 10.639 ; 10.639 ; 10.639 ;
; A[0]       ; Out[8]      ; 10.703 ; 10.703 ; 10.703 ; 10.703 ;
; A[0]       ; Out[9]      ; 11.289 ; 11.289 ; 11.289 ; 11.289 ;
; A[0]       ; Out[10]     ; 10.925 ; 10.925 ; 10.925 ; 10.925 ;
; A[0]       ; Out[11]     ; 11.353 ; 11.353 ; 11.353 ; 11.353 ;
; A[0]       ; Out[12]     ; 10.808 ; 10.808 ; 10.808 ; 10.808 ;
; A[0]       ; Out[13]     ; 10.789 ; 10.789 ; 10.789 ; 10.789 ;
; A[0]       ; Out[14]     ; 11.771 ; 11.771 ; 11.771 ; 11.771 ;
; A[0]       ; Out[15]     ; 11.210 ; 11.210 ; 11.210 ; 11.210 ;
; A[0]       ; Out[16]     ; 11.105 ; 11.105 ; 11.105 ; 11.105 ;
; A[0]       ; Out[17]     ; 11.947 ; 11.947 ; 11.947 ; 11.947 ;
; A[0]       ; Out[18]     ; 11.650 ; 11.650 ; 11.650 ; 11.650 ;
; A[0]       ; Out[19]     ; 10.934 ; 10.934 ; 10.934 ; 10.934 ;
; A[0]       ; Out[20]     ; 11.784 ; 11.784 ; 11.784 ; 11.784 ;
; A[0]       ; Out[21]     ; 11.694 ; 11.694 ; 11.694 ; 11.694 ;
; A[0]       ; Out[22]     ; 12.043 ; 12.043 ; 12.043 ; 12.043 ;
; A[0]       ; Out[23]     ; 12.350 ; 12.350 ; 12.350 ; 12.350 ;
; A[0]       ; Out[24]     ; 11.917 ; 11.917 ; 11.917 ; 11.917 ;
; A[0]       ; Out[25]     ; 12.138 ; 12.138 ; 12.138 ; 12.138 ;
; A[0]       ; Out[26]     ; 12.381 ; 12.381 ; 12.381 ; 12.381 ;
; A[0]       ; Out[27]     ; 12.772 ; 12.772 ; 12.772 ; 12.772 ;
; A[0]       ; Out[28]     ; 12.627 ; 12.627 ; 12.627 ; 12.627 ;
; A[0]       ; Out[29]     ; 13.134 ; 13.134 ; 13.134 ; 13.134 ;
; A[0]       ; Out[30]     ; 12.832 ; 12.832 ; 12.832 ; 12.832 ;
; A[0]       ; Out[31]     ; 13.072 ; 13.072 ; 13.072 ; 13.072 ;
; A[0]       ; Overflow    ; 12.888 ; 12.888 ; 12.888 ; 12.888 ;
; A[1]       ; Out[1]      ; 14.259 ; 14.259 ; 14.259 ; 14.259 ;
; A[1]       ; Out[2]      ; 14.256 ; 14.256 ; 14.256 ; 14.256 ;
; A[1]       ; Out[3]      ; 15.054 ; 15.054 ; 15.054 ; 15.054 ;
; A[1]       ; Out[4]      ; 14.645 ; 14.645 ; 14.645 ; 14.645 ;
; A[1]       ; Out[5]      ; 15.105 ; 15.105 ; 15.105 ; 15.105 ;
; A[1]       ; Out[6]      ; 14.686 ; 14.686 ; 14.686 ; 14.686 ;
; A[1]       ; Out[7]      ; 14.998 ; 14.998 ; 14.998 ; 14.998 ;
; A[1]       ; Out[8]      ; 14.902 ; 14.902 ; 14.902 ; 14.902 ;
; A[1]       ; Out[9]      ; 15.648 ; 15.648 ; 15.648 ; 15.648 ;
; A[1]       ; Out[10]     ; 15.284 ; 15.284 ; 15.284 ; 15.284 ;
; A[1]       ; Out[11]     ; 15.712 ; 15.712 ; 15.712 ; 15.712 ;
; A[1]       ; Out[12]     ; 15.167 ; 15.167 ; 15.167 ; 15.167 ;
; A[1]       ; Out[13]     ; 15.148 ; 15.148 ; 15.148 ; 15.148 ;
; A[1]       ; Out[14]     ; 16.130 ; 16.130 ; 16.130 ; 16.130 ;
; A[1]       ; Out[15]     ; 15.522 ; 15.522 ; 15.522 ; 15.522 ;
; A[1]       ; Out[16]     ; 15.464 ; 15.464 ; 15.464 ; 15.464 ;
; A[1]       ; Out[17]     ; 16.306 ; 16.306 ; 16.306 ; 16.306 ;
; A[1]       ; Out[18]     ; 16.009 ; 16.009 ; 16.009 ; 16.009 ;
; A[1]       ; Out[19]     ; 15.293 ; 15.293 ; 15.293 ; 15.293 ;
; A[1]       ; Out[20]     ; 16.143 ; 16.143 ; 16.143 ; 16.143 ;
; A[1]       ; Out[21]     ; 16.053 ; 16.053 ; 16.053 ; 16.053 ;
; A[1]       ; Out[22]     ; 16.264 ; 16.264 ; 16.264 ; 16.264 ;
; A[1]       ; Out[23]     ; 16.549 ; 16.549 ; 16.549 ; 16.549 ;
; A[1]       ; Out[24]     ; 16.116 ; 16.116 ; 16.116 ; 16.116 ;
; A[1]       ; Out[25]     ; 16.337 ; 16.337 ; 16.337 ; 16.337 ;
; A[1]       ; Out[26]     ; 16.580 ; 16.580 ; 16.580 ; 16.580 ;
; A[1]       ; Out[27]     ; 17.131 ; 17.131 ; 17.131 ; 17.131 ;
; A[1]       ; Out[28]     ; 16.986 ; 16.986 ; 16.986 ; 16.986 ;
; A[1]       ; Out[29]     ; 17.333 ; 17.333 ; 17.333 ; 17.333 ;
; A[1]       ; Out[30]     ; 17.050 ; 17.050 ; 17.050 ; 17.050 ;
; A[1]       ; Out[31]     ; 17.373 ; 17.373 ; 17.373 ; 17.373 ;
; A[1]       ; Overflow    ; 17.119 ; 17.119 ; 17.119 ; 17.119 ;
; A[2]       ; Out[2]      ; 14.438 ; 14.438 ; 14.438 ; 14.438 ;
; A[2]       ; Out[3]      ; 15.551 ; 15.551 ; 15.551 ; 15.551 ;
; A[2]       ; Out[4]      ; 15.142 ; 15.142 ; 15.142 ; 15.142 ;
; A[2]       ; Out[5]      ; 15.602 ; 15.602 ; 15.602 ; 15.602 ;
; A[2]       ; Out[6]      ; 14.836 ; 14.836 ; 14.836 ; 14.836 ;
; A[2]       ; Out[7]      ; 15.178 ; 15.178 ; 15.178 ; 15.178 ;
; A[2]       ; Out[8]      ; 15.399 ; 15.399 ; 15.399 ; 15.399 ;
; A[2]       ; Out[9]      ; 15.798 ; 15.798 ; 15.798 ; 15.798 ;
; A[2]       ; Out[10]     ; 15.434 ; 15.434 ; 15.434 ; 15.434 ;
; A[2]       ; Out[11]     ; 15.862 ; 15.862 ; 15.862 ; 15.862 ;
; A[2]       ; Out[12]     ; 15.370 ; 15.370 ; 15.370 ; 15.370 ;
; A[2]       ; Out[13]     ; 15.328 ; 15.328 ; 15.328 ; 15.328 ;
; A[2]       ; Out[14]     ; 16.280 ; 16.280 ; 16.280 ; 16.280 ;
; A[2]       ; Out[15]     ; 15.906 ; 15.906 ; 15.906 ; 15.906 ;
; A[2]       ; Out[16]     ; 15.614 ; 15.614 ; 15.614 ; 15.614 ;
; A[2]       ; Out[17]     ; 16.456 ; 16.456 ; 16.456 ; 16.456 ;
; A[2]       ; Out[18]     ; 16.159 ; 16.159 ; 16.159 ; 16.159 ;
; A[2]       ; Out[19]     ; 15.443 ; 15.443 ; 15.443 ; 15.443 ;
; A[2]       ; Out[20]     ; 16.469 ; 16.469 ; 16.469 ; 16.469 ;
; A[2]       ; Out[21]     ; 16.248 ; 16.248 ; 16.248 ; 16.248 ;
; A[2]       ; Out[22]     ; 16.739 ; 16.739 ; 16.739 ; 16.739 ;
; A[2]       ; Out[23]     ; 17.046 ; 17.046 ; 17.046 ; 17.046 ;
; A[2]       ; Out[24]     ; 16.613 ; 16.613 ; 16.613 ; 16.613 ;
; A[2]       ; Out[25]     ; 16.834 ; 16.834 ; 16.834 ; 16.834 ;
; A[2]       ; Out[26]     ; 17.077 ; 17.077 ; 17.077 ; 17.077 ;
; A[2]       ; Out[27]     ; 17.281 ; 17.281 ; 17.281 ; 17.281 ;
; A[2]       ; Out[28]     ; 17.136 ; 17.136 ; 17.136 ; 17.136 ;
; A[2]       ; Out[29]     ; 17.830 ; 17.830 ; 17.830 ; 17.830 ;
; A[2]       ; Out[30]     ; 17.528 ; 17.528 ; 17.528 ; 17.528 ;
; A[2]       ; Out[31]     ; 17.768 ; 17.768 ; 17.768 ; 17.768 ;
; A[2]       ; Overflow    ; 17.296 ; 17.296 ; 17.296 ; 17.296 ;
; A[3]       ; Out[3]      ; 14.832 ; 14.832 ; 14.832 ; 14.832 ;
; A[3]       ; Out[4]      ; 14.951 ; 14.951 ; 14.951 ; 14.951 ;
; A[3]       ; Out[5]      ; 15.223 ; 15.223 ; 15.223 ; 15.223 ;
; A[3]       ; Out[6]      ; 15.064 ; 15.064 ; 15.064 ; 15.064 ;
; A[3]       ; Out[7]      ; 15.376 ; 15.376 ; 15.376 ; 15.376 ;
; A[3]       ; Out[8]      ; 15.198 ; 15.198 ; 15.198 ; 15.198 ;
; A[3]       ; Out[9]      ; 16.026 ; 16.026 ; 16.026 ; 16.026 ;
; A[3]       ; Out[10]     ; 15.662 ; 15.662 ; 15.662 ; 15.662 ;
; A[3]       ; Out[11]     ; 16.090 ; 16.090 ; 16.090 ; 16.090 ;
; A[3]       ; Out[12]     ; 15.545 ; 15.545 ; 15.545 ; 15.545 ;
; A[3]       ; Out[13]     ; 15.526 ; 15.526 ; 15.526 ; 15.526 ;
; A[3]       ; Out[14]     ; 16.508 ; 16.508 ; 16.508 ; 16.508 ;
; A[3]       ; Out[15]     ; 15.900 ; 15.900 ; 15.900 ; 15.900 ;
; A[3]       ; Out[16]     ; 15.842 ; 15.842 ; 15.842 ; 15.842 ;
; A[3]       ; Out[17]     ; 16.684 ; 16.684 ; 16.684 ; 16.684 ;
; A[3]       ; Out[18]     ; 16.387 ; 16.387 ; 16.387 ; 16.387 ;
; A[3]       ; Out[19]     ; 15.671 ; 15.671 ; 15.671 ; 15.671 ;
; A[3]       ; Out[20]     ; 16.521 ; 16.521 ; 16.521 ; 16.521 ;
; A[3]       ; Out[21]     ; 16.431 ; 16.431 ; 16.431 ; 16.431 ;
; A[3]       ; Out[22]     ; 16.642 ; 16.642 ; 16.642 ; 16.642 ;
; A[3]       ; Out[23]     ; 16.828 ; 16.828 ; 16.828 ; 16.828 ;
; A[3]       ; Out[24]     ; 16.429 ; 16.429 ; 16.429 ; 16.429 ;
; A[3]       ; Out[25]     ; 16.590 ; 16.590 ; 16.590 ; 16.590 ;
; A[3]       ; Out[26]     ; 16.924 ; 16.924 ; 16.924 ; 16.924 ;
; A[3]       ; Out[27]     ; 17.509 ; 17.509 ; 17.509 ; 17.509 ;
; A[3]       ; Out[28]     ; 17.364 ; 17.364 ; 17.364 ; 17.364 ;
; A[3]       ; Out[29]     ; 17.564 ; 17.564 ; 17.564 ; 17.564 ;
; A[3]       ; Out[30]     ; 17.428 ; 17.428 ; 17.428 ; 17.428 ;
; A[3]       ; Out[31]     ; 17.751 ; 17.751 ; 17.751 ; 17.751 ;
; A[3]       ; Overflow    ; 17.572 ; 17.572 ; 17.572 ; 17.572 ;
; A[4]       ; Out[4]      ; 14.477 ; 14.477 ; 14.477 ; 14.477 ;
; A[4]       ; Out[5]      ; 15.249 ; 15.249 ; 15.249 ; 15.249 ;
; A[4]       ; Out[6]      ; 14.582 ; 14.582 ; 14.582 ; 14.582 ;
; A[4]       ; Out[7]      ; 14.894 ; 14.894 ; 14.894 ; 14.894 ;
; A[4]       ; Out[8]      ; 15.046 ; 15.046 ; 15.046 ; 15.046 ;
; A[4]       ; Out[9]      ; 15.544 ; 15.544 ; 15.544 ; 15.544 ;
; A[4]       ; Out[10]     ; 15.180 ; 15.180 ; 15.180 ; 15.180 ;
; A[4]       ; Out[11]     ; 15.608 ; 15.608 ; 15.608 ; 15.608 ;
; A[4]       ; Out[12]     ; 15.063 ; 15.063 ; 15.063 ; 15.063 ;
; A[4]       ; Out[13]     ; 15.044 ; 15.044 ; 15.044 ; 15.044 ;
; A[4]       ; Out[14]     ; 16.026 ; 16.026 ; 16.026 ; 16.026 ;
; A[4]       ; Out[15]     ; 15.553 ; 15.553 ; 15.553 ; 15.553 ;
; A[4]       ; Out[16]     ; 15.360 ; 15.360 ; 15.360 ; 15.360 ;
; A[4]       ; Out[17]     ; 16.202 ; 16.202 ; 16.202 ; 16.202 ;
; A[4]       ; Out[18]     ; 15.905 ; 15.905 ; 15.905 ; 15.905 ;
; A[4]       ; Out[19]     ; 15.189 ; 15.189 ; 15.189 ; 15.189 ;
; A[4]       ; Out[20]     ; 16.116 ; 16.116 ; 16.116 ; 16.116 ;
; A[4]       ; Out[21]     ; 15.949 ; 15.949 ; 15.949 ; 15.949 ;
; A[4]       ; Out[22]     ; 16.386 ; 16.386 ; 16.386 ; 16.386 ;
; A[4]       ; Out[23]     ; 16.693 ; 16.693 ; 16.693 ; 16.693 ;
; A[4]       ; Out[24]     ; 16.260 ; 16.260 ; 16.260 ; 16.260 ;
; A[4]       ; Out[25]     ; 16.481 ; 16.481 ; 16.481 ; 16.481 ;
; A[4]       ; Out[26]     ; 16.724 ; 16.724 ; 16.724 ; 16.724 ;
; A[4]       ; Out[27]     ; 17.027 ; 17.027 ; 17.027 ; 17.027 ;
; A[4]       ; Out[28]     ; 16.882 ; 16.882 ; 16.882 ; 16.882 ;
; A[4]       ; Out[29]     ; 17.477 ; 17.477 ; 17.477 ; 17.477 ;
; A[4]       ; Out[30]     ; 17.175 ; 17.175 ; 17.175 ; 17.175 ;
; A[4]       ; Out[31]     ; 17.415 ; 17.415 ; 17.415 ; 17.415 ;
; A[4]       ; Overflow    ; 17.058 ; 17.058 ; 17.058 ; 17.058 ;
; A[5]       ; Out[5]      ; 14.841 ; 14.841 ; 14.841 ; 14.841 ;
; A[5]       ; Out[6]      ; 14.814 ; 14.814 ; 14.814 ; 14.814 ;
; A[5]       ; Out[7]      ; 15.126 ; 15.126 ; 15.126 ; 15.126 ;
; A[5]       ; Out[8]      ; 14.977 ; 14.977 ; 14.977 ; 14.977 ;
; A[5]       ; Out[9]      ; 15.776 ; 15.776 ; 15.776 ; 15.776 ;
; A[5]       ; Out[10]     ; 15.412 ; 15.412 ; 15.412 ; 15.412 ;
; A[5]       ; Out[11]     ; 15.840 ; 15.840 ; 15.840 ; 15.840 ;
; A[5]       ; Out[12]     ; 15.295 ; 15.295 ; 15.295 ; 15.295 ;
; A[5]       ; Out[13]     ; 15.276 ; 15.276 ; 15.276 ; 15.276 ;
; A[5]       ; Out[14]     ; 16.258 ; 16.258 ; 16.258 ; 16.258 ;
; A[5]       ; Out[15]     ; 15.650 ; 15.650 ; 15.650 ; 15.650 ;
; A[5]       ; Out[16]     ; 15.592 ; 15.592 ; 15.592 ; 15.592 ;
; A[5]       ; Out[17]     ; 16.434 ; 16.434 ; 16.434 ; 16.434 ;
; A[5]       ; Out[18]     ; 16.137 ; 16.137 ; 16.137 ; 16.137 ;
; A[5]       ; Out[19]     ; 15.421 ; 15.421 ; 15.421 ; 15.421 ;
; A[5]       ; Out[20]     ; 16.271 ; 16.271 ; 16.271 ; 16.271 ;
; A[5]       ; Out[21]     ; 16.181 ; 16.181 ; 16.181 ; 16.181 ;
; A[5]       ; Out[22]     ; 16.392 ; 16.392 ; 16.392 ; 16.392 ;
; A[5]       ; Out[23]     ; 16.624 ; 16.624 ; 16.624 ; 16.624 ;
; A[5]       ; Out[24]     ; 16.191 ; 16.191 ; 16.191 ; 16.191 ;
; A[5]       ; Out[25]     ; 16.412 ; 16.412 ; 16.412 ; 16.412 ;
; A[5]       ; Out[26]     ; 16.674 ; 16.674 ; 16.674 ; 16.674 ;
; A[5]       ; Out[27]     ; 17.259 ; 17.259 ; 17.259 ; 17.259 ;
; A[5]       ; Out[28]     ; 17.114 ; 17.114 ; 17.114 ; 17.114 ;
; A[5]       ; Out[29]     ; 17.408 ; 17.408 ; 17.408 ; 17.408 ;
; A[5]       ; Out[30]     ; 17.178 ; 17.178 ; 17.178 ; 17.178 ;
; A[5]       ; Out[31]     ; 17.501 ; 17.501 ; 17.501 ; 17.501 ;
; A[5]       ; Overflow    ; 17.338 ; 17.338 ; 17.338 ; 17.338 ;
; A[6]       ; Out[6]      ; 14.256 ; 14.256 ; 14.256 ; 14.256 ;
; A[6]       ; Out[7]      ; 14.883 ; 14.883 ; 14.883 ; 14.883 ;
; A[6]       ; Out[8]      ; 14.705 ; 14.705 ; 14.705 ; 14.705 ;
; A[6]       ; Out[9]      ; 15.533 ; 15.533 ; 15.533 ; 15.533 ;
; A[6]       ; Out[10]     ; 15.169 ; 15.169 ; 15.169 ; 15.169 ;
; A[6]       ; Out[11]     ; 15.597 ; 15.597 ; 15.597 ; 15.597 ;
; A[6]       ; Out[12]     ; 15.052 ; 15.052 ; 15.052 ; 15.052 ;
; A[6]       ; Out[13]     ; 15.033 ; 15.033 ; 15.033 ; 15.033 ;
; A[6]       ; Out[14]     ; 16.015 ; 16.015 ; 16.015 ; 16.015 ;
; A[6]       ; Out[15]     ; 15.407 ; 15.407 ; 15.407 ; 15.407 ;
; A[6]       ; Out[16]     ; 15.349 ; 15.349 ; 15.349 ; 15.349 ;
; A[6]       ; Out[17]     ; 16.191 ; 16.191 ; 16.191 ; 16.191 ;
; A[6]       ; Out[18]     ; 15.894 ; 15.894 ; 15.894 ; 15.894 ;
; A[6]       ; Out[19]     ; 15.178 ; 15.178 ; 15.178 ; 15.178 ;
; A[6]       ; Out[20]     ; 16.028 ; 16.028 ; 16.028 ; 16.028 ;
; A[6]       ; Out[21]     ; 15.938 ; 15.938 ; 15.938 ; 15.938 ;
; A[6]       ; Out[22]     ; 16.149 ; 16.149 ; 16.149 ; 16.149 ;
; A[6]       ; Out[23]     ; 16.335 ; 16.335 ; 16.335 ; 16.335 ;
; A[6]       ; Out[24]     ; 15.936 ; 15.936 ; 15.936 ; 15.936 ;
; A[6]       ; Out[25]     ; 16.149 ; 16.149 ; 16.149 ; 16.149 ;
; A[6]       ; Out[26]     ; 16.431 ; 16.431 ; 16.431 ; 16.431 ;
; A[6]       ; Out[27]     ; 17.016 ; 17.016 ; 17.016 ; 17.016 ;
; A[6]       ; Out[28]     ; 16.871 ; 16.871 ; 16.871 ; 16.871 ;
; A[6]       ; Out[29]     ; 17.071 ; 17.071 ; 17.071 ; 17.071 ;
; A[6]       ; Out[30]     ; 16.935 ; 16.935 ; 16.935 ; 16.935 ;
; A[6]       ; Out[31]     ; 17.258 ; 17.258 ; 17.258 ; 17.258 ;
; A[6]       ; Overflow    ; 17.131 ; 17.131 ; 17.131 ; 17.131 ;
; A[7]       ; Out[7]      ; 14.232 ; 14.232 ; 14.232 ; 14.232 ;
; A[7]       ; Out[8]      ; 14.622 ; 14.622 ; 14.622 ; 14.622 ;
; A[7]       ; Out[9]      ; 15.198 ; 15.198 ; 15.198 ; 15.198 ;
; A[7]       ; Out[10]     ; 14.834 ; 14.834 ; 14.834 ; 14.834 ;
; A[7]       ; Out[11]     ; 15.262 ; 15.262 ; 15.262 ; 15.262 ;
; A[7]       ; Out[12]     ; 14.717 ; 14.717 ; 14.717 ; 14.717 ;
; A[7]       ; Out[13]     ; 14.698 ; 14.698 ; 14.698 ; 14.698 ;
; A[7]       ; Out[14]     ; 15.680 ; 15.680 ; 15.680 ; 15.680 ;
; A[7]       ; Out[15]     ; 15.129 ; 15.129 ; 15.129 ; 15.129 ;
; A[7]       ; Out[16]     ; 15.014 ; 15.014 ; 15.014 ; 15.014 ;
; A[7]       ; Out[17]     ; 15.856 ; 15.856 ; 15.856 ; 15.856 ;
; A[7]       ; Out[18]     ; 15.559 ; 15.559 ; 15.559 ; 15.559 ;
; A[7]       ; Out[19]     ; 14.843 ; 14.843 ; 14.843 ; 14.843 ;
; A[7]       ; Out[20]     ; 15.693 ; 15.693 ; 15.693 ; 15.693 ;
; A[7]       ; Out[21]     ; 15.603 ; 15.603 ; 15.603 ; 15.603 ;
; A[7]       ; Out[22]     ; 15.962 ; 15.962 ; 15.962 ; 15.962 ;
; A[7]       ; Out[23]     ; 16.269 ; 16.269 ; 16.269 ; 16.269 ;
; A[7]       ; Out[24]     ; 15.836 ; 15.836 ; 15.836 ; 15.836 ;
; A[7]       ; Out[25]     ; 16.057 ; 16.057 ; 16.057 ; 16.057 ;
; A[7]       ; Out[26]     ; 16.300 ; 16.300 ; 16.300 ; 16.300 ;
; A[7]       ; Out[27]     ; 16.681 ; 16.681 ; 16.681 ; 16.681 ;
; A[7]       ; Out[28]     ; 16.536 ; 16.536 ; 16.536 ; 16.536 ;
; A[7]       ; Out[29]     ; 17.053 ; 17.053 ; 17.053 ; 17.053 ;
; A[7]       ; Out[30]     ; 16.751 ; 16.751 ; 16.751 ; 16.751 ;
; A[7]       ; Out[31]     ; 16.991 ; 16.991 ; 16.991 ; 16.991 ;
; A[7]       ; Overflow    ; 16.488 ; 16.488 ; 16.488 ; 16.488 ;
; A[8]       ; Out[8]      ; 14.407 ; 14.407 ; 14.407 ; 14.407 ;
; A[8]       ; Out[9]      ; 15.251 ; 15.251 ; 15.251 ; 15.251 ;
; A[8]       ; Out[10]     ; 14.887 ; 14.887 ; 14.887 ; 14.887 ;
; A[8]       ; Out[11]     ; 15.315 ; 15.315 ; 15.315 ; 15.315 ;
; A[8]       ; Out[12]     ; 14.770 ; 14.770 ; 14.770 ; 14.770 ;
; A[8]       ; Out[13]     ; 14.751 ; 14.751 ; 14.751 ; 14.751 ;
; A[8]       ; Out[14]     ; 15.733 ; 15.733 ; 15.733 ; 15.733 ;
; A[8]       ; Out[15]     ; 15.229 ; 15.229 ; 15.229 ; 15.229 ;
; A[8]       ; Out[16]     ; 15.067 ; 15.067 ; 15.067 ; 15.067 ;
; A[8]       ; Out[17]     ; 15.909 ; 15.909 ; 15.909 ; 15.909 ;
; A[8]       ; Out[18]     ; 15.612 ; 15.612 ; 15.612 ; 15.612 ;
; A[8]       ; Out[19]     ; 14.896 ; 14.896 ; 14.896 ; 14.896 ;
; A[8]       ; Out[20]     ; 15.792 ; 15.792 ; 15.792 ; 15.792 ;
; A[8]       ; Out[21]     ; 15.656 ; 15.656 ; 15.656 ; 15.656 ;
; A[8]       ; Out[22]     ; 16.062 ; 16.062 ; 16.062 ; 16.062 ;
; A[8]       ; Out[23]     ; 16.369 ; 16.369 ; 16.369 ; 16.369 ;
; A[8]       ; Out[24]     ; 15.936 ; 15.936 ; 15.936 ; 15.936 ;
; A[8]       ; Out[25]     ; 16.157 ; 16.157 ; 16.157 ; 16.157 ;
; A[8]       ; Out[26]     ; 16.400 ; 16.400 ; 16.400 ; 16.400 ;
; A[8]       ; Out[27]     ; 16.734 ; 16.734 ; 16.734 ; 16.734 ;
; A[8]       ; Out[28]     ; 16.589 ; 16.589 ; 16.589 ; 16.589 ;
; A[8]       ; Out[29]     ; 17.153 ; 17.153 ; 17.153 ; 17.153 ;
; A[8]       ; Out[30]     ; 16.851 ; 16.851 ; 16.851 ; 16.851 ;
; A[8]       ; Out[31]     ; 17.091 ; 17.091 ; 17.091 ; 17.091 ;
; A[8]       ; Overflow    ; 16.743 ; 16.743 ; 16.743 ; 16.743 ;
; A[9]       ; Out[9]      ; 14.952 ; 14.952 ; 14.952 ; 14.952 ;
; A[9]       ; Out[10]     ; 14.720 ; 14.720 ; 14.720 ; 14.720 ;
; A[9]       ; Out[11]     ; 15.217 ; 15.217 ; 15.217 ; 15.217 ;
; A[9]       ; Out[12]     ; 15.088 ; 15.088 ; 15.088 ; 15.088 ;
; A[9]       ; Out[13]     ; 15.046 ; 15.046 ; 15.046 ; 15.046 ;
; A[9]       ; Out[14]     ; 15.809 ; 15.809 ; 15.809 ; 15.809 ;
; A[9]       ; Out[15]     ; 15.624 ; 15.624 ; 15.624 ; 15.624 ;
; A[9]       ; Out[16]     ; 15.402 ; 15.402 ; 15.402 ; 15.402 ;
; A[9]       ; Out[17]     ; 15.903 ; 15.903 ; 15.903 ; 15.903 ;
; A[9]       ; Out[18]     ; 15.445 ; 15.445 ; 15.445 ; 15.445 ;
; A[9]       ; Out[19]     ; 14.870 ; 14.870 ; 14.870 ; 14.870 ;
; A[9]       ; Out[20]     ; 16.187 ; 16.187 ; 16.187 ; 16.187 ;
; A[9]       ; Out[21]     ; 15.966 ; 15.966 ; 15.966 ; 15.966 ;
; A[9]       ; Out[22]     ; 16.457 ; 16.457 ; 16.457 ; 16.457 ;
; A[9]       ; Out[23]     ; 16.764 ; 16.764 ; 16.764 ; 16.764 ;
; A[9]       ; Out[24]     ; 16.331 ; 16.331 ; 16.331 ; 16.331 ;
; A[9]       ; Out[25]     ; 16.552 ; 16.552 ; 16.552 ; 16.552 ;
; A[9]       ; Out[26]     ; 16.795 ; 16.795 ; 16.795 ; 16.795 ;
; A[9]       ; Out[27]     ; 16.998 ; 16.998 ; 16.998 ; 16.998 ;
; A[9]       ; Out[28]     ; 16.422 ; 16.422 ; 16.422 ; 16.422 ;
; A[9]       ; Out[29]     ; 17.548 ; 17.548 ; 17.548 ; 17.548 ;
; A[9]       ; Out[30]     ; 17.246 ; 17.246 ; 17.246 ; 17.246 ;
; A[9]       ; Out[31]     ; 17.486 ; 17.486 ; 17.486 ; 17.486 ;
; A[9]       ; Overflow    ; 17.135 ; 17.135 ; 17.135 ; 17.135 ;
; A[10]      ; Out[10]     ; 14.823 ; 14.823 ; 14.823 ; 14.823 ;
; A[10]      ; Out[11]     ; 15.566 ; 15.566 ; 15.566 ; 15.566 ;
; A[10]      ; Out[12]     ; 15.021 ; 15.021 ; 15.021 ; 15.021 ;
; A[10]      ; Out[13]     ; 15.002 ; 15.002 ; 15.002 ; 15.002 ;
; A[10]      ; Out[14]     ; 15.984 ; 15.984 ; 15.984 ; 15.984 ;
; A[10]      ; Out[15]     ; 15.376 ; 15.376 ; 15.376 ; 15.376 ;
; A[10]      ; Out[16]     ; 15.318 ; 15.318 ; 15.318 ; 15.318 ;
; A[10]      ; Out[17]     ; 16.160 ; 16.160 ; 16.160 ; 16.160 ;
; A[10]      ; Out[18]     ; 15.863 ; 15.863 ; 15.863 ; 15.863 ;
; A[10]      ; Out[19]     ; 15.147 ; 15.147 ; 15.147 ; 15.147 ;
; A[10]      ; Out[20]     ; 15.997 ; 15.997 ; 15.997 ; 15.997 ;
; A[10]      ; Out[21]     ; 15.907 ; 15.907 ; 15.907 ; 15.907 ;
; A[10]      ; Out[22]     ; 16.118 ; 16.118 ; 16.118 ; 16.118 ;
; A[10]      ; Out[23]     ; 16.304 ; 16.304 ; 16.304 ; 16.304 ;
; A[10]      ; Out[24]     ; 15.905 ; 15.905 ; 15.905 ; 15.905 ;
; A[10]      ; Out[25]     ; 15.906 ; 15.906 ; 15.906 ; 15.906 ;
; A[10]      ; Out[26]     ; 16.400 ; 16.400 ; 16.400 ; 16.400 ;
; A[10]      ; Out[27]     ; 16.985 ; 16.985 ; 16.985 ; 16.985 ;
; A[10]      ; Out[28]     ; 16.840 ; 16.840 ; 16.840 ; 16.840 ;
; A[10]      ; Out[29]     ; 17.040 ; 17.040 ; 17.040 ; 17.040 ;
; A[10]      ; Out[30]     ; 16.904 ; 16.904 ; 16.904 ; 16.904 ;
; A[10]      ; Out[31]     ; 17.227 ; 17.227 ; 17.227 ; 17.227 ;
; A[10]      ; Overflow    ; 16.541 ; 16.541 ; 16.541 ; 16.541 ;
; A[11]      ; Out[11]     ; 15.271 ; 15.271 ; 15.271 ; 15.271 ;
; A[11]      ; Out[12]     ; 15.038 ; 15.038 ; 15.038 ; 15.038 ;
; A[11]      ; Out[13]     ; 15.019 ; 15.019 ; 15.019 ; 15.019 ;
; A[11]      ; Out[14]     ; 16.001 ; 16.001 ; 16.001 ; 16.001 ;
; A[11]      ; Out[15]     ; 15.393 ; 15.393 ; 15.393 ; 15.393 ;
; A[11]      ; Out[16]     ; 15.335 ; 15.335 ; 15.335 ; 15.335 ;
; A[11]      ; Out[17]     ; 16.177 ; 16.177 ; 16.177 ; 16.177 ;
; A[11]      ; Out[18]     ; 15.880 ; 15.880 ; 15.880 ; 15.880 ;
; A[11]      ; Out[19]     ; 15.164 ; 15.164 ; 15.164 ; 15.164 ;
; A[11]      ; Out[20]     ; 16.014 ; 16.014 ; 16.014 ; 16.014 ;
; A[11]      ; Out[21]     ; 15.924 ; 15.924 ; 15.924 ; 15.924 ;
; A[11]      ; Out[22]     ; 16.135 ; 16.135 ; 16.135 ; 16.135 ;
; A[11]      ; Out[23]     ; 16.321 ; 16.321 ; 16.321 ; 16.321 ;
; A[11]      ; Out[24]     ; 15.922 ; 15.922 ; 15.922 ; 15.922 ;
; A[11]      ; Out[25]     ; 16.040 ; 16.040 ; 16.040 ; 16.040 ;
; A[11]      ; Out[26]     ; 16.417 ; 16.417 ; 16.417 ; 16.417 ;
; A[11]      ; Out[27]     ; 17.002 ; 17.002 ; 17.002 ; 17.002 ;
; A[11]      ; Out[28]     ; 16.857 ; 16.857 ; 16.857 ; 16.857 ;
; A[11]      ; Out[29]     ; 17.057 ; 17.057 ; 17.057 ; 17.057 ;
; A[11]      ; Out[30]     ; 16.921 ; 16.921 ; 16.921 ; 16.921 ;
; A[11]      ; Out[31]     ; 17.244 ; 17.244 ; 17.244 ; 17.244 ;
; A[11]      ; Overflow    ; 17.022 ; 17.022 ; 17.022 ; 17.022 ;
; A[12]      ; Out[12]     ; 14.398 ; 14.398 ; 14.398 ; 14.398 ;
; A[12]      ; Out[13]     ; 14.691 ; 14.691 ; 14.691 ; 14.691 ;
; A[12]      ; Out[14]     ; 15.673 ; 15.673 ; 15.673 ; 15.673 ;
; A[12]      ; Out[15]     ; 15.065 ; 15.065 ; 15.065 ; 15.065 ;
; A[12]      ; Out[16]     ; 15.007 ; 15.007 ; 15.007 ; 15.007 ;
; A[12]      ; Out[17]     ; 15.849 ; 15.849 ; 15.849 ; 15.849 ;
; A[12]      ; Out[18]     ; 15.552 ; 15.552 ; 15.552 ; 15.552 ;
; A[12]      ; Out[19]     ; 14.836 ; 14.836 ; 14.836 ; 14.836 ;
; A[12]      ; Out[20]     ; 15.686 ; 15.686 ; 15.686 ; 15.686 ;
; A[12]      ; Out[21]     ; 15.596 ; 15.596 ; 15.596 ; 15.596 ;
; A[12]      ; Out[22]     ; 15.807 ; 15.807 ; 15.807 ; 15.807 ;
; A[12]      ; Out[23]     ; 16.079 ; 16.079 ; 16.079 ; 16.079 ;
; A[12]      ; Out[24]     ; 15.646 ; 15.646 ; 15.646 ; 15.646 ;
; A[12]      ; Out[25]     ; 15.867 ; 15.867 ; 15.867 ; 15.867 ;
; A[12]      ; Out[26]     ; 16.110 ; 16.110 ; 16.110 ; 16.110 ;
; A[12]      ; Out[27]     ; 16.674 ; 16.674 ; 16.674 ; 16.674 ;
; A[12]      ; Out[28]     ; 16.529 ; 16.529 ; 16.529 ; 16.529 ;
; A[12]      ; Out[29]     ; 16.863 ; 16.863 ; 16.863 ; 16.863 ;
; A[12]      ; Out[30]     ; 16.593 ; 16.593 ; 16.593 ; 16.593 ;
; A[12]      ; Out[31]     ; 16.916 ; 16.916 ; 16.916 ; 16.916 ;
; A[12]      ; Overflow    ; 16.747 ; 16.747 ; 16.747 ; 16.747 ;
; A[13]      ; Out[13]     ; 14.499 ; 14.499 ; 14.499 ; 14.499 ;
; A[13]      ; Out[14]     ; 15.798 ; 15.798 ; 15.798 ; 15.798 ;
; A[13]      ; Out[15]     ; 15.190 ; 15.190 ; 15.190 ; 15.190 ;
; A[13]      ; Out[16]     ; 15.132 ; 15.132 ; 15.132 ; 15.132 ;
; A[13]      ; Out[17]     ; 15.974 ; 15.974 ; 15.974 ; 15.974 ;
; A[13]      ; Out[18]     ; 15.677 ; 15.677 ; 15.677 ; 15.677 ;
; A[13]      ; Out[19]     ; 14.961 ; 14.961 ; 14.961 ; 14.961 ;
; A[13]      ; Out[20]     ; 15.811 ; 15.811 ; 15.811 ; 15.811 ;
; A[13]      ; Out[21]     ; 15.721 ; 15.721 ; 15.721 ; 15.721 ;
; A[13]      ; Out[22]     ; 15.932 ; 15.932 ; 15.932 ; 15.932 ;
; A[13]      ; Out[23]     ; 16.118 ; 16.118 ; 16.118 ; 16.118 ;
; A[13]      ; Out[24]     ; 15.719 ; 15.719 ; 15.719 ; 15.719 ;
; A[13]      ; Out[25]     ; 15.817 ; 15.817 ; 15.817 ; 15.817 ;
; A[13]      ; Out[26]     ; 16.214 ; 16.214 ; 16.214 ; 16.214 ;
; A[13]      ; Out[27]     ; 16.799 ; 16.799 ; 16.799 ; 16.799 ;
; A[13]      ; Out[28]     ; 16.654 ; 16.654 ; 16.654 ; 16.654 ;
; A[13]      ; Out[29]     ; 16.854 ; 16.854 ; 16.854 ; 16.854 ;
; A[13]      ; Out[30]     ; 16.718 ; 16.718 ; 16.718 ; 16.718 ;
; A[13]      ; Out[31]     ; 17.041 ; 17.041 ; 17.041 ; 17.041 ;
; A[13]      ; Overflow    ; 16.799 ; 16.799 ; 16.799 ; 16.799 ;
; A[14]      ; Out[14]     ; 14.927 ; 14.927 ; 14.927 ; 14.927 ;
; A[14]      ; Out[15]     ; 14.743 ; 14.743 ; 14.743 ; 14.743 ;
; A[14]      ; Out[16]     ; 14.573 ; 14.573 ; 14.573 ; 14.573 ;
; A[14]      ; Out[17]     ; 15.415 ; 15.415 ; 15.415 ; 15.415 ;
; A[14]      ; Out[18]     ; 15.118 ; 15.118 ; 15.118 ; 15.118 ;
; A[14]      ; Out[19]     ; 14.402 ; 14.402 ; 14.402 ; 14.402 ;
; A[14]      ; Out[20]     ; 15.306 ; 15.306 ; 15.306 ; 15.306 ;
; A[14]      ; Out[21]     ; 15.162 ; 15.162 ; 15.162 ; 15.162 ;
; A[14]      ; Out[22]     ; 15.576 ; 15.576 ; 15.576 ; 15.576 ;
; A[14]      ; Out[23]     ; 15.883 ; 15.883 ; 15.883 ; 15.883 ;
; A[14]      ; Out[24]     ; 15.450 ; 15.450 ; 15.450 ; 15.450 ;
; A[14]      ; Out[25]     ; 15.671 ; 15.671 ; 15.671 ; 15.671 ;
; A[14]      ; Out[26]     ; 15.914 ; 15.914 ; 15.914 ; 15.914 ;
; A[14]      ; Out[27]     ; 16.240 ; 16.240 ; 16.240 ; 16.240 ;
; A[14]      ; Out[28]     ; 16.095 ; 16.095 ; 16.095 ; 16.095 ;
; A[14]      ; Out[29]     ; 16.667 ; 16.667 ; 16.667 ; 16.667 ;
; A[14]      ; Out[30]     ; 16.365 ; 16.365 ; 16.365 ; 16.365 ;
; A[14]      ; Out[31]     ; 16.605 ; 16.605 ; 16.605 ; 16.605 ;
; A[14]      ; Overflow    ; 16.251 ; 16.251 ; 16.251 ; 16.251 ;
; A[15]      ; Out[15]     ; 14.164 ; 14.164 ; 14.164 ; 14.164 ;
; A[15]      ; Out[16]     ; 14.240 ; 14.240 ; 14.240 ; 14.240 ;
; A[15]      ; Out[17]     ; 15.082 ; 15.082 ; 15.082 ; 15.082 ;
; A[15]      ; Out[18]     ; 14.785 ; 14.785 ; 14.785 ; 14.785 ;
; A[15]      ; Out[19]     ; 14.069 ; 14.069 ; 14.069 ; 14.069 ;
; A[15]      ; Out[20]     ; 15.073 ; 15.073 ; 15.073 ; 15.073 ;
; A[15]      ; Out[21]     ; 14.852 ; 14.852 ; 14.852 ; 14.852 ;
; A[15]      ; Out[22]     ; 15.343 ; 15.343 ; 15.343 ; 15.343 ;
; A[15]      ; Out[23]     ; 15.650 ; 15.650 ; 15.650 ; 15.650 ;
; A[15]      ; Out[24]     ; 15.217 ; 15.217 ; 15.217 ; 15.217 ;
; A[15]      ; Out[25]     ; 15.438 ; 15.438 ; 15.438 ; 15.438 ;
; A[15]      ; Out[26]     ; 15.681 ; 15.681 ; 15.681 ; 15.681 ;
; A[15]      ; Out[27]     ; 15.907 ; 15.907 ; 15.907 ; 15.907 ;
; A[15]      ; Out[28]     ; 15.762 ; 15.762 ; 15.762 ; 15.762 ;
; A[15]      ; Out[29]     ; 16.434 ; 16.434 ; 16.434 ; 16.434 ;
; A[15]      ; Out[30]     ; 16.132 ; 16.132 ; 16.132 ; 16.132 ;
; A[15]      ; Out[31]     ; 16.372 ; 16.372 ; 16.372 ; 16.372 ;
; A[15]      ; Overflow    ; 15.982 ; 15.982 ; 15.982 ; 15.982 ;
; A[16]      ; Out[16]     ; 13.914 ; 13.914 ; 13.914 ; 13.914 ;
; A[16]      ; Out[17]     ; 15.068 ; 15.068 ; 15.068 ; 15.068 ;
; A[16]      ; Out[18]     ; 14.771 ; 14.771 ; 14.771 ; 14.771 ;
; A[16]      ; Out[19]     ; 14.055 ; 14.055 ; 14.055 ; 14.055 ;
; A[16]      ; Out[20]     ; 14.905 ; 14.905 ; 14.905 ; 14.905 ;
; A[16]      ; Out[21]     ; 14.815 ; 14.815 ; 14.815 ; 14.815 ;
; A[16]      ; Out[22]     ; 15.026 ; 15.026 ; 15.026 ; 15.026 ;
; A[16]      ; Out[23]     ; 15.212 ; 15.212 ; 15.212 ; 15.212 ;
; A[16]      ; Out[24]     ; 14.813 ; 14.813 ; 14.813 ; 14.813 ;
; A[16]      ; Out[25]     ; 14.961 ; 14.961 ; 14.961 ; 14.961 ;
; A[16]      ; Out[26]     ; 15.308 ; 15.308 ; 15.308 ; 15.308 ;
; A[16]      ; Out[27]     ; 15.893 ; 15.893 ; 15.893 ; 15.893 ;
; A[16]      ; Out[28]     ; 15.748 ; 15.748 ; 15.748 ; 15.748 ;
; A[16]      ; Out[29]     ; 15.957 ; 15.957 ; 15.957 ; 15.957 ;
; A[16]      ; Out[30]     ; 15.812 ; 15.812 ; 15.812 ; 15.812 ;
; A[16]      ; Out[31]     ; 16.135 ; 16.135 ; 16.135 ; 16.135 ;
; A[16]      ; Overflow    ; 15.518 ; 15.518 ; 15.518 ; 15.518 ;
; A[17]      ; Out[17]     ; 14.425 ; 14.425 ; 14.425 ; 14.425 ;
; A[17]      ; Out[18]     ; 14.440 ; 14.440 ; 14.440 ; 14.440 ;
; A[17]      ; Out[19]     ; 13.724 ; 13.724 ; 13.724 ; 13.724 ;
; A[17]      ; Out[20]     ; 14.797 ; 14.797 ; 14.797 ; 14.797 ;
; A[17]      ; Out[21]     ; 14.576 ; 14.576 ; 14.576 ; 14.576 ;
; A[17]      ; Out[22]     ; 15.067 ; 15.067 ; 15.067 ; 15.067 ;
; A[17]      ; Out[23]     ; 15.374 ; 15.374 ; 15.374 ; 15.374 ;
; A[17]      ; Out[24]     ; 14.941 ; 14.941 ; 14.941 ; 14.941 ;
; A[17]      ; Out[25]     ; 15.162 ; 15.162 ; 15.162 ; 15.162 ;
; A[17]      ; Out[26]     ; 15.405 ; 15.405 ; 15.405 ; 15.405 ;
; A[17]      ; Out[27]     ; 15.608 ; 15.608 ; 15.608 ; 15.608 ;
; A[17]      ; Out[28]     ; 15.417 ; 15.417 ; 15.417 ; 15.417 ;
; A[17]      ; Out[29]     ; 16.158 ; 16.158 ; 16.158 ; 16.158 ;
; A[17]      ; Out[30]     ; 15.856 ; 15.856 ; 15.856 ; 15.856 ;
; A[17]      ; Out[31]     ; 16.096 ; 16.096 ; 16.096 ; 16.096 ;
; A[17]      ; Overflow    ; 15.596 ; 15.596 ; 15.596 ; 15.596 ;
; A[18]      ; Out[18]     ; 14.652 ; 14.652 ; 14.652 ; 14.652 ;
; A[18]      ; Out[19]     ; 14.251 ; 14.251 ; 14.251 ; 14.251 ;
; A[18]      ; Out[20]     ; 15.101 ; 15.101 ; 15.101 ; 15.101 ;
; A[18]      ; Out[21]     ; 15.011 ; 15.011 ; 15.011 ; 15.011 ;
; A[18]      ; Out[22]     ; 15.222 ; 15.222 ; 15.222 ; 15.222 ;
; A[18]      ; Out[23]     ; 15.408 ; 15.408 ; 15.408 ; 15.408 ;
; A[18]      ; Out[24]     ; 15.009 ; 15.009 ; 15.009 ; 15.009 ;
; A[18]      ; Out[25]     ; 15.010 ; 15.010 ; 15.010 ; 15.010 ;
; A[18]      ; Out[26]     ; 15.504 ; 15.504 ; 15.504 ; 15.504 ;
; A[18]      ; Out[27]     ; 16.089 ; 16.089 ; 16.089 ; 16.089 ;
; A[18]      ; Out[28]     ; 15.944 ; 15.944 ; 15.944 ; 15.944 ;
; A[18]      ; Out[29]     ; 16.144 ; 16.144 ; 16.144 ; 16.144 ;
; A[18]      ; Out[30]     ; 16.008 ; 16.008 ; 16.008 ; 16.008 ;
; A[18]      ; Out[31]     ; 16.331 ; 16.331 ; 16.331 ; 16.331 ;
; A[18]      ; Overflow    ; 15.576 ; 15.576 ; 15.576 ; 15.576 ;
; A[19]      ; Out[19]     ; 13.704 ; 13.704 ; 13.704 ; 13.704 ;
; A[19]      ; Out[20]     ; 14.871 ; 14.871 ; 14.871 ; 14.871 ;
; A[19]      ; Out[21]     ; 14.781 ; 14.781 ; 14.781 ; 14.781 ;
; A[19]      ; Out[22]     ; 14.992 ; 14.992 ; 14.992 ; 14.992 ;
; A[19]      ; Out[23]     ; 15.193 ; 15.193 ; 15.193 ; 15.193 ;
; A[19]      ; Out[24]     ; 14.779 ; 14.779 ; 14.779 ; 14.779 ;
; A[19]      ; Out[25]     ; 14.981 ; 14.981 ; 14.981 ; 14.981 ;
; A[19]      ; Out[26]     ; 15.274 ; 15.274 ; 15.274 ; 15.274 ;
; A[19]      ; Out[27]     ; 15.859 ; 15.859 ; 15.859 ; 15.859 ;
; A[19]      ; Out[28]     ; 15.714 ; 15.714 ; 15.714 ; 15.714 ;
; A[19]      ; Out[29]     ; 15.977 ; 15.977 ; 15.977 ; 15.977 ;
; A[19]      ; Out[30]     ; 15.778 ; 15.778 ; 15.778 ; 15.778 ;
; A[19]      ; Out[31]     ; 16.101 ; 16.101 ; 16.101 ; 16.101 ;
; A[19]      ; Overflow    ; 15.879 ; 15.879 ; 15.879 ; 15.879 ;
; A[20]      ; Out[20]     ; 15.040 ; 15.040 ; 15.040 ; 15.040 ;
; A[20]      ; Out[21]     ; 15.262 ; 15.262 ; 15.262 ; 15.262 ;
; A[20]      ; Out[22]     ; 15.473 ; 15.473 ; 15.473 ; 15.473 ;
; A[20]      ; Out[23]     ; 15.659 ; 15.659 ; 15.659 ; 15.659 ;
; A[20]      ; Out[24]     ; 15.260 ; 15.260 ; 15.260 ; 15.260 ;
; A[20]      ; Out[25]     ; 15.689 ; 15.689 ; 15.689 ; 15.689 ;
; A[20]      ; Out[26]     ; 15.755 ; 15.755 ; 15.755 ; 15.755 ;
; A[20]      ; Out[27]     ; 16.340 ; 16.340 ; 16.340 ; 16.340 ;
; A[20]      ; Out[28]     ; 16.195 ; 16.195 ; 16.195 ; 16.195 ;
; A[20]      ; Out[29]     ; 16.395 ; 16.395 ; 16.395 ; 16.395 ;
; A[20]      ; Out[30]     ; 16.259 ; 16.259 ; 16.259 ; 16.259 ;
; A[20]      ; Out[31]     ; 16.582 ; 16.582 ; 16.582 ; 16.582 ;
; A[20]      ; Overflow    ; 16.366 ; 16.366 ; 16.366 ; 16.366 ;
; A[21]      ; Out[21]     ; 14.591 ; 14.591 ; 14.591 ; 14.591 ;
; A[21]      ; Out[22]     ; 15.421 ; 15.421 ; 15.421 ; 15.421 ;
; A[21]      ; Out[23]     ; 15.728 ; 15.728 ; 15.728 ; 15.728 ;
; A[21]      ; Out[24]     ; 15.295 ; 15.295 ; 15.295 ; 15.295 ;
; A[21]      ; Out[25]     ; 15.516 ; 15.516 ; 15.516 ; 15.516 ;
; A[21]      ; Out[26]     ; 15.759 ; 15.759 ; 15.759 ; 15.759 ;
; A[21]      ; Out[27]     ; 15.962 ; 15.962 ; 15.962 ; 15.962 ;
; A[21]      ; Out[28]     ; 15.715 ; 15.715 ; 15.715 ; 15.715 ;
; A[21]      ; Out[29]     ; 16.512 ; 16.512 ; 16.512 ; 16.512 ;
; A[21]      ; Out[30]     ; 16.210 ; 16.210 ; 16.210 ; 16.210 ;
; A[21]      ; Out[31]     ; 16.450 ; 16.450 ; 16.450 ; 16.450 ;
; A[21]      ; Overflow    ; 16.138 ; 16.138 ; 16.138 ; 16.138 ;
; A[22]      ; Out[22]     ; 14.086 ; 14.086 ; 14.086 ; 14.086 ;
; A[22]      ; Out[23]     ; 14.705 ; 14.705 ; 14.705 ; 14.705 ;
; A[22]      ; Out[24]     ; 14.272 ; 14.272 ; 14.272 ; 14.272 ;
; A[22]      ; Out[25]     ; 14.493 ; 14.493 ; 14.493 ; 14.493 ;
; A[22]      ; Out[26]     ; 14.736 ; 14.736 ; 14.736 ; 14.736 ;
; A[22]      ; Out[27]     ; 15.058 ; 15.058 ; 15.058 ; 15.058 ;
; A[22]      ; Out[28]     ; 14.913 ; 14.913 ; 14.913 ; 14.913 ;
; A[22]      ; Out[29]     ; 15.489 ; 15.489 ; 15.489 ; 15.489 ;
; A[22]      ; Out[30]     ; 15.187 ; 15.187 ; 15.187 ; 15.187 ;
; A[22]      ; Out[31]     ; 15.427 ; 15.427 ; 15.427 ; 15.427 ;
; A[22]      ; Overflow    ; 15.080 ; 15.080 ; 15.080 ; 15.080 ;
; A[23]      ; Out[23]     ; 14.967 ; 14.967 ; 14.967 ; 14.967 ;
; A[23]      ; Out[24]     ; 14.876 ; 14.876 ; 14.876 ; 14.876 ;
; A[23]      ; Out[25]     ; 15.097 ; 15.097 ; 15.097 ; 15.097 ;
; A[23]      ; Out[26]     ; 15.340 ; 15.340 ; 15.340 ; 15.340 ;
; A[23]      ; Out[27]     ; 15.794 ; 15.794 ; 15.794 ; 15.794 ;
; A[23]      ; Out[28]     ; 15.649 ; 15.649 ; 15.649 ; 15.649 ;
; A[23]      ; Out[29]     ; 16.093 ; 16.093 ; 16.093 ; 16.093 ;
; A[23]      ; Out[30]     ; 15.791 ; 15.791 ; 15.791 ; 15.791 ;
; A[23]      ; Out[31]     ; 16.036 ; 16.036 ; 16.036 ; 16.036 ;
; A[23]      ; Overflow    ; 15.631 ; 15.631 ; 15.631 ; 15.631 ;
; A[24]      ; Out[24]     ; 13.900 ; 13.900 ; 13.900 ; 13.900 ;
; A[24]      ; Out[25]     ; 14.436 ; 14.436 ; 14.436 ; 14.436 ;
; A[24]      ; Out[26]     ; 14.679 ; 14.679 ; 14.679 ; 14.679 ;
; A[24]      ; Out[27]     ; 14.976 ; 14.976 ; 14.976 ; 14.976 ;
; A[24]      ; Out[28]     ; 14.831 ; 14.831 ; 14.831 ; 14.831 ;
; A[24]      ; Out[29]     ; 15.432 ; 15.432 ; 15.432 ; 15.432 ;
; A[24]      ; Out[30]     ; 15.130 ; 15.130 ; 15.130 ; 15.130 ;
; A[24]      ; Out[31]     ; 15.370 ; 15.370 ; 15.370 ; 15.370 ;
; A[24]      ; Overflow    ; 15.377 ; 15.377 ; 15.377 ; 15.377 ;
; A[25]      ; Out[25]     ; 14.361 ; 14.361 ; 14.361 ; 14.361 ;
; A[25]      ; Out[26]     ; 15.172 ; 15.172 ; 15.172 ; 15.172 ;
; A[25]      ; Out[27]     ; 15.757 ; 15.757 ; 15.757 ; 15.757 ;
; A[25]      ; Out[28]     ; 15.612 ; 15.612 ; 15.612 ; 15.612 ;
; A[25]      ; Out[29]     ; 15.812 ; 15.812 ; 15.812 ; 15.812 ;
; A[25]      ; Out[30]     ; 15.676 ; 15.676 ; 15.676 ; 15.676 ;
; A[25]      ; Out[31]     ; 15.999 ; 15.999 ; 15.999 ; 15.999 ;
; A[25]      ; Overflow    ; 15.543 ; 15.543 ; 15.543 ; 15.543 ;
; A[26]      ; Out[26]     ; 15.080 ; 15.080 ; 15.080 ; 15.080 ;
; A[26]      ; Out[27]     ; 15.980 ; 15.980 ; 15.980 ; 15.980 ;
; A[26]      ; Out[28]     ; 15.835 ; 15.835 ; 15.835 ; 15.835 ;
; A[26]      ; Out[29]     ; 16.035 ; 16.035 ; 16.035 ; 16.035 ;
; A[26]      ; Out[30]     ; 15.899 ; 15.899 ; 15.899 ; 15.899 ;
; A[26]      ; Out[31]     ; 16.222 ; 16.222 ; 16.222 ; 16.222 ;
; A[26]      ; Overflow    ; 15.764 ; 15.764 ; 15.764 ; 15.764 ;
; A[27]      ; Out[27]     ; 14.808 ; 14.808 ; 14.808 ; 14.808 ;
; A[27]      ; Out[28]     ; 14.975 ; 14.975 ; 14.975 ; 14.975 ;
; A[27]      ; Out[29]     ; 15.318 ; 15.318 ; 15.318 ; 15.318 ;
; A[27]      ; Out[30]     ; 15.039 ; 15.039 ; 15.039 ; 15.039 ;
; A[27]      ; Out[31]     ; 15.362 ; 15.362 ; 15.362 ; 15.362 ;
; A[27]      ; Overflow    ; 14.919 ; 14.919 ; 14.919 ; 14.919 ;
; A[28]      ; Out[28]     ; 15.091 ; 15.091 ; 15.091 ; 15.091 ;
; A[28]      ; Out[29]     ; 15.606 ; 15.606 ; 15.606 ; 15.606 ;
; A[28]      ; Out[30]     ; 15.470 ; 15.470 ; 15.470 ; 15.470 ;
; A[28]      ; Out[31]     ; 15.793 ; 15.793 ; 15.793 ; 15.793 ;
; A[28]      ; Overflow    ; 15.326 ; 15.326 ; 15.326 ; 15.326 ;
; A[29]      ; Out[29]     ; 15.049 ; 15.049 ; 15.049 ; 15.049 ;
; A[29]      ; Out[30]     ; 15.087 ; 15.087 ; 15.087 ; 15.087 ;
; A[29]      ; Out[31]     ; 15.327 ; 15.327 ; 15.327 ; 15.327 ;
; A[29]      ; Overflow    ; 14.691 ; 14.691 ; 14.691 ; 14.691 ;
; A[30]      ; Out[30]     ; 14.776 ; 14.776 ; 14.776 ; 14.776 ;
; A[30]      ; Out[31]     ; 15.371 ; 15.371 ; 15.371 ; 15.371 ;
; A[30]      ; Overflow    ; 15.122 ; 15.122 ; 15.122 ; 15.122 ;
; A[31]      ; Out[31]     ; 14.694 ; 14.694 ; 14.694 ; 14.694 ;
; A[31]      ; Overflow    ; 14.337 ; 14.337 ; 14.337 ; 14.337 ;
; B[0]       ; Out[0]      ; 10.053 ; 10.053 ; 10.053 ; 10.053 ;
; B[0]       ; Out[1]      ; 10.461 ; 10.461 ; 10.461 ; 10.461 ;
; B[0]       ; Out[2]      ; 9.846  ; 9.846  ; 9.846  ; 9.846  ;
; B[0]       ; Out[3]      ; 10.408 ; 10.408 ; 10.408 ; 10.408 ;
; B[0]       ; Out[4]      ; 10.470 ; 10.470 ; 10.470 ; 10.470 ;
; B[0]       ; Out[5]      ; 10.733 ; 10.733 ; 10.733 ; 10.733 ;
; B[0]       ; Out[6]      ; 10.583 ; 10.583 ; 10.583 ; 10.583 ;
; B[0]       ; Out[7]      ; 10.895 ; 10.895 ; 10.895 ; 10.895 ;
; B[0]       ; Out[8]      ; 10.717 ; 10.717 ; 10.717 ; 10.717 ;
; B[0]       ; Out[9]      ; 11.545 ; 11.545 ; 11.545 ; 11.545 ;
; B[0]       ; Out[10]     ; 11.181 ; 11.181 ; 11.181 ; 11.181 ;
; B[0]       ; Out[11]     ; 11.609 ; 11.609 ; 11.609 ; 11.609 ;
; B[0]       ; Out[12]     ; 11.064 ; 11.064 ; 11.064 ; 11.064 ;
; B[0]       ; Out[13]     ; 11.045 ; 11.045 ; 11.045 ; 11.045 ;
; B[0]       ; Out[14]     ; 12.027 ; 12.027 ; 12.027 ; 12.027 ;
; B[0]       ; Out[15]     ; 11.419 ; 11.419 ; 11.419 ; 11.419 ;
; B[0]       ; Out[16]     ; 11.361 ; 11.361 ; 11.361 ; 11.361 ;
; B[0]       ; Out[17]     ; 12.203 ; 12.203 ; 12.203 ; 12.203 ;
; B[0]       ; Out[18]     ; 11.906 ; 11.906 ; 11.906 ; 11.906 ;
; B[0]       ; Out[19]     ; 11.190 ; 11.190 ; 11.190 ; 11.190 ;
; B[0]       ; Out[20]     ; 12.040 ; 12.040 ; 12.040 ; 12.040 ;
; B[0]       ; Out[21]     ; 11.950 ; 11.950 ; 11.950 ; 11.950 ;
; B[0]       ; Out[22]     ; 12.161 ; 12.161 ; 12.161 ; 12.161 ;
; B[0]       ; Out[23]     ; 12.347 ; 12.347 ; 12.347 ; 12.347 ;
; B[0]       ; Out[24]     ; 11.948 ; 11.948 ; 11.948 ; 11.948 ;
; B[0]       ; Out[25]     ; 12.110 ; 12.110 ; 12.110 ; 12.110 ;
; B[0]       ; Out[26]     ; 12.443 ; 12.443 ; 12.443 ; 12.443 ;
; B[0]       ; Out[27]     ; 13.028 ; 13.028 ; 13.028 ; 13.028 ;
; B[0]       ; Out[28]     ; 12.883 ; 12.883 ; 12.883 ; 12.883 ;
; B[0]       ; Out[29]     ; 13.083 ; 13.083 ; 13.083 ; 13.083 ;
; B[0]       ; Out[30]     ; 12.947 ; 12.947 ; 12.947 ; 12.947 ;
; B[0]       ; Out[31]     ; 13.270 ; 13.270 ; 13.270 ; 13.270 ;
; B[0]       ; Overflow    ; 13.092 ; 13.092 ; 13.092 ; 13.092 ;
; B[1]       ; Out[1]      ; 14.536 ; 14.536 ; 14.536 ; 14.536 ;
; B[1]       ; Out[2]      ; 14.224 ; 14.224 ; 14.224 ; 14.224 ;
; B[1]       ; Out[3]      ; 14.795 ; 14.795 ; 14.795 ; 14.795 ;
; B[1]       ; Out[4]      ; 14.857 ; 14.857 ; 14.857 ; 14.857 ;
; B[1]       ; Out[5]      ; 15.120 ; 15.120 ; 15.120 ; 15.120 ;
; B[1]       ; Out[6]      ; 14.970 ; 14.970 ; 14.970 ; 14.970 ;
; B[1]       ; Out[7]      ; 15.282 ; 15.282 ; 15.282 ; 15.282 ;
; B[1]       ; Out[8]      ; 15.104 ; 15.104 ; 15.104 ; 15.104 ;
; B[1]       ; Out[9]      ; 15.932 ; 15.932 ; 15.932 ; 15.932 ;
; B[1]       ; Out[10]     ; 15.568 ; 15.568 ; 15.568 ; 15.568 ;
; B[1]       ; Out[11]     ; 15.996 ; 15.996 ; 15.996 ; 15.996 ;
; B[1]       ; Out[12]     ; 15.451 ; 15.451 ; 15.451 ; 15.451 ;
; B[1]       ; Out[13]     ; 15.432 ; 15.432 ; 15.432 ; 15.432 ;
; B[1]       ; Out[14]     ; 16.414 ; 16.414 ; 16.414 ; 16.414 ;
; B[1]       ; Out[15]     ; 15.806 ; 15.806 ; 15.806 ; 15.806 ;
; B[1]       ; Out[16]     ; 15.748 ; 15.748 ; 15.748 ; 15.748 ;
; B[1]       ; Out[17]     ; 16.590 ; 16.590 ; 16.590 ; 16.590 ;
; B[1]       ; Out[18]     ; 16.293 ; 16.293 ; 16.293 ; 16.293 ;
; B[1]       ; Out[19]     ; 15.577 ; 15.577 ; 15.577 ; 15.577 ;
; B[1]       ; Out[20]     ; 16.427 ; 16.427 ; 16.427 ; 16.427 ;
; B[1]       ; Out[21]     ; 16.337 ; 16.337 ; 16.337 ; 16.337 ;
; B[1]       ; Out[22]     ; 16.548 ; 16.548 ; 16.548 ; 16.548 ;
; B[1]       ; Out[23]     ; 16.734 ; 16.734 ; 16.734 ; 16.734 ;
; B[1]       ; Out[24]     ; 16.335 ; 16.335 ; 16.335 ; 16.335 ;
; B[1]       ; Out[25]     ; 16.488 ; 16.488 ; 16.488 ; 16.488 ;
; B[1]       ; Out[26]     ; 16.830 ; 16.830 ; 16.830 ; 16.830 ;
; B[1]       ; Out[27]     ; 17.415 ; 17.415 ; 17.415 ; 17.415 ;
; B[1]       ; Out[28]     ; 17.270 ; 17.270 ; 17.270 ; 17.270 ;
; B[1]       ; Out[29]     ; 17.470 ; 17.470 ; 17.470 ; 17.470 ;
; B[1]       ; Out[30]     ; 17.334 ; 17.334 ; 17.334 ; 17.334 ;
; B[1]       ; Out[31]     ; 17.657 ; 17.657 ; 17.657 ; 17.657 ;
; B[1]       ; Overflow    ; 17.470 ; 17.470 ; 17.470 ; 17.470 ;
; B[2]       ; Out[2]      ; 13.544 ; 13.544 ; 13.544 ; 13.544 ;
; B[2]       ; Out[3]      ; 14.543 ; 14.543 ; 14.543 ; 14.543 ;
; B[2]       ; Out[4]      ; 14.605 ; 14.605 ; 14.605 ; 14.605 ;
; B[2]       ; Out[5]      ; 14.868 ; 14.868 ; 14.868 ; 14.868 ;
; B[2]       ; Out[6]      ; 14.718 ; 14.718 ; 14.718 ; 14.718 ;
; B[2]       ; Out[7]      ; 15.030 ; 15.030 ; 15.030 ; 15.030 ;
; B[2]       ; Out[8]      ; 14.852 ; 14.852 ; 14.852 ; 14.852 ;
; B[2]       ; Out[9]      ; 15.680 ; 15.680 ; 15.680 ; 15.680 ;
; B[2]       ; Out[10]     ; 15.316 ; 15.316 ; 15.316 ; 15.316 ;
; B[2]       ; Out[11]     ; 15.744 ; 15.744 ; 15.744 ; 15.744 ;
; B[2]       ; Out[12]     ; 15.199 ; 15.199 ; 15.199 ; 15.199 ;
; B[2]       ; Out[13]     ; 15.180 ; 15.180 ; 15.180 ; 15.180 ;
; B[2]       ; Out[14]     ; 16.162 ; 16.162 ; 16.162 ; 16.162 ;
; B[2]       ; Out[15]     ; 15.554 ; 15.554 ; 15.554 ; 15.554 ;
; B[2]       ; Out[16]     ; 15.496 ; 15.496 ; 15.496 ; 15.496 ;
; B[2]       ; Out[17]     ; 16.338 ; 16.338 ; 16.338 ; 16.338 ;
; B[2]       ; Out[18]     ; 16.041 ; 16.041 ; 16.041 ; 16.041 ;
; B[2]       ; Out[19]     ; 15.325 ; 15.325 ; 15.325 ; 15.325 ;
; B[2]       ; Out[20]     ; 16.175 ; 16.175 ; 16.175 ; 16.175 ;
; B[2]       ; Out[21]     ; 16.085 ; 16.085 ; 16.085 ; 16.085 ;
; B[2]       ; Out[22]     ; 16.296 ; 16.296 ; 16.296 ; 16.296 ;
; B[2]       ; Out[23]     ; 16.482 ; 16.482 ; 16.482 ; 16.482 ;
; B[2]       ; Out[24]     ; 16.083 ; 16.083 ; 16.083 ; 16.083 ;
; B[2]       ; Out[25]     ; 16.084 ; 16.084 ; 16.084 ; 16.084 ;
; B[2]       ; Out[26]     ; 16.578 ; 16.578 ; 16.578 ; 16.578 ;
; B[2]       ; Out[27]     ; 17.163 ; 17.163 ; 17.163 ; 17.163 ;
; B[2]       ; Out[28]     ; 17.018 ; 17.018 ; 17.018 ; 17.018 ;
; B[2]       ; Out[29]     ; 17.218 ; 17.218 ; 17.218 ; 17.218 ;
; B[2]       ; Out[30]     ; 17.082 ; 17.082 ; 17.082 ; 17.082 ;
; B[2]       ; Out[31]     ; 17.405 ; 17.405 ; 17.405 ; 17.405 ;
; B[2]       ; Overflow    ; 17.032 ; 17.032 ; 17.032 ; 17.032 ;
; B[3]       ; Out[3]      ; 13.928 ; 13.928 ; 13.928 ; 13.928 ;
; B[3]       ; Out[4]      ; 14.305 ; 14.305 ; 14.305 ; 14.305 ;
; B[3]       ; Out[5]      ; 14.568 ; 14.568 ; 14.568 ; 14.568 ;
; B[3]       ; Out[6]      ; 14.418 ; 14.418 ; 14.418 ; 14.418 ;
; B[3]       ; Out[7]      ; 14.730 ; 14.730 ; 14.730 ; 14.730 ;
; B[3]       ; Out[8]      ; 14.552 ; 14.552 ; 14.552 ; 14.552 ;
; B[3]       ; Out[9]      ; 15.380 ; 15.380 ; 15.380 ; 15.380 ;
; B[3]       ; Out[10]     ; 15.016 ; 15.016 ; 15.016 ; 15.016 ;
; B[3]       ; Out[11]     ; 15.444 ; 15.444 ; 15.444 ; 15.444 ;
; B[3]       ; Out[12]     ; 14.899 ; 14.899 ; 14.899 ; 14.899 ;
; B[3]       ; Out[13]     ; 14.880 ; 14.880 ; 14.880 ; 14.880 ;
; B[3]       ; Out[14]     ; 15.862 ; 15.862 ; 15.862 ; 15.862 ;
; B[3]       ; Out[15]     ; 15.254 ; 15.254 ; 15.254 ; 15.254 ;
; B[3]       ; Out[16]     ; 15.196 ; 15.196 ; 15.196 ; 15.196 ;
; B[3]       ; Out[17]     ; 16.038 ; 16.038 ; 16.038 ; 16.038 ;
; B[3]       ; Out[18]     ; 15.741 ; 15.741 ; 15.741 ; 15.741 ;
; B[3]       ; Out[19]     ; 15.025 ; 15.025 ; 15.025 ; 15.025 ;
; B[3]       ; Out[20]     ; 15.875 ; 15.875 ; 15.875 ; 15.875 ;
; B[3]       ; Out[21]     ; 15.785 ; 15.785 ; 15.785 ; 15.785 ;
; B[3]       ; Out[22]     ; 15.996 ; 15.996 ; 15.996 ; 15.996 ;
; B[3]       ; Out[23]     ; 16.182 ; 16.182 ; 16.182 ; 16.182 ;
; B[3]       ; Out[24]     ; 15.783 ; 15.783 ; 15.783 ; 15.783 ;
; B[3]       ; Out[25]     ; 15.882 ; 15.882 ; 15.882 ; 15.882 ;
; B[3]       ; Out[26]     ; 16.278 ; 16.278 ; 16.278 ; 16.278 ;
; B[3]       ; Out[27]     ; 16.863 ; 16.863 ; 16.863 ; 16.863 ;
; B[3]       ; Out[28]     ; 16.718 ; 16.718 ; 16.718 ; 16.718 ;
; B[3]       ; Out[29]     ; 16.918 ; 16.918 ; 16.918 ; 16.918 ;
; B[3]       ; Out[30]     ; 16.782 ; 16.782 ; 16.782 ; 16.782 ;
; B[3]       ; Out[31]     ; 17.105 ; 17.105 ; 17.105 ; 17.105 ;
; B[3]       ; Overflow    ; 16.864 ; 16.864 ; 16.864 ; 16.864 ;
; B[4]       ; Out[4]      ; 13.991 ; 13.991 ; 13.991 ; 13.991 ;
; B[4]       ; Out[5]      ; 14.566 ; 14.566 ; 14.566 ; 14.566 ;
; B[4]       ; Out[6]      ; 14.416 ; 14.416 ; 14.416 ; 14.416 ;
; B[4]       ; Out[7]      ; 14.728 ; 14.728 ; 14.728 ; 14.728 ;
; B[4]       ; Out[8]      ; 14.550 ; 14.550 ; 14.550 ; 14.550 ;
; B[4]       ; Out[9]      ; 15.378 ; 15.378 ; 15.378 ; 15.378 ;
; B[4]       ; Out[10]     ; 15.014 ; 15.014 ; 15.014 ; 15.014 ;
; B[4]       ; Out[11]     ; 15.442 ; 15.442 ; 15.442 ; 15.442 ;
; B[4]       ; Out[12]     ; 14.897 ; 14.897 ; 14.897 ; 14.897 ;
; B[4]       ; Out[13]     ; 14.878 ; 14.878 ; 14.878 ; 14.878 ;
; B[4]       ; Out[14]     ; 15.860 ; 15.860 ; 15.860 ; 15.860 ;
; B[4]       ; Out[15]     ; 15.252 ; 15.252 ; 15.252 ; 15.252 ;
; B[4]       ; Out[16]     ; 15.194 ; 15.194 ; 15.194 ; 15.194 ;
; B[4]       ; Out[17]     ; 16.036 ; 16.036 ; 16.036 ; 16.036 ;
; B[4]       ; Out[18]     ; 15.739 ; 15.739 ; 15.739 ; 15.739 ;
; B[4]       ; Out[19]     ; 15.023 ; 15.023 ; 15.023 ; 15.023 ;
; B[4]       ; Out[20]     ; 15.873 ; 15.873 ; 15.873 ; 15.873 ;
; B[4]       ; Out[21]     ; 15.783 ; 15.783 ; 15.783 ; 15.783 ;
; B[4]       ; Out[22]     ; 15.994 ; 15.994 ; 15.994 ; 15.994 ;
; B[4]       ; Out[23]     ; 16.180 ; 16.180 ; 16.180 ; 16.180 ;
; B[4]       ; Out[24]     ; 15.781 ; 15.781 ; 15.781 ; 15.781 ;
; B[4]       ; Out[25]     ; 15.911 ; 15.911 ; 15.911 ; 15.911 ;
; B[4]       ; Out[26]     ; 16.276 ; 16.276 ; 16.276 ; 16.276 ;
; B[4]       ; Out[27]     ; 16.861 ; 16.861 ; 16.861 ; 16.861 ;
; B[4]       ; Out[28]     ; 16.716 ; 16.716 ; 16.716 ; 16.716 ;
; B[4]       ; Out[29]     ; 16.916 ; 16.916 ; 16.916 ; 16.916 ;
; B[4]       ; Out[30]     ; 16.780 ; 16.780 ; 16.780 ; 16.780 ;
; B[4]       ; Out[31]     ; 17.103 ; 17.103 ; 17.103 ; 17.103 ;
; B[4]       ; Overflow    ; 16.893 ; 16.893 ; 16.893 ; 16.893 ;
; B[5]       ; Out[5]      ; 14.071 ; 14.071 ; 14.071 ; 14.071 ;
; B[5]       ; Out[6]      ; 14.233 ; 14.233 ; 14.233 ; 14.233 ;
; B[5]       ; Out[7]      ; 14.545 ; 14.545 ; 14.545 ; 14.545 ;
; B[5]       ; Out[8]      ; 14.367 ; 14.367 ; 14.367 ; 14.367 ;
; B[5]       ; Out[9]      ; 15.195 ; 15.195 ; 15.195 ; 15.195 ;
; B[5]       ; Out[10]     ; 14.831 ; 14.831 ; 14.831 ; 14.831 ;
; B[5]       ; Out[11]     ; 15.259 ; 15.259 ; 15.259 ; 15.259 ;
; B[5]       ; Out[12]     ; 14.714 ; 14.714 ; 14.714 ; 14.714 ;
; B[5]       ; Out[13]     ; 14.695 ; 14.695 ; 14.695 ; 14.695 ;
; B[5]       ; Out[14]     ; 15.677 ; 15.677 ; 15.677 ; 15.677 ;
; B[5]       ; Out[15]     ; 15.069 ; 15.069 ; 15.069 ; 15.069 ;
; B[5]       ; Out[16]     ; 15.011 ; 15.011 ; 15.011 ; 15.011 ;
; B[5]       ; Out[17]     ; 15.853 ; 15.853 ; 15.853 ; 15.853 ;
; B[5]       ; Out[18]     ; 15.556 ; 15.556 ; 15.556 ; 15.556 ;
; B[5]       ; Out[19]     ; 14.840 ; 14.840 ; 14.840 ; 14.840 ;
; B[5]       ; Out[20]     ; 15.690 ; 15.690 ; 15.690 ; 15.690 ;
; B[5]       ; Out[21]     ; 15.600 ; 15.600 ; 15.600 ; 15.600 ;
; B[5]       ; Out[22]     ; 15.811 ; 15.811 ; 15.811 ; 15.811 ;
; B[5]       ; Out[23]     ; 15.997 ; 15.997 ; 15.997 ; 15.997 ;
; B[5]       ; Out[24]     ; 15.598 ; 15.598 ; 15.598 ; 15.598 ;
; B[5]       ; Out[25]     ; 15.757 ; 15.757 ; 15.757 ; 15.757 ;
; B[5]       ; Out[26]     ; 16.093 ; 16.093 ; 16.093 ; 16.093 ;
; B[5]       ; Out[27]     ; 16.678 ; 16.678 ; 16.678 ; 16.678 ;
; B[5]       ; Out[28]     ; 16.533 ; 16.533 ; 16.533 ; 16.533 ;
; B[5]       ; Out[29]     ; 16.733 ; 16.733 ; 16.733 ; 16.733 ;
; B[5]       ; Out[30]     ; 16.597 ; 16.597 ; 16.597 ; 16.597 ;
; B[5]       ; Out[31]     ; 16.920 ; 16.920 ; 16.920 ; 16.920 ;
; B[5]       ; Overflow    ; 16.739 ; 16.739 ; 16.739 ; 16.739 ;
; B[6]       ; Out[6]      ; 14.118 ; 14.118 ; 14.118 ; 14.118 ;
; B[6]       ; Out[7]      ; 14.742 ; 14.742 ; 14.742 ; 14.742 ;
; B[6]       ; Out[8]      ; 14.564 ; 14.564 ; 14.564 ; 14.564 ;
; B[6]       ; Out[9]      ; 15.392 ; 15.392 ; 15.392 ; 15.392 ;
; B[6]       ; Out[10]     ; 15.028 ; 15.028 ; 15.028 ; 15.028 ;
; B[6]       ; Out[11]     ; 15.456 ; 15.456 ; 15.456 ; 15.456 ;
; B[6]       ; Out[12]     ; 14.911 ; 14.911 ; 14.911 ; 14.911 ;
; B[6]       ; Out[13]     ; 14.892 ; 14.892 ; 14.892 ; 14.892 ;
; B[6]       ; Out[14]     ; 15.874 ; 15.874 ; 15.874 ; 15.874 ;
; B[6]       ; Out[15]     ; 15.266 ; 15.266 ; 15.266 ; 15.266 ;
; B[6]       ; Out[16]     ; 15.208 ; 15.208 ; 15.208 ; 15.208 ;
; B[6]       ; Out[17]     ; 16.050 ; 16.050 ; 16.050 ; 16.050 ;
; B[6]       ; Out[18]     ; 15.753 ; 15.753 ; 15.753 ; 15.753 ;
; B[6]       ; Out[19]     ; 15.037 ; 15.037 ; 15.037 ; 15.037 ;
; B[6]       ; Out[20]     ; 15.887 ; 15.887 ; 15.887 ; 15.887 ;
; B[6]       ; Out[21]     ; 15.797 ; 15.797 ; 15.797 ; 15.797 ;
; B[6]       ; Out[22]     ; 16.008 ; 16.008 ; 16.008 ; 16.008 ;
; B[6]       ; Out[23]     ; 16.194 ; 16.194 ; 16.194 ; 16.194 ;
; B[6]       ; Out[24]     ; 15.795 ; 15.795 ; 15.795 ; 15.795 ;
; B[6]       ; Out[25]     ; 16.208 ; 16.208 ; 16.208 ; 16.208 ;
; B[6]       ; Out[26]     ; 16.290 ; 16.290 ; 16.290 ; 16.290 ;
; B[6]       ; Out[27]     ; 16.875 ; 16.875 ; 16.875 ; 16.875 ;
; B[6]       ; Out[28]     ; 16.730 ; 16.730 ; 16.730 ; 16.730 ;
; B[6]       ; Out[29]     ; 16.930 ; 16.930 ; 16.930 ; 16.930 ;
; B[6]       ; Out[30]     ; 16.794 ; 16.794 ; 16.794 ; 16.794 ;
; B[6]       ; Out[31]     ; 17.125 ; 17.125 ; 17.125 ; 17.125 ;
; B[6]       ; Overflow    ; 17.190 ; 17.190 ; 17.190 ; 17.190 ;
; B[7]       ; Out[7]      ; 14.250 ; 14.250 ; 14.250 ; 14.250 ;
; B[7]       ; Out[8]      ; 14.389 ; 14.389 ; 14.389 ; 14.389 ;
; B[7]       ; Out[9]      ; 15.217 ; 15.217 ; 15.217 ; 15.217 ;
; B[7]       ; Out[10]     ; 14.853 ; 14.853 ; 14.853 ; 14.853 ;
; B[7]       ; Out[11]     ; 15.281 ; 15.281 ; 15.281 ; 15.281 ;
; B[7]       ; Out[12]     ; 14.736 ; 14.736 ; 14.736 ; 14.736 ;
; B[7]       ; Out[13]     ; 14.717 ; 14.717 ; 14.717 ; 14.717 ;
; B[7]       ; Out[14]     ; 15.699 ; 15.699 ; 15.699 ; 15.699 ;
; B[7]       ; Out[15]     ; 15.091 ; 15.091 ; 15.091 ; 15.091 ;
; B[7]       ; Out[16]     ; 15.033 ; 15.033 ; 15.033 ; 15.033 ;
; B[7]       ; Out[17]     ; 15.875 ; 15.875 ; 15.875 ; 15.875 ;
; B[7]       ; Out[18]     ; 15.578 ; 15.578 ; 15.578 ; 15.578 ;
; B[7]       ; Out[19]     ; 14.862 ; 14.862 ; 14.862 ; 14.862 ;
; B[7]       ; Out[20]     ; 15.712 ; 15.712 ; 15.712 ; 15.712 ;
; B[7]       ; Out[21]     ; 15.622 ; 15.622 ; 15.622 ; 15.622 ;
; B[7]       ; Out[22]     ; 15.833 ; 15.833 ; 15.833 ; 15.833 ;
; B[7]       ; Out[23]     ; 16.019 ; 16.019 ; 16.019 ; 16.019 ;
; B[7]       ; Out[24]     ; 15.620 ; 15.620 ; 15.620 ; 15.620 ;
; B[7]       ; Out[25]     ; 16.020 ; 16.020 ; 16.020 ; 16.020 ;
; B[7]       ; Out[26]     ; 16.115 ; 16.115 ; 16.115 ; 16.115 ;
; B[7]       ; Out[27]     ; 16.700 ; 16.700 ; 16.700 ; 16.700 ;
; B[7]       ; Out[28]     ; 16.555 ; 16.555 ; 16.555 ; 16.555 ;
; B[7]       ; Out[29]     ; 16.755 ; 16.755 ; 16.755 ; 16.755 ;
; B[7]       ; Out[30]     ; 16.619 ; 16.619 ; 16.619 ; 16.619 ;
; B[7]       ; Out[31]     ; 16.942 ; 16.942 ; 16.942 ; 16.942 ;
; B[7]       ; Overflow    ; 17.002 ; 17.002 ; 17.002 ; 17.002 ;
; B[8]       ; Out[8]      ; 14.377 ; 14.377 ; 14.377 ; 14.377 ;
; B[8]       ; Out[9]      ; 15.517 ; 15.517 ; 15.517 ; 15.517 ;
; B[8]       ; Out[10]     ; 15.153 ; 15.153 ; 15.153 ; 15.153 ;
; B[8]       ; Out[11]     ; 15.581 ; 15.581 ; 15.581 ; 15.581 ;
; B[8]       ; Out[12]     ; 15.036 ; 15.036 ; 15.036 ; 15.036 ;
; B[8]       ; Out[13]     ; 15.017 ; 15.017 ; 15.017 ; 15.017 ;
; B[8]       ; Out[14]     ; 15.999 ; 15.999 ; 15.999 ; 15.999 ;
; B[8]       ; Out[15]     ; 15.391 ; 15.391 ; 15.391 ; 15.391 ;
; B[8]       ; Out[16]     ; 15.333 ; 15.333 ; 15.333 ; 15.333 ;
; B[8]       ; Out[17]     ; 16.175 ; 16.175 ; 16.175 ; 16.175 ;
; B[8]       ; Out[18]     ; 15.878 ; 15.878 ; 15.878 ; 15.878 ;
; B[8]       ; Out[19]     ; 15.162 ; 15.162 ; 15.162 ; 15.162 ;
; B[8]       ; Out[20]     ; 16.012 ; 16.012 ; 16.012 ; 16.012 ;
; B[8]       ; Out[21]     ; 15.922 ; 15.922 ; 15.922 ; 15.922 ;
; B[8]       ; Out[22]     ; 16.133 ; 16.133 ; 16.133 ; 16.133 ;
; B[8]       ; Out[23]     ; 16.319 ; 16.319 ; 16.319 ; 16.319 ;
; B[8]       ; Out[24]     ; 15.920 ; 15.920 ; 15.920 ; 15.920 ;
; B[8]       ; Out[25]     ; 16.082 ; 16.082 ; 16.082 ; 16.082 ;
; B[8]       ; Out[26]     ; 16.415 ; 16.415 ; 16.415 ; 16.415 ;
; B[8]       ; Out[27]     ; 17.000 ; 17.000 ; 17.000 ; 17.000 ;
; B[8]       ; Out[28]     ; 16.855 ; 16.855 ; 16.855 ; 16.855 ;
; B[8]       ; Out[29]     ; 17.055 ; 17.055 ; 17.055 ; 17.055 ;
; B[8]       ; Out[30]     ; 16.919 ; 16.919 ; 16.919 ; 16.919 ;
; B[8]       ; Out[31]     ; 17.242 ; 17.242 ; 17.242 ; 17.242 ;
; B[8]       ; Overflow    ; 17.064 ; 17.064 ; 17.064 ; 17.064 ;
; B[9]       ; Out[9]      ; 15.230 ; 15.230 ; 15.230 ; 15.230 ;
; B[9]       ; Out[10]     ; 15.181 ; 15.181 ; 15.181 ; 15.181 ;
; B[9]       ; Out[11]     ; 15.609 ; 15.609 ; 15.609 ; 15.609 ;
; B[9]       ; Out[12]     ; 15.064 ; 15.064 ; 15.064 ; 15.064 ;
; B[9]       ; Out[13]     ; 15.045 ; 15.045 ; 15.045 ; 15.045 ;
; B[9]       ; Out[14]     ; 16.027 ; 16.027 ; 16.027 ; 16.027 ;
; B[9]       ; Out[15]     ; 15.419 ; 15.419 ; 15.419 ; 15.419 ;
; B[9]       ; Out[16]     ; 15.361 ; 15.361 ; 15.361 ; 15.361 ;
; B[9]       ; Out[17]     ; 16.203 ; 16.203 ; 16.203 ; 16.203 ;
; B[9]       ; Out[18]     ; 15.906 ; 15.906 ; 15.906 ; 15.906 ;
; B[9]       ; Out[19]     ; 15.190 ; 15.190 ; 15.190 ; 15.190 ;
; B[9]       ; Out[20]     ; 16.040 ; 16.040 ; 16.040 ; 16.040 ;
; B[9]       ; Out[21]     ; 15.950 ; 15.950 ; 15.950 ; 15.950 ;
; B[9]       ; Out[22]     ; 16.161 ; 16.161 ; 16.161 ; 16.161 ;
; B[9]       ; Out[23]     ; 16.347 ; 16.347 ; 16.347 ; 16.347 ;
; B[9]       ; Out[24]     ; 15.948 ; 15.948 ; 15.948 ; 15.948 ;
; B[9]       ; Out[25]     ; 16.039 ; 16.039 ; 16.039 ; 16.039 ;
; B[9]       ; Out[26]     ; 16.443 ; 16.443 ; 16.443 ; 16.443 ;
; B[9]       ; Out[27]     ; 17.028 ; 17.028 ; 17.028 ; 17.028 ;
; B[9]       ; Out[28]     ; 16.883 ; 16.883 ; 16.883 ; 16.883 ;
; B[9]       ; Out[29]     ; 17.083 ; 17.083 ; 17.083 ; 17.083 ;
; B[9]       ; Out[30]     ; 16.947 ; 16.947 ; 16.947 ; 16.947 ;
; B[9]       ; Out[31]     ; 17.270 ; 17.270 ; 17.270 ; 17.270 ;
; B[9]       ; Overflow    ; 17.021 ; 17.021 ; 17.021 ; 17.021 ;
; B[10]      ; Out[10]     ; 14.164 ; 14.164 ; 14.164 ; 14.164 ;
; B[10]      ; Out[11]     ; 14.904 ; 14.904 ; 14.904 ; 14.904 ;
; B[10]      ; Out[12]     ; 14.359 ; 14.359 ; 14.359 ; 14.359 ;
; B[10]      ; Out[13]     ; 14.340 ; 14.340 ; 14.340 ; 14.340 ;
; B[10]      ; Out[14]     ; 15.322 ; 15.322 ; 15.322 ; 15.322 ;
; B[10]      ; Out[15]     ; 14.714 ; 14.714 ; 14.714 ; 14.714 ;
; B[10]      ; Out[16]     ; 14.656 ; 14.656 ; 14.656 ; 14.656 ;
; B[10]      ; Out[17]     ; 15.498 ; 15.498 ; 15.498 ; 15.498 ;
; B[10]      ; Out[18]     ; 15.201 ; 15.201 ; 15.201 ; 15.201 ;
; B[10]      ; Out[19]     ; 14.485 ; 14.485 ; 14.485 ; 14.485 ;
; B[10]      ; Out[20]     ; 15.335 ; 15.335 ; 15.335 ; 15.335 ;
; B[10]      ; Out[21]     ; 15.245 ; 15.245 ; 15.245 ; 15.245 ;
; B[10]      ; Out[22]     ; 15.456 ; 15.456 ; 15.456 ; 15.456 ;
; B[10]      ; Out[23]     ; 15.642 ; 15.642 ; 15.642 ; 15.642 ;
; B[10]      ; Out[24]     ; 15.243 ; 15.243 ; 15.243 ; 15.243 ;
; B[10]      ; Out[25]     ; 15.427 ; 15.427 ; 15.427 ; 15.427 ;
; B[10]      ; Out[26]     ; 15.738 ; 15.738 ; 15.738 ; 15.738 ;
; B[10]      ; Out[27]     ; 16.323 ; 16.323 ; 16.323 ; 16.323 ;
; B[10]      ; Out[28]     ; 16.178 ; 16.178 ; 16.178 ; 16.178 ;
; B[10]      ; Out[29]     ; 16.378 ; 16.378 ; 16.378 ; 16.378 ;
; B[10]      ; Out[30]     ; 16.242 ; 16.242 ; 16.242 ; 16.242 ;
; B[10]      ; Out[31]     ; 16.565 ; 16.565 ; 16.565 ; 16.565 ;
; B[10]      ; Overflow    ; 16.409 ; 16.409 ; 16.409 ; 16.409 ;
; B[11]      ; Out[11]     ; 14.703 ; 14.703 ; 14.703 ; 14.703 ;
; B[11]      ; Out[12]     ; 14.473 ; 14.473 ; 14.473 ; 14.473 ;
; B[11]      ; Out[13]     ; 14.454 ; 14.454 ; 14.454 ; 14.454 ;
; B[11]      ; Out[14]     ; 15.436 ; 15.436 ; 15.436 ; 15.436 ;
; B[11]      ; Out[15]     ; 14.828 ; 14.828 ; 14.828 ; 14.828 ;
; B[11]      ; Out[16]     ; 14.770 ; 14.770 ; 14.770 ; 14.770 ;
; B[11]      ; Out[17]     ; 15.647 ; 15.647 ; 15.647 ; 15.647 ;
; B[11]      ; Out[18]     ; 15.315 ; 15.315 ; 15.315 ; 15.315 ;
; B[11]      ; Out[19]     ; 14.599 ; 14.599 ; 14.599 ; 14.599 ;
; B[11]      ; Out[20]     ; 15.449 ; 15.449 ; 15.449 ; 15.449 ;
; B[11]      ; Out[21]     ; 15.359 ; 15.359 ; 15.359 ; 15.359 ;
; B[11]      ; Out[22]     ; 15.570 ; 15.570 ; 15.570 ; 15.570 ;
; B[11]      ; Out[23]     ; 15.756 ; 15.756 ; 15.756 ; 15.756 ;
; B[11]      ; Out[24]     ; 15.357 ; 15.357 ; 15.357 ; 15.357 ;
; B[11]      ; Out[25]     ; 15.897 ; 15.897 ; 15.897 ; 15.897 ;
; B[11]      ; Out[26]     ; 15.852 ; 15.852 ; 15.852 ; 15.852 ;
; B[11]      ; Out[27]     ; 16.437 ; 16.437 ; 16.437 ; 16.437 ;
; B[11]      ; Out[28]     ; 16.292 ; 16.292 ; 16.292 ; 16.292 ;
; B[11]      ; Out[29]     ; 16.492 ; 16.492 ; 16.492 ; 16.492 ;
; B[11]      ; Out[30]     ; 16.356 ; 16.356 ; 16.356 ; 16.356 ;
; B[11]      ; Out[31]     ; 16.814 ; 16.814 ; 16.814 ; 16.814 ;
; B[11]      ; Overflow    ; 16.879 ; 16.879 ; 16.879 ; 16.879 ;
; B[12]      ; Out[12]     ; 14.132 ; 14.132 ; 14.132 ; 14.132 ;
; B[12]      ; Out[13]     ; 14.430 ; 14.430 ; 14.430 ; 14.430 ;
; B[12]      ; Out[14]     ; 15.412 ; 15.412 ; 15.412 ; 15.412 ;
; B[12]      ; Out[15]     ; 14.804 ; 14.804 ; 14.804 ; 14.804 ;
; B[12]      ; Out[16]     ; 14.746 ; 14.746 ; 14.746 ; 14.746 ;
; B[12]      ; Out[17]     ; 15.588 ; 15.588 ; 15.588 ; 15.588 ;
; B[12]      ; Out[18]     ; 15.291 ; 15.291 ; 15.291 ; 15.291 ;
; B[12]      ; Out[19]     ; 14.575 ; 14.575 ; 14.575 ; 14.575 ;
; B[12]      ; Out[20]     ; 15.425 ; 15.425 ; 15.425 ; 15.425 ;
; B[12]      ; Out[21]     ; 15.335 ; 15.335 ; 15.335 ; 15.335 ;
; B[12]      ; Out[22]     ; 15.546 ; 15.546 ; 15.546 ; 15.546 ;
; B[12]      ; Out[23]     ; 15.732 ; 15.732 ; 15.732 ; 15.732 ;
; B[12]      ; Out[24]     ; 15.333 ; 15.333 ; 15.333 ; 15.333 ;
; B[12]      ; Out[25]     ; 15.423 ; 15.423 ; 15.423 ; 15.423 ;
; B[12]      ; Out[26]     ; 15.828 ; 15.828 ; 15.828 ; 15.828 ;
; B[12]      ; Out[27]     ; 16.413 ; 16.413 ; 16.413 ; 16.413 ;
; B[12]      ; Out[28]     ; 16.268 ; 16.268 ; 16.268 ; 16.268 ;
; B[12]      ; Out[29]     ; 16.468 ; 16.468 ; 16.468 ; 16.468 ;
; B[12]      ; Out[30]     ; 16.332 ; 16.332 ; 16.332 ; 16.332 ;
; B[12]      ; Out[31]     ; 16.655 ; 16.655 ; 16.655 ; 16.655 ;
; B[12]      ; Overflow    ; 16.405 ; 16.405 ; 16.405 ; 16.405 ;
; B[13]      ; Out[13]     ; 14.244 ; 14.244 ; 14.244 ; 14.244 ;
; B[13]      ; Out[14]     ; 15.538 ; 15.538 ; 15.538 ; 15.538 ;
; B[13]      ; Out[15]     ; 14.930 ; 14.930 ; 14.930 ; 14.930 ;
; B[13]      ; Out[16]     ; 14.872 ; 14.872 ; 14.872 ; 14.872 ;
; B[13]      ; Out[17]     ; 15.714 ; 15.714 ; 15.714 ; 15.714 ;
; B[13]      ; Out[18]     ; 15.417 ; 15.417 ; 15.417 ; 15.417 ;
; B[13]      ; Out[19]     ; 14.701 ; 14.701 ; 14.701 ; 14.701 ;
; B[13]      ; Out[20]     ; 15.551 ; 15.551 ; 15.551 ; 15.551 ;
; B[13]      ; Out[21]     ; 15.461 ; 15.461 ; 15.461 ; 15.461 ;
; B[13]      ; Out[22]     ; 15.672 ; 15.672 ; 15.672 ; 15.672 ;
; B[13]      ; Out[23]     ; 15.858 ; 15.858 ; 15.858 ; 15.858 ;
; B[13]      ; Out[24]     ; 15.459 ; 15.459 ; 15.459 ; 15.459 ;
; B[13]      ; Out[25]     ; 15.635 ; 15.635 ; 15.635 ; 15.635 ;
; B[13]      ; Out[26]     ; 15.954 ; 15.954 ; 15.954 ; 15.954 ;
; B[13]      ; Out[27]     ; 16.539 ; 16.539 ; 16.539 ; 16.539 ;
; B[13]      ; Out[28]     ; 16.394 ; 16.394 ; 16.394 ; 16.394 ;
; B[13]      ; Out[29]     ; 16.594 ; 16.594 ; 16.594 ; 16.594 ;
; B[13]      ; Out[30]     ; 16.458 ; 16.458 ; 16.458 ; 16.458 ;
; B[13]      ; Out[31]     ; 16.781 ; 16.781 ; 16.781 ; 16.781 ;
; B[13]      ; Overflow    ; 16.617 ; 16.617 ; 16.617 ; 16.617 ;
; B[14]      ; Out[14]     ; 14.805 ; 14.805 ; 14.805 ; 14.805 ;
; B[14]      ; Out[15]     ; 14.514 ; 14.514 ; 14.514 ; 14.514 ;
; B[14]      ; Out[16]     ; 14.456 ; 14.456 ; 14.456 ; 14.456 ;
; B[14]      ; Out[17]     ; 15.298 ; 15.298 ; 15.298 ; 15.298 ;
; B[14]      ; Out[18]     ; 15.001 ; 15.001 ; 15.001 ; 15.001 ;
; B[14]      ; Out[19]     ; 14.285 ; 14.285 ; 14.285 ; 14.285 ;
; B[14]      ; Out[20]     ; 15.135 ; 15.135 ; 15.135 ; 15.135 ;
; B[14]      ; Out[21]     ; 15.045 ; 15.045 ; 15.045 ; 15.045 ;
; B[14]      ; Out[22]     ; 15.256 ; 15.256 ; 15.256 ; 15.256 ;
; B[14]      ; Out[23]     ; 15.442 ; 15.442 ; 15.442 ; 15.442 ;
; B[14]      ; Out[24]     ; 15.043 ; 15.043 ; 15.043 ; 15.043 ;
; B[14]      ; Out[25]     ; 15.184 ; 15.184 ; 15.184 ; 15.184 ;
; B[14]      ; Out[26]     ; 15.538 ; 15.538 ; 15.538 ; 15.538 ;
; B[14]      ; Out[27]     ; 16.123 ; 16.123 ; 16.123 ; 16.123 ;
; B[14]      ; Out[28]     ; 15.978 ; 15.978 ; 15.978 ; 15.978 ;
; B[14]      ; Out[29]     ; 16.178 ; 16.178 ; 16.178 ; 16.178 ;
; B[14]      ; Out[30]     ; 16.042 ; 16.042 ; 16.042 ; 16.042 ;
; B[14]      ; Out[31]     ; 16.365 ; 16.365 ; 16.365 ; 16.365 ;
; B[14]      ; Overflow    ; 16.166 ; 16.166 ; 16.166 ; 16.166 ;
; B[15]      ; Out[15]     ; 14.666 ; 14.666 ; 14.666 ; 14.666 ;
; B[15]      ; Out[16]     ; 14.929 ; 14.929 ; 14.929 ; 14.929 ;
; B[15]      ; Out[17]     ; 15.771 ; 15.771 ; 15.771 ; 15.771 ;
; B[15]      ; Out[18]     ; 15.474 ; 15.474 ; 15.474 ; 15.474 ;
; B[15]      ; Out[19]     ; 14.758 ; 14.758 ; 14.758 ; 14.758 ;
; B[15]      ; Out[20]     ; 15.608 ; 15.608 ; 15.608 ; 15.608 ;
; B[15]      ; Out[21]     ; 15.518 ; 15.518 ; 15.518 ; 15.518 ;
; B[15]      ; Out[22]     ; 15.729 ; 15.729 ; 15.729 ; 15.729 ;
; B[15]      ; Out[23]     ; 15.915 ; 15.915 ; 15.915 ; 15.915 ;
; B[15]      ; Out[24]     ; 15.516 ; 15.516 ; 15.516 ; 15.516 ;
; B[15]      ; Out[25]     ; 15.517 ; 15.517 ; 15.517 ; 15.517 ;
; B[15]      ; Out[26]     ; 16.011 ; 16.011 ; 16.011 ; 16.011 ;
; B[15]      ; Out[27]     ; 16.596 ; 16.596 ; 16.596 ; 16.596 ;
; B[15]      ; Out[28]     ; 16.451 ; 16.451 ; 16.451 ; 16.451 ;
; B[15]      ; Out[29]     ; 16.651 ; 16.651 ; 16.651 ; 16.651 ;
; B[15]      ; Out[30]     ; 16.515 ; 16.515 ; 16.515 ; 16.515 ;
; B[15]      ; Out[31]     ; 16.838 ; 16.838 ; 16.838 ; 16.838 ;
; B[15]      ; Overflow    ; 16.355 ; 16.355 ; 16.355 ; 16.355 ;
; B[16]      ; Out[16]     ; 14.255 ; 14.255 ; 14.255 ; 14.255 ;
; B[16]      ; Out[17]     ; 15.414 ; 15.414 ; 15.414 ; 15.414 ;
; B[16]      ; Out[18]     ; 15.117 ; 15.117 ; 15.117 ; 15.117 ;
; B[16]      ; Out[19]     ; 14.401 ; 14.401 ; 14.401 ; 14.401 ;
; B[16]      ; Out[20]     ; 15.251 ; 15.251 ; 15.251 ; 15.251 ;
; B[16]      ; Out[21]     ; 15.161 ; 15.161 ; 15.161 ; 15.161 ;
; B[16]      ; Out[22]     ; 15.372 ; 15.372 ; 15.372 ; 15.372 ;
; B[16]      ; Out[23]     ; 15.558 ; 15.558 ; 15.558 ; 15.558 ;
; B[16]      ; Out[24]     ; 15.159 ; 15.159 ; 15.159 ; 15.159 ;
; B[16]      ; Out[25]     ; 15.160 ; 15.160 ; 15.160 ; 15.160 ;
; B[16]      ; Out[26]     ; 15.654 ; 15.654 ; 15.654 ; 15.654 ;
; B[16]      ; Out[27]     ; 16.239 ; 16.239 ; 16.239 ; 16.239 ;
; B[16]      ; Out[28]     ; 16.094 ; 16.094 ; 16.094 ; 16.094 ;
; B[16]      ; Out[29]     ; 16.294 ; 16.294 ; 16.294 ; 16.294 ;
; B[16]      ; Out[30]     ; 16.158 ; 16.158 ; 16.158 ; 16.158 ;
; B[16]      ; Out[31]     ; 16.481 ; 16.481 ; 16.481 ; 16.481 ;
; B[16]      ; Overflow    ; 15.980 ; 15.980 ; 15.980 ; 15.980 ;
; B[17]      ; Out[17]     ; 14.698 ; 14.698 ; 14.698 ; 14.698 ;
; B[17]      ; Out[18]     ; 14.716 ; 14.716 ; 14.716 ; 14.716 ;
; B[17]      ; Out[19]     ; 14.000 ; 14.000 ; 14.000 ; 14.000 ;
; B[17]      ; Out[20]     ; 14.850 ; 14.850 ; 14.850 ; 14.850 ;
; B[17]      ; Out[21]     ; 14.760 ; 14.760 ; 14.760 ; 14.760 ;
; B[17]      ; Out[22]     ; 14.971 ; 14.971 ; 14.971 ; 14.971 ;
; B[17]      ; Out[23]     ; 15.157 ; 15.157 ; 15.157 ; 15.157 ;
; B[17]      ; Out[24]     ; 14.758 ; 14.758 ; 14.758 ; 14.758 ;
; B[17]      ; Out[25]     ; 14.884 ; 14.884 ; 14.884 ; 14.884 ;
; B[17]      ; Out[26]     ; 15.253 ; 15.253 ; 15.253 ; 15.253 ;
; B[17]      ; Out[27]     ; 15.838 ; 15.838 ; 15.838 ; 15.838 ;
; B[17]      ; Out[28]     ; 15.693 ; 15.693 ; 15.693 ; 15.693 ;
; B[17]      ; Out[29]     ; 15.893 ; 15.893 ; 15.893 ; 15.893 ;
; B[17]      ; Out[30]     ; 15.757 ; 15.757 ; 15.757 ; 15.757 ;
; B[17]      ; Out[31]     ; 16.080 ; 16.080 ; 16.080 ; 16.080 ;
; B[17]      ; Overflow    ; 15.866 ; 15.866 ; 15.866 ; 15.866 ;
; B[18]      ; Out[18]     ; 14.388 ; 14.388 ; 14.388 ; 14.388 ;
; B[18]      ; Out[19]     ; 13.984 ; 13.984 ; 13.984 ; 13.984 ;
; B[18]      ; Out[20]     ; 14.834 ; 14.834 ; 14.834 ; 14.834 ;
; B[18]      ; Out[21]     ; 14.744 ; 14.744 ; 14.744 ; 14.744 ;
; B[18]      ; Out[22]     ; 14.955 ; 14.955 ; 14.955 ; 14.955 ;
; B[18]      ; Out[23]     ; 15.141 ; 15.141 ; 15.141 ; 15.141 ;
; B[18]      ; Out[24]     ; 14.742 ; 14.742 ; 14.742 ; 14.742 ;
; B[18]      ; Out[25]     ; 15.105 ; 15.105 ; 15.105 ; 15.105 ;
; B[18]      ; Out[26]     ; 15.237 ; 15.237 ; 15.237 ; 15.237 ;
; B[18]      ; Out[27]     ; 15.822 ; 15.822 ; 15.822 ; 15.822 ;
; B[18]      ; Out[28]     ; 15.677 ; 15.677 ; 15.677 ; 15.677 ;
; B[18]      ; Out[29]     ; 15.877 ; 15.877 ; 15.877 ; 15.877 ;
; B[18]      ; Out[30]     ; 15.741 ; 15.741 ; 15.741 ; 15.741 ;
; B[18]      ; Out[31]     ; 16.064 ; 16.064 ; 16.064 ; 16.064 ;
; B[18]      ; Overflow    ; 16.087 ; 16.087 ; 16.087 ; 16.087 ;
; B[19]      ; Out[19]     ; 13.381 ; 13.381 ; 13.381 ; 13.381 ;
; B[19]      ; Out[20]     ; 14.543 ; 14.543 ; 14.543 ; 14.543 ;
; B[19]      ; Out[21]     ; 14.453 ; 14.453 ; 14.453 ; 14.453 ;
; B[19]      ; Out[22]     ; 14.664 ; 14.664 ; 14.664 ; 14.664 ;
; B[19]      ; Out[23]     ; 14.850 ; 14.850 ; 14.850 ; 14.850 ;
; B[19]      ; Out[24]     ; 14.451 ; 14.451 ; 14.451 ; 14.451 ;
; B[19]      ; Out[25]     ; 14.569 ; 14.569 ; 14.569 ; 14.569 ;
; B[19]      ; Out[26]     ; 14.946 ; 14.946 ; 14.946 ; 14.946 ;
; B[19]      ; Out[27]     ; 15.531 ; 15.531 ; 15.531 ; 15.531 ;
; B[19]      ; Out[28]     ; 15.386 ; 15.386 ; 15.386 ; 15.386 ;
; B[19]      ; Out[29]     ; 15.586 ; 15.586 ; 15.586 ; 15.586 ;
; B[19]      ; Out[30]     ; 15.450 ; 15.450 ; 15.450 ; 15.450 ;
; B[19]      ; Out[31]     ; 15.773 ; 15.773 ; 15.773 ; 15.773 ;
; B[19]      ; Overflow    ; 15.551 ; 15.551 ; 15.551 ; 15.551 ;
; B[20]      ; Out[20]     ; 14.472 ; 14.472 ; 14.472 ; 14.472 ;
; B[20]      ; Out[21]     ; 14.699 ; 14.699 ; 14.699 ; 14.699 ;
; B[20]      ; Out[22]     ; 14.910 ; 14.910 ; 14.910 ; 14.910 ;
; B[20]      ; Out[23]     ; 15.096 ; 15.096 ; 15.096 ; 15.096 ;
; B[20]      ; Out[24]     ; 14.697 ; 14.697 ; 14.697 ; 14.697 ;
; B[20]      ; Out[25]     ; 14.823 ; 14.823 ; 14.823 ; 14.823 ;
; B[20]      ; Out[26]     ; 15.192 ; 15.192 ; 15.192 ; 15.192 ;
; B[20]      ; Out[27]     ; 15.777 ; 15.777 ; 15.777 ; 15.777 ;
; B[20]      ; Out[28]     ; 15.632 ; 15.632 ; 15.632 ; 15.632 ;
; B[20]      ; Out[29]     ; 15.832 ; 15.832 ; 15.832 ; 15.832 ;
; B[20]      ; Out[30]     ; 15.696 ; 15.696 ; 15.696 ; 15.696 ;
; B[20]      ; Out[31]     ; 16.019 ; 16.019 ; 16.019 ; 16.019 ;
; B[20]      ; Overflow    ; 15.805 ; 15.805 ; 15.805 ; 15.805 ;
; B[21]      ; Out[21]     ; 14.000 ; 14.000 ; 14.000 ; 14.000 ;
; B[21]      ; Out[22]     ; 14.523 ; 14.523 ; 14.523 ; 14.523 ;
; B[21]      ; Out[23]     ; 14.709 ; 14.709 ; 14.709 ; 14.709 ;
; B[21]      ; Out[24]     ; 14.310 ; 14.310 ; 14.310 ; 14.310 ;
; B[21]      ; Out[25]     ; 14.799 ; 14.799 ; 14.799 ; 14.799 ;
; B[21]      ; Out[26]     ; 14.805 ; 14.805 ; 14.805 ; 14.805 ;
; B[21]      ; Out[27]     ; 15.390 ; 15.390 ; 15.390 ; 15.390 ;
; B[21]      ; Out[28]     ; 15.245 ; 15.245 ; 15.245 ; 15.245 ;
; B[21]      ; Out[29]     ; 15.445 ; 15.445 ; 15.445 ; 15.445 ;
; B[21]      ; Out[30]     ; 15.309 ; 15.309 ; 15.309 ; 15.309 ;
; B[21]      ; Out[31]     ; 15.716 ; 15.716 ; 15.716 ; 15.716 ;
; B[21]      ; Overflow    ; 15.781 ; 15.781 ; 15.781 ; 15.781 ;
; B[22]      ; Out[22]     ; 14.148 ; 14.148 ; 14.148 ; 14.148 ;
; B[22]      ; Out[23]     ; 14.646 ; 14.646 ; 14.646 ; 14.646 ;
; B[22]      ; Out[24]     ; 14.247 ; 14.247 ; 14.247 ; 14.247 ;
; B[22]      ; Out[25]     ; 14.381 ; 14.381 ; 14.381 ; 14.381 ;
; B[22]      ; Out[26]     ; 14.742 ; 14.742 ; 14.742 ; 14.742 ;
; B[22]      ; Out[27]     ; 15.327 ; 15.327 ; 15.327 ; 15.327 ;
; B[22]      ; Out[28]     ; 15.182 ; 15.182 ; 15.182 ; 15.182 ;
; B[22]      ; Out[29]     ; 15.382 ; 15.382 ; 15.382 ; 15.382 ;
; B[22]      ; Out[30]     ; 15.246 ; 15.246 ; 15.246 ; 15.246 ;
; B[22]      ; Out[31]     ; 15.569 ; 15.569 ; 15.569 ; 15.569 ;
; B[22]      ; Overflow    ; 15.363 ; 15.363 ; 15.363 ; 15.363 ;
; B[23]      ; Out[23]     ; 14.266 ; 14.266 ; 14.266 ; 14.266 ;
; B[23]      ; Out[24]     ; 14.184 ; 14.184 ; 14.184 ; 14.184 ;
; B[23]      ; Out[25]     ; 14.272 ; 14.272 ; 14.272 ; 14.272 ;
; B[23]      ; Out[26]     ; 14.679 ; 14.679 ; 14.679 ; 14.679 ;
; B[23]      ; Out[27]     ; 15.264 ; 15.264 ; 15.264 ; 15.264 ;
; B[23]      ; Out[28]     ; 15.119 ; 15.119 ; 15.119 ; 15.119 ;
; B[23]      ; Out[29]     ; 15.319 ; 15.319 ; 15.319 ; 15.319 ;
; B[23]      ; Out[30]     ; 15.183 ; 15.183 ; 15.183 ; 15.183 ;
; B[23]      ; Out[31]     ; 15.506 ; 15.506 ; 15.506 ; 15.506 ;
; B[23]      ; Overflow    ; 15.254 ; 15.254 ; 15.254 ; 15.254 ;
; B[24]      ; Out[24]     ; 13.682 ; 13.682 ; 13.682 ; 13.682 ;
; B[24]      ; Out[25]     ; 14.150 ; 14.150 ; 14.150 ; 14.150 ;
; B[24]      ; Out[26]     ; 14.489 ; 14.489 ; 14.489 ; 14.489 ;
; B[24]      ; Out[27]     ; 15.074 ; 15.074 ; 15.074 ; 15.074 ;
; B[24]      ; Out[28]     ; 14.929 ; 14.929 ; 14.929 ; 14.929 ;
; B[24]      ; Out[29]     ; 15.129 ; 15.129 ; 15.129 ; 15.129 ;
; B[24]      ; Out[30]     ; 14.993 ; 14.993 ; 14.993 ; 14.993 ;
; B[24]      ; Out[31]     ; 15.316 ; 15.316 ; 15.316 ; 15.316 ;
; B[24]      ; Overflow    ; 15.132 ; 15.132 ; 15.132 ; 15.132 ;
; B[25]      ; Out[25]     ; 14.189 ; 14.189 ; 14.189 ; 14.189 ;
; B[25]      ; Out[26]     ; 14.595 ; 14.595 ; 14.595 ; 14.595 ;
; B[25]      ; Out[27]     ; 15.180 ; 15.180 ; 15.180 ; 15.180 ;
; B[25]      ; Out[28]     ; 15.035 ; 15.035 ; 15.035 ; 15.035 ;
; B[25]      ; Out[29]     ; 15.235 ; 15.235 ; 15.235 ; 15.235 ;
; B[25]      ; Out[30]     ; 15.099 ; 15.099 ; 15.099 ; 15.099 ;
; B[25]      ; Out[31]     ; 15.422 ; 15.422 ; 15.422 ; 15.422 ;
; B[25]      ; Overflow    ; 15.487 ; 15.487 ; 15.487 ; 15.487 ;
; B[26]      ; Out[26]     ; 14.011 ; 14.011 ; 14.011 ; 14.011 ;
; B[26]      ; Out[27]     ; 14.908 ; 14.908 ; 14.908 ; 14.908 ;
; B[26]      ; Out[28]     ; 14.763 ; 14.763 ; 14.763 ; 14.763 ;
; B[26]      ; Out[29]     ; 14.963 ; 14.963 ; 14.963 ; 14.963 ;
; B[26]      ; Out[30]     ; 14.827 ; 14.827 ; 14.827 ; 14.827 ;
; B[26]      ; Out[31]     ; 15.150 ; 15.150 ; 15.150 ; 15.150 ;
; B[26]      ; Overflow    ; 14.943 ; 14.943 ; 14.943 ; 14.943 ;
; B[27]      ; Out[27]     ; 14.671 ; 14.671 ; 14.671 ; 14.671 ;
; B[27]      ; Out[28]     ; 14.841 ; 14.841 ; 14.841 ; 14.841 ;
; B[27]      ; Out[29]     ; 15.041 ; 15.041 ; 15.041 ; 15.041 ;
; B[27]      ; Out[30]     ; 14.905 ; 14.905 ; 14.905 ; 14.905 ;
; B[27]      ; Out[31]     ; 15.228 ; 15.228 ; 15.228 ; 15.228 ;
; B[27]      ; Overflow    ; 15.225 ; 15.225 ; 15.225 ; 15.225 ;
; B[28]      ; Out[28]     ; 14.462 ; 14.462 ; 14.462 ; 14.462 ;
; B[28]      ; Out[29]     ; 14.974 ; 14.974 ; 14.974 ; 14.974 ;
; B[28]      ; Out[30]     ; 14.838 ; 14.838 ; 14.838 ; 14.838 ;
; B[28]      ; Out[31]     ; 15.161 ; 15.161 ; 15.161 ; 15.161 ;
; B[28]      ; Overflow    ; 14.944 ; 14.944 ; 14.944 ; 14.944 ;
; B[29]      ; Out[29]     ; 14.624 ; 14.624 ; 14.624 ; 14.624 ;
; B[29]      ; Out[30]     ; 14.800 ; 14.800 ; 14.800 ; 14.800 ;
; B[29]      ; Out[31]     ; 15.206 ; 15.206 ; 15.206 ; 15.206 ;
; B[29]      ; Overflow    ; 15.271 ; 15.271 ; 15.271 ; 15.271 ;
; B[30]      ; Out[30]     ; 14.906 ; 14.906 ; 14.906 ; 14.906 ;
; B[30]      ; Out[31]     ; 15.541 ; 15.541 ; 15.541 ; 15.541 ;
; B[30]      ; Overflow    ; 15.120 ; 15.120 ; 15.120 ; 15.120 ;
; B[31]      ; Out[31]     ; 14.573 ; 14.573 ; 14.573 ; 14.573 ;
; B[31]      ; Overflow    ; 14.622 ; 14.622 ; 14.622 ; 14.622 ;
; M          ; Out[0]      ; 11.591 ; 11.591 ; 11.591 ; 11.591 ;
; M          ; Out[1]      ; 11.911 ; 11.911 ; 11.911 ; 11.911 ;
; M          ; Out[2]      ; 11.349 ; 11.349 ; 11.349 ; 11.349 ;
; M          ; Out[3]      ; 11.619 ; 11.619 ; 11.619 ; 11.619 ;
; M          ; Out[4]      ; 11.442 ; 11.442 ; 11.442 ; 11.442 ;
; M          ; Out[5]      ; 12.134 ; 12.134 ; 12.134 ; 12.134 ;
; M          ; Out[6]      ; 11.426 ; 11.426 ; 11.426 ; 11.426 ;
; M          ; Out[7]      ; 12.134 ; 12.134 ; 12.134 ; 12.134 ;
; M          ; Out[8]      ; 11.412 ; 11.412 ; 11.412 ; 11.412 ;
; M          ; Out[9]      ; 11.863 ; 11.863 ; 11.863 ; 11.863 ;
; M          ; Out[10]     ; 11.754 ; 11.754 ; 11.754 ; 11.754 ;
; M          ; Out[11]     ; 12.067 ; 12.067 ; 12.067 ; 12.067 ;
; M          ; Out[12]     ; 11.755 ; 11.755 ; 11.755 ; 11.755 ;
; M          ; Out[13]     ; 11.086 ; 11.086 ; 11.086 ; 11.086 ;
; M          ; Out[14]     ; 11.821 ; 11.821 ; 11.821 ; 11.821 ;
; M          ; Out[15]     ; 11.512 ; 11.512 ; 11.512 ; 11.512 ;
; M          ; Out[16]     ; 10.494 ; 10.494 ; 10.494 ; 10.494 ;
; M          ; Out[17]     ; 11.229 ; 11.229 ; 11.229 ; 11.229 ;
; M          ; Out[18]     ; 10.744 ; 10.744 ; 10.744 ; 10.744 ;
; M          ; Out[19]     ; 10.873 ; 10.873 ; 10.873 ; 10.873 ;
; M          ; Out[20]     ; 11.396 ; 11.396 ; 11.396 ; 11.396 ;
; M          ; Out[21]     ; 11.251 ; 11.251 ; 11.251 ; 11.251 ;
; M          ; Out[22]     ; 11.884 ; 11.884 ; 11.884 ; 11.884 ;
; M          ; Out[23]     ; 12.006 ; 12.006 ; 12.006 ; 12.006 ;
; M          ; Out[24]     ; 11.452 ; 11.452 ; 11.452 ; 11.452 ;
; M          ; Out[25]     ; 11.800 ; 11.800 ; 11.800 ; 11.800 ;
; M          ; Out[26]     ; 12.337 ; 12.337 ; 12.337 ; 12.337 ;
; M          ; Out[27]     ; 11.898 ; 11.898 ; 11.898 ; 11.898 ;
; M          ; Out[28]     ; 11.136 ; 11.136 ; 11.136 ; 11.136 ;
; M          ; Out[29]     ; 11.818 ; 11.818 ; 11.818 ; 11.818 ;
; M          ; Out[30]     ; 11.747 ; 11.747 ; 11.747 ; 11.747 ;
; M          ; Out[31]     ; 12.283 ; 12.283 ; 12.283 ; 12.283 ;
; M          ; Overflow    ; 11.573 ;        ;        ; 11.573 ;
; S0         ; Out[0]      ; 12.788 ; 12.788 ; 12.788 ; 12.788 ;
; S0         ; Out[1]      ; 13.188 ; 13.188 ; 13.188 ; 13.188 ;
; S0         ; Out[2]      ; 12.960 ; 12.960 ; 12.960 ; 12.960 ;
; S0         ; Out[3]      ; 13.549 ; 13.549 ; 13.549 ; 13.549 ;
; S0         ; Out[4]      ; 13.016 ; 13.016 ; 13.016 ; 13.016 ;
; S0         ; Out[5]      ; 13.426 ; 13.426 ; 13.426 ; 13.426 ;
; S0         ; Out[6]      ; 12.997 ; 12.997 ; 12.997 ; 12.997 ;
; S0         ; Out[7]      ; 13.240 ; 13.240 ; 13.240 ; 13.240 ;
; S0         ; Out[8]      ; 12.849 ; 12.849 ; 12.849 ; 12.849 ;
; S0         ; Out[9]      ; 13.567 ; 13.567 ; 13.567 ; 13.567 ;
; S0         ; Out[10]     ; 12.611 ; 12.611 ; 12.611 ; 12.611 ;
; S0         ; Out[11]     ; 12.815 ; 12.815 ; 12.815 ; 12.815 ;
; S0         ; Out[12]     ; 12.450 ; 12.450 ; 12.450 ; 12.450 ;
; S0         ; Out[13]     ; 12.567 ; 12.567 ; 12.567 ; 12.567 ;
; S0         ; Out[14]     ; 13.436 ; 13.436 ; 13.436 ; 13.436 ;
; S0         ; Out[15]     ; 12.700 ; 12.700 ; 12.700 ; 12.700 ;
; S0         ; Out[16]     ; 11.919 ; 11.919 ; 11.919 ; 11.919 ;
; S0         ; Out[17]     ; 13.004 ; 13.004 ; 13.004 ; 13.004 ;
; S0         ; Out[18]     ; 12.872 ; 12.872 ; 12.872 ; 12.872 ;
; S0         ; Out[19]     ; 12.030 ; 12.030 ; 12.030 ; 12.030 ;
; S0         ; Out[20]     ; 12.769 ; 12.769 ; 12.769 ; 12.769 ;
; S0         ; Out[21]     ; 12.598 ; 12.598 ; 12.598 ; 12.598 ;
; S0         ; Out[22]     ; 13.044 ; 13.044 ; 13.044 ; 13.044 ;
; S0         ; Out[23]     ; 13.144 ; 13.144 ; 13.144 ; 13.144 ;
; S0         ; Out[24]     ; 12.884 ; 12.884 ; 12.884 ; 12.884 ;
; S0         ; Out[25]     ; 13.025 ; 13.025 ; 13.025 ; 13.025 ;
; S0         ; Out[26]     ; 12.962 ; 12.962 ; 12.962 ; 12.962 ;
; S0         ; Out[27]     ; 13.053 ; 13.053 ; 13.053 ; 13.053 ;
; S0         ; Out[28]     ; 12.690 ; 12.690 ; 12.690 ; 12.690 ;
; S0         ; Out[29]     ; 13.314 ; 13.314 ; 13.314 ; 13.314 ;
; S0         ; Out[30]     ; 12.729 ; 12.729 ; 12.729 ; 12.729 ;
; S0         ; Out[31]     ; 13.300 ; 13.300 ; 13.300 ; 13.300 ;
; S0         ; Overflow    ; 12.653 ; 12.653 ; 12.653 ; 12.653 ;
; S1         ; Out[0]      ; 12.578 ; 12.578 ; 12.578 ; 12.578 ;
; S1         ; Out[1]      ; 13.341 ; 13.341 ; 13.341 ; 13.341 ;
; S1         ; Out[2]      ; 12.372 ; 12.372 ; 12.372 ; 12.372 ;
; S1         ; Out[3]      ; 12.983 ; 12.983 ; 12.983 ; 12.983 ;
; S1         ; Out[4]      ; 12.594 ; 12.594 ; 12.594 ; 12.594 ;
; S1         ; Out[5]      ; 12.993 ; 12.993 ; 12.993 ; 12.993 ;
; S1         ; Out[6]      ; 13.031 ; 13.031 ; 13.031 ; 13.031 ;
; S1         ; Out[7]      ; 13.291 ; 13.291 ; 13.291 ; 13.291 ;
; S1         ; Out[8]      ; 13.017 ; 13.017 ; 13.017 ; 13.017 ;
; S1         ; Out[9]      ; 12.812 ; 12.812 ; 12.812 ; 12.812 ;
; S1         ; Out[10]     ; 12.539 ; 12.539 ; 12.539 ; 12.539 ;
; S1         ; Out[11]     ; 13.693 ; 13.693 ; 13.693 ; 13.693 ;
; S1         ; Out[12]     ; 13.307 ; 13.307 ; 13.307 ; 13.307 ;
; S1         ; Out[13]     ; 12.472 ; 12.472 ; 12.472 ; 12.472 ;
; S1         ; Out[14]     ; 13.211 ; 13.211 ; 13.211 ; 13.211 ;
; S1         ; Out[15]     ; 12.606 ; 12.606 ; 12.606 ; 12.606 ;
; S1         ; Out[16]     ; 12.345 ; 12.345 ; 12.345 ; 12.345 ;
; S1         ; Out[17]     ; 13.264 ; 13.264 ; 13.264 ; 13.264 ;
; S1         ; Out[18]     ; 12.917 ; 12.917 ; 12.917 ; 12.917 ;
; S1         ; Out[19]     ; 11.931 ; 11.931 ; 11.931 ; 11.931 ;
; S1         ; Out[20]     ; 13.241 ; 13.241 ; 13.241 ; 13.241 ;
; S1         ; Out[21]     ; 13.061 ; 13.061 ; 13.061 ; 13.061 ;
; S1         ; Out[22]     ; 13.144 ; 13.144 ; 13.144 ; 13.144 ;
; S1         ; Out[23]     ; 13.565 ; 13.565 ; 13.565 ; 13.565 ;
; S1         ; Out[24]     ; 12.721 ; 12.721 ; 12.721 ; 12.721 ;
; S1         ; Out[25]     ; 12.275 ; 12.275 ; 12.275 ; 12.275 ;
; S1         ; Out[26]     ; 13.080 ; 13.080 ; 13.080 ; 13.080 ;
; S1         ; Out[27]     ; 13.494 ; 13.494 ; 13.494 ; 13.494 ;
; S1         ; Out[28]     ; 13.265 ; 13.265 ; 13.265 ; 13.265 ;
; S1         ; Out[29]     ; 13.212 ; 13.212 ; 13.212 ; 13.212 ;
; S1         ; Out[30]     ; 13.021 ; 13.021 ; 13.021 ; 13.021 ;
; S1         ; Out[31]     ; 13.089 ; 13.089 ; 13.089 ; 13.089 ;
; S1         ; Overflow    ; 12.430 ; 12.430 ; 12.430 ; 12.430 ;
+------------+-------------+--------+--------+--------+--------+


+--------------------------------------------------------------+
; Minimum Propagation Delay                                    ;
+------------+-------------+--------+--------+--------+--------+
; Input Port ; Output Port ; RR     ; RF     ; FR     ; FF     ;
+------------+-------------+--------+--------+--------+--------+
; A[0]       ; Out[0]      ; 8.050  ; 8.577  ; 8.577  ; 8.050  ;
; A[0]       ; Out[1]      ; 9.089  ; 9.089  ; 9.089  ; 9.089  ;
; A[0]       ; Out[2]      ; 9.470  ; 9.470  ; 9.470  ; 9.470  ;
; A[0]       ; Out[3]      ; 9.692  ; 9.692  ; 9.692  ; 9.692  ;
; A[0]       ; Out[4]      ; 9.496  ; 9.496  ; 9.496  ; 9.496  ;
; A[0]       ; Out[5]      ; 9.902  ; 9.902  ; 9.902  ; 9.902  ;
; A[0]       ; Out[6]      ; 9.351  ; 9.351  ; 9.351  ; 9.351  ;
; A[0]       ; Out[7]      ; 10.046 ; 10.046 ; 10.046 ; 10.046 ;
; A[0]       ; Out[8]      ; 9.616  ; 9.616  ; 9.616  ; 9.616  ;
; A[0]       ; Out[9]      ; 10.230 ; 10.230 ; 10.230 ; 10.230 ;
; A[0]       ; Out[10]     ; 9.819  ; 9.819  ; 9.819  ; 9.819  ;
; A[0]       ; Out[11]     ; 10.542 ; 10.542 ; 10.542 ; 10.542 ;
; A[0]       ; Out[12]     ; 10.110 ; 10.110 ; 10.110 ; 10.110 ;
; A[0]       ; Out[13]     ; 9.970  ; 9.970  ; 9.970  ; 9.970  ;
; A[0]       ; Out[14]     ; 10.828 ; 10.828 ; 10.828 ; 10.828 ;
; A[0]       ; Out[15]     ; 10.675 ; 10.675 ; 10.675 ; 10.675 ;
; A[0]       ; Out[16]     ; 10.410 ; 10.410 ; 10.410 ; 10.410 ;
; A[0]       ; Out[17]     ; 10.609 ; 10.609 ; 10.609 ; 10.609 ;
; A[0]       ; Out[18]     ; 10.428 ; 10.428 ; 10.428 ; 10.428 ;
; A[0]       ; Out[19]     ; 10.012 ; 10.012 ; 10.012 ; 10.012 ;
; A[0]       ; Out[20]     ; 11.025 ; 11.025 ; 11.025 ; 11.025 ;
; A[0]       ; Out[21]     ; 10.801 ; 10.801 ; 10.801 ; 10.801 ;
; A[0]       ; Out[22]     ; 10.846 ; 10.846 ; 10.846 ; 10.846 ;
; A[0]       ; Out[23]     ; 11.011 ; 11.011 ; 11.011 ; 11.011 ;
; A[0]       ; Out[24]     ; 10.710 ; 10.710 ; 10.710 ; 10.710 ;
; A[0]       ; Out[25]     ; 11.693 ; 11.693 ; 11.693 ; 11.693 ;
; A[0]       ; Out[26]     ; 11.220 ; 11.220 ; 11.220 ; 11.220 ;
; A[0]       ; Out[27]     ; 11.649 ; 11.649 ; 11.649 ; 11.649 ;
; A[0]       ; Out[28]     ; 11.360 ; 11.360 ; 11.360 ; 11.360 ;
; A[0]       ; Out[29]     ; 11.854 ; 11.854 ; 11.854 ; 11.854 ;
; A[0]       ; Out[30]     ; 11.889 ; 11.889 ; 11.889 ; 11.889 ;
; A[0]       ; Out[31]     ; 12.425 ; 12.425 ; 12.425 ; 12.425 ;
; A[0]       ; Overflow    ; 11.703 ; 11.703 ; 11.703 ; 11.703 ;
; A[1]       ; Out[1]      ; 12.013 ; 12.013 ; 12.013 ; 12.013 ;
; A[1]       ; Out[2]      ; 13.829 ; 13.829 ; 13.829 ; 13.829 ;
; A[1]       ; Out[3]      ; 13.919 ; 13.919 ; 13.919 ; 13.919 ;
; A[1]       ; Out[4]      ; 13.727 ; 13.727 ; 13.727 ; 13.727 ;
; A[1]       ; Out[5]      ; 14.133 ; 14.133 ; 14.133 ; 14.133 ;
; A[1]       ; Out[6]      ; 13.582 ; 13.582 ; 13.582 ; 13.582 ;
; A[1]       ; Out[7]      ; 14.277 ; 14.277 ; 14.277 ; 14.277 ;
; A[1]       ; Out[8]      ; 13.847 ; 13.847 ; 13.847 ; 13.847 ;
; A[1]       ; Out[9]      ; 14.457 ; 14.457 ; 14.457 ; 14.457 ;
; A[1]       ; Out[10]     ; 14.046 ; 14.046 ; 14.046 ; 14.046 ;
; A[1]       ; Out[11]     ; 14.769 ; 14.769 ; 14.769 ; 14.769 ;
; A[1]       ; Out[12]     ; 14.337 ; 14.337 ; 14.337 ; 14.337 ;
; A[1]       ; Out[13]     ; 14.197 ; 14.197 ; 14.197 ; 14.197 ;
; A[1]       ; Out[14]     ; 15.055 ; 15.055 ; 15.055 ; 15.055 ;
; A[1]       ; Out[15]     ; 14.906 ; 14.906 ; 14.906 ; 14.906 ;
; A[1]       ; Out[16]     ; 14.609 ; 14.609 ; 14.609 ; 14.609 ;
; A[1]       ; Out[17]     ; 14.836 ; 14.836 ; 14.836 ; 14.836 ;
; A[1]       ; Out[18]     ; 14.655 ; 14.655 ; 14.655 ; 14.655 ;
; A[1]       ; Out[19]     ; 14.239 ; 14.239 ; 14.239 ; 14.239 ;
; A[1]       ; Out[20]     ; 15.256 ; 15.256 ; 15.256 ; 15.256 ;
; A[1]       ; Out[21]     ; 15.032 ; 15.032 ; 15.032 ; 15.032 ;
; A[1]       ; Out[22]     ; 15.077 ; 15.077 ; 15.077 ; 15.077 ;
; A[1]       ; Out[23]     ; 15.242 ; 15.242 ; 15.242 ; 15.242 ;
; A[1]       ; Out[24]     ; 14.941 ; 14.941 ; 14.941 ; 14.941 ;
; A[1]       ; Out[25]     ; 15.949 ; 15.949 ; 15.949 ; 15.949 ;
; A[1]       ; Out[26]     ; 15.447 ; 15.447 ; 15.447 ; 15.447 ;
; A[1]       ; Out[27]     ; 15.876 ; 15.876 ; 15.876 ; 15.876 ;
; A[1]       ; Out[28]     ; 15.587 ; 15.587 ; 15.587 ; 15.587 ;
; A[1]       ; Out[29]     ; 16.081 ; 16.081 ; 16.081 ; 16.081 ;
; A[1]       ; Out[30]     ; 16.116 ; 16.116 ; 16.116 ; 16.116 ;
; A[1]       ; Out[31]     ; 16.652 ; 16.652 ; 16.652 ; 16.652 ;
; A[1]       ; Overflow    ; 16.062 ; 16.062 ; 16.062 ; 16.062 ;
; A[2]       ; Out[2]      ; 12.419 ; 12.419 ; 12.419 ; 12.419 ;
; A[2]       ; Out[3]      ; 14.327 ; 14.327 ; 14.327 ; 14.327 ;
; A[2]       ; Out[4]      ; 13.904 ; 13.904 ; 13.904 ; 13.904 ;
; A[2]       ; Out[5]      ; 14.310 ; 14.310 ; 14.310 ; 14.310 ;
; A[2]       ; Out[6]      ; 13.759 ; 13.759 ; 13.759 ; 13.759 ;
; A[2]       ; Out[7]      ; 14.454 ; 14.454 ; 14.454 ; 14.454 ;
; A[2]       ; Out[8]      ; 14.024 ; 14.024 ; 14.024 ; 14.024 ;
; A[2]       ; Out[9]      ; 14.947 ; 14.947 ; 14.947 ; 14.947 ;
; A[2]       ; Out[10]     ; 14.504 ; 14.504 ; 14.504 ; 14.504 ;
; A[2]       ; Out[11]     ; 14.983 ; 14.983 ; 14.983 ; 14.983 ;
; A[2]       ; Out[12]     ; 14.684 ; 14.684 ; 14.684 ; 14.684 ;
; A[2]       ; Out[13]     ; 14.687 ; 14.687 ; 14.687 ; 14.687 ;
; A[2]       ; Out[14]     ; 15.269 ; 15.269 ; 15.269 ; 15.269 ;
; A[2]       ; Out[15]     ; 15.083 ; 15.083 ; 15.083 ; 15.083 ;
; A[2]       ; Out[16]     ; 14.874 ; 14.874 ; 14.874 ; 14.874 ;
; A[2]       ; Out[17]     ; 15.326 ; 15.326 ; 15.326 ; 15.326 ;
; A[2]       ; Out[18]     ; 15.073 ; 15.073 ; 15.073 ; 15.073 ;
; A[2]       ; Out[19]     ; 14.729 ; 14.729 ; 14.729 ; 14.729 ;
; A[2]       ; Out[20]     ; 15.433 ; 15.433 ; 15.433 ; 15.433 ;
; A[2]       ; Out[21]     ; 15.209 ; 15.209 ; 15.209 ; 15.209 ;
; A[2]       ; Out[22]     ; 15.254 ; 15.254 ; 15.254 ; 15.254 ;
; A[2]       ; Out[23]     ; 15.419 ; 15.419 ; 15.419 ; 15.419 ;
; A[2]       ; Out[24]     ; 15.118 ; 15.118 ; 15.118 ; 15.118 ;
; A[2]       ; Out[25]     ; 16.202 ; 16.202 ; 16.202 ; 16.202 ;
; A[2]       ; Out[26]     ; 15.719 ; 15.719 ; 15.719 ; 15.719 ;
; A[2]       ; Out[27]     ; 16.366 ; 16.366 ; 16.366 ; 16.366 ;
; A[2]       ; Out[28]     ; 16.077 ; 16.077 ; 16.077 ; 16.077 ;
; A[2]       ; Out[29]     ; 16.571 ; 16.571 ; 16.571 ; 16.571 ;
; A[2]       ; Out[30]     ; 16.428 ; 16.428 ; 16.428 ; 16.428 ;
; A[2]       ; Out[31]     ; 17.142 ; 17.142 ; 17.142 ; 17.142 ;
; A[2]       ; Overflow    ; 16.212 ; 16.212 ; 16.212 ; 16.212 ;
; A[3]       ; Out[3]      ; 12.594 ; 12.594 ; 12.594 ; 12.594 ;
; A[3]       ; Out[4]      ; 14.180 ; 14.180 ; 14.180 ; 14.180 ;
; A[3]       ; Out[5]      ; 14.563 ; 14.563 ; 14.563 ; 14.563 ;
; A[3]       ; Out[6]      ; 13.805 ; 13.805 ; 13.805 ; 13.805 ;
; A[3]       ; Out[7]      ; 14.466 ; 14.466 ; 14.466 ; 14.466 ;
; A[3]       ; Out[8]      ; 14.089 ; 14.089 ; 14.089 ; 14.089 ;
; A[3]       ; Out[9]      ; 14.582 ; 14.582 ; 14.582 ; 14.582 ;
; A[3]       ; Out[10]     ; 14.171 ; 14.171 ; 14.171 ; 14.171 ;
; A[3]       ; Out[11]     ; 14.894 ; 14.894 ; 14.894 ; 14.894 ;
; A[3]       ; Out[12]     ; 14.462 ; 14.462 ; 14.462 ; 14.462 ;
; A[3]       ; Out[13]     ; 14.322 ; 14.322 ; 14.322 ; 14.322 ;
; A[3]       ; Out[14]     ; 15.180 ; 15.180 ; 15.180 ; 15.180 ;
; A[3]       ; Out[15]     ; 15.098 ; 15.098 ; 15.098 ; 15.098 ;
; A[3]       ; Out[16]     ; 14.727 ; 14.727 ; 14.727 ; 14.727 ;
; A[3]       ; Out[17]     ; 14.961 ; 14.961 ; 14.961 ; 14.961 ;
; A[3]       ; Out[18]     ; 14.780 ; 14.780 ; 14.780 ; 14.780 ;
; A[3]       ; Out[19]     ; 14.364 ; 14.364 ; 14.364 ; 14.364 ;
; A[3]       ; Out[20]     ; 15.591 ; 15.591 ; 15.591 ; 15.591 ;
; A[3]       ; Out[21]     ; 15.247 ; 15.247 ; 15.247 ; 15.247 ;
; A[3]       ; Out[22]     ; 15.427 ; 15.427 ; 15.427 ; 15.427 ;
; A[3]       ; Out[23]     ; 15.695 ; 15.695 ; 15.695 ; 15.695 ;
; A[3]       ; Out[24]     ; 15.260 ; 15.260 ; 15.260 ; 15.260 ;
; A[3]       ; Out[25]     ; 16.074 ; 16.074 ; 16.074 ; 16.074 ;
; A[3]       ; Out[26]     ; 15.572 ; 15.572 ; 15.572 ; 15.572 ;
; A[3]       ; Out[27]     ; 16.001 ; 16.001 ; 16.001 ; 16.001 ;
; A[3]       ; Out[28]     ; 15.712 ; 15.712 ; 15.712 ; 15.712 ;
; A[3]       ; Out[29]     ; 16.206 ; 16.206 ; 16.206 ; 16.206 ;
; A[3]       ; Out[30]     ; 16.241 ; 16.241 ; 16.241 ; 16.241 ;
; A[3]       ; Out[31]     ; 16.777 ; 16.777 ; 16.777 ; 16.777 ;
; A[3]       ; Overflow    ; 16.440 ; 16.440 ; 16.440 ; 16.440 ;
; A[4]       ; Out[4]      ; 12.644 ; 12.644 ; 12.644 ; 12.644 ;
; A[4]       ; Out[5]      ; 14.072 ; 14.072 ; 14.072 ; 14.072 ;
; A[4]       ; Out[6]      ; 13.521 ; 13.521 ; 13.521 ; 13.521 ;
; A[4]       ; Out[7]      ; 14.216 ; 14.216 ; 14.216 ; 14.216 ;
; A[4]       ; Out[8]      ; 13.786 ; 13.786 ; 13.786 ; 13.786 ;
; A[4]       ; Out[9]      ; 14.510 ; 14.510 ; 14.510 ; 14.510 ;
; A[4]       ; Out[10]     ; 14.099 ; 14.099 ; 14.099 ; 14.099 ;
; A[4]       ; Out[11]     ; 14.745 ; 14.745 ; 14.745 ; 14.745 ;
; A[4]       ; Out[12]     ; 14.390 ; 14.390 ; 14.390 ; 14.390 ;
; A[4]       ; Out[13]     ; 14.250 ; 14.250 ; 14.250 ; 14.250 ;
; A[4]       ; Out[14]     ; 15.031 ; 15.031 ; 15.031 ; 15.031 ;
; A[4]       ; Out[15]     ; 14.845 ; 14.845 ; 14.845 ; 14.845 ;
; A[4]       ; Out[16]     ; 14.636 ; 14.636 ; 14.636 ; 14.636 ;
; A[4]       ; Out[17]     ; 14.889 ; 14.889 ; 14.889 ; 14.889 ;
; A[4]       ; Out[18]     ; 14.708 ; 14.708 ; 14.708 ; 14.708 ;
; A[4]       ; Out[19]     ; 14.292 ; 14.292 ; 14.292 ; 14.292 ;
; A[4]       ; Out[20]     ; 15.195 ; 15.195 ; 15.195 ; 15.195 ;
; A[4]       ; Out[21]     ; 14.971 ; 14.971 ; 14.971 ; 14.971 ;
; A[4]       ; Out[22]     ; 15.016 ; 15.016 ; 15.016 ; 15.016 ;
; A[4]       ; Out[23]     ; 15.181 ; 15.181 ; 15.181 ; 15.181 ;
; A[4]       ; Out[24]     ; 14.880 ; 14.880 ; 14.880 ; 14.880 ;
; A[4]       ; Out[25]     ; 15.948 ; 15.948 ; 15.948 ; 15.948 ;
; A[4]       ; Out[26]     ; 15.481 ; 15.481 ; 15.481 ; 15.481 ;
; A[4]       ; Out[27]     ; 15.929 ; 15.929 ; 15.929 ; 15.929 ;
; A[4]       ; Out[28]     ; 15.640 ; 15.640 ; 15.640 ; 15.640 ;
; A[4]       ; Out[29]     ; 16.134 ; 16.134 ; 16.134 ; 16.134 ;
; A[4]       ; Out[30]     ; 16.169 ; 16.169 ; 16.169 ; 16.169 ;
; A[4]       ; Out[31]     ; 16.705 ; 16.705 ; 16.705 ; 16.705 ;
; A[4]       ; Overflow    ; 15.958 ; 15.958 ; 15.958 ; 15.958 ;
; A[5]       ; Out[5]      ; 13.092 ; 13.092 ; 13.092 ; 13.092 ;
; A[5]       ; Out[6]      ; 13.753 ; 13.753 ; 13.753 ; 13.753 ;
; A[5]       ; Out[7]      ; 14.414 ; 14.414 ; 14.414 ; 14.414 ;
; A[5]       ; Out[8]      ; 14.037 ; 14.037 ; 14.037 ; 14.037 ;
; A[5]       ; Out[9]      ; 14.530 ; 14.530 ; 14.530 ; 14.530 ;
; A[5]       ; Out[10]     ; 14.119 ; 14.119 ; 14.119 ; 14.119 ;
; A[5]       ; Out[11]     ; 14.842 ; 14.842 ; 14.842 ; 14.842 ;
; A[5]       ; Out[12]     ; 14.410 ; 14.410 ; 14.410 ; 14.410 ;
; A[5]       ; Out[13]     ; 14.270 ; 14.270 ; 14.270 ; 14.270 ;
; A[5]       ; Out[14]     ; 15.128 ; 15.128 ; 15.128 ; 15.128 ;
; A[5]       ; Out[15]     ; 15.046 ; 15.046 ; 15.046 ; 15.046 ;
; A[5]       ; Out[16]     ; 14.684 ; 14.684 ; 14.684 ; 14.684 ;
; A[5]       ; Out[17]     ; 14.909 ; 14.909 ; 14.909 ; 14.909 ;
; A[5]       ; Out[18]     ; 14.728 ; 14.728 ; 14.728 ; 14.728 ;
; A[5]       ; Out[19]     ; 14.312 ; 14.312 ; 14.312 ; 14.312 ;
; A[5]       ; Out[20]     ; 15.475 ; 15.475 ; 15.475 ; 15.475 ;
; A[5]       ; Out[21]     ; 15.195 ; 15.195 ; 15.195 ; 15.195 ;
; A[5]       ; Out[22]     ; 15.296 ; 15.296 ; 15.296 ; 15.296 ;
; A[5]       ; Out[23]     ; 15.461 ; 15.461 ; 15.461 ; 15.461 ;
; A[5]       ; Out[24]     ; 15.160 ; 15.160 ; 15.160 ; 15.160 ;
; A[5]       ; Out[25]     ; 16.022 ; 16.022 ; 16.022 ; 16.022 ;
; A[5]       ; Out[26]     ; 15.520 ; 15.520 ; 15.520 ; 15.520 ;
; A[5]       ; Out[27]     ; 15.949 ; 15.949 ; 15.949 ; 15.949 ;
; A[5]       ; Out[28]     ; 15.660 ; 15.660 ; 15.660 ; 15.660 ;
; A[5]       ; Out[29]     ; 16.154 ; 16.154 ; 16.154 ; 16.154 ;
; A[5]       ; Out[30]     ; 16.189 ; 16.189 ; 16.189 ; 16.189 ;
; A[5]       ; Out[31]     ; 16.725 ; 16.725 ; 16.725 ; 16.725 ;
; A[5]       ; Overflow    ; 16.190 ; 16.190 ; 16.190 ; 16.190 ;
; A[6]       ; Out[6]      ; 12.519 ; 12.519 ; 12.519 ; 12.519 ;
; A[6]       ; Out[7]      ; 13.810 ; 13.810 ; 13.810 ; 13.810 ;
; A[6]       ; Out[8]      ; 13.433 ; 13.433 ; 13.433 ; 13.433 ;
; A[6]       ; Out[9]      ; 13.926 ; 13.926 ; 13.926 ; 13.926 ;
; A[6]       ; Out[10]     ; 13.515 ; 13.515 ; 13.515 ; 13.515 ;
; A[6]       ; Out[11]     ; 14.238 ; 14.238 ; 14.238 ; 14.238 ;
; A[6]       ; Out[12]     ; 13.806 ; 13.806 ; 13.806 ; 13.806 ;
; A[6]       ; Out[13]     ; 13.666 ; 13.666 ; 13.666 ; 13.666 ;
; A[6]       ; Out[14]     ; 14.524 ; 14.524 ; 14.524 ; 14.524 ;
; A[6]       ; Out[15]     ; 14.442 ; 14.442 ; 14.442 ; 14.442 ;
; A[6]       ; Out[16]     ; 14.324 ; 14.324 ; 14.324 ; 14.324 ;
; A[6]       ; Out[17]     ; 14.305 ; 14.305 ; 14.305 ; 14.305 ;
; A[6]       ; Out[18]     ; 14.124 ; 14.124 ; 14.124 ; 14.124 ;
; A[6]       ; Out[19]     ; 13.708 ; 13.708 ; 13.708 ; 13.708 ;
; A[6]       ; Out[20]     ; 14.935 ; 14.935 ; 14.935 ; 14.935 ;
; A[6]       ; Out[21]     ; 14.591 ; 14.591 ; 14.591 ; 14.591 ;
; A[6]       ; Out[22]     ; 14.771 ; 14.771 ; 14.771 ; 14.771 ;
; A[6]       ; Out[23]     ; 15.254 ; 15.254 ; 15.254 ; 15.254 ;
; A[6]       ; Out[24]     ; 14.604 ; 14.604 ; 14.604 ; 14.604 ;
; A[6]       ; Out[25]     ; 15.418 ; 15.418 ; 15.418 ; 15.418 ;
; A[6]       ; Out[26]     ; 14.916 ; 14.916 ; 14.916 ; 14.916 ;
; A[6]       ; Out[27]     ; 15.345 ; 15.345 ; 15.345 ; 15.345 ;
; A[6]       ; Out[28]     ; 15.056 ; 15.056 ; 15.056 ; 15.056 ;
; A[6]       ; Out[29]     ; 15.550 ; 15.550 ; 15.550 ; 15.550 ;
; A[6]       ; Out[30]     ; 15.585 ; 15.585 ; 15.585 ; 15.585 ;
; A[6]       ; Out[31]     ; 16.121 ; 16.121 ; 16.121 ; 16.121 ;
; A[6]       ; Overflow    ; 15.788 ; 15.788 ; 15.788 ; 15.788 ;
; A[7]       ; Out[7]      ; 12.310 ; 12.310 ; 12.310 ; 12.310 ;
; A[7]       ; Out[8]      ; 13.216 ; 13.216 ; 13.216 ; 13.216 ;
; A[7]       ; Out[9]      ; 14.187 ; 14.187 ; 14.187 ; 14.187 ;
; A[7]       ; Out[10]     ; 13.696 ; 13.696 ; 13.696 ; 13.696 ;
; A[7]       ; Out[11]     ; 14.175 ; 14.175 ; 14.175 ; 14.175 ;
; A[7]       ; Out[12]     ; 13.876 ; 13.876 ; 13.876 ; 13.876 ;
; A[7]       ; Out[13]     ; 13.927 ; 13.927 ; 13.927 ; 13.927 ;
; A[7]       ; Out[14]     ; 14.461 ; 14.461 ; 14.461 ; 14.461 ;
; A[7]       ; Out[15]     ; 14.275 ; 14.275 ; 14.275 ; 14.275 ;
; A[7]       ; Out[16]     ; 14.066 ; 14.066 ; 14.066 ; 14.066 ;
; A[7]       ; Out[17]     ; 14.566 ; 14.566 ; 14.566 ; 14.566 ;
; A[7]       ; Out[18]     ; 14.265 ; 14.265 ; 14.265 ; 14.265 ;
; A[7]       ; Out[19]     ; 13.932 ; 13.932 ; 13.932 ; 13.932 ;
; A[7]       ; Out[20]     ; 14.625 ; 14.625 ; 14.625 ; 14.625 ;
; A[7]       ; Out[21]     ; 14.401 ; 14.401 ; 14.401 ; 14.401 ;
; A[7]       ; Out[22]     ; 14.446 ; 14.446 ; 14.446 ; 14.446 ;
; A[7]       ; Out[23]     ; 14.611 ; 14.611 ; 14.611 ; 14.611 ;
; A[7]       ; Out[24]     ; 14.310 ; 14.310 ; 14.310 ; 14.310 ;
; A[7]       ; Out[25]     ; 15.506 ; 15.506 ; 15.506 ; 15.506 ;
; A[7]       ; Out[26]     ; 14.911 ; 14.911 ; 14.911 ; 14.911 ;
; A[7]       ; Out[27]     ; 15.606 ; 15.606 ; 15.606 ; 15.606 ;
; A[7]       ; Out[28]     ; 15.317 ; 15.317 ; 15.317 ; 15.317 ;
; A[7]       ; Out[29]     ; 15.811 ; 15.811 ; 15.811 ; 15.811 ;
; A[7]       ; Out[30]     ; 15.620 ; 15.620 ; 15.620 ; 15.620 ;
; A[7]       ; Out[31]     ; 16.382 ; 16.382 ; 16.382 ; 16.382 ;
; A[7]       ; Overflow    ; 15.612 ; 15.612 ; 15.612 ; 15.612 ;
; A[8]       ; Out[8]      ; 11.874 ; 11.874 ; 11.874 ; 11.874 ;
; A[8]       ; Out[9]      ; 14.102 ; 14.102 ; 14.102 ; 14.102 ;
; A[8]       ; Out[10]     ; 13.691 ; 13.691 ; 13.691 ; 13.691 ;
; A[8]       ; Out[11]     ; 14.414 ; 14.414 ; 14.414 ; 14.414 ;
; A[8]       ; Out[12]     ; 13.982 ; 13.982 ; 13.982 ; 13.982 ;
; A[8]       ; Out[13]     ; 13.842 ; 13.842 ; 13.842 ; 13.842 ;
; A[8]       ; Out[14]     ; 14.700 ; 14.700 ; 14.700 ; 14.700 ;
; A[8]       ; Out[15]     ; 14.530 ; 14.530 ; 14.530 ; 14.530 ;
; A[8]       ; Out[16]     ; 14.321 ; 14.321 ; 14.321 ; 14.321 ;
; A[8]       ; Out[17]     ; 14.481 ; 14.481 ; 14.481 ; 14.481 ;
; A[8]       ; Out[18]     ; 14.300 ; 14.300 ; 14.300 ; 14.300 ;
; A[8]       ; Out[19]     ; 13.884 ; 13.884 ; 13.884 ; 13.884 ;
; A[8]       ; Out[20]     ; 14.880 ; 14.880 ; 14.880 ; 14.880 ;
; A[8]       ; Out[21]     ; 14.656 ; 14.656 ; 14.656 ; 14.656 ;
; A[8]       ; Out[22]     ; 14.701 ; 14.701 ; 14.701 ; 14.701 ;
; A[8]       ; Out[23]     ; 14.866 ; 14.866 ; 14.866 ; 14.866 ;
; A[8]       ; Out[24]     ; 14.565 ; 14.565 ; 14.565 ; 14.565 ;
; A[8]       ; Out[25]     ; 15.594 ; 15.594 ; 15.594 ; 15.594 ;
; A[8]       ; Out[26]     ; 15.092 ; 15.092 ; 15.092 ; 15.092 ;
; A[8]       ; Out[27]     ; 15.521 ; 15.521 ; 15.521 ; 15.521 ;
; A[8]       ; Out[28]     ; 15.232 ; 15.232 ; 15.232 ; 15.232 ;
; A[8]       ; Out[29]     ; 15.726 ; 15.726 ; 15.726 ; 15.726 ;
; A[8]       ; Out[30]     ; 15.761 ; 15.761 ; 15.761 ; 15.761 ;
; A[8]       ; Out[31]     ; 16.297 ; 16.297 ; 16.297 ; 16.297 ;
; A[8]       ; Overflow    ; 15.665 ; 15.665 ; 15.665 ; 15.665 ;
; A[9]       ; Out[9]      ; 13.647 ; 13.647 ; 13.647 ; 13.647 ;
; A[9]       ; Out[10]     ; 14.343 ; 14.343 ; 14.343 ; 14.343 ;
; A[9]       ; Out[11]     ; 14.822 ; 14.822 ; 14.822 ; 14.822 ;
; A[9]       ; Out[12]     ; 14.523 ; 14.523 ; 14.523 ; 14.523 ;
; A[9]       ; Out[13]     ; 14.579 ; 14.579 ; 14.579 ; 14.579 ;
; A[9]       ; Out[14]     ; 15.108 ; 15.108 ; 15.108 ; 15.108 ;
; A[9]       ; Out[15]     ; 14.922 ; 14.922 ; 14.922 ; 14.922 ;
; A[9]       ; Out[16]     ; 14.713 ; 14.713 ; 14.713 ; 14.713 ;
; A[9]       ; Out[17]     ; 15.284 ; 15.284 ; 15.284 ; 15.284 ;
; A[9]       ; Out[18]     ; 14.912 ; 14.912 ; 14.912 ; 14.912 ;
; A[9]       ; Out[19]     ; 14.579 ; 14.579 ; 14.579 ; 14.579 ;
; A[9]       ; Out[20]     ; 15.272 ; 15.272 ; 15.272 ; 15.272 ;
; A[9]       ; Out[21]     ; 15.048 ; 15.048 ; 15.048 ; 15.048 ;
; A[9]       ; Out[22]     ; 15.093 ; 15.093 ; 15.093 ; 15.093 ;
; A[9]       ; Out[23]     ; 15.258 ; 15.258 ; 15.258 ; 15.258 ;
; A[9]       ; Out[24]     ; 14.957 ; 14.957 ; 14.957 ; 14.957 ;
; A[9]       ; Out[25]     ; 15.488 ; 15.488 ; 15.488 ; 15.488 ;
; A[9]       ; Out[26]     ; 15.558 ; 15.558 ; 15.558 ; 15.558 ;
; A[9]       ; Out[27]     ; 16.324 ; 16.324 ; 16.324 ; 16.324 ;
; A[9]       ; Out[28]     ; 16.035 ; 16.035 ; 16.035 ; 16.035 ;
; A[9]       ; Out[29]     ; 16.529 ; 16.529 ; 16.529 ; 16.529 ;
; A[9]       ; Out[30]     ; 16.267 ; 16.267 ; 16.267 ; 16.267 ;
; A[9]       ; Out[31]     ; 16.809 ; 16.809 ; 16.809 ; 16.809 ;
; A[9]       ; Overflow    ; 15.498 ; 15.498 ; 15.498 ; 15.498 ;
; A[10]      ; Out[10]     ; 12.194 ; 12.194 ; 12.194 ; 12.194 ;
; A[10]      ; Out[11]     ; 14.228 ; 14.228 ; 14.228 ; 14.228 ;
; A[10]      ; Out[12]     ; 13.805 ; 13.805 ; 13.805 ; 13.805 ;
; A[10]      ; Out[13]     ; 13.665 ; 13.665 ; 13.665 ; 13.665 ;
; A[10]      ; Out[14]     ; 14.514 ; 14.514 ; 14.514 ; 14.514 ;
; A[10]      ; Out[15]     ; 14.328 ; 14.328 ; 14.328 ; 14.328 ;
; A[10]      ; Out[16]     ; 14.106 ; 14.106 ; 14.106 ; 14.106 ;
; A[10]      ; Out[17]     ; 14.304 ; 14.304 ; 14.304 ; 14.304 ;
; A[10]      ; Out[18]     ; 14.123 ; 14.123 ; 14.123 ; 14.123 ;
; A[10]      ; Out[19]     ; 13.707 ; 13.707 ; 13.707 ; 13.707 ;
; A[10]      ; Out[20]     ; 14.678 ; 14.678 ; 14.678 ; 14.678 ;
; A[10]      ; Out[21]     ; 14.454 ; 14.454 ; 14.454 ; 14.454 ;
; A[10]      ; Out[22]     ; 14.499 ; 14.499 ; 14.499 ; 14.499 ;
; A[10]      ; Out[23]     ; 14.664 ; 14.664 ; 14.664 ; 14.664 ;
; A[10]      ; Out[24]     ; 14.363 ; 14.363 ; 14.363 ; 14.363 ;
; A[10]      ; Out[25]     ; 15.417 ; 15.417 ; 15.417 ; 15.417 ;
; A[10]      ; Out[26]     ; 14.915 ; 14.915 ; 14.915 ; 14.915 ;
; A[10]      ; Out[27]     ; 15.344 ; 15.344 ; 15.344 ; 15.344 ;
; A[10]      ; Out[28]     ; 15.055 ; 15.055 ; 15.055 ; 15.055 ;
; A[10]      ; Out[29]     ; 15.549 ; 15.549 ; 15.549 ; 15.549 ;
; A[10]      ; Out[30]     ; 15.584 ; 15.584 ; 15.584 ; 15.584 ;
; A[10]      ; Out[31]     ; 16.120 ; 16.120 ; 16.120 ; 16.120 ;
; A[10]      ; Overflow    ; 15.787 ; 15.787 ; 15.787 ; 15.787 ;
; A[11]      ; Out[11]     ; 12.097 ; 12.097 ; 12.097 ; 12.097 ;
; A[11]      ; Out[12]     ; 13.911 ; 13.911 ; 13.911 ; 13.911 ;
; A[11]      ; Out[13]     ; 13.771 ; 13.771 ; 13.771 ; 13.771 ;
; A[11]      ; Out[14]     ; 14.629 ; 14.629 ; 14.629 ; 14.629 ;
; A[11]      ; Out[15]     ; 14.547 ; 14.547 ; 14.547 ; 14.547 ;
; A[11]      ; Out[16]     ; 14.195 ; 14.195 ; 14.195 ; 14.195 ;
; A[11]      ; Out[17]     ; 14.410 ; 14.410 ; 14.410 ; 14.410 ;
; A[11]      ; Out[18]     ; 14.229 ; 14.229 ; 14.229 ; 14.229 ;
; A[11]      ; Out[19]     ; 13.813 ; 13.813 ; 13.813 ; 13.813 ;
; A[11]      ; Out[20]     ; 15.040 ; 15.040 ; 15.040 ; 15.040 ;
; A[11]      ; Out[21]     ; 14.696 ; 14.696 ; 14.696 ; 14.696 ;
; A[11]      ; Out[22]     ; 14.876 ; 14.876 ; 14.876 ; 14.876 ;
; A[11]      ; Out[23]     ; 15.145 ; 15.145 ; 15.145 ; 15.145 ;
; A[11]      ; Out[24]     ; 14.709 ; 14.709 ; 14.709 ; 14.709 ;
; A[11]      ; Out[25]     ; 15.523 ; 15.523 ; 15.523 ; 15.523 ;
; A[11]      ; Out[26]     ; 15.021 ; 15.021 ; 15.021 ; 15.021 ;
; A[11]      ; Out[27]     ; 15.450 ; 15.450 ; 15.450 ; 15.450 ;
; A[11]      ; Out[28]     ; 15.161 ; 15.161 ; 15.161 ; 15.161 ;
; A[11]      ; Out[29]     ; 15.655 ; 15.655 ; 15.655 ; 15.655 ;
; A[11]      ; Out[30]     ; 15.690 ; 15.690 ; 15.690 ; 15.690 ;
; A[11]      ; Out[31]     ; 16.226 ; 16.226 ; 16.226 ; 16.226 ;
; A[11]      ; Overflow    ; 15.893 ; 15.893 ; 15.893 ; 15.893 ;
; A[12]      ; Out[12]     ; 12.629 ; 12.629 ; 12.629 ; 12.629 ;
; A[12]      ; Out[13]     ; 13.726 ; 13.726 ; 13.726 ; 13.726 ;
; A[12]      ; Out[14]     ; 14.584 ; 14.584 ; 14.584 ; 14.584 ;
; A[12]      ; Out[15]     ; 14.502 ; 14.502 ; 14.502 ; 14.502 ;
; A[12]      ; Out[16]     ; 14.139 ; 14.139 ; 14.139 ; 14.139 ;
; A[12]      ; Out[17]     ; 14.365 ; 14.365 ; 14.365 ; 14.365 ;
; A[12]      ; Out[18]     ; 14.184 ; 14.184 ; 14.184 ; 14.184 ;
; A[12]      ; Out[19]     ; 13.768 ; 13.768 ; 13.768 ; 13.768 ;
; A[12]      ; Out[20]     ; 14.884 ; 14.884 ; 14.884 ; 14.884 ;
; A[12]      ; Out[21]     ; 14.651 ; 14.651 ; 14.651 ; 14.651 ;
; A[12]      ; Out[22]     ; 14.705 ; 14.705 ; 14.705 ; 14.705 ;
; A[12]      ; Out[23]     ; 14.870 ; 14.870 ; 14.870 ; 14.870 ;
; A[12]      ; Out[24]     ; 14.569 ; 14.569 ; 14.569 ; 14.569 ;
; A[12]      ; Out[25]     ; 15.478 ; 15.478 ; 15.478 ; 15.478 ;
; A[12]      ; Out[26]     ; 14.976 ; 14.976 ; 14.976 ; 14.976 ;
; A[12]      ; Out[27]     ; 15.405 ; 15.405 ; 15.405 ; 15.405 ;
; A[12]      ; Out[28]     ; 15.116 ; 15.116 ; 15.116 ; 15.116 ;
; A[12]      ; Out[29]     ; 15.610 ; 15.610 ; 15.610 ; 15.610 ;
; A[12]      ; Out[30]     ; 15.645 ; 15.645 ; 15.645 ; 15.645 ;
; A[12]      ; Out[31]     ; 16.181 ; 16.181 ; 16.181 ; 16.181 ;
; A[12]      ; Overflow    ; 15.605 ; 15.605 ; 15.605 ; 15.605 ;
; A[13]      ; Out[13]     ; 12.627 ; 12.627 ; 12.627 ; 12.627 ;
; A[13]      ; Out[14]     ; 14.480 ; 14.480 ; 14.480 ; 14.480 ;
; A[13]      ; Out[15]     ; 14.398 ; 14.398 ; 14.398 ; 14.398 ;
; A[13]      ; Out[16]     ; 14.034 ; 14.034 ; 14.034 ; 14.034 ;
; A[13]      ; Out[17]     ; 14.261 ; 14.261 ; 14.261 ; 14.261 ;
; A[13]      ; Out[18]     ; 14.080 ; 14.080 ; 14.080 ; 14.080 ;
; A[13]      ; Out[19]     ; 13.664 ; 13.664 ; 13.664 ; 13.664 ;
; A[13]      ; Out[20]     ; 14.891 ; 14.891 ; 14.891 ; 14.891 ;
; A[13]      ; Out[21]     ; 14.547 ; 14.547 ; 14.547 ; 14.547 ;
; A[13]      ; Out[22]     ; 14.727 ; 14.727 ; 14.727 ; 14.727 ;
; A[13]      ; Out[23]     ; 14.922 ; 14.922 ; 14.922 ; 14.922 ;
; A[13]      ; Out[24]     ; 14.560 ; 14.560 ; 14.560 ; 14.560 ;
; A[13]      ; Out[25]     ; 15.374 ; 15.374 ; 15.374 ; 15.374 ;
; A[13]      ; Out[26]     ; 14.872 ; 14.872 ; 14.872 ; 14.872 ;
; A[13]      ; Out[27]     ; 15.301 ; 15.301 ; 15.301 ; 15.301 ;
; A[13]      ; Out[28]     ; 15.012 ; 15.012 ; 15.012 ; 15.012 ;
; A[13]      ; Out[29]     ; 15.506 ; 15.506 ; 15.506 ; 15.506 ;
; A[13]      ; Out[30]     ; 15.541 ; 15.541 ; 15.541 ; 15.541 ;
; A[13]      ; Out[31]     ; 16.077 ; 16.077 ; 16.077 ; 16.077 ;
; A[13]      ; Overflow    ; 15.730 ; 15.730 ; 15.730 ; 15.730 ;
; A[14]      ; Out[14]     ; 13.153 ; 13.153 ; 13.153 ; 13.153 ;
; A[14]      ; Out[15]     ; 14.038 ; 14.038 ; 14.038 ; 14.038 ;
; A[14]      ; Out[16]     ; 13.829 ; 13.829 ; 13.829 ; 13.829 ;
; A[14]      ; Out[17]     ; 14.218 ; 14.218 ; 14.218 ; 14.218 ;
; A[14]      ; Out[18]     ; 14.028 ; 14.028 ; 14.028 ; 14.028 ;
; A[14]      ; Out[19]     ; 13.621 ; 13.621 ; 13.621 ; 13.621 ;
; A[14]      ; Out[20]     ; 14.388 ; 14.388 ; 14.388 ; 14.388 ;
; A[14]      ; Out[21]     ; 14.164 ; 14.164 ; 14.164 ; 14.164 ;
; A[14]      ; Out[22]     ; 14.209 ; 14.209 ; 14.209 ; 14.209 ;
; A[14]      ; Out[23]     ; 14.374 ; 14.374 ; 14.374 ; 14.374 ;
; A[14]      ; Out[24]     ; 14.073 ; 14.073 ; 14.073 ; 14.073 ;
; A[14]      ; Out[25]     ; 15.161 ; 15.161 ; 15.161 ; 15.161 ;
; A[14]      ; Out[26]     ; 14.674 ; 14.674 ; 14.674 ; 14.674 ;
; A[14]      ; Out[27]     ; 15.258 ; 15.258 ; 15.258 ; 15.258 ;
; A[14]      ; Out[28]     ; 14.969 ; 14.969 ; 14.969 ; 14.969 ;
; A[14]      ; Out[29]     ; 15.463 ; 15.463 ; 15.463 ; 15.463 ;
; A[14]      ; Out[30]     ; 15.383 ; 15.383 ; 15.383 ; 15.383 ;
; A[14]      ; Out[31]     ; 16.034 ; 16.034 ; 16.034 ; 16.034 ;
; A[14]      ; Overflow    ; 15.171 ; 15.171 ; 15.171 ; 15.171 ;
; A[15]      ; Out[15]     ; 12.044 ; 12.044 ; 12.044 ; 12.044 ;
; A[15]      ; Out[16]     ; 13.560 ; 13.560 ; 13.560 ; 13.560 ;
; A[15]      ; Out[17]     ; 13.940 ; 13.940 ; 13.940 ; 13.940 ;
; A[15]      ; Out[18]     ; 13.759 ; 13.759 ; 13.759 ; 13.759 ;
; A[15]      ; Out[19]     ; 13.343 ; 13.343 ; 13.343 ; 13.343 ;
; A[15]      ; Out[20]     ; 14.119 ; 14.119 ; 14.119 ; 14.119 ;
; A[15]      ; Out[21]     ; 13.895 ; 13.895 ; 13.895 ; 13.895 ;
; A[15]      ; Out[22]     ; 13.940 ; 13.940 ; 13.940 ; 13.940 ;
; A[15]      ; Out[23]     ; 14.105 ; 14.105 ; 14.105 ; 14.105 ;
; A[15]      ; Out[24]     ; 13.804 ; 13.804 ; 13.804 ; 13.804 ;
; A[15]      ; Out[25]     ; 14.828 ; 14.828 ; 14.828 ; 14.828 ;
; A[15]      ; Out[26]     ; 14.405 ; 14.405 ; 14.405 ; 14.405 ;
; A[15]      ; Out[27]     ; 14.980 ; 14.980 ; 14.980 ; 14.980 ;
; A[15]      ; Out[28]     ; 14.691 ; 14.691 ; 14.691 ; 14.691 ;
; A[15]      ; Out[29]     ; 15.185 ; 15.185 ; 15.185 ; 15.185 ;
; A[15]      ; Out[30]     ; 15.114 ; 15.114 ; 15.114 ; 15.114 ;
; A[15]      ; Out[31]     ; 15.756 ; 15.756 ; 15.756 ; 15.756 ;
; A[15]      ; Overflow    ; 14.838 ; 14.838 ; 14.838 ; 14.838 ;
; A[16]      ; Out[16]     ; 11.217 ; 11.217 ; 11.217 ; 11.217 ;
; A[16]      ; Out[17]     ; 13.415 ; 13.415 ; 13.415 ; 13.415 ;
; A[16]      ; Out[18]     ; 13.234 ; 13.234 ; 13.234 ; 13.234 ;
; A[16]      ; Out[19]     ; 12.818 ; 12.818 ; 12.818 ; 12.818 ;
; A[16]      ; Out[20]     ; 13.655 ; 13.655 ; 13.655 ; 13.655 ;
; A[16]      ; Out[21]     ; 13.431 ; 13.431 ; 13.431 ; 13.431 ;
; A[16]      ; Out[22]     ; 13.476 ; 13.476 ; 13.476 ; 13.476 ;
; A[16]      ; Out[23]     ; 13.641 ; 13.641 ; 13.641 ; 13.641 ;
; A[16]      ; Out[24]     ; 13.340 ; 13.340 ; 13.340 ; 13.340 ;
; A[16]      ; Out[25]     ; 14.528 ; 14.528 ; 14.528 ; 14.528 ;
; A[16]      ; Out[26]     ; 13.941 ; 13.941 ; 13.941 ; 13.941 ;
; A[16]      ; Out[27]     ; 14.455 ; 14.455 ; 14.455 ; 14.455 ;
; A[16]      ; Out[28]     ; 14.166 ; 14.166 ; 14.166 ; 14.166 ;
; A[16]      ; Out[29]     ; 14.660 ; 14.660 ; 14.660 ; 14.660 ;
; A[16]      ; Out[30]     ; 14.650 ; 14.650 ; 14.650 ; 14.650 ;
; A[16]      ; Out[31]     ; 15.231 ; 15.231 ; 15.231 ; 15.231 ;
; A[16]      ; Overflow    ; 14.824 ; 14.824 ; 14.824 ; 14.824 ;
; A[17]      ; Out[17]     ; 12.178 ; 12.178 ; 12.178 ; 12.178 ;
; A[17]      ; Out[18]     ; 13.373 ; 13.373 ; 13.373 ; 13.373 ;
; A[17]      ; Out[19]     ; 13.040 ; 13.040 ; 13.040 ; 13.040 ;
; A[17]      ; Out[20]     ; 13.733 ; 13.733 ; 13.733 ; 13.733 ;
; A[17]      ; Out[21]     ; 13.509 ; 13.509 ; 13.509 ; 13.509 ;
; A[17]      ; Out[22]     ; 13.554 ; 13.554 ; 13.554 ; 13.554 ;
; A[17]      ; Out[23]     ; 13.719 ; 13.719 ; 13.719 ; 13.719 ;
; A[17]      ; Out[24]     ; 13.418 ; 13.418 ; 13.418 ; 13.418 ;
; A[17]      ; Out[25]     ; 14.483 ; 14.483 ; 14.483 ; 14.483 ;
; A[17]      ; Out[26]     ; 14.019 ; 14.019 ; 14.019 ; 14.019 ;
; A[17]      ; Out[27]     ; 14.932 ; 14.932 ; 14.932 ; 14.932 ;
; A[17]      ; Out[28]     ; 14.643 ; 14.643 ; 14.643 ; 14.643 ;
; A[17]      ; Out[29]     ; 15.012 ; 15.012 ; 15.012 ; 15.012 ;
; A[17]      ; Out[30]     ; 14.728 ; 14.728 ; 14.728 ; 14.728 ;
; A[17]      ; Out[31]     ; 15.531 ; 15.531 ; 15.531 ; 15.531 ;
; A[17]      ; Overflow    ; 14.493 ; 14.493 ; 14.493 ; 14.493 ;
; A[18]      ; Out[18]     ; 11.783 ; 11.783 ; 11.783 ; 11.783 ;
; A[18]      ; Out[19]     ; 12.924 ; 12.924 ; 12.924 ; 12.924 ;
; A[18]      ; Out[20]     ; 13.713 ; 13.713 ; 13.713 ; 13.713 ;
; A[18]      ; Out[21]     ; 13.489 ; 13.489 ; 13.489 ; 13.489 ;
; A[18]      ; Out[22]     ; 13.534 ; 13.534 ; 13.534 ; 13.534 ;
; A[18]      ; Out[23]     ; 13.699 ; 13.699 ; 13.699 ; 13.699 ;
; A[18]      ; Out[24]     ; 13.398 ; 13.398 ; 13.398 ; 13.398 ;
; A[18]      ; Out[25]     ; 14.594 ; 14.594 ; 14.594 ; 14.594 ;
; A[18]      ; Out[26]     ; 13.999 ; 13.999 ; 13.999 ; 13.999 ;
; A[18]      ; Out[27]     ; 14.561 ; 14.561 ; 14.561 ; 14.561 ;
; A[18]      ; Out[28]     ; 14.272 ; 14.272 ; 14.272 ; 14.272 ;
; A[18]      ; Out[29]     ; 14.766 ; 14.766 ; 14.766 ; 14.766 ;
; A[18]      ; Out[30]     ; 14.708 ; 14.708 ; 14.708 ; 14.708 ;
; A[18]      ; Out[31]     ; 15.337 ; 15.337 ; 15.337 ; 15.337 ;
; A[18]      ; Overflow    ; 15.004 ; 15.004 ; 15.004 ; 15.004 ;
; A[19]      ; Out[19]     ; 11.496 ; 11.496 ; 11.496 ; 11.496 ;
; A[19]      ; Out[20]     ; 14.016 ; 14.016 ; 14.016 ; 14.016 ;
; A[19]      ; Out[21]     ; 13.758 ; 13.758 ; 13.758 ; 13.758 ;
; A[19]      ; Out[22]     ; 13.837 ; 13.837 ; 13.837 ; 13.837 ;
; A[19]      ; Out[23]     ; 14.002 ; 14.002 ; 14.002 ; 14.002 ;
; A[19]      ; Out[24]     ; 13.701 ; 13.701 ; 13.701 ; 13.701 ;
; A[19]      ; Out[25]     ; 14.585 ; 14.585 ; 14.585 ; 14.585 ;
; A[19]      ; Out[26]     ; 14.083 ; 14.083 ; 14.083 ; 14.083 ;
; A[19]      ; Out[27]     ; 14.512 ; 14.512 ; 14.512 ; 14.512 ;
; A[19]      ; Out[28]     ; 14.223 ; 14.223 ; 14.223 ; 14.223 ;
; A[19]      ; Out[29]     ; 14.717 ; 14.717 ; 14.717 ; 14.717 ;
; A[19]      ; Out[30]     ; 14.752 ; 14.752 ; 14.752 ; 14.752 ;
; A[19]      ; Out[31]     ; 15.288 ; 15.288 ; 15.288 ; 15.288 ;
; A[19]      ; Overflow    ; 14.790 ; 14.790 ; 14.790 ; 14.790 ;
; A[20]      ; Out[20]     ; 12.821 ; 12.821 ; 12.821 ; 12.821 ;
; A[20]      ; Out[21]     ; 14.279 ; 14.279 ; 14.279 ; 14.279 ;
; A[20]      ; Out[22]     ; 14.324 ; 14.324 ; 14.324 ; 14.324 ;
; A[20]      ; Out[23]     ; 14.489 ; 14.489 ; 14.489 ; 14.489 ;
; A[20]      ; Out[24]     ; 14.188 ; 14.188 ; 14.188 ; 14.188 ;
; A[20]      ; Out[25]     ; 15.239 ; 15.239 ; 15.239 ; 15.239 ;
; A[20]      ; Out[26]     ; 14.789 ; 14.789 ; 14.789 ; 14.789 ;
; A[20]      ; Out[27]     ; 15.616 ; 15.616 ; 15.616 ; 15.616 ;
; A[20]      ; Out[28]     ; 14.934 ; 14.934 ; 14.934 ; 14.934 ;
; A[20]      ; Out[29]     ; 15.782 ; 15.782 ; 15.782 ; 15.782 ;
; A[20]      ; Out[30]     ; 15.498 ; 15.498 ; 15.498 ; 15.498 ;
; A[20]      ; Out[31]     ; 16.173 ; 16.173 ; 16.173 ; 16.173 ;
; A[20]      ; Overflow    ; 15.271 ; 15.271 ; 15.271 ; 15.271 ;
; A[21]      ; Out[21]     ; 12.456 ; 12.456 ; 12.456 ; 12.456 ;
; A[21]      ; Out[22]     ; 14.096 ; 14.096 ; 14.096 ; 14.096 ;
; A[21]      ; Out[23]     ; 14.261 ; 14.261 ; 14.261 ; 14.261 ;
; A[21]      ; Out[24]     ; 13.960 ; 13.960 ; 13.960 ; 13.960 ;
; A[21]      ; Out[25]     ; 14.781 ; 14.781 ; 14.781 ; 14.781 ;
; A[21]      ; Out[26]     ; 14.442 ; 14.442 ; 14.442 ; 14.442 ;
; A[21]      ; Out[27]     ; 14.871 ; 14.871 ; 14.871 ; 14.871 ;
; A[21]      ; Out[28]     ; 14.582 ; 14.582 ; 14.582 ; 14.582 ;
; A[21]      ; Out[29]     ; 15.076 ; 15.076 ; 15.076 ; 15.076 ;
; A[21]      ; Out[30]     ; 15.111 ; 15.111 ; 15.111 ; 15.111 ;
; A[21]      ; Out[31]     ; 15.647 ; 15.647 ; 15.647 ; 15.647 ;
; A[21]      ; Overflow    ; 14.791 ; 14.791 ; 14.791 ; 14.791 ;
; A[22]      ; Out[22]     ; 11.981 ; 11.981 ; 11.981 ; 11.981 ;
; A[22]      ; Out[23]     ; 13.203 ; 13.203 ; 13.203 ; 13.203 ;
; A[22]      ; Out[24]     ; 12.902 ; 12.902 ; 12.902 ; 12.902 ;
; A[22]      ; Out[25]     ; 13.979 ; 13.979 ; 13.979 ; 13.979 ;
; A[22]      ; Out[26]     ; 13.503 ; 13.503 ; 13.503 ; 13.503 ;
; A[22]      ; Out[27]     ; 14.030 ; 14.030 ; 14.030 ; 14.030 ;
; A[22]      ; Out[28]     ; 13.741 ; 13.741 ; 13.741 ; 13.741 ;
; A[22]      ; Out[29]     ; 14.235 ; 14.235 ; 14.235 ; 14.235 ;
; A[22]      ; Out[30]     ; 14.212 ; 14.212 ; 14.212 ; 14.212 ;
; A[22]      ; Out[31]     ; 14.806 ; 14.806 ; 14.806 ; 14.806 ;
; A[22]      ; Overflow    ; 13.989 ; 13.989 ; 13.989 ; 13.989 ;
; A[23]      ; Out[23]     ; 12.269 ; 12.269 ; 12.269 ; 12.269 ;
; A[23]      ; Out[24]     ; 13.453 ; 13.453 ; 13.453 ; 13.453 ;
; A[23]      ; Out[25]     ; 14.528 ; 14.528 ; 14.528 ; 14.528 ;
; A[23]      ; Out[26]     ; 14.026 ; 14.026 ; 14.026 ; 14.026 ;
; A[23]      ; Out[27]     ; 14.455 ; 14.455 ; 14.455 ; 14.455 ;
; A[23]      ; Out[28]     ; 14.166 ; 14.166 ; 14.166 ; 14.166 ;
; A[23]      ; Out[29]     ; 14.660 ; 14.660 ; 14.660 ; 14.660 ;
; A[23]      ; Out[30]     ; 14.695 ; 14.695 ; 14.695 ; 14.695 ;
; A[23]      ; Out[31]     ; 15.231 ; 15.231 ; 15.231 ; 15.231 ;
; A[23]      ; Overflow    ; 14.725 ; 14.725 ; 14.725 ; 14.725 ;
; A[24]      ; Out[24]     ; 11.297 ; 11.297 ; 11.297 ; 11.297 ;
; A[24]      ; Out[25]     ; 13.897 ; 13.897 ; 13.897 ; 13.897 ;
; A[24]      ; Out[26]     ; 13.508 ; 13.508 ; 13.508 ; 13.508 ;
; A[24]      ; Out[27]     ; 13.937 ; 13.937 ; 13.937 ; 13.937 ;
; A[24]      ; Out[28]     ; 13.648 ; 13.648 ; 13.648 ; 13.648 ;
; A[24]      ; Out[29]     ; 14.142 ; 14.142 ; 14.142 ; 14.142 ;
; A[24]      ; Out[30]     ; 14.177 ; 14.177 ; 14.177 ; 14.177 ;
; A[24]      ; Out[31]     ; 14.713 ; 14.713 ; 14.713 ; 14.713 ;
; A[24]      ; Overflow    ; 13.907 ; 13.907 ; 13.907 ; 13.907 ;
; A[25]      ; Out[25]     ; 13.083 ; 13.083 ; 13.083 ; 13.083 ;
; A[25]      ; Out[26]     ; 13.751 ; 13.751 ; 13.751 ; 13.751 ;
; A[25]      ; Out[27]     ; 14.180 ; 14.180 ; 14.180 ; 14.180 ;
; A[25]      ; Out[28]     ; 13.891 ; 13.891 ; 13.891 ; 13.891 ;
; A[25]      ; Out[29]     ; 14.385 ; 14.385 ; 14.385 ; 14.385 ;
; A[25]      ; Out[30]     ; 14.420 ; 14.420 ; 14.420 ; 14.420 ;
; A[25]      ; Out[31]     ; 14.956 ; 14.956 ; 14.956 ; 14.956 ;
; A[25]      ; Overflow    ; 14.623 ; 14.623 ; 14.623 ; 14.623 ;
; A[26]      ; Out[26]     ; 13.305 ; 13.305 ; 13.305 ; 13.305 ;
; A[26]      ; Out[27]     ; 14.081 ; 14.081 ; 14.081 ; 14.081 ;
; A[26]      ; Out[28]     ; 13.792 ; 13.792 ; 13.792 ; 13.792 ;
; A[26]      ; Out[29]     ; 14.286 ; 14.286 ; 14.286 ; 14.286 ;
; A[26]      ; Out[30]     ; 14.321 ; 14.321 ; 14.321 ; 14.321 ;
; A[26]      ; Out[31]     ; 14.857 ; 14.857 ; 14.857 ; 14.857 ;
; A[26]      ; Overflow    ; 14.524 ; 14.524 ; 14.524 ; 14.524 ;
; A[27]      ; Out[27]     ; 11.993 ; 11.993 ; 11.993 ; 11.993 ;
; A[27]      ; Out[28]     ; 13.572 ; 13.572 ; 13.572 ; 13.572 ;
; A[27]      ; Out[29]     ; 14.066 ; 14.066 ; 14.066 ; 14.066 ;
; A[27]      ; Out[30]     ; 14.051 ; 14.051 ; 14.051 ; 14.051 ;
; A[27]      ; Out[31]     ; 14.637 ; 14.637 ; 14.637 ; 14.637 ;
; A[27]      ; Overflow    ; 14.051 ; 14.051 ; 14.051 ; 14.051 ;
; A[28]      ; Out[28]     ; 12.255 ; 12.255 ; 12.255 ; 12.255 ;
; A[28]      ; Out[29]     ; 14.045 ; 14.045 ; 14.045 ; 14.045 ;
; A[28]      ; Out[30]     ; 14.080 ; 14.080 ; 14.080 ; 14.080 ;
; A[28]      ; Out[31]     ; 14.616 ; 14.616 ; 14.616 ; 14.616 ;
; A[28]      ; Overflow    ; 14.283 ; 14.283 ; 14.283 ; 14.283 ;
; A[29]      ; Out[29]     ; 12.519 ; 12.519 ; 12.519 ; 12.519 ;
; A[29]      ; Out[30]     ; 13.586 ; 13.586 ; 13.586 ; 13.586 ;
; A[29]      ; Out[31]     ; 14.389 ; 14.389 ; 14.389 ; 14.389 ;
; A[29]      ; Overflow    ; 13.369 ; 13.369 ; 13.369 ; 13.369 ;
; A[30]      ; Out[30]     ; 12.698 ; 12.698 ; 12.698 ; 12.698 ;
; A[30]      ; Out[31]     ; 14.613 ; 14.613 ; 14.613 ; 14.613 ;
; A[30]      ; Overflow    ; 14.060 ; 14.060 ; 14.060 ; 14.060 ;
; A[31]      ; Out[31]     ; 12.403 ; 12.403 ; 12.403 ; 12.403 ;
; A[31]      ; Overflow    ; 11.018 ; 11.018 ; 11.018 ; 11.018 ;
; B[0]       ; Out[0]      ; 8.366  ; 9.708  ; 9.708  ; 8.366  ;
; B[0]       ; Out[1]      ; 9.293  ; 9.293  ; 9.293  ; 9.293  ;
; B[0]       ; Out[2]      ; 9.726  ; 9.726  ; 9.726  ; 9.726  ;
; B[0]       ; Out[3]      ; 10.123 ; 10.123 ; 10.123 ; 10.123 ;
; B[0]       ; Out[4]      ; 9.700  ; 9.700  ; 9.700  ; 9.700  ;
; B[0]       ; Out[5]      ; 10.106 ; 10.106 ; 10.106 ; 10.106 ;
; B[0]       ; Out[6]      ; 9.555  ; 9.555  ; 9.555  ; 9.555  ;
; B[0]       ; Out[7]      ; 10.250 ; 10.250 ; 10.250 ; 10.250 ;
; B[0]       ; Out[8]      ; 9.820  ; 9.820  ; 9.820  ; 9.820  ;
; B[0]       ; Out[9]      ; 10.997 ; 10.997 ; 10.997 ; 10.997 ;
; B[0]       ; Out[10]     ; 10.300 ; 10.300 ; 10.300 ; 10.300 ;
; B[0]       ; Out[11]     ; 10.779 ; 10.779 ; 10.779 ; 10.779 ;
; B[0]       ; Out[12]     ; 10.480 ; 10.480 ; 10.480 ; 10.480 ;
; B[0]       ; Out[13]     ; 10.536 ; 10.536 ; 10.536 ; 10.536 ;
; B[0]       ; Out[14]     ; 11.065 ; 11.065 ; 11.065 ; 11.065 ;
; B[0]       ; Out[15]     ; 10.879 ; 10.879 ; 10.879 ; 10.879 ;
; B[0]       ; Out[16]     ; 10.670 ; 10.670 ; 10.670 ; 10.670 ;
; B[0]       ; Out[17]     ; 11.860 ; 11.860 ; 11.860 ; 11.860 ;
; B[0]       ; Out[18]     ; 10.869 ; 10.869 ; 10.869 ; 10.869 ;
; B[0]       ; Out[19]     ; 10.536 ; 10.536 ; 10.536 ; 10.536 ;
; B[0]       ; Out[20]     ; 11.229 ; 11.229 ; 11.229 ; 11.229 ;
; B[0]       ; Out[21]     ; 11.005 ; 11.005 ; 11.005 ; 11.005 ;
; B[0]       ; Out[22]     ; 11.050 ; 11.050 ; 11.050 ; 11.050 ;
; B[0]       ; Out[23]     ; 11.215 ; 11.215 ; 11.215 ; 11.215 ;
; B[0]       ; Out[24]     ; 10.914 ; 10.914 ; 10.914 ; 10.914 ;
; B[0]       ; Out[25]     ; 11.949 ; 11.949 ; 11.949 ; 11.949 ;
; B[0]       ; Out[26]     ; 11.515 ; 11.515 ; 11.515 ; 11.515 ;
; B[0]       ; Out[27]     ; 12.525 ; 12.525 ; 12.525 ; 12.525 ;
; B[0]       ; Out[28]     ; 12.277 ; 12.277 ; 12.277 ; 12.277 ;
; B[0]       ; Out[29]     ; 12.508 ; 12.508 ; 12.508 ; 12.508 ;
; B[0]       ; Out[30]     ; 12.224 ; 12.224 ; 12.224 ; 12.224 ;
; B[0]       ; Out[31]     ; 13.027 ; 13.027 ; 13.027 ; 13.027 ;
; B[0]       ; Overflow    ; 11.959 ; 11.959 ; 11.959 ; 11.959 ;
; B[1]       ; Out[1]      ; 12.612 ; 12.612 ; 12.612 ; 12.612 ;
; B[1]       ; Out[2]      ; 14.113 ; 14.113 ; 14.113 ; 14.113 ;
; B[1]       ; Out[3]      ; 14.501 ; 14.501 ; 14.501 ; 14.501 ;
; B[1]       ; Out[4]      ; 14.078 ; 14.078 ; 14.078 ; 14.078 ;
; B[1]       ; Out[5]      ; 14.484 ; 14.484 ; 14.484 ; 14.484 ;
; B[1]       ; Out[6]      ; 13.933 ; 13.933 ; 13.933 ; 13.933 ;
; B[1]       ; Out[7]      ; 14.628 ; 14.628 ; 14.628 ; 14.628 ;
; B[1]       ; Out[8]      ; 14.198 ; 14.198 ; 14.198 ; 14.198 ;
; B[1]       ; Out[9]      ; 15.375 ; 15.375 ; 15.375 ; 15.375 ;
; B[1]       ; Out[10]     ; 14.678 ; 14.678 ; 14.678 ; 14.678 ;
; B[1]       ; Out[11]     ; 15.157 ; 15.157 ; 15.157 ; 15.157 ;
; B[1]       ; Out[12]     ; 14.858 ; 14.858 ; 14.858 ; 14.858 ;
; B[1]       ; Out[13]     ; 14.914 ; 14.914 ; 14.914 ; 14.914 ;
; B[1]       ; Out[14]     ; 15.443 ; 15.443 ; 15.443 ; 15.443 ;
; B[1]       ; Out[15]     ; 15.257 ; 15.257 ; 15.257 ; 15.257 ;
; B[1]       ; Out[16]     ; 15.048 ; 15.048 ; 15.048 ; 15.048 ;
; B[1]       ; Out[17]     ; 16.238 ; 16.238 ; 16.238 ; 16.238 ;
; B[1]       ; Out[18]     ; 15.247 ; 15.247 ; 15.247 ; 15.247 ;
; B[1]       ; Out[19]     ; 14.914 ; 14.914 ; 14.914 ; 14.914 ;
; B[1]       ; Out[20]     ; 15.607 ; 15.607 ; 15.607 ; 15.607 ;
; B[1]       ; Out[21]     ; 15.383 ; 15.383 ; 15.383 ; 15.383 ;
; B[1]       ; Out[22]     ; 15.428 ; 15.428 ; 15.428 ; 15.428 ;
; B[1]       ; Out[23]     ; 15.593 ; 15.593 ; 15.593 ; 15.593 ;
; B[1]       ; Out[24]     ; 15.292 ; 15.292 ; 15.292 ; 15.292 ;
; B[1]       ; Out[25]     ; 16.336 ; 16.336 ; 16.336 ; 16.336 ;
; B[1]       ; Out[26]     ; 15.893 ; 15.893 ; 15.893 ; 15.893 ;
; B[1]       ; Out[27]     ; 16.903 ; 16.903 ; 16.903 ; 16.903 ;
; B[1]       ; Out[28]     ; 16.655 ; 16.655 ; 16.655 ; 16.655 ;
; B[1]       ; Out[29]     ; 16.886 ; 16.886 ; 16.886 ; 16.886 ;
; B[1]       ; Out[30]     ; 16.602 ; 16.602 ; 16.602 ; 16.602 ;
; B[1]       ; Out[31]     ; 17.405 ; 17.405 ; 17.405 ; 17.405 ;
; B[1]       ; Overflow    ; 16.346 ; 16.346 ; 16.346 ; 16.346 ;
; B[2]       ; Out[2]      ; 12.161 ; 12.161 ; 12.161 ; 12.161 ;
; B[2]       ; Out[3]      ; 14.063 ; 14.063 ; 14.063 ; 14.063 ;
; B[2]       ; Out[4]      ; 13.640 ; 13.640 ; 13.640 ; 13.640 ;
; B[2]       ; Out[5]      ; 14.046 ; 14.046 ; 14.046 ; 14.046 ;
; B[2]       ; Out[6]      ; 13.495 ; 13.495 ; 13.495 ; 13.495 ;
; B[2]       ; Out[7]      ; 14.190 ; 14.190 ; 14.190 ; 14.190 ;
; B[2]       ; Out[8]      ; 13.760 ; 13.760 ; 13.760 ; 13.760 ;
; B[2]       ; Out[9]      ; 14.937 ; 14.937 ; 14.937 ; 14.937 ;
; B[2]       ; Out[10]     ; 14.240 ; 14.240 ; 14.240 ; 14.240 ;
; B[2]       ; Out[11]     ; 14.719 ; 14.719 ; 14.719 ; 14.719 ;
; B[2]       ; Out[12]     ; 14.420 ; 14.420 ; 14.420 ; 14.420 ;
; B[2]       ; Out[13]     ; 14.476 ; 14.476 ; 14.476 ; 14.476 ;
; B[2]       ; Out[14]     ; 15.005 ; 15.005 ; 15.005 ; 15.005 ;
; B[2]       ; Out[15]     ; 14.819 ; 14.819 ; 14.819 ; 14.819 ;
; B[2]       ; Out[16]     ; 14.610 ; 14.610 ; 14.610 ; 14.610 ;
; B[2]       ; Out[17]     ; 15.800 ; 15.800 ; 15.800 ; 15.800 ;
; B[2]       ; Out[18]     ; 14.809 ; 14.809 ; 14.809 ; 14.809 ;
; B[2]       ; Out[19]     ; 14.476 ; 14.476 ; 14.476 ; 14.476 ;
; B[2]       ; Out[20]     ; 15.169 ; 15.169 ; 15.169 ; 15.169 ;
; B[2]       ; Out[21]     ; 14.945 ; 14.945 ; 14.945 ; 14.945 ;
; B[2]       ; Out[22]     ; 14.990 ; 14.990 ; 14.990 ; 14.990 ;
; B[2]       ; Out[23]     ; 15.155 ; 15.155 ; 15.155 ; 15.155 ;
; B[2]       ; Out[24]     ; 14.854 ; 14.854 ; 14.854 ; 14.854 ;
; B[2]       ; Out[25]     ; 16.050 ; 16.050 ; 16.050 ; 16.050 ;
; B[2]       ; Out[26]     ; 15.455 ; 15.455 ; 15.455 ; 15.455 ;
; B[2]       ; Out[27]     ; 16.465 ; 16.465 ; 16.465 ; 16.465 ;
; B[2]       ; Out[28]     ; 16.217 ; 16.217 ; 16.217 ; 16.217 ;
; B[2]       ; Out[29]     ; 16.448 ; 16.448 ; 16.448 ; 16.448 ;
; B[2]       ; Out[30]     ; 16.164 ; 16.164 ; 16.164 ; 16.164 ;
; B[2]       ; Out[31]     ; 16.967 ; 16.967 ; 16.967 ; 16.967 ;
; B[2]       ; Overflow    ; 16.094 ; 16.094 ; 16.094 ; 16.094 ;
; B[3]       ; Out[3]      ; 12.276 ; 12.276 ; 12.276 ; 12.276 ;
; B[3]       ; Out[4]      ; 13.472 ; 13.472 ; 13.472 ; 13.472 ;
; B[3]       ; Out[5]      ; 13.878 ; 13.878 ; 13.878 ; 13.878 ;
; B[3]       ; Out[6]      ; 13.327 ; 13.327 ; 13.327 ; 13.327 ;
; B[3]       ; Out[7]      ; 14.022 ; 14.022 ; 14.022 ; 14.022 ;
; B[3]       ; Out[8]      ; 13.592 ; 13.592 ; 13.592 ; 13.592 ;
; B[3]       ; Out[9]      ; 14.769 ; 14.769 ; 14.769 ; 14.769 ;
; B[3]       ; Out[10]     ; 14.072 ; 14.072 ; 14.072 ; 14.072 ;
; B[3]       ; Out[11]     ; 14.551 ; 14.551 ; 14.551 ; 14.551 ;
; B[3]       ; Out[12]     ; 14.252 ; 14.252 ; 14.252 ; 14.252 ;
; B[3]       ; Out[13]     ; 14.308 ; 14.308 ; 14.308 ; 14.308 ;
; B[3]       ; Out[14]     ; 14.837 ; 14.837 ; 14.837 ; 14.837 ;
; B[3]       ; Out[15]     ; 14.651 ; 14.651 ; 14.651 ; 14.651 ;
; B[3]       ; Out[16]     ; 14.442 ; 14.442 ; 14.442 ; 14.442 ;
; B[3]       ; Out[17]     ; 15.632 ; 15.632 ; 15.632 ; 15.632 ;
; B[3]       ; Out[18]     ; 14.641 ; 14.641 ; 14.641 ; 14.641 ;
; B[3]       ; Out[19]     ; 14.308 ; 14.308 ; 14.308 ; 14.308 ;
; B[3]       ; Out[20]     ; 15.001 ; 15.001 ; 15.001 ; 15.001 ;
; B[3]       ; Out[21]     ; 14.777 ; 14.777 ; 14.777 ; 14.777 ;
; B[3]       ; Out[22]     ; 14.822 ; 14.822 ; 14.822 ; 14.822 ;
; B[3]       ; Out[23]     ; 14.987 ; 14.987 ; 14.987 ; 14.987 ;
; B[3]       ; Out[24]     ; 14.686 ; 14.686 ; 14.686 ; 14.686 ;
; B[3]       ; Out[25]     ; 15.784 ; 15.784 ; 15.784 ; 15.784 ;
; B[3]       ; Out[26]     ; 15.287 ; 15.287 ; 15.287 ; 15.287 ;
; B[3]       ; Out[27]     ; 16.297 ; 16.297 ; 16.297 ; 16.297 ;
; B[3]       ; Out[28]     ; 16.049 ; 16.049 ; 16.049 ; 16.049 ;
; B[3]       ; Out[29]     ; 16.280 ; 16.280 ; 16.280 ; 16.280 ;
; B[3]       ; Out[30]     ; 15.996 ; 15.996 ; 15.996 ; 15.996 ;
; B[3]       ; Out[31]     ; 16.799 ; 16.799 ; 16.799 ; 16.799 ;
; B[3]       ; Overflow    ; 15.794 ; 15.794 ; 15.794 ; 15.794 ;
; B[4]       ; Out[4]      ; 12.224 ; 12.224 ; 12.224 ; 12.224 ;
; B[4]       ; Out[5]      ; 13.907 ; 13.907 ; 13.907 ; 13.907 ;
; B[4]       ; Out[6]      ; 13.356 ; 13.356 ; 13.356 ; 13.356 ;
; B[4]       ; Out[7]      ; 14.051 ; 14.051 ; 14.051 ; 14.051 ;
; B[4]       ; Out[8]      ; 13.621 ; 13.621 ; 13.621 ; 13.621 ;
; B[4]       ; Out[9]      ; 14.798 ; 14.798 ; 14.798 ; 14.798 ;
; B[4]       ; Out[10]     ; 14.101 ; 14.101 ; 14.101 ; 14.101 ;
; B[4]       ; Out[11]     ; 14.580 ; 14.580 ; 14.580 ; 14.580 ;
; B[4]       ; Out[12]     ; 14.281 ; 14.281 ; 14.281 ; 14.281 ;
; B[4]       ; Out[13]     ; 14.337 ; 14.337 ; 14.337 ; 14.337 ;
; B[4]       ; Out[14]     ; 14.866 ; 14.866 ; 14.866 ; 14.866 ;
; B[4]       ; Out[15]     ; 14.680 ; 14.680 ; 14.680 ; 14.680 ;
; B[4]       ; Out[16]     ; 14.471 ; 14.471 ; 14.471 ; 14.471 ;
; B[4]       ; Out[17]     ; 15.661 ; 15.661 ; 15.661 ; 15.661 ;
; B[4]       ; Out[18]     ; 14.670 ; 14.670 ; 14.670 ; 14.670 ;
; B[4]       ; Out[19]     ; 14.337 ; 14.337 ; 14.337 ; 14.337 ;
; B[4]       ; Out[20]     ; 15.030 ; 15.030 ; 15.030 ; 15.030 ;
; B[4]       ; Out[21]     ; 14.806 ; 14.806 ; 14.806 ; 14.806 ;
; B[4]       ; Out[22]     ; 14.851 ; 14.851 ; 14.851 ; 14.851 ;
; B[4]       ; Out[23]     ; 15.016 ; 15.016 ; 15.016 ; 15.016 ;
; B[4]       ; Out[24]     ; 14.715 ; 14.715 ; 14.715 ; 14.715 ;
; B[4]       ; Out[25]     ; 15.782 ; 15.782 ; 15.782 ; 15.782 ;
; B[4]       ; Out[26]     ; 15.316 ; 15.316 ; 15.316 ; 15.316 ;
; B[4]       ; Out[27]     ; 16.326 ; 16.326 ; 16.326 ; 16.326 ;
; B[4]       ; Out[28]     ; 16.078 ; 16.078 ; 16.078 ; 16.078 ;
; B[4]       ; Out[29]     ; 16.309 ; 16.309 ; 16.309 ; 16.309 ;
; B[4]       ; Out[30]     ; 16.025 ; 16.025 ; 16.025 ; 16.025 ;
; B[4]       ; Out[31]     ; 16.828 ; 16.828 ; 16.828 ; 16.828 ;
; B[4]       ; Overflow    ; 15.792 ; 15.792 ; 15.792 ; 15.792 ;
; B[5]       ; Out[5]      ; 12.721 ; 12.721 ; 12.721 ; 12.721 ;
; B[5]       ; Out[6]      ; 13.202 ; 13.202 ; 13.202 ; 13.202 ;
; B[5]       ; Out[7]      ; 13.897 ; 13.897 ; 13.897 ; 13.897 ;
; B[5]       ; Out[8]      ; 13.467 ; 13.467 ; 13.467 ; 13.467 ;
; B[5]       ; Out[9]      ; 14.644 ; 14.644 ; 14.644 ; 14.644 ;
; B[5]       ; Out[10]     ; 13.947 ; 13.947 ; 13.947 ; 13.947 ;
; B[5]       ; Out[11]     ; 14.426 ; 14.426 ; 14.426 ; 14.426 ;
; B[5]       ; Out[12]     ; 14.127 ; 14.127 ; 14.127 ; 14.127 ;
; B[5]       ; Out[13]     ; 14.183 ; 14.183 ; 14.183 ; 14.183 ;
; B[5]       ; Out[14]     ; 14.712 ; 14.712 ; 14.712 ; 14.712 ;
; B[5]       ; Out[15]     ; 14.526 ; 14.526 ; 14.526 ; 14.526 ;
; B[5]       ; Out[16]     ; 14.317 ; 14.317 ; 14.317 ; 14.317 ;
; B[5]       ; Out[17]     ; 15.507 ; 15.507 ; 15.507 ; 15.507 ;
; B[5]       ; Out[18]     ; 14.516 ; 14.516 ; 14.516 ; 14.516 ;
; B[5]       ; Out[19]     ; 14.183 ; 14.183 ; 14.183 ; 14.183 ;
; B[5]       ; Out[20]     ; 14.876 ; 14.876 ; 14.876 ; 14.876 ;
; B[5]       ; Out[21]     ; 14.652 ; 14.652 ; 14.652 ; 14.652 ;
; B[5]       ; Out[22]     ; 14.697 ; 14.697 ; 14.697 ; 14.697 ;
; B[5]       ; Out[23]     ; 14.862 ; 14.862 ; 14.862 ; 14.862 ;
; B[5]       ; Out[24]     ; 14.561 ; 14.561 ; 14.561 ; 14.561 ;
; B[5]       ; Out[25]     ; 15.599 ; 15.599 ; 15.599 ; 15.599 ;
; B[5]       ; Out[26]     ; 15.162 ; 15.162 ; 15.162 ; 15.162 ;
; B[5]       ; Out[27]     ; 16.172 ; 16.172 ; 16.172 ; 16.172 ;
; B[5]       ; Out[28]     ; 15.924 ; 15.924 ; 15.924 ; 15.924 ;
; B[5]       ; Out[29]     ; 16.155 ; 16.155 ; 16.155 ; 16.155 ;
; B[5]       ; Out[30]     ; 15.871 ; 15.871 ; 15.871 ; 15.871 ;
; B[5]       ; Out[31]     ; 16.674 ; 16.674 ; 16.674 ; 16.674 ;
; B[5]       ; Overflow    ; 15.609 ; 15.609 ; 15.609 ; 15.609 ;
; B[6]       ; Out[6]      ; 11.903 ; 11.903 ; 11.903 ; 11.903 ;
; B[6]       ; Out[7]      ; 14.348 ; 14.348 ; 14.348 ; 14.348 ;
; B[6]       ; Out[8]      ; 13.918 ; 13.918 ; 13.918 ; 13.918 ;
; B[6]       ; Out[9]      ; 15.095 ; 15.095 ; 15.095 ; 15.095 ;
; B[6]       ; Out[10]     ; 14.398 ; 14.398 ; 14.398 ; 14.398 ;
; B[6]       ; Out[11]     ; 14.877 ; 14.877 ; 14.877 ; 14.877 ;
; B[6]       ; Out[12]     ; 14.578 ; 14.578 ; 14.578 ; 14.578 ;
; B[6]       ; Out[13]     ; 14.634 ; 14.634 ; 14.634 ; 14.634 ;
; B[6]       ; Out[14]     ; 15.163 ; 15.163 ; 15.163 ; 15.163 ;
; B[6]       ; Out[15]     ; 14.977 ; 14.977 ; 14.977 ; 14.977 ;
; B[6]       ; Out[16]     ; 14.768 ; 14.768 ; 14.768 ; 14.768 ;
; B[6]       ; Out[17]     ; 15.958 ; 15.958 ; 15.958 ; 15.958 ;
; B[6]       ; Out[18]     ; 14.967 ; 14.967 ; 14.967 ; 14.967 ;
; B[6]       ; Out[19]     ; 14.634 ; 14.634 ; 14.634 ; 14.634 ;
; B[6]       ; Out[20]     ; 15.327 ; 15.327 ; 15.327 ; 15.327 ;
; B[6]       ; Out[21]     ; 15.103 ; 15.103 ; 15.103 ; 15.103 ;
; B[6]       ; Out[22]     ; 15.148 ; 15.148 ; 15.148 ; 15.148 ;
; B[6]       ; Out[23]     ; 15.313 ; 15.313 ; 15.313 ; 15.313 ;
; B[6]       ; Out[24]     ; 15.012 ; 15.012 ; 15.012 ; 15.012 ;
; B[6]       ; Out[25]     ; 15.796 ; 15.796 ; 15.796 ; 15.796 ;
; B[6]       ; Out[26]     ; 15.613 ; 15.613 ; 15.613 ; 15.613 ;
; B[6]       ; Out[27]     ; 16.623 ; 16.623 ; 16.623 ; 16.623 ;
; B[6]       ; Out[28]     ; 16.375 ; 16.375 ; 16.375 ; 16.375 ;
; B[6]       ; Out[29]     ; 16.606 ; 16.606 ; 16.606 ; 16.606 ;
; B[6]       ; Out[30]     ; 16.322 ; 16.322 ; 16.322 ; 16.322 ;
; B[6]       ; Out[31]     ; 17.117 ; 17.117 ; 17.117 ; 17.117 ;
; B[6]       ; Overflow    ; 15.806 ; 15.806 ; 15.806 ; 15.806 ;
; B[7]       ; Out[7]      ; 12.765 ; 12.765 ; 12.765 ; 12.765 ;
; B[7]       ; Out[8]      ; 13.730 ; 13.730 ; 13.730 ; 13.730 ;
; B[7]       ; Out[9]      ; 14.907 ; 14.907 ; 14.907 ; 14.907 ;
; B[7]       ; Out[10]     ; 14.210 ; 14.210 ; 14.210 ; 14.210 ;
; B[7]       ; Out[11]     ; 14.689 ; 14.689 ; 14.689 ; 14.689 ;
; B[7]       ; Out[12]     ; 14.390 ; 14.390 ; 14.390 ; 14.390 ;
; B[7]       ; Out[13]     ; 14.446 ; 14.446 ; 14.446 ; 14.446 ;
; B[7]       ; Out[14]     ; 14.975 ; 14.975 ; 14.975 ; 14.975 ;
; B[7]       ; Out[15]     ; 14.789 ; 14.789 ; 14.789 ; 14.789 ;
; B[7]       ; Out[16]     ; 14.580 ; 14.580 ; 14.580 ; 14.580 ;
; B[7]       ; Out[17]     ; 15.770 ; 15.770 ; 15.770 ; 15.770 ;
; B[7]       ; Out[18]     ; 14.779 ; 14.779 ; 14.779 ; 14.779 ;
; B[7]       ; Out[19]     ; 14.446 ; 14.446 ; 14.446 ; 14.446 ;
; B[7]       ; Out[20]     ; 15.139 ; 15.139 ; 15.139 ; 15.139 ;
; B[7]       ; Out[21]     ; 14.915 ; 14.915 ; 14.915 ; 14.915 ;
; B[7]       ; Out[22]     ; 14.960 ; 14.960 ; 14.960 ; 14.960 ;
; B[7]       ; Out[23]     ; 15.125 ; 15.125 ; 15.125 ; 15.125 ;
; B[7]       ; Out[24]     ; 14.824 ; 14.824 ; 14.824 ; 14.824 ;
; B[7]       ; Out[25]     ; 15.621 ; 15.621 ; 15.621 ; 15.621 ;
; B[7]       ; Out[26]     ; 15.425 ; 15.425 ; 15.425 ; 15.425 ;
; B[7]       ; Out[27]     ; 16.435 ; 16.435 ; 16.435 ; 16.435 ;
; B[7]       ; Out[28]     ; 16.187 ; 16.187 ; 16.187 ; 16.187 ;
; B[7]       ; Out[29]     ; 16.418 ; 16.418 ; 16.418 ; 16.418 ;
; B[7]       ; Out[30]     ; 16.134 ; 16.134 ; 16.134 ; 16.134 ;
; B[7]       ; Out[31]     ; 16.937 ; 16.937 ; 16.937 ; 16.937 ;
; B[7]       ; Overflow    ; 15.631 ; 15.631 ; 15.631 ; 15.631 ;
; B[8]       ; Out[8]      ; 12.589 ; 12.589 ; 12.589 ; 12.589 ;
; B[8]       ; Out[9]      ; 14.969 ; 14.969 ; 14.969 ; 14.969 ;
; B[8]       ; Out[10]     ; 14.272 ; 14.272 ; 14.272 ; 14.272 ;
; B[8]       ; Out[11]     ; 14.751 ; 14.751 ; 14.751 ; 14.751 ;
; B[8]       ; Out[12]     ; 14.452 ; 14.452 ; 14.452 ; 14.452 ;
; B[8]       ; Out[13]     ; 14.508 ; 14.508 ; 14.508 ; 14.508 ;
; B[8]       ; Out[14]     ; 15.037 ; 15.037 ; 15.037 ; 15.037 ;
; B[8]       ; Out[15]     ; 14.851 ; 14.851 ; 14.851 ; 14.851 ;
; B[8]       ; Out[16]     ; 14.642 ; 14.642 ; 14.642 ; 14.642 ;
; B[8]       ; Out[17]     ; 15.832 ; 15.832 ; 15.832 ; 15.832 ;
; B[8]       ; Out[18]     ; 14.841 ; 14.841 ; 14.841 ; 14.841 ;
; B[8]       ; Out[19]     ; 14.508 ; 14.508 ; 14.508 ; 14.508 ;
; B[8]       ; Out[20]     ; 15.201 ; 15.201 ; 15.201 ; 15.201 ;
; B[8]       ; Out[21]     ; 14.977 ; 14.977 ; 14.977 ; 14.977 ;
; B[8]       ; Out[22]     ; 15.022 ; 15.022 ; 15.022 ; 15.022 ;
; B[8]       ; Out[23]     ; 15.187 ; 15.187 ; 15.187 ; 15.187 ;
; B[8]       ; Out[24]     ; 14.886 ; 14.886 ; 14.886 ; 14.886 ;
; B[8]       ; Out[25]     ; 15.921 ; 15.921 ; 15.921 ; 15.921 ;
; B[8]       ; Out[26]     ; 15.487 ; 15.487 ; 15.487 ; 15.487 ;
; B[8]       ; Out[27]     ; 16.497 ; 16.497 ; 16.497 ; 16.497 ;
; B[8]       ; Out[28]     ; 16.249 ; 16.249 ; 16.249 ; 16.249 ;
; B[8]       ; Out[29]     ; 16.480 ; 16.480 ; 16.480 ; 16.480 ;
; B[8]       ; Out[30]     ; 16.196 ; 16.196 ; 16.196 ; 16.196 ;
; B[8]       ; Out[31]     ; 16.999 ; 16.999 ; 16.999 ; 16.999 ;
; B[8]       ; Overflow    ; 15.931 ; 15.931 ; 15.931 ; 15.931 ;
; B[9]       ; Out[9]      ; 12.892 ; 12.892 ; 12.892 ; 12.892 ;
; B[9]       ; Out[10]     ; 14.229 ; 14.229 ; 14.229 ; 14.229 ;
; B[9]       ; Out[11]     ; 14.708 ; 14.708 ; 14.708 ; 14.708 ;
; B[9]       ; Out[12]     ; 14.409 ; 14.409 ; 14.409 ; 14.409 ;
; B[9]       ; Out[13]     ; 14.465 ; 14.465 ; 14.465 ; 14.465 ;
; B[9]       ; Out[14]     ; 14.994 ; 14.994 ; 14.994 ; 14.994 ;
; B[9]       ; Out[15]     ; 14.808 ; 14.808 ; 14.808 ; 14.808 ;
; B[9]       ; Out[16]     ; 14.599 ; 14.599 ; 14.599 ; 14.599 ;
; B[9]       ; Out[17]     ; 15.789 ; 15.789 ; 15.789 ; 15.789 ;
; B[9]       ; Out[18]     ; 14.798 ; 14.798 ; 14.798 ; 14.798 ;
; B[9]       ; Out[19]     ; 14.465 ; 14.465 ; 14.465 ; 14.465 ;
; B[9]       ; Out[20]     ; 15.158 ; 15.158 ; 15.158 ; 15.158 ;
; B[9]       ; Out[21]     ; 14.934 ; 14.934 ; 14.934 ; 14.934 ;
; B[9]       ; Out[22]     ; 14.979 ; 14.979 ; 14.979 ; 14.979 ;
; B[9]       ; Out[23]     ; 15.144 ; 15.144 ; 15.144 ; 15.144 ;
; B[9]       ; Out[24]     ; 14.843 ; 14.843 ; 14.843 ; 14.843 ;
; B[9]       ; Out[25]     ; 15.949 ; 15.949 ; 15.949 ; 15.949 ;
; B[9]       ; Out[26]     ; 15.444 ; 15.444 ; 15.444 ; 15.444 ;
; B[9]       ; Out[27]     ; 16.454 ; 16.454 ; 16.454 ; 16.454 ;
; B[9]       ; Out[28]     ; 16.206 ; 16.206 ; 16.206 ; 16.206 ;
; B[9]       ; Out[29]     ; 16.437 ; 16.437 ; 16.437 ; 16.437 ;
; B[9]       ; Out[30]     ; 16.153 ; 16.153 ; 16.153 ; 16.153 ;
; B[9]       ; Out[31]     ; 16.956 ; 16.956 ; 16.956 ; 16.956 ;
; B[9]       ; Overflow    ; 15.959 ; 15.959 ; 15.959 ; 15.959 ;
; B[10]      ; Out[10]     ; 12.011 ; 12.011 ; 12.011 ; 12.011 ;
; B[10]      ; Out[11]     ; 14.096 ; 14.096 ; 14.096 ; 14.096 ;
; B[10]      ; Out[12]     ; 13.797 ; 13.797 ; 13.797 ; 13.797 ;
; B[10]      ; Out[13]     ; 13.853 ; 13.853 ; 13.853 ; 13.853 ;
; B[10]      ; Out[14]     ; 14.382 ; 14.382 ; 14.382 ; 14.382 ;
; B[10]      ; Out[15]     ; 14.196 ; 14.196 ; 14.196 ; 14.196 ;
; B[10]      ; Out[16]     ; 13.987 ; 13.987 ; 13.987 ; 13.987 ;
; B[10]      ; Out[17]     ; 15.177 ; 15.177 ; 15.177 ; 15.177 ;
; B[10]      ; Out[18]     ; 14.186 ; 14.186 ; 14.186 ; 14.186 ;
; B[10]      ; Out[19]     ; 13.853 ; 13.853 ; 13.853 ; 13.853 ;
; B[10]      ; Out[20]     ; 14.546 ; 14.546 ; 14.546 ; 14.546 ;
; B[10]      ; Out[21]     ; 14.322 ; 14.322 ; 14.322 ; 14.322 ;
; B[10]      ; Out[22]     ; 14.367 ; 14.367 ; 14.367 ; 14.367 ;
; B[10]      ; Out[23]     ; 14.532 ; 14.532 ; 14.532 ; 14.532 ;
; B[10]      ; Out[24]     ; 14.231 ; 14.231 ; 14.231 ; 14.231 ;
; B[10]      ; Out[25]     ; 15.244 ; 15.244 ; 15.244 ; 15.244 ;
; B[10]      ; Out[26]     ; 14.832 ; 14.832 ; 14.832 ; 14.832 ;
; B[10]      ; Out[27]     ; 15.842 ; 15.842 ; 15.842 ; 15.842 ;
; B[10]      ; Out[28]     ; 15.594 ; 15.594 ; 15.594 ; 15.594 ;
; B[10]      ; Out[29]     ; 15.825 ; 15.825 ; 15.825 ; 15.825 ;
; B[10]      ; Out[30]     ; 15.541 ; 15.541 ; 15.541 ; 15.541 ;
; B[10]      ; Out[31]     ; 16.344 ; 16.344 ; 16.344 ; 16.344 ;
; B[10]      ; Overflow    ; 15.254 ; 15.254 ; 15.254 ; 15.254 ;
; B[11]      ; Out[11]     ; 12.420 ; 12.420 ; 12.420 ; 12.420 ;
; B[11]      ; Out[12]     ; 14.267 ; 14.267 ; 14.267 ; 14.267 ;
; B[11]      ; Out[13]     ; 14.323 ; 14.323 ; 14.323 ; 14.323 ;
; B[11]      ; Out[14]     ; 14.852 ; 14.852 ; 14.852 ; 14.852 ;
; B[11]      ; Out[15]     ; 14.666 ; 14.666 ; 14.666 ; 14.666 ;
; B[11]      ; Out[16]     ; 14.457 ; 14.457 ; 14.457 ; 14.457 ;
; B[11]      ; Out[17]     ; 15.612 ; 15.612 ; 15.612 ; 15.612 ;
; B[11]      ; Out[18]     ; 14.656 ; 14.656 ; 14.656 ; 14.656 ;
; B[11]      ; Out[19]     ; 14.323 ; 14.323 ; 14.323 ; 14.323 ;
; B[11]      ; Out[20]     ; 15.016 ; 15.016 ; 15.016 ; 15.016 ;
; B[11]      ; Out[21]     ; 14.792 ; 14.792 ; 14.792 ; 14.792 ;
; B[11]      ; Out[22]     ; 14.837 ; 14.837 ; 14.837 ; 14.837 ;
; B[11]      ; Out[23]     ; 15.002 ; 15.002 ; 15.002 ; 15.002 ;
; B[11]      ; Out[24]     ; 14.701 ; 14.701 ; 14.701 ; 14.701 ;
; B[11]      ; Out[25]     ; 15.358 ; 15.358 ; 15.358 ; 15.358 ;
; B[11]      ; Out[26]     ; 15.302 ; 15.302 ; 15.302 ; 15.302 ;
; B[11]      ; Out[27]     ; 16.312 ; 16.312 ; 16.312 ; 16.312 ;
; B[11]      ; Out[28]     ; 16.064 ; 16.064 ; 16.064 ; 16.064 ;
; B[11]      ; Out[29]     ; 16.295 ; 16.295 ; 16.295 ; 16.295 ;
; B[11]      ; Out[30]     ; 16.011 ; 16.011 ; 16.011 ; 16.011 ;
; B[11]      ; Out[31]     ; 16.679 ; 16.679 ; 16.679 ; 16.679 ;
; B[11]      ; Overflow    ; 15.368 ; 15.368 ; 15.368 ; 15.368 ;
; B[12]      ; Out[12]     ; 12.148 ; 12.148 ; 12.148 ; 12.148 ;
; B[12]      ; Out[13]     ; 13.849 ; 13.849 ; 13.849 ; 13.849 ;
; B[12]      ; Out[14]     ; 14.378 ; 14.378 ; 14.378 ; 14.378 ;
; B[12]      ; Out[15]     ; 14.192 ; 14.192 ; 14.192 ; 14.192 ;
; B[12]      ; Out[16]     ; 13.983 ; 13.983 ; 13.983 ; 13.983 ;
; B[12]      ; Out[17]     ; 15.173 ; 15.173 ; 15.173 ; 15.173 ;
; B[12]      ; Out[18]     ; 14.182 ; 14.182 ; 14.182 ; 14.182 ;
; B[12]      ; Out[19]     ; 13.849 ; 13.849 ; 13.849 ; 13.849 ;
; B[12]      ; Out[20]     ; 14.542 ; 14.542 ; 14.542 ; 14.542 ;
; B[12]      ; Out[21]     ; 14.318 ; 14.318 ; 14.318 ; 14.318 ;
; B[12]      ; Out[22]     ; 14.363 ; 14.363 ; 14.363 ; 14.363 ;
; B[12]      ; Out[23]     ; 14.528 ; 14.528 ; 14.528 ; 14.528 ;
; B[12]      ; Out[24]     ; 14.227 ; 14.227 ; 14.227 ; 14.227 ;
; B[12]      ; Out[25]     ; 15.334 ; 15.334 ; 15.334 ; 15.334 ;
; B[12]      ; Out[26]     ; 14.828 ; 14.828 ; 14.828 ; 14.828 ;
; B[12]      ; Out[27]     ; 15.838 ; 15.838 ; 15.838 ; 15.838 ;
; B[12]      ; Out[28]     ; 15.590 ; 15.590 ; 15.590 ; 15.590 ;
; B[12]      ; Out[29]     ; 15.821 ; 15.821 ; 15.821 ; 15.821 ;
; B[12]      ; Out[30]     ; 15.537 ; 15.537 ; 15.537 ; 15.537 ;
; B[12]      ; Out[31]     ; 16.340 ; 16.340 ; 16.340 ; 16.340 ;
; B[12]      ; Overflow    ; 15.344 ; 15.344 ; 15.344 ; 15.344 ;
; B[13]      ; Out[13]     ; 12.193 ; 12.193 ; 12.193 ; 12.193 ;
; B[13]      ; Out[14]     ; 14.590 ; 14.590 ; 14.590 ; 14.590 ;
; B[13]      ; Out[15]     ; 14.404 ; 14.404 ; 14.404 ; 14.404 ;
; B[13]      ; Out[16]     ; 14.195 ; 14.195 ; 14.195 ; 14.195 ;
; B[13]      ; Out[17]     ; 15.385 ; 15.385 ; 15.385 ; 15.385 ;
; B[13]      ; Out[18]     ; 14.394 ; 14.394 ; 14.394 ; 14.394 ;
; B[13]      ; Out[19]     ; 14.061 ; 14.061 ; 14.061 ; 14.061 ;
; B[13]      ; Out[20]     ; 14.754 ; 14.754 ; 14.754 ; 14.754 ;
; B[13]      ; Out[21]     ; 14.530 ; 14.530 ; 14.530 ; 14.530 ;
; B[13]      ; Out[22]     ; 14.575 ; 14.575 ; 14.575 ; 14.575 ;
; B[13]      ; Out[23]     ; 14.740 ; 14.740 ; 14.740 ; 14.740 ;
; B[13]      ; Out[24]     ; 14.439 ; 14.439 ; 14.439 ; 14.439 ;
; B[13]      ; Out[25]     ; 15.460 ; 15.460 ; 15.460 ; 15.460 ;
; B[13]      ; Out[26]     ; 15.040 ; 15.040 ; 15.040 ; 15.040 ;
; B[13]      ; Out[27]     ; 16.050 ; 16.050 ; 16.050 ; 16.050 ;
; B[13]      ; Out[28]     ; 15.802 ; 15.802 ; 15.802 ; 15.802 ;
; B[13]      ; Out[29]     ; 16.033 ; 16.033 ; 16.033 ; 16.033 ;
; B[13]      ; Out[30]     ; 15.749 ; 15.749 ; 15.749 ; 15.749 ;
; B[13]      ; Out[31]     ; 16.552 ; 16.552 ; 16.552 ; 16.552 ;
; B[13]      ; Overflow    ; 15.470 ; 15.470 ; 15.470 ; 15.470 ;
; B[14]      ; Out[14]     ; 12.335 ; 12.335 ; 12.335 ; 12.335 ;
; B[14]      ; Out[15]     ; 13.953 ; 13.953 ; 13.953 ; 13.953 ;
; B[14]      ; Out[16]     ; 13.744 ; 13.744 ; 13.744 ; 13.744 ;
; B[14]      ; Out[17]     ; 14.934 ; 14.934 ; 14.934 ; 14.934 ;
; B[14]      ; Out[18]     ; 13.943 ; 13.943 ; 13.943 ; 13.943 ;
; B[14]      ; Out[19]     ; 13.610 ; 13.610 ; 13.610 ; 13.610 ;
; B[14]      ; Out[20]     ; 14.303 ; 14.303 ; 14.303 ; 14.303 ;
; B[14]      ; Out[21]     ; 14.079 ; 14.079 ; 14.079 ; 14.079 ;
; B[14]      ; Out[22]     ; 14.124 ; 14.124 ; 14.124 ; 14.124 ;
; B[14]      ; Out[23]     ; 14.289 ; 14.289 ; 14.289 ; 14.289 ;
; B[14]      ; Out[24]     ; 13.988 ; 13.988 ; 13.988 ; 13.988 ;
; B[14]      ; Out[25]     ; 15.044 ; 15.044 ; 15.044 ; 15.044 ;
; B[14]      ; Out[26]     ; 14.589 ; 14.589 ; 14.589 ; 14.589 ;
; B[14]      ; Out[27]     ; 15.599 ; 15.599 ; 15.599 ; 15.599 ;
; B[14]      ; Out[28]     ; 15.351 ; 15.351 ; 15.351 ; 15.351 ;
; B[14]      ; Out[29]     ; 15.582 ; 15.582 ; 15.582 ; 15.582 ;
; B[14]      ; Out[30]     ; 15.298 ; 15.298 ; 15.298 ; 15.298 ;
; B[14]      ; Out[31]     ; 16.101 ; 16.101 ; 16.101 ; 16.101 ;
; B[14]      ; Overflow    ; 15.054 ; 15.054 ; 15.054 ; 15.054 ;
; B[15]      ; Out[15]     ; 12.648 ; 12.648 ; 12.648 ; 12.648 ;
; B[15]      ; Out[16]     ; 13.933 ; 13.933 ; 13.933 ; 13.933 ;
; B[15]      ; Out[17]     ; 15.123 ; 15.123 ; 15.123 ; 15.123 ;
; B[15]      ; Out[18]     ; 14.132 ; 14.132 ; 14.132 ; 14.132 ;
; B[15]      ; Out[19]     ; 13.799 ; 13.799 ; 13.799 ; 13.799 ;
; B[15]      ; Out[20]     ; 14.492 ; 14.492 ; 14.492 ; 14.492 ;
; B[15]      ; Out[21]     ; 14.268 ; 14.268 ; 14.268 ; 14.268 ;
; B[15]      ; Out[22]     ; 14.313 ; 14.313 ; 14.313 ; 14.313 ;
; B[15]      ; Out[23]     ; 14.478 ; 14.478 ; 14.478 ; 14.478 ;
; B[15]      ; Out[24]     ; 14.177 ; 14.177 ; 14.177 ; 14.177 ;
; B[15]      ; Out[25]     ; 15.373 ; 15.373 ; 15.373 ; 15.373 ;
; B[15]      ; Out[26]     ; 14.778 ; 14.778 ; 14.778 ; 14.778 ;
; B[15]      ; Out[27]     ; 15.788 ; 15.788 ; 15.788 ; 15.788 ;
; B[15]      ; Out[28]     ; 15.540 ; 15.540 ; 15.540 ; 15.540 ;
; B[15]      ; Out[29]     ; 15.771 ; 15.771 ; 15.771 ; 15.771 ;
; B[15]      ; Out[30]     ; 15.487 ; 15.487 ; 15.487 ; 15.487 ;
; B[15]      ; Out[31]     ; 16.290 ; 16.290 ; 16.290 ; 16.290 ;
; B[15]      ; Overflow    ; 15.527 ; 15.527 ; 15.527 ; 15.527 ;
; B[16]      ; Out[16]     ; 11.815 ; 11.815 ; 11.815 ; 11.815 ;
; B[16]      ; Out[17]     ; 14.748 ; 14.748 ; 14.748 ; 14.748 ;
; B[16]      ; Out[18]     ; 13.757 ; 13.757 ; 13.757 ; 13.757 ;
; B[16]      ; Out[19]     ; 13.424 ; 13.424 ; 13.424 ; 13.424 ;
; B[16]      ; Out[20]     ; 14.117 ; 14.117 ; 14.117 ; 14.117 ;
; B[16]      ; Out[21]     ; 13.893 ; 13.893 ; 13.893 ; 13.893 ;
; B[16]      ; Out[22]     ; 13.938 ; 13.938 ; 13.938 ; 13.938 ;
; B[16]      ; Out[23]     ; 14.103 ; 14.103 ; 14.103 ; 14.103 ;
; B[16]      ; Out[24]     ; 13.802 ; 13.802 ; 13.802 ; 13.802 ;
; B[16]      ; Out[25]     ; 14.998 ; 14.998 ; 14.998 ; 14.998 ;
; B[16]      ; Out[26]     ; 14.403 ; 14.403 ; 14.403 ; 14.403 ;
; B[16]      ; Out[27]     ; 15.413 ; 15.413 ; 15.413 ; 15.413 ;
; B[16]      ; Out[28]     ; 15.165 ; 15.165 ; 15.165 ; 15.165 ;
; B[16]      ; Out[29]     ; 15.396 ; 15.396 ; 15.396 ; 15.396 ;
; B[16]      ; Out[30]     ; 15.112 ; 15.112 ; 15.112 ; 15.112 ;
; B[16]      ; Out[31]     ; 15.915 ; 15.915 ; 15.915 ; 15.915 ;
; B[16]      ; Overflow    ; 15.170 ; 15.170 ; 15.170 ; 15.170 ;
; B[17]      ; Out[17]     ; 12.434 ; 12.434 ; 12.434 ; 12.434 ;
; B[17]      ; Out[18]     ; 13.643 ; 13.643 ; 13.643 ; 13.643 ;
; B[17]      ; Out[19]     ; 13.310 ; 13.310 ; 13.310 ; 13.310 ;
; B[17]      ; Out[20]     ; 14.003 ; 14.003 ; 14.003 ; 14.003 ;
; B[17]      ; Out[21]     ; 13.779 ; 13.779 ; 13.779 ; 13.779 ;
; B[17]      ; Out[22]     ; 13.824 ; 13.824 ; 13.824 ; 13.824 ;
; B[17]      ; Out[23]     ; 13.989 ; 13.989 ; 13.989 ; 13.989 ;
; B[17]      ; Out[24]     ; 13.688 ; 13.688 ; 13.688 ; 13.688 ;
; B[17]      ; Out[25]     ; 14.759 ; 14.759 ; 14.759 ; 14.759 ;
; B[17]      ; Out[26]     ; 14.289 ; 14.289 ; 14.289 ; 14.289 ;
; B[17]      ; Out[27]     ; 15.299 ; 15.299 ; 15.299 ; 15.299 ;
; B[17]      ; Out[28]     ; 15.051 ; 15.051 ; 15.051 ; 15.051 ;
; B[17]      ; Out[29]     ; 15.282 ; 15.282 ; 15.282 ; 15.282 ;
; B[17]      ; Out[30]     ; 14.998 ; 14.998 ; 14.998 ; 14.998 ;
; B[17]      ; Out[31]     ; 15.801 ; 15.801 ; 15.801 ; 15.801 ;
; B[17]      ; Overflow    ; 14.769 ; 14.769 ; 14.769 ; 14.769 ;
; B[18]      ; Out[18]     ; 12.237 ; 12.237 ; 12.237 ; 12.237 ;
; B[18]      ; Out[19]     ; 13.531 ; 13.531 ; 13.531 ; 13.531 ;
; B[18]      ; Out[20]     ; 14.224 ; 14.224 ; 14.224 ; 14.224 ;
; B[18]      ; Out[21]     ; 14.000 ; 14.000 ; 14.000 ; 14.000 ;
; B[18]      ; Out[22]     ; 14.045 ; 14.045 ; 14.045 ; 14.045 ;
; B[18]      ; Out[23]     ; 14.210 ; 14.210 ; 14.210 ; 14.210 ;
; B[18]      ; Out[24]     ; 13.909 ; 13.909 ; 13.909 ; 13.909 ;
; B[18]      ; Out[25]     ; 14.743 ; 14.743 ; 14.743 ; 14.743 ;
; B[18]      ; Out[26]     ; 14.510 ; 14.510 ; 14.510 ; 14.510 ;
; B[18]      ; Out[27]     ; 15.520 ; 15.520 ; 15.520 ; 15.520 ;
; B[18]      ; Out[28]     ; 15.272 ; 15.272 ; 15.272 ; 15.272 ;
; B[18]      ; Out[29]     ; 15.503 ; 15.503 ; 15.503 ; 15.503 ;
; B[18]      ; Out[30]     ; 15.219 ; 15.219 ; 15.219 ; 15.219 ;
; B[18]      ; Out[31]     ; 16.022 ; 16.022 ; 16.022 ; 16.022 ;
; B[18]      ; Overflow    ; 14.753 ; 14.753 ; 14.753 ; 14.753 ;
; B[19]      ; Out[19]     ; 11.592 ; 11.592 ; 11.592 ; 11.592 ;
; B[19]      ; Out[20]     ; 13.688 ; 13.688 ; 13.688 ; 13.688 ;
; B[19]      ; Out[21]     ; 13.464 ; 13.464 ; 13.464 ; 13.464 ;
; B[19]      ; Out[22]     ; 13.509 ; 13.509 ; 13.509 ; 13.509 ;
; B[19]      ; Out[23]     ; 13.674 ; 13.674 ; 13.674 ; 13.674 ;
; B[19]      ; Out[24]     ; 13.373 ; 13.373 ; 13.373 ; 13.373 ;
; B[19]      ; Out[25]     ; 14.452 ; 14.452 ; 14.452 ; 14.452 ;
; B[19]      ; Out[26]     ; 13.974 ; 13.974 ; 13.974 ; 13.974 ;
; B[19]      ; Out[27]     ; 14.984 ; 14.984 ; 14.984 ; 14.984 ;
; B[19]      ; Out[28]     ; 14.736 ; 14.736 ; 14.736 ; 14.736 ;
; B[19]      ; Out[29]     ; 14.967 ; 14.967 ; 14.967 ; 14.967 ;
; B[19]      ; Out[30]     ; 14.683 ; 14.683 ; 14.683 ; 14.683 ;
; B[19]      ; Out[31]     ; 15.486 ; 15.486 ; 15.486 ; 15.486 ;
; B[19]      ; Overflow    ; 14.462 ; 14.462 ; 14.462 ; 14.462 ;
; B[20]      ; Out[20]     ; 12.177 ; 12.177 ; 12.177 ; 12.177 ;
; B[20]      ; Out[21]     ; 13.718 ; 13.718 ; 13.718 ; 13.718 ;
; B[20]      ; Out[22]     ; 13.763 ; 13.763 ; 13.763 ; 13.763 ;
; B[20]      ; Out[23]     ; 13.928 ; 13.928 ; 13.928 ; 13.928 ;
; B[20]      ; Out[24]     ; 13.627 ; 13.627 ; 13.627 ; 13.627 ;
; B[20]      ; Out[25]     ; 14.698 ; 14.698 ; 14.698 ; 14.698 ;
; B[20]      ; Out[26]     ; 14.228 ; 14.228 ; 14.228 ; 14.228 ;
; B[20]      ; Out[27]     ; 15.238 ; 15.238 ; 15.238 ; 15.238 ;
; B[20]      ; Out[28]     ; 14.990 ; 14.990 ; 14.990 ; 14.990 ;
; B[20]      ; Out[29]     ; 15.221 ; 15.221 ; 15.221 ; 15.221 ;
; B[20]      ; Out[30]     ; 14.937 ; 14.937 ; 14.937 ; 14.937 ;
; B[20]      ; Out[31]     ; 15.740 ; 15.740 ; 15.740 ; 15.740 ;
; B[20]      ; Overflow    ; 14.708 ; 14.708 ; 14.708 ; 14.708 ;
; B[21]      ; Out[21]     ; 11.871 ; 11.871 ; 11.871 ; 11.871 ;
; B[21]      ; Out[22]     ; 13.739 ; 13.739 ; 13.739 ; 13.739 ;
; B[21]      ; Out[23]     ; 13.904 ; 13.904 ; 13.904 ; 13.904 ;
; B[21]      ; Out[24]     ; 13.603 ; 13.603 ; 13.603 ; 13.603 ;
; B[21]      ; Out[25]     ; 14.311 ; 14.311 ; 14.311 ; 14.311 ;
; B[21]      ; Out[26]     ; 14.204 ; 14.204 ; 14.204 ; 14.204 ;
; B[21]      ; Out[27]     ; 15.214 ; 15.214 ; 15.214 ; 15.214 ;
; B[21]      ; Out[28]     ; 14.966 ; 14.966 ; 14.966 ; 14.966 ;
; B[21]      ; Out[29]     ; 15.197 ; 15.197 ; 15.197 ; 15.197 ;
; B[21]      ; Out[30]     ; 14.913 ; 14.913 ; 14.913 ; 14.913 ;
; B[21]      ; Out[31]     ; 15.632 ; 15.632 ; 15.632 ; 15.632 ;
; B[21]      ; Overflow    ; 14.321 ; 14.321 ; 14.321 ; 14.321 ;
; B[22]      ; Out[22]     ; 12.173 ; 12.173 ; 12.173 ; 12.173 ;
; B[22]      ; Out[23]     ; 13.486 ; 13.486 ; 13.486 ; 13.486 ;
; B[22]      ; Out[24]     ; 13.185 ; 13.185 ; 13.185 ; 13.185 ;
; B[22]      ; Out[25]     ; 14.248 ; 14.248 ; 14.248 ; 14.248 ;
; B[22]      ; Out[26]     ; 13.786 ; 13.786 ; 13.786 ; 13.786 ;
; B[22]      ; Out[27]     ; 14.796 ; 14.796 ; 14.796 ; 14.796 ;
; B[22]      ; Out[28]     ; 14.548 ; 14.548 ; 14.548 ; 14.548 ;
; B[22]      ; Out[29]     ; 14.779 ; 14.779 ; 14.779 ; 14.779 ;
; B[22]      ; Out[30]     ; 14.495 ; 14.495 ; 14.495 ; 14.495 ;
; B[22]      ; Out[31]     ; 15.298 ; 15.298 ; 15.298 ; 15.298 ;
; B[22]      ; Overflow    ; 14.258 ; 14.258 ; 14.258 ; 14.258 ;
; B[23]      ; Out[23]     ; 12.199 ; 12.199 ; 12.199 ; 12.199 ;
; B[23]      ; Out[24]     ; 13.076 ; 13.076 ; 13.076 ; 13.076 ;
; B[23]      ; Out[25]     ; 14.185 ; 14.185 ; 14.185 ; 14.185 ;
; B[23]      ; Out[26]     ; 13.677 ; 13.677 ; 13.677 ; 13.677 ;
; B[23]      ; Out[27]     ; 14.687 ; 14.687 ; 14.687 ; 14.687 ;
; B[23]      ; Out[28]     ; 14.439 ; 14.439 ; 14.439 ; 14.439 ;
; B[23]      ; Out[29]     ; 14.670 ; 14.670 ; 14.670 ; 14.670 ;
; B[23]      ; Out[30]     ; 14.386 ; 14.386 ; 14.386 ; 14.386 ;
; B[23]      ; Out[31]     ; 15.189 ; 15.189 ; 15.189 ; 15.189 ;
; B[23]      ; Overflow    ; 14.195 ; 14.195 ; 14.195 ; 14.195 ;
; B[24]      ; Out[24]     ; 11.811 ; 11.811 ; 11.811 ; 11.811 ;
; B[24]      ; Out[25]     ; 13.995 ; 13.995 ; 13.995 ; 13.995 ;
; B[24]      ; Out[26]     ; 13.555 ; 13.555 ; 13.555 ; 13.555 ;
; B[24]      ; Out[27]     ; 14.565 ; 14.565 ; 14.565 ; 14.565 ;
; B[24]      ; Out[28]     ; 14.317 ; 14.317 ; 14.317 ; 14.317 ;
; B[24]      ; Out[29]     ; 14.548 ; 14.548 ; 14.548 ; 14.548 ;
; B[24]      ; Out[30]     ; 14.264 ; 14.264 ; 14.264 ; 14.264 ;
; B[24]      ; Out[31]     ; 15.067 ; 15.067 ; 15.067 ; 15.067 ;
; B[24]      ; Overflow    ; 14.005 ; 14.005 ; 14.005 ; 14.005 ;
; B[25]      ; Out[25]     ; 13.163 ; 13.163 ; 13.163 ; 13.163 ;
; B[25]      ; Out[26]     ; 13.910 ; 13.910 ; 13.910 ; 13.910 ;
; B[25]      ; Out[27]     ; 14.920 ; 14.920 ; 14.920 ; 14.920 ;
; B[25]      ; Out[28]     ; 14.672 ; 14.672 ; 14.672 ; 14.672 ;
; B[25]      ; Out[29]     ; 14.903 ; 14.903 ; 14.903 ; 14.903 ;
; B[25]      ; Out[30]     ; 14.619 ; 14.619 ; 14.619 ; 14.619 ;
; B[25]      ; Out[31]     ; 15.422 ; 15.422 ; 15.422 ; 15.422 ;
; B[25]      ; Overflow    ; 14.111 ; 14.111 ; 14.111 ; 14.111 ;
; B[26]      ; Out[26]     ; 12.182 ; 12.182 ; 12.182 ; 12.182 ;
; B[26]      ; Out[27]     ; 14.376 ; 14.376 ; 14.376 ; 14.376 ;
; B[26]      ; Out[28]     ; 14.128 ; 14.128 ; 14.128 ; 14.128 ;
; B[26]      ; Out[29]     ; 14.359 ; 14.359 ; 14.359 ; 14.359 ;
; B[26]      ; Out[30]     ; 14.075 ; 14.075 ; 14.075 ; 14.075 ;
; B[26]      ; Out[31]     ; 14.878 ; 14.878 ; 14.878 ; 14.878 ;
; B[26]      ; Overflow    ; 13.839 ; 13.839 ; 13.839 ; 13.839 ;
; B[27]      ; Out[27]     ; 12.774 ; 12.774 ; 12.774 ; 12.774 ;
; B[27]      ; Out[28]     ; 14.410 ; 14.410 ; 14.410 ; 14.410 ;
; B[27]      ; Out[29]     ; 14.641 ; 14.641 ; 14.641 ; 14.641 ;
; B[27]      ; Out[30]     ; 14.357 ; 14.357 ; 14.357 ; 14.357 ;
; B[27]      ; Out[31]     ; 15.160 ; 15.160 ; 15.160 ; 15.160 ;
; B[27]      ; Overflow    ; 13.917 ; 13.917 ; 13.917 ; 13.917 ;
; B[28]      ; Out[28]     ; 12.106 ; 12.106 ; 12.106 ; 12.106 ;
; B[28]      ; Out[29]     ; 14.360 ; 14.360 ; 14.360 ; 14.360 ;
; B[28]      ; Out[30]     ; 14.076 ; 14.076 ; 14.076 ; 14.076 ;
; B[28]      ; Out[31]     ; 14.879 ; 14.879 ; 14.879 ; 14.879 ;
; B[28]      ; Overflow    ; 13.850 ; 13.850 ; 13.850 ; 13.850 ;
; B[29]      ; Out[29]     ; 12.521 ; 12.521 ; 12.521 ; 12.521 ;
; B[29]      ; Out[30]     ; 14.403 ; 14.403 ; 14.403 ; 14.403 ;
; B[29]      ; Out[31]     ; 15.123 ; 15.123 ; 15.123 ; 15.123 ;
; B[29]      ; Overflow    ; 13.812 ; 13.812 ; 13.812 ; 13.812 ;
; B[30]      ; Out[30]     ; 12.066 ; 12.066 ; 12.066 ; 12.066 ;
; B[30]      ; Out[31]     ; 15.055 ; 15.055 ; 15.055 ; 15.055 ;
; B[30]      ; Overflow    ; 14.230 ; 14.230 ; 14.230 ; 14.230 ;
; B[31]      ; Out[31]     ; 12.677 ; 12.677 ; 12.677 ; 12.677 ;
; B[31]      ; Overflow    ; 11.966 ; 11.966 ; 11.966 ; 11.966 ;
; M          ; Out[0]      ; 11.591 ; 11.591 ; 11.591 ; 11.591 ;
; M          ; Out[1]      ; 11.911 ; 11.911 ; 11.911 ; 11.911 ;
; M          ; Out[2]      ; 11.349 ; 11.349 ; 11.349 ; 11.349 ;
; M          ; Out[3]      ; 11.619 ; 11.619 ; 11.619 ; 11.619 ;
; M          ; Out[4]      ; 11.442 ; 11.442 ; 11.442 ; 11.442 ;
; M          ; Out[5]      ; 12.134 ; 12.134 ; 12.134 ; 12.134 ;
; M          ; Out[6]      ; 11.426 ; 11.426 ; 11.426 ; 11.426 ;
; M          ; Out[7]      ; 12.134 ; 12.134 ; 12.134 ; 12.134 ;
; M          ; Out[8]      ; 11.412 ; 11.412 ; 11.412 ; 11.412 ;
; M          ; Out[9]      ; 11.863 ; 11.863 ; 11.863 ; 11.863 ;
; M          ; Out[10]     ; 11.754 ; 11.754 ; 11.754 ; 11.754 ;
; M          ; Out[11]     ; 12.067 ; 12.067 ; 12.067 ; 12.067 ;
; M          ; Out[12]     ; 11.755 ; 11.755 ; 11.755 ; 11.755 ;
; M          ; Out[13]     ; 11.086 ; 11.086 ; 11.086 ; 11.086 ;
; M          ; Out[14]     ; 11.821 ; 11.821 ; 11.821 ; 11.821 ;
; M          ; Out[15]     ; 11.512 ; 11.512 ; 11.512 ; 11.512 ;
; M          ; Out[16]     ; 10.494 ; 10.494 ; 10.494 ; 10.494 ;
; M          ; Out[17]     ; 11.229 ; 11.229 ; 11.229 ; 11.229 ;
; M          ; Out[18]     ; 10.744 ; 10.744 ; 10.744 ; 10.744 ;
; M          ; Out[19]     ; 10.873 ; 10.873 ; 10.873 ; 10.873 ;
; M          ; Out[20]     ; 11.396 ; 11.396 ; 11.396 ; 11.396 ;
; M          ; Out[21]     ; 11.251 ; 11.251 ; 11.251 ; 11.251 ;
; M          ; Out[22]     ; 11.884 ; 11.884 ; 11.884 ; 11.884 ;
; M          ; Out[23]     ; 12.006 ; 12.006 ; 12.006 ; 12.006 ;
; M          ; Out[24]     ; 11.452 ; 11.452 ; 11.452 ; 11.452 ;
; M          ; Out[25]     ; 11.800 ; 11.800 ; 11.800 ; 11.800 ;
; M          ; Out[26]     ; 12.337 ; 12.337 ; 12.337 ; 12.337 ;
; M          ; Out[27]     ; 11.898 ; 11.898 ; 11.898 ; 11.898 ;
; M          ; Out[28]     ; 11.136 ; 11.136 ; 11.136 ; 11.136 ;
; M          ; Out[29]     ; 11.818 ; 11.818 ; 11.818 ; 11.818 ;
; M          ; Out[30]     ; 11.747 ; 11.747 ; 11.747 ; 11.747 ;
; M          ; Out[31]     ; 12.283 ; 12.283 ; 12.283 ; 12.283 ;
; M          ; Overflow    ; 11.573 ;        ;        ; 11.573 ;
; S0         ; Out[0]      ; 12.037 ; 12.037 ; 12.037 ; 12.037 ;
; S0         ; Out[1]      ; 12.351 ; 12.351 ; 12.351 ; 12.351 ;
; S0         ; Out[2]      ; 12.395 ; 12.395 ; 12.395 ; 12.395 ;
; S0         ; Out[3]      ; 12.708 ; 12.708 ; 12.708 ; 12.708 ;
; S0         ; Out[4]      ; 12.667 ; 12.667 ; 12.667 ; 12.667 ;
; S0         ; Out[5]      ; 12.763 ; 12.763 ; 12.763 ; 12.763 ;
; S0         ; Out[6]      ; 12.177 ; 12.177 ; 12.177 ; 12.177 ;
; S0         ; Out[7]      ; 12.562 ; 12.562 ; 12.562 ; 12.562 ;
; S0         ; Out[8]      ; 12.186 ; 12.186 ; 12.186 ; 12.186 ;
; S0         ; Out[9]      ; 12.584 ; 12.584 ; 12.584 ; 12.584 ;
; S0         ; Out[10]     ; 11.561 ; 11.561 ; 11.561 ; 11.561 ;
; S0         ; Out[11]     ; 11.847 ; 11.847 ; 11.847 ; 11.847 ;
; S0         ; Out[12]     ; 11.491 ; 11.491 ; 11.491 ; 11.491 ;
; S0         ; Out[13]     ; 11.904 ; 11.904 ; 11.904 ; 11.904 ;
; S0         ; Out[14]     ; 12.609 ; 12.609 ; 12.609 ; 12.609 ;
; S0         ; Out[15]     ; 12.310 ; 12.310 ; 12.310 ; 12.310 ;
; S0         ; Out[16]     ; 11.386 ; 11.386 ; 11.386 ; 11.386 ;
; S0         ; Out[17]     ; 12.146 ; 12.146 ; 12.146 ; 12.146 ;
; S0         ; Out[18]     ; 11.490 ; 11.490 ; 11.490 ; 11.490 ;
; S0         ; Out[19]     ; 11.239 ; 11.239 ; 11.239 ; 11.239 ;
; S0         ; Out[20]     ; 12.048 ; 12.048 ; 12.048 ; 12.048 ;
; S0         ; Out[21]     ; 12.176 ; 12.176 ; 12.176 ; 12.176 ;
; S0         ; Out[22]     ; 12.180 ; 12.180 ; 12.180 ; 12.180 ;
; S0         ; Out[23]     ; 12.306 ; 12.306 ; 12.306 ; 12.306 ;
; S0         ; Out[24]     ; 11.889 ; 11.889 ; 11.889 ; 11.889 ;
; S0         ; Out[25]     ; 12.497 ; 12.497 ; 12.497 ; 12.497 ;
; S0         ; Out[26]     ; 12.264 ; 12.264 ; 12.264 ; 12.264 ;
; S0         ; Out[27]     ; 12.370 ; 12.370 ; 12.370 ; 12.370 ;
; S0         ; Out[28]     ; 11.895 ; 11.895 ; 11.895 ; 11.895 ;
; S0         ; Out[29]     ; 12.463 ; 12.463 ; 12.463 ; 12.463 ;
; S0         ; Out[30]     ; 11.486 ; 11.486 ; 11.486 ; 11.486 ;
; S0         ; Out[31]     ; 12.590 ; 12.590 ; 12.590 ; 12.590 ;
; S0         ; Overflow    ; 12.335 ; 12.335 ; 12.335 ; 12.335 ;
; S1         ; Out[0]      ; 12.365 ; 12.365 ; 12.365 ; 12.365 ;
; S1         ; Out[1]      ; 12.500 ; 12.500 ; 12.500 ; 12.500 ;
; S1         ; Out[2]      ; 12.003 ; 12.003 ; 12.003 ; 12.003 ;
; S1         ; Out[3]      ; 12.240 ; 12.240 ; 12.240 ; 12.240 ;
; S1         ; Out[4]      ; 12.102 ; 12.102 ; 12.102 ; 12.102 ;
; S1         ; Out[5]      ; 12.894 ; 12.894 ; 12.894 ; 12.894 ;
; S1         ; Out[6]      ; 12.632 ; 12.632 ; 12.632 ; 12.632 ;
; S1         ; Out[7]      ; 12.728 ; 12.728 ; 12.728 ; 12.728 ;
; S1         ; Out[8]      ; 12.311 ; 12.311 ; 12.311 ; 12.311 ;
; S1         ; Out[9]      ; 12.373 ; 12.373 ; 12.373 ; 12.373 ;
; S1         ; Out[10]     ; 12.362 ; 12.362 ; 12.362 ; 12.362 ;
; S1         ; Out[11]     ; 12.203 ; 12.203 ; 12.203 ; 12.203 ;
; S1         ; Out[12]     ; 12.058 ; 12.058 ; 12.058 ; 12.058 ;
; S1         ; Out[13]     ; 11.772 ; 11.772 ; 11.772 ; 11.772 ;
; S1         ; Out[14]     ; 12.367 ; 12.367 ; 12.367 ; 12.367 ;
; S1         ; Out[15]     ; 12.232 ; 12.232 ; 12.232 ; 12.232 ;
; S1         ; Out[16]     ; 11.815 ; 11.815 ; 11.815 ; 11.815 ;
; S1         ; Out[17]     ; 12.694 ; 12.694 ; 12.694 ; 12.694 ;
; S1         ; Out[18]     ; 12.060 ; 12.060 ; 12.060 ; 12.060 ;
; S1         ; Out[19]     ; 11.684 ; 11.684 ; 11.684 ; 11.684 ;
; S1         ; Out[20]     ; 12.491 ; 12.491 ; 12.491 ; 12.491 ;
; S1         ; Out[21]     ; 12.382 ; 12.382 ; 12.382 ; 12.382 ;
; S1         ; Out[22]     ; 12.601 ; 12.601 ; 12.601 ; 12.601 ;
; S1         ; Out[23]     ; 12.712 ; 12.712 ; 12.712 ; 12.712 ;
; S1         ; Out[24]     ; 12.307 ; 12.307 ; 12.307 ; 12.307 ;
; S1         ; Out[25]     ; 12.198 ; 12.198 ; 12.198 ; 12.198 ;
; S1         ; Out[26]     ; 12.681 ; 12.681 ; 12.681 ; 12.681 ;
; S1         ; Out[27]     ; 12.394 ; 12.394 ; 12.394 ; 12.394 ;
; S1         ; Out[28]     ; 12.466 ; 12.466 ; 12.466 ; 12.466 ;
; S1         ; Out[29]     ; 12.637 ; 12.637 ; 12.637 ; 12.637 ;
; S1         ; Out[30]     ; 12.293 ; 12.293 ; 12.293 ; 12.293 ;
; S1         ; Out[31]     ; 12.538 ; 12.538 ; 12.538 ; 12.538 ;
; S1         ; Overflow    ; 11.513 ; 11.513 ; 11.513 ; 11.513 ;
+------------+-------------+--------+--------+--------+--------+


----------------------------
; Fast Model Setup Summary ;
----------------------------
No paths to report.


---------------------------
; Fast Model Hold Summary ;
---------------------------
No paths to report.


-------------------------------
; Fast Model Recovery Summary ;
-------------------------------
No paths to report.


------------------------------
; Fast Model Removal Summary ;
------------------------------
No paths to report.


------------------------------------------
; Fast Model Minimum Pulse Width Summary ;
------------------------------------------
No paths to report.


+----------------------------------------------------------+
; Propagation Delay                                        ;
+------------+-------------+-------+-------+-------+-------+
; Input Port ; Output Port ; RR    ; RF    ; FR    ; FF    ;
+------------+-------------+-------+-------+-------+-------+
; A[0]       ; Out[0]      ; 4.938 ; 4.938 ; 4.938 ; 4.938 ;
; A[0]       ; Out[1]      ; 5.051 ; 5.051 ; 5.051 ; 5.051 ;
; A[0]       ; Out[2]      ; 4.916 ; 4.916 ; 4.916 ; 4.916 ;
; A[0]       ; Out[3]      ; 5.308 ; 5.308 ; 5.308 ; 5.308 ;
; A[0]       ; Out[4]      ; 5.076 ; 5.076 ; 5.076 ; 5.076 ;
; A[0]       ; Out[5]      ; 5.322 ; 5.322 ; 5.322 ; 5.322 ;
; A[0]       ; Out[6]      ; 5.075 ; 5.075 ; 5.075 ; 5.075 ;
; A[0]       ; Out[7]      ; 5.225 ; 5.225 ; 5.225 ; 5.225 ;
; A[0]       ; Out[8]      ; 5.197 ; 5.197 ; 5.197 ; 5.197 ;
; A[0]       ; Out[9]      ; 5.594 ; 5.594 ; 5.594 ; 5.594 ;
; A[0]       ; Out[10]     ; 5.404 ; 5.404 ; 5.404 ; 5.404 ;
; A[0]       ; Out[11]     ; 5.618 ; 5.618 ; 5.618 ; 5.618 ;
; A[0]       ; Out[12]     ; 5.396 ; 5.396 ; 5.396 ; 5.396 ;
; A[0]       ; Out[13]     ; 5.320 ; 5.320 ; 5.320 ; 5.320 ;
; A[0]       ; Out[14]     ; 5.765 ; 5.765 ; 5.765 ; 5.765 ;
; A[0]       ; Out[15]     ; 5.522 ; 5.522 ; 5.522 ; 5.522 ;
; A[0]       ; Out[16]     ; 5.485 ; 5.485 ; 5.485 ; 5.485 ;
; A[0]       ; Out[17]     ; 5.830 ; 5.830 ; 5.830 ; 5.830 ;
; A[0]       ; Out[18]     ; 5.730 ; 5.730 ; 5.730 ; 5.730 ;
; A[0]       ; Out[19]     ; 5.421 ; 5.421 ; 5.421 ; 5.421 ;
; A[0]       ; Out[20]     ; 5.804 ; 5.804 ; 5.804 ; 5.804 ;
; A[0]       ; Out[21]     ; 5.842 ; 5.842 ; 5.842 ; 5.842 ;
; A[0]       ; Out[22]     ; 5.899 ; 5.899 ; 5.899 ; 5.899 ;
; A[0]       ; Out[23]     ; 6.062 ; 6.062 ; 6.062 ; 6.062 ;
; A[0]       ; Out[24]     ; 5.868 ; 5.868 ; 5.868 ; 5.868 ;
; A[0]       ; Out[25]     ; 5.988 ; 5.988 ; 5.988 ; 5.988 ;
; A[0]       ; Out[26]     ; 6.016 ; 6.016 ; 6.016 ; 6.016 ;
; A[0]       ; Out[27]     ; 6.356 ; 6.356 ; 6.356 ; 6.356 ;
; A[0]       ; Out[28]     ; 6.214 ; 6.214 ; 6.214 ; 6.214 ;
; A[0]       ; Out[29]     ; 6.428 ; 6.428 ; 6.428 ; 6.428 ;
; A[0]       ; Out[30]     ; 6.298 ; 6.298 ; 6.298 ; 6.298 ;
; A[0]       ; Out[31]     ; 6.457 ; 6.457 ; 6.457 ; 6.457 ;
; A[0]       ; Overflow    ; 6.406 ; 6.406 ; 6.406 ; 6.406 ;
; A[1]       ; Out[1]      ; 7.464 ; 7.464 ; 7.464 ; 7.464 ;
; A[1]       ; Out[2]      ; 7.432 ; 7.432 ; 7.432 ; 7.432 ;
; A[1]       ; Out[3]      ; 7.824 ; 7.824 ; 7.824 ; 7.824 ;
; A[1]       ; Out[4]      ; 7.592 ; 7.592 ; 7.592 ; 7.592 ;
; A[1]       ; Out[5]      ; 7.838 ; 7.838 ; 7.838 ; 7.838 ;
; A[1]       ; Out[6]      ; 7.613 ; 7.613 ; 7.613 ; 7.613 ;
; A[1]       ; Out[7]      ; 7.763 ; 7.763 ; 7.763 ; 7.763 ;
; A[1]       ; Out[8]      ; 7.713 ; 7.713 ; 7.713 ; 7.713 ;
; A[1]       ; Out[9]      ; 8.132 ; 8.132 ; 8.132 ; 8.132 ;
; A[1]       ; Out[10]     ; 7.942 ; 7.942 ; 7.942 ; 7.942 ;
; A[1]       ; Out[11]     ; 8.156 ; 8.156 ; 8.156 ; 8.156 ;
; A[1]       ; Out[12]     ; 7.934 ; 7.934 ; 7.934 ; 7.934 ;
; A[1]       ; Out[13]     ; 7.858 ; 7.858 ; 7.858 ; 7.858 ;
; A[1]       ; Out[14]     ; 8.303 ; 8.303 ; 8.303 ; 8.303 ;
; A[1]       ; Out[15]     ; 8.060 ; 8.060 ; 8.060 ; 8.060 ;
; A[1]       ; Out[16]     ; 8.023 ; 8.023 ; 8.023 ; 8.023 ;
; A[1]       ; Out[17]     ; 8.368 ; 8.368 ; 8.368 ; 8.368 ;
; A[1]       ; Out[18]     ; 8.268 ; 8.268 ; 8.268 ; 8.268 ;
; A[1]       ; Out[19]     ; 7.959 ; 7.959 ; 7.959 ; 7.959 ;
; A[1]       ; Out[20]     ; 8.342 ; 8.342 ; 8.342 ; 8.342 ;
; A[1]       ; Out[21]     ; 8.380 ; 8.380 ; 8.380 ; 8.380 ;
; A[1]       ; Out[22]     ; 8.415 ; 8.415 ; 8.415 ; 8.415 ;
; A[1]       ; Out[23]     ; 8.578 ; 8.578 ; 8.578 ; 8.578 ;
; A[1]       ; Out[24]     ; 8.384 ; 8.384 ; 8.384 ; 8.384 ;
; A[1]       ; Out[25]     ; 8.504 ; 8.504 ; 8.504 ; 8.504 ;
; A[1]       ; Out[26]     ; 8.532 ; 8.532 ; 8.532 ; 8.532 ;
; A[1]       ; Out[27]     ; 8.894 ; 8.894 ; 8.894 ; 8.894 ;
; A[1]       ; Out[28]     ; 8.752 ; 8.752 ; 8.752 ; 8.752 ;
; A[1]       ; Out[29]     ; 8.944 ; 8.944 ; 8.944 ; 8.944 ;
; A[1]       ; Out[30]     ; 8.814 ; 8.814 ; 8.814 ; 8.814 ;
; A[1]       ; Out[31]     ; 8.995 ; 8.995 ; 8.995 ; 8.995 ;
; A[1]       ; Overflow    ; 8.881 ; 8.881 ; 8.881 ; 8.881 ;
; A[2]       ; Out[2]      ; 7.614 ; 7.614 ; 7.614 ; 7.614 ;
; A[2]       ; Out[3]      ; 8.111 ; 8.111 ; 8.111 ; 8.111 ;
; A[2]       ; Out[4]      ; 7.879 ; 7.879 ; 7.879 ; 7.879 ;
; A[2]       ; Out[5]      ; 8.125 ; 8.125 ; 8.125 ; 8.125 ;
; A[2]       ; Out[6]      ; 7.752 ; 7.752 ; 7.752 ; 7.752 ;
; A[2]       ; Out[7]      ; 7.929 ; 7.929 ; 7.929 ; 7.929 ;
; A[2]       ; Out[8]      ; 8.000 ; 8.000 ; 8.000 ; 8.000 ;
; A[2]       ; Out[9]      ; 8.271 ; 8.271 ; 8.271 ; 8.271 ;
; A[2]       ; Out[10]     ; 8.081 ; 8.081 ; 8.081 ; 8.081 ;
; A[2]       ; Out[11]     ; 8.295 ; 8.295 ; 8.295 ; 8.295 ;
; A[2]       ; Out[12]     ; 8.125 ; 8.125 ; 8.125 ; 8.125 ;
; A[2]       ; Out[13]     ; 7.997 ; 7.997 ; 7.997 ; 7.997 ;
; A[2]       ; Out[14]     ; 8.442 ; 8.442 ; 8.442 ; 8.442 ;
; A[2]       ; Out[15]     ; 8.297 ; 8.297 ; 8.297 ; 8.297 ;
; A[2]       ; Out[16]     ; 8.162 ; 8.162 ; 8.162 ; 8.162 ;
; A[2]       ; Out[17]     ; 8.507 ; 8.507 ; 8.507 ; 8.507 ;
; A[2]       ; Out[18]     ; 8.407 ; 8.407 ; 8.407 ; 8.407 ;
; A[2]       ; Out[19]     ; 8.098 ; 8.098 ; 8.098 ; 8.098 ;
; A[2]       ; Out[20]     ; 8.554 ; 8.554 ; 8.554 ; 8.554 ;
; A[2]       ; Out[21]     ; 8.519 ; 8.519 ; 8.519 ; 8.519 ;
; A[2]       ; Out[22]     ; 8.702 ; 8.702 ; 8.702 ; 8.702 ;
; A[2]       ; Out[23]     ; 8.865 ; 8.865 ; 8.865 ; 8.865 ;
; A[2]       ; Out[24]     ; 8.671 ; 8.671 ; 8.671 ; 8.671 ;
; A[2]       ; Out[25]     ; 8.791 ; 8.791 ; 8.791 ; 8.791 ;
; A[2]       ; Out[26]     ; 8.819 ; 8.819 ; 8.819 ; 8.819 ;
; A[2]       ; Out[27]     ; 9.033 ; 9.033 ; 9.033 ; 9.033 ;
; A[2]       ; Out[28]     ; 8.891 ; 8.891 ; 8.891 ; 8.891 ;
; A[2]       ; Out[29]     ; 9.231 ; 9.231 ; 9.231 ; 9.231 ;
; A[2]       ; Out[30]     ; 9.101 ; 9.101 ; 9.101 ; 9.101 ;
; A[2]       ; Out[31]     ; 9.258 ; 9.258 ; 9.258 ; 9.258 ;
; A[2]       ; Overflow    ; 9.031 ; 9.031 ; 9.031 ; 9.031 ;
; A[3]       ; Out[3]      ; 7.785 ; 7.785 ; 7.785 ; 7.785 ;
; A[3]       ; Out[4]      ; 7.752 ; 7.752 ; 7.752 ; 7.752 ;
; A[3]       ; Out[5]      ; 7.904 ; 7.904 ; 7.904 ; 7.904 ;
; A[3]       ; Out[6]      ; 7.819 ; 7.819 ; 7.819 ; 7.819 ;
; A[3]       ; Out[7]      ; 7.969 ; 7.969 ; 7.969 ; 7.969 ;
; A[3]       ; Out[8]      ; 7.871 ; 7.871 ; 7.871 ; 7.871 ;
; A[3]       ; Out[9]      ; 8.338 ; 8.338 ; 8.338 ; 8.338 ;
; A[3]       ; Out[10]     ; 8.148 ; 8.148 ; 8.148 ; 8.148 ;
; A[3]       ; Out[11]     ; 8.362 ; 8.362 ; 8.362 ; 8.362 ;
; A[3]       ; Out[12]     ; 8.140 ; 8.140 ; 8.140 ; 8.140 ;
; A[3]       ; Out[13]     ; 8.064 ; 8.064 ; 8.064 ; 8.064 ;
; A[3]       ; Out[14]     ; 8.509 ; 8.509 ; 8.509 ; 8.509 ;
; A[3]       ; Out[15]     ; 8.266 ; 8.266 ; 8.266 ; 8.266 ;
; A[3]       ; Out[16]     ; 8.229 ; 8.229 ; 8.229 ; 8.229 ;
; A[3]       ; Out[17]     ; 8.574 ; 8.574 ; 8.574 ; 8.574 ;
; A[3]       ; Out[18]     ; 8.474 ; 8.474 ; 8.474 ; 8.474 ;
; A[3]       ; Out[19]     ; 8.165 ; 8.165 ; 8.165 ; 8.165 ;
; A[3]       ; Out[20]     ; 8.548 ; 8.548 ; 8.548 ; 8.548 ;
; A[3]       ; Out[21]     ; 8.586 ; 8.586 ; 8.586 ; 8.586 ;
; A[3]       ; Out[22]     ; 8.617 ; 8.617 ; 8.617 ; 8.617 ;
; A[3]       ; Out[23]     ; 8.760 ; 8.760 ; 8.760 ; 8.760 ;
; A[3]       ; Out[24]     ; 8.520 ; 8.520 ; 8.520 ; 8.520 ;
; A[3]       ; Out[25]     ; 8.663 ; 8.663 ; 8.663 ; 8.663 ;
; A[3]       ; Out[26]     ; 8.718 ; 8.718 ; 8.718 ; 8.718 ;
; A[3]       ; Out[27]     ; 9.100 ; 9.100 ; 9.100 ; 9.100 ;
; A[3]       ; Out[28]     ; 8.958 ; 8.958 ; 8.958 ; 8.958 ;
; A[3]       ; Out[29]     ; 9.115 ; 9.115 ; 9.115 ; 9.115 ;
; A[3]       ; Out[30]     ; 9.019 ; 9.019 ; 9.019 ; 9.019 ;
; A[3]       ; Out[31]     ; 9.201 ; 9.201 ; 9.201 ; 9.201 ;
; A[3]       ; Overflow    ; 9.118 ; 9.118 ; 9.118 ; 9.118 ;
; A[4]       ; Out[4]      ; 7.613 ; 7.613 ; 7.613 ; 7.613 ;
; A[4]       ; Out[5]      ; 7.962 ; 7.962 ; 7.962 ; 7.962 ;
; A[4]       ; Out[6]      ; 7.625 ; 7.625 ; 7.625 ; 7.625 ;
; A[4]       ; Out[7]      ; 7.775 ; 7.775 ; 7.775 ; 7.775 ;
; A[4]       ; Out[8]      ; 7.837 ; 7.837 ; 7.837 ; 7.837 ;
; A[4]       ; Out[9]      ; 8.144 ; 8.144 ; 8.144 ; 8.144 ;
; A[4]       ; Out[10]     ; 7.954 ; 7.954 ; 7.954 ; 7.954 ;
; A[4]       ; Out[11]     ; 8.168 ; 8.168 ; 8.168 ; 8.168 ;
; A[4]       ; Out[12]     ; 7.962 ; 7.962 ; 7.962 ; 7.962 ;
; A[4]       ; Out[13]     ; 7.870 ; 7.870 ; 7.870 ; 7.870 ;
; A[4]       ; Out[14]     ; 8.315 ; 8.315 ; 8.315 ; 8.315 ;
; A[4]       ; Out[15]     ; 8.134 ; 8.134 ; 8.134 ; 8.134 ;
; A[4]       ; Out[16]     ; 8.035 ; 8.035 ; 8.035 ; 8.035 ;
; A[4]       ; Out[17]     ; 8.380 ; 8.380 ; 8.380 ; 8.380 ;
; A[4]       ; Out[18]     ; 8.280 ; 8.280 ; 8.280 ; 8.280 ;
; A[4]       ; Out[19]     ; 7.971 ; 7.971 ; 7.971 ; 7.971 ;
; A[4]       ; Out[20]     ; 8.391 ; 8.391 ; 8.391 ; 8.391 ;
; A[4]       ; Out[21]     ; 8.392 ; 8.392 ; 8.392 ; 8.392 ;
; A[4]       ; Out[22]     ; 8.539 ; 8.539 ; 8.539 ; 8.539 ;
; A[4]       ; Out[23]     ; 8.702 ; 8.702 ; 8.702 ; 8.702 ;
; A[4]       ; Out[24]     ; 8.508 ; 8.508 ; 8.508 ; 8.508 ;
; A[4]       ; Out[25]     ; 8.628 ; 8.628 ; 8.628 ; 8.628 ;
; A[4]       ; Out[26]     ; 8.656 ; 8.656 ; 8.656 ; 8.656 ;
; A[4]       ; Out[27]     ; 8.906 ; 8.906 ; 8.906 ; 8.906 ;
; A[4]       ; Out[28]     ; 8.764 ; 8.764 ; 8.764 ; 8.764 ;
; A[4]       ; Out[29]     ; 9.068 ; 9.068 ; 9.068 ; 9.068 ;
; A[4]       ; Out[30]     ; 8.938 ; 8.938 ; 8.938 ; 8.938 ;
; A[4]       ; Out[31]     ; 9.095 ; 9.095 ; 9.095 ; 9.095 ;
; A[4]       ; Overflow    ; 8.919 ; 8.919 ; 8.919 ; 8.919 ;
; A[5]       ; Out[5]      ; 7.798 ; 7.798 ; 7.798 ; 7.798 ;
; A[5]       ; Out[6]      ; 7.716 ; 7.716 ; 7.716 ; 7.716 ;
; A[5]       ; Out[7]      ; 7.866 ; 7.866 ; 7.866 ; 7.866 ;
; A[5]       ; Out[8]      ; 7.776 ; 7.776 ; 7.776 ; 7.776 ;
; A[5]       ; Out[9]      ; 8.235 ; 8.235 ; 8.235 ; 8.235 ;
; A[5]       ; Out[10]     ; 8.045 ; 8.045 ; 8.045 ; 8.045 ;
; A[5]       ; Out[11]     ; 8.259 ; 8.259 ; 8.259 ; 8.259 ;
; A[5]       ; Out[12]     ; 8.037 ; 8.037 ; 8.037 ; 8.037 ;
; A[5]       ; Out[13]     ; 7.961 ; 7.961 ; 7.961 ; 7.961 ;
; A[5]       ; Out[14]     ; 8.406 ; 8.406 ; 8.406 ; 8.406 ;
; A[5]       ; Out[15]     ; 8.163 ; 8.163 ; 8.163 ; 8.163 ;
; A[5]       ; Out[16]     ; 8.126 ; 8.126 ; 8.126 ; 8.126 ;
; A[5]       ; Out[17]     ; 8.471 ; 8.471 ; 8.471 ; 8.471 ;
; A[5]       ; Out[18]     ; 8.371 ; 8.371 ; 8.371 ; 8.371 ;
; A[5]       ; Out[19]     ; 8.062 ; 8.062 ; 8.062 ; 8.062 ;
; A[5]       ; Out[20]     ; 8.445 ; 8.445 ; 8.445 ; 8.445 ;
; A[5]       ; Out[21]     ; 8.483 ; 8.483 ; 8.483 ; 8.483 ;
; A[5]       ; Out[22]     ; 8.514 ; 8.514 ; 8.514 ; 8.514 ;
; A[5]       ; Out[23]     ; 8.657 ; 8.657 ; 8.657 ; 8.657 ;
; A[5]       ; Out[24]     ; 8.447 ; 8.447 ; 8.447 ; 8.447 ;
; A[5]       ; Out[25]     ; 8.574 ; 8.574 ; 8.574 ; 8.574 ;
; A[5]       ; Out[26]     ; 8.615 ; 8.615 ; 8.615 ; 8.615 ;
; A[5]       ; Out[27]     ; 8.997 ; 8.997 ; 8.997 ; 8.997 ;
; A[5]       ; Out[28]     ; 8.855 ; 8.855 ; 8.855 ; 8.855 ;
; A[5]       ; Out[29]     ; 9.012 ; 9.012 ; 9.012 ; 9.012 ;
; A[5]       ; Out[30]     ; 8.916 ; 8.916 ; 8.916 ; 8.916 ;
; A[5]       ; Out[31]     ; 9.098 ; 9.098 ; 9.098 ; 9.098 ;
; A[5]       ; Overflow    ; 9.029 ; 9.029 ; 9.029 ; 9.029 ;
; A[6]       ; Out[6]      ; 7.518 ; 7.518 ; 7.518 ; 7.518 ;
; A[6]       ; Out[7]      ; 7.773 ; 7.773 ; 7.773 ; 7.773 ;
; A[6]       ; Out[8]      ; 7.675 ; 7.675 ; 7.675 ; 7.675 ;
; A[6]       ; Out[9]      ; 8.142 ; 8.142 ; 8.142 ; 8.142 ;
; A[6]       ; Out[10]     ; 7.952 ; 7.952 ; 7.952 ; 7.952 ;
; A[6]       ; Out[11]     ; 8.166 ; 8.166 ; 8.166 ; 8.166 ;
; A[6]       ; Out[12]     ; 7.944 ; 7.944 ; 7.944 ; 7.944 ;
; A[6]       ; Out[13]     ; 7.868 ; 7.868 ; 7.868 ; 7.868 ;
; A[6]       ; Out[14]     ; 8.313 ; 8.313 ; 8.313 ; 8.313 ;
; A[6]       ; Out[15]     ; 8.070 ; 8.070 ; 8.070 ; 8.070 ;
; A[6]       ; Out[16]     ; 8.033 ; 8.033 ; 8.033 ; 8.033 ;
; A[6]       ; Out[17]     ; 8.378 ; 8.378 ; 8.378 ; 8.378 ;
; A[6]       ; Out[18]     ; 8.278 ; 8.278 ; 8.278 ; 8.278 ;
; A[6]       ; Out[19]     ; 7.969 ; 7.969 ; 7.969 ; 7.969 ;
; A[6]       ; Out[20]     ; 8.352 ; 8.352 ; 8.352 ; 8.352 ;
; A[6]       ; Out[21]     ; 8.390 ; 8.390 ; 8.390 ; 8.390 ;
; A[6]       ; Out[22]     ; 8.421 ; 8.421 ; 8.421 ; 8.421 ;
; A[6]       ; Out[23]     ; 8.564 ; 8.564 ; 8.564 ; 8.564 ;
; A[6]       ; Out[24]     ; 8.324 ; 8.324 ; 8.324 ; 8.324 ;
; A[6]       ; Out[25]     ; 8.482 ; 8.482 ; 8.482 ; 8.482 ;
; A[6]       ; Out[26]     ; 8.522 ; 8.522 ; 8.522 ; 8.522 ;
; A[6]       ; Out[27]     ; 8.904 ; 8.904 ; 8.904 ; 8.904 ;
; A[6]       ; Out[28]     ; 8.762 ; 8.762 ; 8.762 ; 8.762 ;
; A[6]       ; Out[29]     ; 8.919 ; 8.919 ; 8.919 ; 8.919 ;
; A[6]       ; Out[30]     ; 8.823 ; 8.823 ; 8.823 ; 8.823 ;
; A[6]       ; Out[31]     ; 9.005 ; 9.005 ; 9.005 ; 9.005 ;
; A[6]       ; Overflow    ; 8.937 ; 8.937 ; 8.937 ; 8.937 ;
; A[7]       ; Out[7]      ; 7.504 ; 7.504 ; 7.504 ; 7.504 ;
; A[7]       ; Out[8]      ; 7.602 ; 7.602 ; 7.602 ; 7.602 ;
; A[7]       ; Out[9]      ; 7.972 ; 7.972 ; 7.972 ; 7.972 ;
; A[7]       ; Out[10]     ; 7.782 ; 7.782 ; 7.782 ; 7.782 ;
; A[7]       ; Out[11]     ; 7.996 ; 7.996 ; 7.996 ; 7.996 ;
; A[7]       ; Out[12]     ; 7.774 ; 7.774 ; 7.774 ; 7.774 ;
; A[7]       ; Out[13]     ; 7.698 ; 7.698 ; 7.698 ; 7.698 ;
; A[7]       ; Out[14]     ; 8.143 ; 8.143 ; 8.143 ; 8.143 ;
; A[7]       ; Out[15]     ; 7.900 ; 7.900 ; 7.900 ; 7.900 ;
; A[7]       ; Out[16]     ; 7.863 ; 7.863 ; 7.863 ; 7.863 ;
; A[7]       ; Out[17]     ; 8.208 ; 8.208 ; 8.208 ; 8.208 ;
; A[7]       ; Out[18]     ; 8.108 ; 8.108 ; 8.108 ; 8.108 ;
; A[7]       ; Out[19]     ; 7.799 ; 7.799 ; 7.799 ; 7.799 ;
; A[7]       ; Out[20]     ; 8.182 ; 8.182 ; 8.182 ; 8.182 ;
; A[7]       ; Out[21]     ; 8.220 ; 8.220 ; 8.220 ; 8.220 ;
; A[7]       ; Out[22]     ; 8.304 ; 8.304 ; 8.304 ; 8.304 ;
; A[7]       ; Out[23]     ; 8.467 ; 8.467 ; 8.467 ; 8.467 ;
; A[7]       ; Out[24]     ; 8.273 ; 8.273 ; 8.273 ; 8.273 ;
; A[7]       ; Out[25]     ; 8.393 ; 8.393 ; 8.393 ; 8.393 ;
; A[7]       ; Out[26]     ; 8.421 ; 8.421 ; 8.421 ; 8.421 ;
; A[7]       ; Out[27]     ; 8.734 ; 8.734 ; 8.734 ; 8.734 ;
; A[7]       ; Out[28]     ; 8.592 ; 8.592 ; 8.592 ; 8.592 ;
; A[7]       ; Out[29]     ; 8.833 ; 8.833 ; 8.833 ; 8.833 ;
; A[7]       ; Out[30]     ; 8.703 ; 8.703 ; 8.703 ; 8.703 ;
; A[7]       ; Out[31]     ; 8.860 ; 8.860 ; 8.860 ; 8.860 ;
; A[7]       ; Overflow    ; 8.599 ; 8.599 ; 8.599 ; 8.599 ;
; A[8]       ; Out[8]      ; 7.563 ; 7.563 ; 7.563 ; 7.563 ;
; A[8]       ; Out[9]      ; 7.956 ; 7.956 ; 7.956 ; 7.956 ;
; A[8]       ; Out[10]     ; 7.766 ; 7.766 ; 7.766 ; 7.766 ;
; A[8]       ; Out[11]     ; 7.980 ; 7.980 ; 7.980 ; 7.980 ;
; A[8]       ; Out[12]     ; 7.793 ; 7.793 ; 7.793 ; 7.793 ;
; A[8]       ; Out[13]     ; 7.682 ; 7.682 ; 7.682 ; 7.682 ;
; A[8]       ; Out[14]     ; 8.127 ; 8.127 ; 8.127 ; 8.127 ;
; A[8]       ; Out[15]     ; 7.965 ; 7.965 ; 7.965 ; 7.965 ;
; A[8]       ; Out[16]     ; 7.847 ; 7.847 ; 7.847 ; 7.847 ;
; A[8]       ; Out[17]     ; 8.192 ; 8.192 ; 8.192 ; 8.192 ;
; A[8]       ; Out[18]     ; 8.092 ; 8.092 ; 8.092 ; 8.092 ;
; A[8]       ; Out[19]     ; 7.783 ; 7.783 ; 7.783 ; 7.783 ;
; A[8]       ; Out[20]     ; 8.222 ; 8.222 ; 8.222 ; 8.222 ;
; A[8]       ; Out[21]     ; 8.204 ; 8.204 ; 8.204 ; 8.204 ;
; A[8]       ; Out[22]     ; 8.370 ; 8.370 ; 8.370 ; 8.370 ;
; A[8]       ; Out[23]     ; 8.533 ; 8.533 ; 8.533 ; 8.533 ;
; A[8]       ; Out[24]     ; 8.339 ; 8.339 ; 8.339 ; 8.339 ;
; A[8]       ; Out[25]     ; 8.459 ; 8.459 ; 8.459 ; 8.459 ;
; A[8]       ; Out[26]     ; 8.487 ; 8.487 ; 8.487 ; 8.487 ;
; A[8]       ; Out[27]     ; 8.718 ; 8.718 ; 8.718 ; 8.718 ;
; A[8]       ; Out[28]     ; 8.576 ; 8.576 ; 8.576 ; 8.576 ;
; A[8]       ; Out[29]     ; 8.899 ; 8.899 ; 8.899 ; 8.899 ;
; A[8]       ; Out[30]     ; 8.769 ; 8.769 ; 8.769 ; 8.769 ;
; A[8]       ; Out[31]     ; 8.926 ; 8.926 ; 8.926 ; 8.926 ;
; A[8]       ; Overflow    ; 8.735 ; 8.735 ; 8.735 ; 8.735 ;
; A[9]       ; Out[9]      ; 7.894 ; 7.894 ; 7.894 ; 7.894 ;
; A[9]       ; Out[10]     ; 7.727 ; 7.727 ; 7.727 ; 7.727 ;
; A[9]       ; Out[11]     ; 8.025 ; 8.025 ; 8.025 ; 8.025 ;
; A[9]       ; Out[12]     ; 7.987 ; 7.987 ; 7.987 ; 7.987 ;
; A[9]       ; Out[13]     ; 7.855 ; 7.855 ; 7.855 ; 7.855 ;
; A[9]       ; Out[14]     ; 8.254 ; 8.254 ; 8.254 ; 8.254 ;
; A[9]       ; Out[15]     ; 8.159 ; 8.159 ; 8.159 ; 8.159 ;
; A[9]       ; Out[16]     ; 8.071 ; 8.071 ; 8.071 ; 8.071 ;
; A[9]       ; Out[17]     ; 8.218 ; 8.218 ; 8.218 ; 8.218 ;
; A[9]       ; Out[18]     ; 8.053 ; 8.053 ; 8.053 ; 8.053 ;
; A[9]       ; Out[19]     ; 7.783 ; 7.783 ; 7.783 ; 7.783 ;
; A[9]       ; Out[20]     ; 8.416 ; 8.416 ; 8.416 ; 8.416 ;
; A[9]       ; Out[21]     ; 8.362 ; 8.362 ; 8.362 ; 8.362 ;
; A[9]       ; Out[22]     ; 8.564 ; 8.564 ; 8.564 ; 8.564 ;
; A[9]       ; Out[23]     ; 8.727 ; 8.727 ; 8.727 ; 8.727 ;
; A[9]       ; Out[24]     ; 8.533 ; 8.533 ; 8.533 ; 8.533 ;
; A[9]       ; Out[25]     ; 8.653 ; 8.653 ; 8.653 ; 8.653 ;
; A[9]       ; Out[26]     ; 8.681 ; 8.681 ; 8.681 ; 8.681 ;
; A[9]       ; Out[27]     ; 8.854 ; 8.854 ; 8.854 ; 8.854 ;
; A[9]       ; Out[28]     ; 8.537 ; 8.537 ; 8.537 ; 8.537 ;
; A[9]       ; Out[29]     ; 9.093 ; 9.093 ; 9.093 ; 9.093 ;
; A[9]       ; Out[30]     ; 8.963 ; 8.963 ; 8.963 ; 8.963 ;
; A[9]       ; Out[31]     ; 9.120 ; 9.120 ; 9.120 ; 9.120 ;
; A[9]       ; Overflow    ; 8.924 ; 8.924 ; 8.924 ; 8.924 ;
; A[10]      ; Out[10]     ; 7.777 ; 7.777 ; 7.777 ; 7.777 ;
; A[10]      ; Out[11]     ; 8.096 ; 8.096 ; 8.096 ; 8.096 ;
; A[10]      ; Out[12]     ; 7.874 ; 7.874 ; 7.874 ; 7.874 ;
; A[10]      ; Out[13]     ; 7.798 ; 7.798 ; 7.798 ; 7.798 ;
; A[10]      ; Out[14]     ; 8.243 ; 8.243 ; 8.243 ; 8.243 ;
; A[10]      ; Out[15]     ; 8.000 ; 8.000 ; 8.000 ; 8.000 ;
; A[10]      ; Out[16]     ; 7.963 ; 7.963 ; 7.963 ; 7.963 ;
; A[10]      ; Out[17]     ; 8.308 ; 8.308 ; 8.308 ; 8.308 ;
; A[10]      ; Out[18]     ; 8.208 ; 8.208 ; 8.208 ; 8.208 ;
; A[10]      ; Out[19]     ; 7.899 ; 7.899 ; 7.899 ; 7.899 ;
; A[10]      ; Out[20]     ; 8.282 ; 8.282 ; 8.282 ; 8.282 ;
; A[10]      ; Out[21]     ; 8.320 ; 8.320 ; 8.320 ; 8.320 ;
; A[10]      ; Out[22]     ; 8.351 ; 8.351 ; 8.351 ; 8.351 ;
; A[10]      ; Out[23]     ; 8.494 ; 8.494 ; 8.494 ; 8.494 ;
; A[10]      ; Out[24]     ; 8.254 ; 8.254 ; 8.254 ; 8.254 ;
; A[10]      ; Out[25]     ; 8.317 ; 8.317 ; 8.317 ; 8.317 ;
; A[10]      ; Out[26]     ; 8.452 ; 8.452 ; 8.452 ; 8.452 ;
; A[10]      ; Out[27]     ; 8.834 ; 8.834 ; 8.834 ; 8.834 ;
; A[10]      ; Out[28]     ; 8.692 ; 8.692 ; 8.692 ; 8.692 ;
; A[10]      ; Out[29]     ; 8.849 ; 8.849 ; 8.849 ; 8.849 ;
; A[10]      ; Out[30]     ; 8.753 ; 8.753 ; 8.753 ; 8.753 ;
; A[10]      ; Out[31]     ; 8.935 ; 8.935 ; 8.935 ; 8.935 ;
; A[10]      ; Overflow    ; 8.615 ; 8.615 ; 8.615 ; 8.615 ;
; A[11]      ; Out[11]     ; 7.999 ; 7.999 ; 7.999 ; 7.999 ;
; A[11]      ; Out[12]     ; 7.880 ; 7.880 ; 7.880 ; 7.880 ;
; A[11]      ; Out[13]     ; 7.804 ; 7.804 ; 7.804 ; 7.804 ;
; A[11]      ; Out[14]     ; 8.249 ; 8.249 ; 8.249 ; 8.249 ;
; A[11]      ; Out[15]     ; 8.006 ; 8.006 ; 8.006 ; 8.006 ;
; A[11]      ; Out[16]     ; 7.969 ; 7.969 ; 7.969 ; 7.969 ;
; A[11]      ; Out[17]     ; 8.314 ; 8.314 ; 8.314 ; 8.314 ;
; A[11]      ; Out[18]     ; 8.214 ; 8.214 ; 8.214 ; 8.214 ;
; A[11]      ; Out[19]     ; 7.905 ; 7.905 ; 7.905 ; 7.905 ;
; A[11]      ; Out[20]     ; 8.288 ; 8.288 ; 8.288 ; 8.288 ;
; A[11]      ; Out[21]     ; 8.326 ; 8.326 ; 8.326 ; 8.326 ;
; A[11]      ; Out[22]     ; 8.357 ; 8.357 ; 8.357 ; 8.357 ;
; A[11]      ; Out[23]     ; 8.500 ; 8.500 ; 8.500 ; 8.500 ;
; A[11]      ; Out[24]     ; 8.260 ; 8.260 ; 8.260 ; 8.260 ;
; A[11]      ; Out[25]     ; 8.388 ; 8.388 ; 8.388 ; 8.388 ;
; A[11]      ; Out[26]     ; 8.458 ; 8.458 ; 8.458 ; 8.458 ;
; A[11]      ; Out[27]     ; 8.840 ; 8.840 ; 8.840 ; 8.840 ;
; A[11]      ; Out[28]     ; 8.698 ; 8.698 ; 8.698 ; 8.698 ;
; A[11]      ; Out[29]     ; 8.855 ; 8.855 ; 8.855 ; 8.855 ;
; A[11]      ; Out[30]     ; 8.759 ; 8.759 ; 8.759 ; 8.759 ;
; A[11]      ; Out[31]     ; 8.941 ; 8.941 ; 8.941 ; 8.941 ;
; A[11]      ; Overflow    ; 8.843 ; 8.843 ; 8.843 ; 8.843 ;
; A[12]      ; Out[12]     ; 7.625 ; 7.625 ; 7.625 ; 7.625 ;
; A[12]      ; Out[13]     ; 7.652 ; 7.652 ; 7.652 ; 7.652 ;
; A[12]      ; Out[14]     ; 8.097 ; 8.097 ; 8.097 ; 8.097 ;
; A[12]      ; Out[15]     ; 7.854 ; 7.854 ; 7.854 ; 7.854 ;
; A[12]      ; Out[16]     ; 7.817 ; 7.817 ; 7.817 ; 7.817 ;
; A[12]      ; Out[17]     ; 8.162 ; 8.162 ; 8.162 ; 8.162 ;
; A[12]      ; Out[18]     ; 8.062 ; 8.062 ; 8.062 ; 8.062 ;
; A[12]      ; Out[19]     ; 7.753 ; 7.753 ; 7.753 ; 7.753 ;
; A[12]      ; Out[20]     ; 8.136 ; 8.136 ; 8.136 ; 8.136 ;
; A[12]      ; Out[21]     ; 8.174 ; 8.174 ; 8.174 ; 8.174 ;
; A[12]      ; Out[22]     ; 8.205 ; 8.205 ; 8.205 ; 8.205 ;
; A[12]      ; Out[23]     ; 8.360 ; 8.360 ; 8.360 ; 8.360 ;
; A[12]      ; Out[24]     ; 8.166 ; 8.166 ; 8.166 ; 8.166 ;
; A[12]      ; Out[25]     ; 8.286 ; 8.286 ; 8.286 ; 8.286 ;
; A[12]      ; Out[26]     ; 8.314 ; 8.314 ; 8.314 ; 8.314 ;
; A[12]      ; Out[27]     ; 8.688 ; 8.688 ; 8.688 ; 8.688 ;
; A[12]      ; Out[28]     ; 8.546 ; 8.546 ; 8.546 ; 8.546 ;
; A[12]      ; Out[29]     ; 8.726 ; 8.726 ; 8.726 ; 8.726 ;
; A[12]      ; Out[30]     ; 8.607 ; 8.607 ; 8.607 ; 8.607 ;
; A[12]      ; Out[31]     ; 8.789 ; 8.789 ; 8.789 ; 8.789 ;
; A[12]      ; Overflow    ; 8.718 ; 8.718 ; 8.718 ; 8.718 ;
; A[13]      ; Out[13]     ; 7.613 ; 7.613 ; 7.613 ; 7.613 ;
; A[13]      ; Out[14]     ; 8.163 ; 8.163 ; 8.163 ; 8.163 ;
; A[13]      ; Out[15]     ; 7.920 ; 7.920 ; 7.920 ; 7.920 ;
; A[13]      ; Out[16]     ; 7.883 ; 7.883 ; 7.883 ; 7.883 ;
; A[13]      ; Out[17]     ; 8.228 ; 8.228 ; 8.228 ; 8.228 ;
; A[13]      ; Out[18]     ; 8.128 ; 8.128 ; 8.128 ; 8.128 ;
; A[13]      ; Out[19]     ; 7.819 ; 7.819 ; 7.819 ; 7.819 ;
; A[13]      ; Out[20]     ; 8.202 ; 8.202 ; 8.202 ; 8.202 ;
; A[13]      ; Out[21]     ; 8.240 ; 8.240 ; 8.240 ; 8.240 ;
; A[13]      ; Out[22]     ; 8.271 ; 8.271 ; 8.271 ; 8.271 ;
; A[13]      ; Out[23]     ; 8.414 ; 8.414 ; 8.414 ; 8.414 ;
; A[13]      ; Out[24]     ; 8.174 ; 8.174 ; 8.174 ; 8.174 ;
; A[13]      ; Out[25]     ; 8.307 ; 8.307 ; 8.307 ; 8.307 ;
; A[13]      ; Out[26]     ; 8.372 ; 8.372 ; 8.372 ; 8.372 ;
; A[13]      ; Out[27]     ; 8.754 ; 8.754 ; 8.754 ; 8.754 ;
; A[13]      ; Out[28]     ; 8.612 ; 8.612 ; 8.612 ; 8.612 ;
; A[13]      ; Out[29]     ; 8.769 ; 8.769 ; 8.769 ; 8.769 ;
; A[13]      ; Out[30]     ; 8.673 ; 8.673 ; 8.673 ; 8.673 ;
; A[13]      ; Out[31]     ; 8.855 ; 8.855 ; 8.855 ; 8.855 ;
; A[13]      ; Overflow    ; 8.762 ; 8.762 ; 8.762 ; 8.762 ;
; A[14]      ; Out[14]     ; 7.801 ; 7.801 ; 7.801 ; 7.801 ;
; A[14]      ; Out[15]     ; 7.687 ; 7.687 ; 7.687 ; 7.687 ;
; A[14]      ; Out[16]     ; 7.624 ; 7.624 ; 7.624 ; 7.624 ;
; A[14]      ; Out[17]     ; 7.969 ; 7.969 ; 7.969 ; 7.969 ;
; A[14]      ; Out[18]     ; 7.869 ; 7.869 ; 7.869 ; 7.869 ;
; A[14]      ; Out[19]     ; 7.560 ; 7.560 ; 7.560 ; 7.560 ;
; A[14]      ; Out[20]     ; 7.944 ; 7.944 ; 7.944 ; 7.944 ;
; A[14]      ; Out[21]     ; 7.981 ; 7.981 ; 7.981 ; 7.981 ;
; A[14]      ; Out[22]     ; 8.092 ; 8.092 ; 8.092 ; 8.092 ;
; A[14]      ; Out[23]     ; 8.255 ; 8.255 ; 8.255 ; 8.255 ;
; A[14]      ; Out[24]     ; 8.061 ; 8.061 ; 8.061 ; 8.061 ;
; A[14]      ; Out[25]     ; 8.181 ; 8.181 ; 8.181 ; 8.181 ;
; A[14]      ; Out[26]     ; 8.209 ; 8.209 ; 8.209 ; 8.209 ;
; A[14]      ; Out[27]     ; 8.495 ; 8.495 ; 8.495 ; 8.495 ;
; A[14]      ; Out[28]     ; 8.353 ; 8.353 ; 8.353 ; 8.353 ;
; A[14]      ; Out[29]     ; 8.621 ; 8.621 ; 8.621 ; 8.621 ;
; A[14]      ; Out[30]     ; 8.491 ; 8.491 ; 8.491 ; 8.491 ;
; A[14]      ; Out[31]     ; 8.648 ; 8.648 ; 8.648 ; 8.648 ;
; A[14]      ; Overflow    ; 8.491 ; 8.491 ; 8.491 ; 8.491 ;
; A[15]      ; Out[15]     ; 7.466 ; 7.466 ; 7.466 ; 7.466 ;
; A[15]      ; Out[16]     ; 7.426 ; 7.426 ; 7.426 ; 7.426 ;
; A[15]      ; Out[17]     ; 7.771 ; 7.771 ; 7.771 ; 7.771 ;
; A[15]      ; Out[18]     ; 7.671 ; 7.671 ; 7.671 ; 7.671 ;
; A[15]      ; Out[19]     ; 7.362 ; 7.362 ; 7.362 ; 7.362 ;
; A[15]      ; Out[20]     ; 7.821 ; 7.821 ; 7.821 ; 7.821 ;
; A[15]      ; Out[21]     ; 7.783 ; 7.783 ; 7.783 ; 7.783 ;
; A[15]      ; Out[22]     ; 7.969 ; 7.969 ; 7.969 ; 7.969 ;
; A[15]      ; Out[23]     ; 8.132 ; 8.132 ; 8.132 ; 8.132 ;
; A[15]      ; Out[24]     ; 7.938 ; 7.938 ; 7.938 ; 7.938 ;
; A[15]      ; Out[25]     ; 8.058 ; 8.058 ; 8.058 ; 8.058 ;
; A[15]      ; Out[26]     ; 8.086 ; 8.086 ; 8.086 ; 8.086 ;
; A[15]      ; Out[27]     ; 8.297 ; 8.297 ; 8.297 ; 8.297 ;
; A[15]      ; Out[28]     ; 8.155 ; 8.155 ; 8.155 ; 8.155 ;
; A[15]      ; Out[29]     ; 8.498 ; 8.498 ; 8.498 ; 8.498 ;
; A[15]      ; Out[30]     ; 8.368 ; 8.368 ; 8.368 ; 8.368 ;
; A[15]      ; Out[31]     ; 8.525 ; 8.525 ; 8.525 ; 8.525 ;
; A[15]      ; Overflow    ; 8.334 ; 8.334 ; 8.334 ; 8.334 ;
; A[16]      ; Out[16]     ; 7.347 ; 7.347 ; 7.347 ; 7.347 ;
; A[16]      ; Out[17]     ; 7.795 ; 7.795 ; 7.795 ; 7.795 ;
; A[16]      ; Out[18]     ; 7.695 ; 7.695 ; 7.695 ; 7.695 ;
; A[16]      ; Out[19]     ; 7.386 ; 7.386 ; 7.386 ; 7.386 ;
; A[16]      ; Out[20]     ; 7.769 ; 7.769 ; 7.769 ; 7.769 ;
; A[16]      ; Out[21]     ; 7.807 ; 7.807 ; 7.807 ; 7.807 ;
; A[16]      ; Out[22]     ; 7.838 ; 7.838 ; 7.838 ; 7.838 ;
; A[16]      ; Out[23]     ; 7.981 ; 7.981 ; 7.981 ; 7.981 ;
; A[16]      ; Out[24]     ; 7.741 ; 7.741 ; 7.741 ; 7.741 ;
; A[16]      ; Out[25]     ; 7.829 ; 7.829 ; 7.829 ; 7.829 ;
; A[16]      ; Out[26]     ; 7.939 ; 7.939 ; 7.939 ; 7.939 ;
; A[16]      ; Out[27]     ; 8.321 ; 8.321 ; 8.321 ; 8.321 ;
; A[16]      ; Out[28]     ; 8.179 ; 8.179 ; 8.179 ; 8.179 ;
; A[16]      ; Out[29]     ; 8.336 ; 8.336 ; 8.336 ; 8.336 ;
; A[16]      ; Out[30]     ; 8.240 ; 8.240 ; 8.240 ; 8.240 ;
; A[16]      ; Out[31]     ; 8.422 ; 8.422 ; 8.422 ; 8.422 ;
; A[16]      ; Overflow    ; 8.116 ; 8.116 ; 8.116 ; 8.116 ;
; A[17]      ; Out[17]     ; 7.497 ; 7.497 ; 7.497 ; 7.497 ;
; A[17]      ; Out[18]     ; 7.500 ; 7.500 ; 7.500 ; 7.500 ;
; A[17]      ; Out[19]     ; 7.191 ; 7.191 ; 7.191 ; 7.191 ;
; A[17]      ; Out[20]     ; 7.685 ; 7.685 ; 7.685 ; 7.685 ;
; A[17]      ; Out[21]     ; 7.631 ; 7.631 ; 7.631 ; 7.631 ;
; A[17]      ; Out[22]     ; 7.833 ; 7.833 ; 7.833 ; 7.833 ;
; A[17]      ; Out[23]     ; 7.996 ; 7.996 ; 7.996 ; 7.996 ;
; A[17]      ; Out[24]     ; 7.802 ; 7.802 ; 7.802 ; 7.802 ;
; A[17]      ; Out[25]     ; 7.922 ; 7.922 ; 7.922 ; 7.922 ;
; A[17]      ; Out[26]     ; 7.950 ; 7.950 ; 7.950 ; 7.950 ;
; A[17]      ; Out[27]     ; 8.126 ; 8.126 ; 8.126 ; 8.126 ;
; A[17]      ; Out[28]     ; 7.984 ; 7.984 ; 7.984 ; 7.984 ;
; A[17]      ; Out[29]     ; 8.362 ; 8.362 ; 8.362 ; 8.362 ;
; A[17]      ; Out[30]     ; 8.232 ; 8.232 ; 8.232 ; 8.232 ;
; A[17]      ; Out[31]     ; 8.389 ; 8.389 ; 8.389 ; 8.389 ;
; A[17]      ; Overflow    ; 8.141 ; 8.141 ; 8.141 ; 8.141 ;
; A[18]      ; Out[18]     ; 7.630 ; 7.630 ; 7.630 ; 7.630 ;
; A[18]      ; Out[19]     ; 7.426 ; 7.426 ; 7.426 ; 7.426 ;
; A[18]      ; Out[20]     ; 7.809 ; 7.809 ; 7.809 ; 7.809 ;
; A[18]      ; Out[21]     ; 7.847 ; 7.847 ; 7.847 ; 7.847 ;
; A[18]      ; Out[22]     ; 7.878 ; 7.878 ; 7.878 ; 7.878 ;
; A[18]      ; Out[23]     ; 8.021 ; 8.021 ; 8.021 ; 8.021 ;
; A[18]      ; Out[24]     ; 7.781 ; 7.781 ; 7.781 ; 7.781 ;
; A[18]      ; Out[25]     ; 7.844 ; 7.844 ; 7.844 ; 7.844 ;
; A[18]      ; Out[26]     ; 7.979 ; 7.979 ; 7.979 ; 7.979 ;
; A[18]      ; Out[27]     ; 8.361 ; 8.361 ; 8.361 ; 8.361 ;
; A[18]      ; Out[28]     ; 8.219 ; 8.219 ; 8.219 ; 8.219 ;
; A[18]      ; Out[29]     ; 8.376 ; 8.376 ; 8.376 ; 8.376 ;
; A[18]      ; Out[30]     ; 8.280 ; 8.280 ; 8.280 ; 8.280 ;
; A[18]      ; Out[31]     ; 8.462 ; 8.462 ; 8.462 ; 8.462 ;
; A[18]      ; Overflow    ; 8.119 ; 8.119 ; 8.119 ; 8.119 ;
; A[19]      ; Out[19]     ; 7.264 ; 7.264 ; 7.264 ; 7.264 ;
; A[19]      ; Out[20]     ; 7.752 ; 7.752 ; 7.752 ; 7.752 ;
; A[19]      ; Out[21]     ; 7.790 ; 7.790 ; 7.790 ; 7.790 ;
; A[19]      ; Out[22]     ; 7.821 ; 7.821 ; 7.821 ; 7.821 ;
; A[19]      ; Out[23]     ; 7.964 ; 7.964 ; 7.964 ; 7.964 ;
; A[19]      ; Out[24]     ; 7.732 ; 7.732 ; 7.732 ; 7.732 ;
; A[19]      ; Out[25]     ; 7.852 ; 7.852 ; 7.852 ; 7.852 ;
; A[19]      ; Out[26]     ; 7.922 ; 7.922 ; 7.922 ; 7.922 ;
; A[19]      ; Out[27]     ; 8.304 ; 8.304 ; 8.304 ; 8.304 ;
; A[19]      ; Out[28]     ; 8.162 ; 8.162 ; 8.162 ; 8.162 ;
; A[19]      ; Out[29]     ; 8.319 ; 8.319 ; 8.319 ; 8.319 ;
; A[19]      ; Out[30]     ; 8.223 ; 8.223 ; 8.223 ; 8.223 ;
; A[19]      ; Out[31]     ; 8.405 ; 8.405 ; 8.405 ; 8.405 ;
; A[19]      ; Overflow    ; 8.307 ; 8.307 ; 8.307 ; 8.307 ;
; A[20]      ; Out[20]     ; 7.937 ; 7.937 ; 7.937 ; 7.937 ;
; A[20]      ; Out[21]     ; 8.078 ; 8.078 ; 8.078 ; 8.078 ;
; A[20]      ; Out[22]     ; 8.109 ; 8.109 ; 8.109 ; 8.109 ;
; A[20]      ; Out[23]     ; 8.252 ; 8.252 ; 8.252 ; 8.252 ;
; A[20]      ; Out[24]     ; 8.012 ; 8.012 ; 8.012 ; 8.012 ;
; A[20]      ; Out[25]     ; 8.275 ; 8.275 ; 8.275 ; 8.275 ;
; A[20]      ; Out[26]     ; 8.210 ; 8.210 ; 8.210 ; 8.210 ;
; A[20]      ; Out[27]     ; 8.592 ; 8.592 ; 8.592 ; 8.592 ;
; A[20]      ; Out[28]     ; 8.450 ; 8.450 ; 8.450 ; 8.450 ;
; A[20]      ; Out[29]     ; 8.607 ; 8.607 ; 8.607 ; 8.607 ;
; A[20]      ; Out[30]     ; 8.511 ; 8.511 ; 8.511 ; 8.511 ;
; A[20]      ; Out[31]     ; 8.693 ; 8.693 ; 8.693 ; 8.693 ;
; A[20]      ; Overflow    ; 8.599 ; 8.599 ; 8.599 ; 8.599 ;
; A[21]      ; Out[21]     ; 7.779 ; 7.779 ; 7.779 ; 7.779 ;
; A[21]      ; Out[22]     ; 8.084 ; 8.084 ; 8.084 ; 8.084 ;
; A[21]      ; Out[23]     ; 8.247 ; 8.247 ; 8.247 ; 8.247 ;
; A[21]      ; Out[24]     ; 8.053 ; 8.053 ; 8.053 ; 8.053 ;
; A[21]      ; Out[25]     ; 8.173 ; 8.173 ; 8.173 ; 8.173 ;
; A[21]      ; Out[26]     ; 8.201 ; 8.201 ; 8.201 ; 8.201 ;
; A[21]      ; Out[27]     ; 8.383 ; 8.383 ; 8.383 ; 8.383 ;
; A[21]      ; Out[28]     ; 8.241 ; 8.241 ; 8.241 ; 8.241 ;
; A[21]      ; Out[29]     ; 8.613 ; 8.613 ; 8.613 ; 8.613 ;
; A[21]      ; Out[30]     ; 8.483 ; 8.483 ; 8.483 ; 8.483 ;
; A[21]      ; Out[31]     ; 8.640 ; 8.640 ; 8.640 ; 8.640 ;
; A[21]      ; Overflow    ; 8.508 ; 8.508 ; 8.508 ; 8.508 ;
; A[22]      ; Out[22]     ; 7.420 ; 7.420 ; 7.420 ; 7.420 ;
; A[22]      ; Out[23]     ; 7.686 ; 7.686 ; 7.686 ; 7.686 ;
; A[22]      ; Out[24]     ; 7.492 ; 7.492 ; 7.492 ; 7.492 ;
; A[22]      ; Out[25]     ; 7.612 ; 7.612 ; 7.612 ; 7.612 ;
; A[22]      ; Out[26]     ; 7.640 ; 7.640 ; 7.640 ; 7.640 ;
; A[22]      ; Out[27]     ; 7.902 ; 7.902 ; 7.902 ; 7.902 ;
; A[22]      ; Out[28]     ; 7.760 ; 7.760 ; 7.760 ; 7.760 ;
; A[22]      ; Out[29]     ; 8.052 ; 8.052 ; 8.052 ; 8.052 ;
; A[22]      ; Out[30]     ; 7.922 ; 7.922 ; 7.922 ; 7.922 ;
; A[22]      ; Out[31]     ; 8.079 ; 8.079 ; 8.079 ; 8.079 ;
; A[22]      ; Overflow    ; 7.906 ; 7.906 ; 7.906 ; 7.906 ;
; A[23]      ; Out[23]     ; 7.906 ; 7.906 ; 7.906 ; 7.906 ;
; A[23]      ; Out[24]     ; 7.812 ; 7.812 ; 7.812 ; 7.812 ;
; A[23]      ; Out[25]     ; 7.932 ; 7.932 ; 7.932 ; 7.932 ;
; A[23]      ; Out[26]     ; 7.960 ; 7.960 ; 7.960 ; 7.960 ;
; A[23]      ; Out[27]     ; 8.276 ; 8.276 ; 8.276 ; 8.276 ;
; A[23]      ; Out[28]     ; 8.134 ; 8.134 ; 8.134 ; 8.134 ;
; A[23]      ; Out[29]     ; 8.372 ; 8.372 ; 8.372 ; 8.372 ;
; A[23]      ; Out[30]     ; 8.242 ; 8.242 ; 8.242 ; 8.242 ;
; A[23]      ; Out[31]     ; 8.399 ; 8.399 ; 8.399 ; 8.399 ;
; A[23]      ; Overflow    ; 8.195 ; 8.195 ; 8.195 ; 8.195 ;
; A[24]      ; Out[24]     ; 7.297 ; 7.297 ; 7.297 ; 7.297 ;
; A[24]      ; Out[25]     ; 7.561 ; 7.561 ; 7.561 ; 7.561 ;
; A[24]      ; Out[26]     ; 7.550 ; 7.550 ; 7.550 ; 7.550 ;
; A[24]      ; Out[27]     ; 7.808 ; 7.808 ; 7.808 ; 7.808 ;
; A[24]      ; Out[28]     ; 7.666 ; 7.666 ; 7.666 ; 7.666 ;
; A[24]      ; Out[29]     ; 7.962 ; 7.962 ; 7.962 ; 7.962 ;
; A[24]      ; Out[30]     ; 7.832 ; 7.832 ; 7.832 ; 7.832 ;
; A[24]      ; Out[31]     ; 7.991 ; 7.991 ; 7.991 ; 7.991 ;
; A[24]      ; Overflow    ; 8.016 ; 8.016 ; 8.016 ; 8.016 ;
; A[25]      ; Out[25]     ; 7.567 ; 7.567 ; 7.567 ; 7.567 ;
; A[25]      ; Out[26]     ; 7.807 ; 7.807 ; 7.807 ; 7.807 ;
; A[25]      ; Out[27]     ; 8.189 ; 8.189 ; 8.189 ; 8.189 ;
; A[25]      ; Out[28]     ; 8.047 ; 8.047 ; 8.047 ; 8.047 ;
; A[25]      ; Out[29]     ; 8.204 ; 8.204 ; 8.204 ; 8.204 ;
; A[25]      ; Out[30]     ; 8.108 ; 8.108 ; 8.108 ; 8.108 ;
; A[25]      ; Out[31]     ; 8.290 ; 8.290 ; 8.290 ; 8.290 ;
; A[25]      ; Overflow    ; 8.088 ; 8.088 ; 8.088 ; 8.088 ;
; A[26]      ; Out[26]     ; 7.844 ; 7.844 ; 7.844 ; 7.844 ;
; A[26]      ; Out[27]     ; 8.331 ; 8.331 ; 8.331 ; 8.331 ;
; A[26]      ; Out[28]     ; 8.189 ; 8.189 ; 8.189 ; 8.189 ;
; A[26]      ; Out[29]     ; 8.346 ; 8.346 ; 8.346 ; 8.346 ;
; A[26]      ; Out[30]     ; 8.250 ; 8.250 ; 8.250 ; 8.250 ;
; A[26]      ; Out[31]     ; 8.432 ; 8.432 ; 8.432 ; 8.432 ;
; A[26]      ; Overflow    ; 8.215 ; 8.215 ; 8.215 ; 8.215 ;
; A[27]      ; Out[27]     ; 7.802 ; 7.802 ; 7.802 ; 7.802 ;
; A[27]      ; Out[28]     ; 7.763 ; 7.763 ; 7.763 ; 7.763 ;
; A[27]      ; Out[29]     ; 7.930 ; 7.930 ; 7.930 ; 7.930 ;
; A[27]      ; Out[30]     ; 7.824 ; 7.824 ; 7.824 ; 7.824 ;
; A[27]      ; Out[31]     ; 8.006 ; 8.006 ; 8.006 ; 8.006 ;
; A[27]      ; Overflow    ; 7.811 ; 7.811 ; 7.811 ; 7.811 ;
; A[28]      ; Out[28]     ; 7.885 ; 7.885 ; 7.885 ; 7.885 ;
; A[28]      ; Out[29]     ; 8.147 ; 8.147 ; 8.147 ; 8.147 ;
; A[28]      ; Out[30]     ; 8.051 ; 8.051 ; 8.051 ; 8.051 ;
; A[28]      ; Out[31]     ; 8.233 ; 8.233 ; 8.233 ; 8.233 ;
; A[28]      ; Overflow    ; 8.024 ; 8.024 ; 8.024 ; 8.024 ;
; A[29]      ; Out[29]     ; 7.835 ; 7.835 ; 7.835 ; 7.835 ;
; A[29]      ; Out[30]     ; 7.810 ; 7.810 ; 7.810 ; 7.810 ;
; A[29]      ; Out[31]     ; 7.967 ; 7.967 ; 7.967 ; 7.967 ;
; A[29]      ; Overflow    ; 7.697 ; 7.697 ; 7.697 ; 7.697 ;
; A[30]      ; Out[30]     ; 7.776 ; 7.776 ; 7.776 ; 7.776 ;
; A[30]      ; Out[31]     ; 8.036 ; 8.036 ; 8.036 ; 8.036 ;
; A[30]      ; Overflow    ; 7.908 ; 7.908 ; 7.908 ; 7.908 ;
; A[31]      ; Out[31]     ; 7.749 ; 7.749 ; 7.749 ; 7.749 ;
; A[31]      ; Overflow    ; 7.567 ; 7.567 ; 7.567 ; 7.567 ;
; B[0]       ; Out[0]      ; 5.057 ; 5.057 ; 5.057 ; 5.057 ;
; B[0]       ; Out[1]      ; 5.135 ; 5.135 ; 5.135 ; 5.135 ;
; B[0]       ; Out[2]      ; 4.909 ; 4.909 ; 4.909 ; 4.909 ;
; B[0]       ; Out[3]      ; 5.131 ; 5.131 ; 5.131 ; 5.131 ;
; B[0]       ; Out[4]      ; 5.145 ; 5.145 ; 5.145 ; 5.145 ;
; B[0]       ; Out[5]      ; 5.294 ; 5.294 ; 5.294 ; 5.294 ;
; B[0]       ; Out[6]      ; 5.212 ; 5.212 ; 5.212 ; 5.212 ;
; B[0]       ; Out[7]      ; 5.362 ; 5.362 ; 5.362 ; 5.362 ;
; B[0]       ; Out[8]      ; 5.264 ; 5.264 ; 5.264 ; 5.264 ;
; B[0]       ; Out[9]      ; 5.731 ; 5.731 ; 5.731 ; 5.731 ;
; B[0]       ; Out[10]     ; 5.541 ; 5.541 ; 5.541 ; 5.541 ;
; B[0]       ; Out[11]     ; 5.755 ; 5.755 ; 5.755 ; 5.755 ;
; B[0]       ; Out[12]     ; 5.533 ; 5.533 ; 5.533 ; 5.533 ;
; B[0]       ; Out[13]     ; 5.457 ; 5.457 ; 5.457 ; 5.457 ;
; B[0]       ; Out[14]     ; 5.902 ; 5.902 ; 5.902 ; 5.902 ;
; B[0]       ; Out[15]     ; 5.659 ; 5.659 ; 5.659 ; 5.659 ;
; B[0]       ; Out[16]     ; 5.622 ; 5.622 ; 5.622 ; 5.622 ;
; B[0]       ; Out[17]     ; 5.967 ; 5.967 ; 5.967 ; 5.967 ;
; B[0]       ; Out[18]     ; 5.867 ; 5.867 ; 5.867 ; 5.867 ;
; B[0]       ; Out[19]     ; 5.558 ; 5.558 ; 5.558 ; 5.558 ;
; B[0]       ; Out[20]     ; 5.941 ; 5.941 ; 5.941 ; 5.941 ;
; B[0]       ; Out[21]     ; 5.979 ; 5.979 ; 5.979 ; 5.979 ;
; B[0]       ; Out[22]     ; 6.010 ; 6.010 ; 6.010 ; 6.010 ;
; B[0]       ; Out[23]     ; 6.153 ; 6.153 ; 6.153 ; 6.153 ;
; B[0]       ; Out[24]     ; 5.913 ; 5.913 ; 5.913 ; 5.913 ;
; B[0]       ; Out[25]     ; 6.075 ; 6.075 ; 6.075 ; 6.075 ;
; B[0]       ; Out[26]     ; 6.111 ; 6.111 ; 6.111 ; 6.111 ;
; B[0]       ; Out[27]     ; 6.493 ; 6.493 ; 6.493 ; 6.493 ;
; B[0]       ; Out[28]     ; 6.351 ; 6.351 ; 6.351 ; 6.351 ;
; B[0]       ; Out[29]     ; 6.508 ; 6.508 ; 6.508 ; 6.508 ;
; B[0]       ; Out[30]     ; 6.412 ; 6.412 ; 6.412 ; 6.412 ;
; B[0]       ; Out[31]     ; 6.594 ; 6.594 ; 6.594 ; 6.594 ;
; B[0]       ; Overflow    ; 6.530 ; 6.530 ; 6.530 ; 6.530 ;
; B[1]       ; Out[1]      ; 7.639 ; 7.639 ; 7.639 ; 7.639 ;
; B[1]       ; Out[2]      ; 7.502 ; 7.502 ; 7.502 ; 7.502 ;
; B[1]       ; Out[3]      ; 7.738 ; 7.738 ; 7.738 ; 7.738 ;
; B[1]       ; Out[4]      ; 7.752 ; 7.752 ; 7.752 ; 7.752 ;
; B[1]       ; Out[5]      ; 7.901 ; 7.901 ; 7.901 ; 7.901 ;
; B[1]       ; Out[6]      ; 7.819 ; 7.819 ; 7.819 ; 7.819 ;
; B[1]       ; Out[7]      ; 7.969 ; 7.969 ; 7.969 ; 7.969 ;
; B[1]       ; Out[8]      ; 7.871 ; 7.871 ; 7.871 ; 7.871 ;
; B[1]       ; Out[9]      ; 8.338 ; 8.338 ; 8.338 ; 8.338 ;
; B[1]       ; Out[10]     ; 8.148 ; 8.148 ; 8.148 ; 8.148 ;
; B[1]       ; Out[11]     ; 8.362 ; 8.362 ; 8.362 ; 8.362 ;
; B[1]       ; Out[12]     ; 8.140 ; 8.140 ; 8.140 ; 8.140 ;
; B[1]       ; Out[13]     ; 8.064 ; 8.064 ; 8.064 ; 8.064 ;
; B[1]       ; Out[14]     ; 8.509 ; 8.509 ; 8.509 ; 8.509 ;
; B[1]       ; Out[15]     ; 8.266 ; 8.266 ; 8.266 ; 8.266 ;
; B[1]       ; Out[16]     ; 8.229 ; 8.229 ; 8.229 ; 8.229 ;
; B[1]       ; Out[17]     ; 8.574 ; 8.574 ; 8.574 ; 8.574 ;
; B[1]       ; Out[18]     ; 8.474 ; 8.474 ; 8.474 ; 8.474 ;
; B[1]       ; Out[19]     ; 8.165 ; 8.165 ; 8.165 ; 8.165 ;
; B[1]       ; Out[20]     ; 8.548 ; 8.548 ; 8.548 ; 8.548 ;
; B[1]       ; Out[21]     ; 8.586 ; 8.586 ; 8.586 ; 8.586 ;
; B[1]       ; Out[22]     ; 8.617 ; 8.617 ; 8.617 ; 8.617 ;
; B[1]       ; Out[23]     ; 8.760 ; 8.760 ; 8.760 ; 8.760 ;
; B[1]       ; Out[24]     ; 8.520 ; 8.520 ; 8.520 ; 8.520 ;
; B[1]       ; Out[25]     ; 8.668 ; 8.668 ; 8.668 ; 8.668 ;
; B[1]       ; Out[26]     ; 8.718 ; 8.718 ; 8.718 ; 8.718 ;
; B[1]       ; Out[27]     ; 9.100 ; 9.100 ; 9.100 ; 9.100 ;
; B[1]       ; Out[28]     ; 8.958 ; 8.958 ; 8.958 ; 8.958 ;
; B[1]       ; Out[29]     ; 9.115 ; 9.115 ; 9.115 ; 9.115 ;
; B[1]       ; Out[30]     ; 9.019 ; 9.019 ; 9.019 ; 9.019 ;
; B[1]       ; Out[31]     ; 9.201 ; 9.201 ; 9.201 ; 9.201 ;
; B[1]       ; Overflow    ; 9.123 ; 9.123 ; 9.123 ; 9.123 ;
; B[2]       ; Out[2]      ; 7.200 ; 7.200 ; 7.200 ; 7.200 ;
; B[2]       ; Out[3]      ; 7.611 ; 7.611 ; 7.611 ; 7.611 ;
; B[2]       ; Out[4]      ; 7.625 ; 7.625 ; 7.625 ; 7.625 ;
; B[2]       ; Out[5]      ; 7.774 ; 7.774 ; 7.774 ; 7.774 ;
; B[2]       ; Out[6]      ; 7.692 ; 7.692 ; 7.692 ; 7.692 ;
; B[2]       ; Out[7]      ; 7.842 ; 7.842 ; 7.842 ; 7.842 ;
; B[2]       ; Out[8]      ; 7.744 ; 7.744 ; 7.744 ; 7.744 ;
; B[2]       ; Out[9]      ; 8.211 ; 8.211 ; 8.211 ; 8.211 ;
; B[2]       ; Out[10]     ; 8.021 ; 8.021 ; 8.021 ; 8.021 ;
; B[2]       ; Out[11]     ; 8.235 ; 8.235 ; 8.235 ; 8.235 ;
; B[2]       ; Out[12]     ; 8.013 ; 8.013 ; 8.013 ; 8.013 ;
; B[2]       ; Out[13]     ; 7.937 ; 7.937 ; 7.937 ; 7.937 ;
; B[2]       ; Out[14]     ; 8.382 ; 8.382 ; 8.382 ; 8.382 ;
; B[2]       ; Out[15]     ; 8.139 ; 8.139 ; 8.139 ; 8.139 ;
; B[2]       ; Out[16]     ; 8.102 ; 8.102 ; 8.102 ; 8.102 ;
; B[2]       ; Out[17]     ; 8.447 ; 8.447 ; 8.447 ; 8.447 ;
; B[2]       ; Out[18]     ; 8.347 ; 8.347 ; 8.347 ; 8.347 ;
; B[2]       ; Out[19]     ; 8.038 ; 8.038 ; 8.038 ; 8.038 ;
; B[2]       ; Out[20]     ; 8.421 ; 8.421 ; 8.421 ; 8.421 ;
; B[2]       ; Out[21]     ; 8.459 ; 8.459 ; 8.459 ; 8.459 ;
; B[2]       ; Out[22]     ; 8.490 ; 8.490 ; 8.490 ; 8.490 ;
; B[2]       ; Out[23]     ; 8.633 ; 8.633 ; 8.633 ; 8.633 ;
; B[2]       ; Out[24]     ; 8.393 ; 8.393 ; 8.393 ; 8.393 ;
; B[2]       ; Out[25]     ; 8.471 ; 8.471 ; 8.471 ; 8.471 ;
; B[2]       ; Out[26]     ; 8.591 ; 8.591 ; 8.591 ; 8.591 ;
; B[2]       ; Out[27]     ; 8.973 ; 8.973 ; 8.973 ; 8.973 ;
; B[2]       ; Out[28]     ; 8.831 ; 8.831 ; 8.831 ; 8.831 ;
; B[2]       ; Out[29]     ; 8.988 ; 8.988 ; 8.988 ; 8.988 ;
; B[2]       ; Out[30]     ; 8.892 ; 8.892 ; 8.892 ; 8.892 ;
; B[2]       ; Out[31]     ; 9.074 ; 9.074 ; 9.074 ; 9.074 ;
; B[2]       ; Overflow    ; 8.926 ; 8.926 ; 8.926 ; 8.926 ;
; B[3]       ; Out[3]      ; 7.386 ; 7.386 ; 7.386 ; 7.386 ;
; B[3]       ; Out[4]      ; 7.505 ; 7.505 ; 7.505 ; 7.505 ;
; B[3]       ; Out[5]      ; 7.654 ; 7.654 ; 7.654 ; 7.654 ;
; B[3]       ; Out[6]      ; 7.572 ; 7.572 ; 7.572 ; 7.572 ;
; B[3]       ; Out[7]      ; 7.722 ; 7.722 ; 7.722 ; 7.722 ;
; B[3]       ; Out[8]      ; 7.624 ; 7.624 ; 7.624 ; 7.624 ;
; B[3]       ; Out[9]      ; 8.091 ; 8.091 ; 8.091 ; 8.091 ;
; B[3]       ; Out[10]     ; 7.901 ; 7.901 ; 7.901 ; 7.901 ;
; B[3]       ; Out[11]     ; 8.115 ; 8.115 ; 8.115 ; 8.115 ;
; B[3]       ; Out[12]     ; 7.893 ; 7.893 ; 7.893 ; 7.893 ;
; B[3]       ; Out[13]     ; 7.817 ; 7.817 ; 7.817 ; 7.817 ;
; B[3]       ; Out[14]     ; 8.262 ; 8.262 ; 8.262 ; 8.262 ;
; B[3]       ; Out[15]     ; 8.019 ; 8.019 ; 8.019 ; 8.019 ;
; B[3]       ; Out[16]     ; 7.982 ; 7.982 ; 7.982 ; 7.982 ;
; B[3]       ; Out[17]     ; 8.327 ; 8.327 ; 8.327 ; 8.327 ;
; B[3]       ; Out[18]     ; 8.227 ; 8.227 ; 8.227 ; 8.227 ;
; B[3]       ; Out[19]     ; 7.918 ; 7.918 ; 7.918 ; 7.918 ;
; B[3]       ; Out[20]     ; 8.301 ; 8.301 ; 8.301 ; 8.301 ;
; B[3]       ; Out[21]     ; 8.339 ; 8.339 ; 8.339 ; 8.339 ;
; B[3]       ; Out[22]     ; 8.370 ; 8.370 ; 8.370 ; 8.370 ;
; B[3]       ; Out[23]     ; 8.513 ; 8.513 ; 8.513 ; 8.513 ;
; B[3]       ; Out[24]     ; 8.273 ; 8.273 ; 8.273 ; 8.273 ;
; B[3]       ; Out[25]     ; 8.402 ; 8.402 ; 8.402 ; 8.402 ;
; B[3]       ; Out[26]     ; 8.471 ; 8.471 ; 8.471 ; 8.471 ;
; B[3]       ; Out[27]     ; 8.853 ; 8.853 ; 8.853 ; 8.853 ;
; B[3]       ; Out[28]     ; 8.711 ; 8.711 ; 8.711 ; 8.711 ;
; B[3]       ; Out[29]     ; 8.868 ; 8.868 ; 8.868 ; 8.868 ;
; B[3]       ; Out[30]     ; 8.772 ; 8.772 ; 8.772 ; 8.772 ;
; B[3]       ; Out[31]     ; 8.954 ; 8.954 ; 8.954 ; 8.954 ;
; B[3]       ; Overflow    ; 8.857 ; 8.857 ; 8.857 ; 8.857 ;
; B[4]       ; Out[4]      ; 7.375 ; 7.375 ; 7.375 ; 7.375 ;
; B[4]       ; Out[5]      ; 7.627 ; 7.627 ; 7.627 ; 7.627 ;
; B[4]       ; Out[6]      ; 7.545 ; 7.545 ; 7.545 ; 7.545 ;
; B[4]       ; Out[7]      ; 7.695 ; 7.695 ; 7.695 ; 7.695 ;
; B[4]       ; Out[8]      ; 7.597 ; 7.597 ; 7.597 ; 7.597 ;
; B[4]       ; Out[9]      ; 8.064 ; 8.064 ; 8.064 ; 8.064 ;
; B[4]       ; Out[10]     ; 7.874 ; 7.874 ; 7.874 ; 7.874 ;
; B[4]       ; Out[11]     ; 8.088 ; 8.088 ; 8.088 ; 8.088 ;
; B[4]       ; Out[12]     ; 7.866 ; 7.866 ; 7.866 ; 7.866 ;
; B[4]       ; Out[13]     ; 7.790 ; 7.790 ; 7.790 ; 7.790 ;
; B[4]       ; Out[14]     ; 8.235 ; 8.235 ; 8.235 ; 8.235 ;
; B[4]       ; Out[15]     ; 7.992 ; 7.992 ; 7.992 ; 7.992 ;
; B[4]       ; Out[16]     ; 7.955 ; 7.955 ; 7.955 ; 7.955 ;
; B[4]       ; Out[17]     ; 8.300 ; 8.300 ; 8.300 ; 8.300 ;
; B[4]       ; Out[18]     ; 8.200 ; 8.200 ; 8.200 ; 8.200 ;
; B[4]       ; Out[19]     ; 7.891 ; 7.891 ; 7.891 ; 7.891 ;
; B[4]       ; Out[20]     ; 8.274 ; 8.274 ; 8.274 ; 8.274 ;
; B[4]       ; Out[21]     ; 8.312 ; 8.312 ; 8.312 ; 8.312 ;
; B[4]       ; Out[22]     ; 8.343 ; 8.343 ; 8.343 ; 8.343 ;
; B[4]       ; Out[23]     ; 8.486 ; 8.486 ; 8.486 ; 8.486 ;
; B[4]       ; Out[24]     ; 8.246 ; 8.246 ; 8.246 ; 8.246 ;
; B[4]       ; Out[25]     ; 8.385 ; 8.385 ; 8.385 ; 8.385 ;
; B[4]       ; Out[26]     ; 8.444 ; 8.444 ; 8.444 ; 8.444 ;
; B[4]       ; Out[27]     ; 8.826 ; 8.826 ; 8.826 ; 8.826 ;
; B[4]       ; Out[28]     ; 8.684 ; 8.684 ; 8.684 ; 8.684 ;
; B[4]       ; Out[29]     ; 8.841 ; 8.841 ; 8.841 ; 8.841 ;
; B[4]       ; Out[30]     ; 8.745 ; 8.745 ; 8.745 ; 8.745 ;
; B[4]       ; Out[31]     ; 8.927 ; 8.927 ; 8.927 ; 8.927 ;
; B[4]       ; Overflow    ; 8.840 ; 8.840 ; 8.840 ; 8.840 ;
; B[5]       ; Out[5]      ; 7.449 ; 7.449 ; 7.449 ; 7.449 ;
; B[5]       ; Out[6]      ; 7.470 ; 7.470 ; 7.470 ; 7.470 ;
; B[5]       ; Out[7]      ; 7.620 ; 7.620 ; 7.620 ; 7.620 ;
; B[5]       ; Out[8]      ; 7.522 ; 7.522 ; 7.522 ; 7.522 ;
; B[5]       ; Out[9]      ; 7.989 ; 7.989 ; 7.989 ; 7.989 ;
; B[5]       ; Out[10]     ; 7.799 ; 7.799 ; 7.799 ; 7.799 ;
; B[5]       ; Out[11]     ; 8.013 ; 8.013 ; 8.013 ; 8.013 ;
; B[5]       ; Out[12]     ; 7.791 ; 7.791 ; 7.791 ; 7.791 ;
; B[5]       ; Out[13]     ; 7.715 ; 7.715 ; 7.715 ; 7.715 ;
; B[5]       ; Out[14]     ; 8.160 ; 8.160 ; 8.160 ; 8.160 ;
; B[5]       ; Out[15]     ; 7.917 ; 7.917 ; 7.917 ; 7.917 ;
; B[5]       ; Out[16]     ; 7.880 ; 7.880 ; 7.880 ; 7.880 ;
; B[5]       ; Out[17]     ; 8.225 ; 8.225 ; 8.225 ; 8.225 ;
; B[5]       ; Out[18]     ; 8.125 ; 8.125 ; 8.125 ; 8.125 ;
; B[5]       ; Out[19]     ; 7.816 ; 7.816 ; 7.816 ; 7.816 ;
; B[5]       ; Out[20]     ; 8.199 ; 8.199 ; 8.199 ; 8.199 ;
; B[5]       ; Out[21]     ; 8.237 ; 8.237 ; 8.237 ; 8.237 ;
; B[5]       ; Out[22]     ; 8.268 ; 8.268 ; 8.268 ; 8.268 ;
; B[5]       ; Out[23]     ; 8.411 ; 8.411 ; 8.411 ; 8.411 ;
; B[5]       ; Out[24]     ; 8.171 ; 8.171 ; 8.171 ; 8.171 ;
; B[5]       ; Out[25]     ; 8.325 ; 8.325 ; 8.325 ; 8.325 ;
; B[5]       ; Out[26]     ; 8.369 ; 8.369 ; 8.369 ; 8.369 ;
; B[5]       ; Out[27]     ; 8.751 ; 8.751 ; 8.751 ; 8.751 ;
; B[5]       ; Out[28]     ; 8.609 ; 8.609 ; 8.609 ; 8.609 ;
; B[5]       ; Out[29]     ; 8.766 ; 8.766 ; 8.766 ; 8.766 ;
; B[5]       ; Out[30]     ; 8.670 ; 8.670 ; 8.670 ; 8.670 ;
; B[5]       ; Out[31]     ; 8.852 ; 8.852 ; 8.852 ; 8.852 ;
; B[5]       ; Overflow    ; 8.780 ; 8.780 ; 8.780 ; 8.780 ;
; B[6]       ; Out[6]      ; 7.464 ; 7.464 ; 7.464 ; 7.464 ;
; B[6]       ; Out[7]      ; 7.717 ; 7.717 ; 7.717 ; 7.717 ;
; B[6]       ; Out[8]      ; 7.619 ; 7.619 ; 7.619 ; 7.619 ;
; B[6]       ; Out[9]      ; 8.086 ; 8.086 ; 8.086 ; 8.086 ;
; B[6]       ; Out[10]     ; 7.896 ; 7.896 ; 7.896 ; 7.896 ;
; B[6]       ; Out[11]     ; 8.110 ; 8.110 ; 8.110 ; 8.110 ;
; B[6]       ; Out[12]     ; 7.888 ; 7.888 ; 7.888 ; 7.888 ;
; B[6]       ; Out[13]     ; 7.812 ; 7.812 ; 7.812 ; 7.812 ;
; B[6]       ; Out[14]     ; 8.257 ; 8.257 ; 8.257 ; 8.257 ;
; B[6]       ; Out[15]     ; 8.014 ; 8.014 ; 8.014 ; 8.014 ;
; B[6]       ; Out[16]     ; 7.977 ; 7.977 ; 7.977 ; 7.977 ;
; B[6]       ; Out[17]     ; 8.322 ; 8.322 ; 8.322 ; 8.322 ;
; B[6]       ; Out[18]     ; 8.222 ; 8.222 ; 8.222 ; 8.222 ;
; B[6]       ; Out[19]     ; 7.913 ; 7.913 ; 7.913 ; 7.913 ;
; B[6]       ; Out[20]     ; 8.296 ; 8.296 ; 8.296 ; 8.296 ;
; B[6]       ; Out[21]     ; 8.334 ; 8.334 ; 8.334 ; 8.334 ;
; B[6]       ; Out[22]     ; 8.365 ; 8.365 ; 8.365 ; 8.365 ;
; B[6]       ; Out[23]     ; 8.508 ; 8.508 ; 8.508 ; 8.508 ;
; B[6]       ; Out[24]     ; 8.268 ; 8.268 ; 8.268 ; 8.268 ;
; B[6]       ; Out[25]     ; 8.533 ; 8.533 ; 8.533 ; 8.533 ;
; B[6]       ; Out[26]     ; 8.466 ; 8.466 ; 8.466 ; 8.466 ;
; B[6]       ; Out[27]     ; 8.848 ; 8.848 ; 8.848 ; 8.848 ;
; B[6]       ; Out[28]     ; 8.706 ; 8.706 ; 8.706 ; 8.706 ;
; B[6]       ; Out[29]     ; 8.863 ; 8.863 ; 8.863 ; 8.863 ;
; B[6]       ; Out[30]     ; 8.767 ; 8.767 ; 8.767 ; 8.767 ;
; B[6]       ; Out[31]     ; 8.963 ; 8.963 ; 8.963 ; 8.963 ;
; B[6]       ; Overflow    ; 8.988 ; 8.988 ; 8.988 ; 8.988 ;
; B[7]       ; Out[7]      ; 7.506 ; 7.506 ; 7.506 ; 7.506 ;
; B[7]       ; Out[8]      ; 7.508 ; 7.508 ; 7.508 ; 7.508 ;
; B[7]       ; Out[9]      ; 7.975 ; 7.975 ; 7.975 ; 7.975 ;
; B[7]       ; Out[10]     ; 7.785 ; 7.785 ; 7.785 ; 7.785 ;
; B[7]       ; Out[11]     ; 7.999 ; 7.999 ; 7.999 ; 7.999 ;
; B[7]       ; Out[12]     ; 7.777 ; 7.777 ; 7.777 ; 7.777 ;
; B[7]       ; Out[13]     ; 7.701 ; 7.701 ; 7.701 ; 7.701 ;
; B[7]       ; Out[14]     ; 8.146 ; 8.146 ; 8.146 ; 8.146 ;
; B[7]       ; Out[15]     ; 7.903 ; 7.903 ; 7.903 ; 7.903 ;
; B[7]       ; Out[16]     ; 7.866 ; 7.866 ; 7.866 ; 7.866 ;
; B[7]       ; Out[17]     ; 8.211 ; 8.211 ; 8.211 ; 8.211 ;
; B[7]       ; Out[18]     ; 8.111 ; 8.111 ; 8.111 ; 8.111 ;
; B[7]       ; Out[19]     ; 7.802 ; 7.802 ; 7.802 ; 7.802 ;
; B[7]       ; Out[20]     ; 8.185 ; 8.185 ; 8.185 ; 8.185 ;
; B[7]       ; Out[21]     ; 8.223 ; 8.223 ; 8.223 ; 8.223 ;
; B[7]       ; Out[22]     ; 8.254 ; 8.254 ; 8.254 ; 8.254 ;
; B[7]       ; Out[23]     ; 8.397 ; 8.397 ; 8.397 ; 8.397 ;
; B[7]       ; Out[24]     ; 8.157 ; 8.157 ; 8.157 ; 8.157 ;
; B[7]       ; Out[25]     ; 8.440 ; 8.440 ; 8.440 ; 8.440 ;
; B[7]       ; Out[26]     ; 8.355 ; 8.355 ; 8.355 ; 8.355 ;
; B[7]       ; Out[27]     ; 8.737 ; 8.737 ; 8.737 ; 8.737 ;
; B[7]       ; Out[28]     ; 8.595 ; 8.595 ; 8.595 ; 8.595 ;
; B[7]       ; Out[29]     ; 8.752 ; 8.752 ; 8.752 ; 8.752 ;
; B[7]       ; Out[30]     ; 8.656 ; 8.656 ; 8.656 ; 8.656 ;
; B[7]       ; Out[31]     ; 8.870 ; 8.870 ; 8.870 ; 8.870 ;
; B[7]       ; Overflow    ; 8.895 ; 8.895 ; 8.895 ; 8.895 ;
; B[8]       ; Out[8]      ; 7.572 ; 7.572 ; 7.572 ; 7.572 ;
; B[8]       ; Out[9]      ; 8.142 ; 8.142 ; 8.142 ; 8.142 ;
; B[8]       ; Out[10]     ; 7.952 ; 7.952 ; 7.952 ; 7.952 ;
; B[8]       ; Out[11]     ; 8.166 ; 8.166 ; 8.166 ; 8.166 ;
; B[8]       ; Out[12]     ; 7.944 ; 7.944 ; 7.944 ; 7.944 ;
; B[8]       ; Out[13]     ; 7.868 ; 7.868 ; 7.868 ; 7.868 ;
; B[8]       ; Out[14]     ; 8.313 ; 8.313 ; 8.313 ; 8.313 ;
; B[8]       ; Out[15]     ; 8.070 ; 8.070 ; 8.070 ; 8.070 ;
; B[8]       ; Out[16]     ; 8.033 ; 8.033 ; 8.033 ; 8.033 ;
; B[8]       ; Out[17]     ; 8.378 ; 8.378 ; 8.378 ; 8.378 ;
; B[8]       ; Out[18]     ; 8.278 ; 8.278 ; 8.278 ; 8.278 ;
; B[8]       ; Out[19]     ; 7.969 ; 7.969 ; 7.969 ; 7.969 ;
; B[8]       ; Out[20]     ; 8.352 ; 8.352 ; 8.352 ; 8.352 ;
; B[8]       ; Out[21]     ; 8.390 ; 8.390 ; 8.390 ; 8.390 ;
; B[8]       ; Out[22]     ; 8.421 ; 8.421 ; 8.421 ; 8.421 ;
; B[8]       ; Out[23]     ; 8.564 ; 8.564 ; 8.564 ; 8.564 ;
; B[8]       ; Out[24]     ; 8.324 ; 8.324 ; 8.324 ; 8.324 ;
; B[8]       ; Out[25]     ; 8.472 ; 8.472 ; 8.472 ; 8.472 ;
; B[8]       ; Out[26]     ; 8.522 ; 8.522 ; 8.522 ; 8.522 ;
; B[8]       ; Out[27]     ; 8.904 ; 8.904 ; 8.904 ; 8.904 ;
; B[8]       ; Out[28]     ; 8.762 ; 8.762 ; 8.762 ; 8.762 ;
; B[8]       ; Out[29]     ; 8.919 ; 8.919 ; 8.919 ; 8.919 ;
; B[8]       ; Out[30]     ; 8.823 ; 8.823 ; 8.823 ; 8.823 ;
; B[8]       ; Out[31]     ; 9.005 ; 9.005 ; 9.005 ; 9.005 ;
; B[8]       ; Overflow    ; 8.927 ; 8.927 ; 8.927 ; 8.927 ;
; B[9]       ; Out[9]      ; 7.961 ; 7.961 ; 7.961 ; 7.961 ;
; B[9]       ; Out[10]     ; 7.876 ; 7.876 ; 7.876 ; 7.876 ;
; B[9]       ; Out[11]     ; 8.090 ; 8.090 ; 8.090 ; 8.090 ;
; B[9]       ; Out[12]     ; 7.868 ; 7.868 ; 7.868 ; 7.868 ;
; B[9]       ; Out[13]     ; 7.792 ; 7.792 ; 7.792 ; 7.792 ;
; B[9]       ; Out[14]     ; 8.237 ; 8.237 ; 8.237 ; 8.237 ;
; B[9]       ; Out[15]     ; 7.994 ; 7.994 ; 7.994 ; 7.994 ;
; B[9]       ; Out[16]     ; 7.957 ; 7.957 ; 7.957 ; 7.957 ;
; B[9]       ; Out[17]     ; 8.302 ; 8.302 ; 8.302 ; 8.302 ;
; B[9]       ; Out[18]     ; 8.202 ; 8.202 ; 8.202 ; 8.202 ;
; B[9]       ; Out[19]     ; 7.893 ; 7.893 ; 7.893 ; 7.893 ;
; B[9]       ; Out[20]     ; 8.276 ; 8.276 ; 8.276 ; 8.276 ;
; B[9]       ; Out[21]     ; 8.314 ; 8.314 ; 8.314 ; 8.314 ;
; B[9]       ; Out[22]     ; 8.345 ; 8.345 ; 8.345 ; 8.345 ;
; B[9]       ; Out[23]     ; 8.488 ; 8.488 ; 8.488 ; 8.488 ;
; B[9]       ; Out[24]     ; 8.248 ; 8.248 ; 8.248 ; 8.248 ;
; B[9]       ; Out[25]     ; 8.374 ; 8.374 ; 8.374 ; 8.374 ;
; B[9]       ; Out[26]     ; 8.446 ; 8.446 ; 8.446 ; 8.446 ;
; B[9]       ; Out[27]     ; 8.828 ; 8.828 ; 8.828 ; 8.828 ;
; B[9]       ; Out[28]     ; 8.686 ; 8.686 ; 8.686 ; 8.686 ;
; B[9]       ; Out[29]     ; 8.843 ; 8.843 ; 8.843 ; 8.843 ;
; B[9]       ; Out[30]     ; 8.747 ; 8.747 ; 8.747 ; 8.747 ;
; B[9]       ; Out[31]     ; 8.929 ; 8.929 ; 8.929 ; 8.929 ;
; B[9]       ; Overflow    ; 8.829 ; 8.829 ; 8.829 ; 8.829 ;
; B[10]      ; Out[10]     ; 7.470 ; 7.470 ; 7.470 ; 7.470 ;
; B[10]      ; Out[11]     ; 7.787 ; 7.787 ; 7.787 ; 7.787 ;
; B[10]      ; Out[12]     ; 7.565 ; 7.565 ; 7.565 ; 7.565 ;
; B[10]      ; Out[13]     ; 7.489 ; 7.489 ; 7.489 ; 7.489 ;
; B[10]      ; Out[14]     ; 7.934 ; 7.934 ; 7.934 ; 7.934 ;
; B[10]      ; Out[15]     ; 7.691 ; 7.691 ; 7.691 ; 7.691 ;
; B[10]      ; Out[16]     ; 7.654 ; 7.654 ; 7.654 ; 7.654 ;
; B[10]      ; Out[17]     ; 7.999 ; 7.999 ; 7.999 ; 7.999 ;
; B[10]      ; Out[18]     ; 7.899 ; 7.899 ; 7.899 ; 7.899 ;
; B[10]      ; Out[19]     ; 7.590 ; 7.590 ; 7.590 ; 7.590 ;
; B[10]      ; Out[20]     ; 7.973 ; 7.973 ; 7.973 ; 7.973 ;
; B[10]      ; Out[21]     ; 8.011 ; 8.011 ; 8.011 ; 8.011 ;
; B[10]      ; Out[22]     ; 8.042 ; 8.042 ; 8.042 ; 8.042 ;
; B[10]      ; Out[23]     ; 8.185 ; 8.185 ; 8.185 ; 8.185 ;
; B[10]      ; Out[24]     ; 7.945 ; 7.945 ; 7.945 ; 7.945 ;
; B[10]      ; Out[25]     ; 8.111 ; 8.111 ; 8.111 ; 8.111 ;
; B[10]      ; Out[26]     ; 8.143 ; 8.143 ; 8.143 ; 8.143 ;
; B[10]      ; Out[27]     ; 8.525 ; 8.525 ; 8.525 ; 8.525 ;
; B[10]      ; Out[28]     ; 8.383 ; 8.383 ; 8.383 ; 8.383 ;
; B[10]      ; Out[29]     ; 8.540 ; 8.540 ; 8.540 ; 8.540 ;
; B[10]      ; Out[30]     ; 8.444 ; 8.444 ; 8.444 ; 8.444 ;
; B[10]      ; Out[31]     ; 8.626 ; 8.626 ; 8.626 ; 8.626 ;
; B[10]      ; Overflow    ; 8.566 ; 8.566 ; 8.566 ; 8.566 ;
; B[11]      ; Out[11]     ; 7.773 ; 7.773 ; 7.773 ; 7.773 ;
; B[11]      ; Out[12]     ; 7.656 ; 7.656 ; 7.656 ; 7.656 ;
; B[11]      ; Out[13]     ; 7.580 ; 7.580 ; 7.580 ; 7.580 ;
; B[11]      ; Out[14]     ; 8.025 ; 8.025 ; 8.025 ; 8.025 ;
; B[11]      ; Out[15]     ; 7.782 ; 7.782 ; 7.782 ; 7.782 ;
; B[11]      ; Out[16]     ; 7.745 ; 7.745 ; 7.745 ; 7.745 ;
; B[11]      ; Out[17]     ; 8.120 ; 8.120 ; 8.120 ; 8.120 ;
; B[11]      ; Out[18]     ; 7.990 ; 7.990 ; 7.990 ; 7.990 ;
; B[11]      ; Out[19]     ; 7.681 ; 7.681 ; 7.681 ; 7.681 ;
; B[11]      ; Out[20]     ; 8.064 ; 8.064 ; 8.064 ; 8.064 ;
; B[11]      ; Out[21]     ; 8.102 ; 8.102 ; 8.102 ; 8.102 ;
; B[11]      ; Out[22]     ; 8.133 ; 8.133 ; 8.133 ; 8.133 ;
; B[11]      ; Out[23]     ; 8.276 ; 8.276 ; 8.276 ; 8.276 ;
; B[11]      ; Out[24]     ; 8.036 ; 8.036 ; 8.036 ; 8.036 ;
; B[11]      ; Out[25]     ; 8.371 ; 8.371 ; 8.371 ; 8.371 ;
; B[11]      ; Out[26]     ; 8.234 ; 8.234 ; 8.234 ; 8.234 ;
; B[11]      ; Out[27]     ; 8.616 ; 8.616 ; 8.616 ; 8.616 ;
; B[11]      ; Out[28]     ; 8.474 ; 8.474 ; 8.474 ; 8.474 ;
; B[11]      ; Out[29]     ; 8.631 ; 8.631 ; 8.631 ; 8.631 ;
; B[11]      ; Out[30]     ; 8.535 ; 8.535 ; 8.535 ; 8.535 ;
; B[11]      ; Out[31]     ; 8.801 ; 8.801 ; 8.801 ; 8.801 ;
; B[11]      ; Overflow    ; 8.826 ; 8.826 ; 8.826 ; 8.826 ;
; B[12]      ; Out[12]     ; 7.543 ; 7.543 ; 7.543 ; 7.543 ;
; B[12]      ; Out[13]     ; 7.572 ; 7.572 ; 7.572 ; 7.572 ;
; B[12]      ; Out[14]     ; 8.017 ; 8.017 ; 8.017 ; 8.017 ;
; B[12]      ; Out[15]     ; 7.774 ; 7.774 ; 7.774 ; 7.774 ;
; B[12]      ; Out[16]     ; 7.737 ; 7.737 ; 7.737 ; 7.737 ;
; B[12]      ; Out[17]     ; 8.082 ; 8.082 ; 8.082 ; 8.082 ;
; B[12]      ; Out[18]     ; 7.982 ; 7.982 ; 7.982 ; 7.982 ;
; B[12]      ; Out[19]     ; 7.673 ; 7.673 ; 7.673 ; 7.673 ;
; B[12]      ; Out[20]     ; 8.056 ; 8.056 ; 8.056 ; 8.056 ;
; B[12]      ; Out[21]     ; 8.094 ; 8.094 ; 8.094 ; 8.094 ;
; B[12]      ; Out[22]     ; 8.125 ; 8.125 ; 8.125 ; 8.125 ;
; B[12]      ; Out[23]     ; 8.268 ; 8.268 ; 8.268 ; 8.268 ;
; B[12]      ; Out[24]     ; 8.028 ; 8.028 ; 8.028 ; 8.028 ;
; B[12]      ; Out[25]     ; 8.150 ; 8.150 ; 8.150 ; 8.150 ;
; B[12]      ; Out[26]     ; 8.226 ; 8.226 ; 8.226 ; 8.226 ;
; B[12]      ; Out[27]     ; 8.608 ; 8.608 ; 8.608 ; 8.608 ;
; B[12]      ; Out[28]     ; 8.466 ; 8.466 ; 8.466 ; 8.466 ;
; B[12]      ; Out[29]     ; 8.623 ; 8.623 ; 8.623 ; 8.623 ;
; B[12]      ; Out[30]     ; 8.527 ; 8.527 ; 8.527 ; 8.527 ;
; B[12]      ; Out[31]     ; 8.709 ; 8.709 ; 8.709 ; 8.709 ;
; B[12]      ; Overflow    ; 8.605 ; 8.605 ; 8.605 ; 8.605 ;
; B[13]      ; Out[13]     ; 7.519 ; 7.519 ; 7.519 ; 7.519 ;
; B[13]      ; Out[14]     ; 8.067 ; 8.067 ; 8.067 ; 8.067 ;
; B[13]      ; Out[15]     ; 7.824 ; 7.824 ; 7.824 ; 7.824 ;
; B[13]      ; Out[16]     ; 7.787 ; 7.787 ; 7.787 ; 7.787 ;
; B[13]      ; Out[17]     ; 8.132 ; 8.132 ; 8.132 ; 8.132 ;
; B[13]      ; Out[18]     ; 8.032 ; 8.032 ; 8.032 ; 8.032 ;
; B[13]      ; Out[19]     ; 7.723 ; 7.723 ; 7.723 ; 7.723 ;
; B[13]      ; Out[20]     ; 8.106 ; 8.106 ; 8.106 ; 8.106 ;
; B[13]      ; Out[21]     ; 8.144 ; 8.144 ; 8.144 ; 8.144 ;
; B[13]      ; Out[22]     ; 8.175 ; 8.175 ; 8.175 ; 8.175 ;
; B[13]      ; Out[23]     ; 8.318 ; 8.318 ; 8.318 ; 8.318 ;
; B[13]      ; Out[24]     ; 8.078 ; 8.078 ; 8.078 ; 8.078 ;
; B[13]      ; Out[25]     ; 8.243 ; 8.243 ; 8.243 ; 8.243 ;
; B[13]      ; Out[26]     ; 8.276 ; 8.276 ; 8.276 ; 8.276 ;
; B[13]      ; Out[27]     ; 8.658 ; 8.658 ; 8.658 ; 8.658 ;
; B[13]      ; Out[28]     ; 8.516 ; 8.516 ; 8.516 ; 8.516 ;
; B[13]      ; Out[29]     ; 8.673 ; 8.673 ; 8.673 ; 8.673 ;
; B[13]      ; Out[30]     ; 8.577 ; 8.577 ; 8.577 ; 8.577 ;
; B[13]      ; Out[31]     ; 8.759 ; 8.759 ; 8.759 ; 8.759 ;
; B[13]      ; Overflow    ; 8.698 ; 8.698 ; 8.698 ; 8.698 ;
; B[14]      ; Out[14]     ; 7.736 ; 7.736 ; 7.736 ; 7.736 ;
; B[14]      ; Out[15]     ; 7.598 ; 7.598 ; 7.598 ; 7.598 ;
; B[14]      ; Out[16]     ; 7.561 ; 7.561 ; 7.561 ; 7.561 ;
; B[14]      ; Out[17]     ; 7.906 ; 7.906 ; 7.906 ; 7.906 ;
; B[14]      ; Out[18]     ; 7.806 ; 7.806 ; 7.806 ; 7.806 ;
; B[14]      ; Out[19]     ; 7.497 ; 7.497 ; 7.497 ; 7.497 ;
; B[14]      ; Out[20]     ; 7.880 ; 7.880 ; 7.880 ; 7.880 ;
; B[14]      ; Out[21]     ; 7.918 ; 7.918 ; 7.918 ; 7.918 ;
; B[14]      ; Out[22]     ; 7.949 ; 7.949 ; 7.949 ; 7.949 ;
; B[14]      ; Out[23]     ; 8.092 ; 8.092 ; 8.092 ; 8.092 ;
; B[14]      ; Out[24]     ; 7.852 ; 7.852 ; 7.852 ; 7.852 ;
; B[14]      ; Out[25]     ; 7.997 ; 7.997 ; 7.997 ; 7.997 ;
; B[14]      ; Out[26]     ; 8.050 ; 8.050 ; 8.050 ; 8.050 ;
; B[14]      ; Out[27]     ; 8.432 ; 8.432 ; 8.432 ; 8.432 ;
; B[14]      ; Out[28]     ; 8.290 ; 8.290 ; 8.290 ; 8.290 ;
; B[14]      ; Out[29]     ; 8.447 ; 8.447 ; 8.447 ; 8.447 ;
; B[14]      ; Out[30]     ; 8.351 ; 8.351 ; 8.351 ; 8.351 ;
; B[14]      ; Out[31]     ; 8.533 ; 8.533 ; 8.533 ; 8.533 ;
; B[14]      ; Overflow    ; 8.452 ; 8.452 ; 8.452 ; 8.452 ;
; B[15]      ; Out[15]     ; 7.720 ; 7.720 ; 7.720 ; 7.720 ;
; B[15]      ; Out[16]     ; 7.781 ; 7.781 ; 7.781 ; 7.781 ;
; B[15]      ; Out[17]     ; 8.126 ; 8.126 ; 8.126 ; 8.126 ;
; B[15]      ; Out[18]     ; 8.026 ; 8.026 ; 8.026 ; 8.026 ;
; B[15]      ; Out[19]     ; 7.717 ; 7.717 ; 7.717 ; 7.717 ;
; B[15]      ; Out[20]     ; 8.100 ; 8.100 ; 8.100 ; 8.100 ;
; B[15]      ; Out[21]     ; 8.138 ; 8.138 ; 8.138 ; 8.138 ;
; B[15]      ; Out[22]     ; 8.169 ; 8.169 ; 8.169 ; 8.169 ;
; B[15]      ; Out[23]     ; 8.312 ; 8.312 ; 8.312 ; 8.312 ;
; B[15]      ; Out[24]     ; 8.072 ; 8.072 ; 8.072 ; 8.072 ;
; B[15]      ; Out[25]     ; 8.135 ; 8.135 ; 8.135 ; 8.135 ;
; B[15]      ; Out[26]     ; 8.270 ; 8.270 ; 8.270 ; 8.270 ;
; B[15]      ; Out[27]     ; 8.652 ; 8.652 ; 8.652 ; 8.652 ;
; B[15]      ; Out[28]     ; 8.510 ; 8.510 ; 8.510 ; 8.510 ;
; B[15]      ; Out[29]     ; 8.667 ; 8.667 ; 8.667 ; 8.667 ;
; B[15]      ; Out[30]     ; 8.571 ; 8.571 ; 8.571 ; 8.571 ;
; B[15]      ; Out[31]     ; 8.753 ; 8.753 ; 8.753 ; 8.753 ;
; B[15]      ; Overflow    ; 8.537 ; 8.537 ; 8.537 ; 8.537 ;
; B[16]      ; Out[16]     ; 7.533 ; 7.533 ; 7.533 ; 7.533 ;
; B[16]      ; Out[17]     ; 7.983 ; 7.983 ; 7.983 ; 7.983 ;
; B[16]      ; Out[18]     ; 7.883 ; 7.883 ; 7.883 ; 7.883 ;
; B[16]      ; Out[19]     ; 7.574 ; 7.574 ; 7.574 ; 7.574 ;
; B[16]      ; Out[20]     ; 7.957 ; 7.957 ; 7.957 ; 7.957 ;
; B[16]      ; Out[21]     ; 7.995 ; 7.995 ; 7.995 ; 7.995 ;
; B[16]      ; Out[22]     ; 8.026 ; 8.026 ; 8.026 ; 8.026 ;
; B[16]      ; Out[23]     ; 8.169 ; 8.169 ; 8.169 ; 8.169 ;
; B[16]      ; Out[24]     ; 7.929 ; 7.929 ; 7.929 ; 7.929 ;
; B[16]      ; Out[25]     ; 7.992 ; 7.992 ; 7.992 ; 7.992 ;
; B[16]      ; Out[26]     ; 8.127 ; 8.127 ; 8.127 ; 8.127 ;
; B[16]      ; Out[27]     ; 8.509 ; 8.509 ; 8.509 ; 8.509 ;
; B[16]      ; Out[28]     ; 8.367 ; 8.367 ; 8.367 ; 8.367 ;
; B[16]      ; Out[29]     ; 8.524 ; 8.524 ; 8.524 ; 8.524 ;
; B[16]      ; Out[30]     ; 8.428 ; 8.428 ; 8.428 ; 8.428 ;
; B[16]      ; Out[31]     ; 8.610 ; 8.610 ; 8.610 ; 8.610 ;
; B[16]      ; Overflow    ; 8.391 ; 8.391 ; 8.391 ; 8.391 ;
; B[17]      ; Out[17]     ; 7.674 ; 7.674 ; 7.674 ; 7.674 ;
; B[17]      ; Out[18]     ; 7.679 ; 7.679 ; 7.679 ; 7.679 ;
; B[17]      ; Out[19]     ; 7.370 ; 7.370 ; 7.370 ; 7.370 ;
; B[17]      ; Out[20]     ; 7.753 ; 7.753 ; 7.753 ; 7.753 ;
; B[17]      ; Out[21]     ; 7.791 ; 7.791 ; 7.791 ; 7.791 ;
; B[17]      ; Out[22]     ; 7.822 ; 7.822 ; 7.822 ; 7.822 ;
; B[17]      ; Out[23]     ; 7.965 ; 7.965 ; 7.965 ; 7.965 ;
; B[17]      ; Out[24]     ; 7.725 ; 7.725 ; 7.725 ; 7.725 ;
; B[17]      ; Out[25]     ; 7.859 ; 7.859 ; 7.859 ; 7.859 ;
; B[17]      ; Out[26]     ; 7.923 ; 7.923 ; 7.923 ; 7.923 ;
; B[17]      ; Out[27]     ; 8.305 ; 8.305 ; 8.305 ; 8.305 ;
; B[17]      ; Out[28]     ; 8.163 ; 8.163 ; 8.163 ; 8.163 ;
; B[17]      ; Out[29]     ; 8.320 ; 8.320 ; 8.320 ; 8.320 ;
; B[17]      ; Out[30]     ; 8.224 ; 8.224 ; 8.224 ; 8.224 ;
; B[17]      ; Out[31]     ; 8.406 ; 8.406 ; 8.406 ; 8.406 ;
; B[17]      ; Overflow    ; 8.314 ; 8.314 ; 8.314 ; 8.314 ;
; B[18]      ; Out[18]     ; 7.567 ; 7.567 ; 7.567 ; 7.567 ;
; B[18]      ; Out[19]     ; 7.361 ; 7.361 ; 7.361 ; 7.361 ;
; B[18]      ; Out[20]     ; 7.744 ; 7.744 ; 7.744 ; 7.744 ;
; B[18]      ; Out[21]     ; 7.782 ; 7.782 ; 7.782 ; 7.782 ;
; B[18]      ; Out[22]     ; 7.813 ; 7.813 ; 7.813 ; 7.813 ;
; B[18]      ; Out[23]     ; 7.956 ; 7.956 ; 7.956 ; 7.956 ;
; B[18]      ; Out[24]     ; 7.716 ; 7.716 ; 7.716 ; 7.716 ;
; B[18]      ; Out[25]     ; 7.952 ; 7.952 ; 7.952 ; 7.952 ;
; B[18]      ; Out[26]     ; 7.914 ; 7.914 ; 7.914 ; 7.914 ;
; B[18]      ; Out[27]     ; 8.296 ; 8.296 ; 8.296 ; 8.296 ;
; B[18]      ; Out[28]     ; 8.154 ; 8.154 ; 8.154 ; 8.154 ;
; B[18]      ; Out[29]     ; 8.311 ; 8.311 ; 8.311 ; 8.311 ;
; B[18]      ; Out[30]     ; 8.215 ; 8.215 ; 8.215 ; 8.215 ;
; B[18]      ; Out[31]     ; 8.397 ; 8.397 ; 8.397 ; 8.397 ;
; B[18]      ; Overflow    ; 8.407 ; 8.407 ; 8.407 ; 8.407 ;
; B[19]      ; Out[19]     ; 7.099 ; 7.099 ; 7.099 ; 7.099 ;
; B[19]      ; Out[20]     ; 7.585 ; 7.585 ; 7.585 ; 7.585 ;
; B[19]      ; Out[21]     ; 7.623 ; 7.623 ; 7.623 ; 7.623 ;
; B[19]      ; Out[22]     ; 7.654 ; 7.654 ; 7.654 ; 7.654 ;
; B[19]      ; Out[23]     ; 7.797 ; 7.797 ; 7.797 ; 7.797 ;
; B[19]      ; Out[24]     ; 7.557 ; 7.557 ; 7.557 ; 7.557 ;
; B[19]      ; Out[25]     ; 7.689 ; 7.689 ; 7.689 ; 7.689 ;
; B[19]      ; Out[26]     ; 7.755 ; 7.755 ; 7.755 ; 7.755 ;
; B[19]      ; Out[27]     ; 8.137 ; 8.137 ; 8.137 ; 8.137 ;
; B[19]      ; Out[28]     ; 7.995 ; 7.995 ; 7.995 ; 7.995 ;
; B[19]      ; Out[29]     ; 8.152 ; 8.152 ; 8.152 ; 8.152 ;
; B[19]      ; Out[30]     ; 8.056 ; 8.056 ; 8.056 ; 8.056 ;
; B[19]      ; Out[31]     ; 8.238 ; 8.238 ; 8.238 ; 8.238 ;
; B[19]      ; Overflow    ; 8.144 ; 8.144 ; 8.144 ; 8.144 ;
; B[20]      ; Out[20]     ; 7.594 ; 7.594 ; 7.594 ; 7.594 ;
; B[20]      ; Out[21]     ; 7.737 ; 7.737 ; 7.737 ; 7.737 ;
; B[20]      ; Out[22]     ; 7.768 ; 7.768 ; 7.768 ; 7.768 ;
; B[20]      ; Out[23]     ; 7.911 ; 7.911 ; 7.911 ; 7.911 ;
; B[20]      ; Out[24]     ; 7.671 ; 7.671 ; 7.671 ; 7.671 ;
; B[20]      ; Out[25]     ; 7.804 ; 7.804 ; 7.804 ; 7.804 ;
; B[20]      ; Out[26]     ; 7.869 ; 7.869 ; 7.869 ; 7.869 ;
; B[20]      ; Out[27]     ; 8.251 ; 8.251 ; 8.251 ; 8.251 ;
; B[20]      ; Out[28]     ; 8.109 ; 8.109 ; 8.109 ; 8.109 ;
; B[20]      ; Out[29]     ; 8.266 ; 8.266 ; 8.266 ; 8.266 ;
; B[20]      ; Out[30]     ; 8.170 ; 8.170 ; 8.170 ; 8.170 ;
; B[20]      ; Out[31]     ; 8.352 ; 8.352 ; 8.352 ; 8.352 ;
; B[20]      ; Overflow    ; 8.259 ; 8.259 ; 8.259 ; 8.259 ;
; B[21]      ; Out[21]     ; 7.450 ; 7.450 ; 7.450 ; 7.450 ;
; B[21]      ; Out[22]     ; 7.584 ; 7.584 ; 7.584 ; 7.584 ;
; B[21]      ; Out[23]     ; 7.727 ; 7.727 ; 7.727 ; 7.727 ;
; B[21]      ; Out[24]     ; 7.487 ; 7.487 ; 7.487 ; 7.487 ;
; B[21]      ; Out[25]     ; 7.815 ; 7.815 ; 7.815 ; 7.815 ;
; B[21]      ; Out[26]     ; 7.685 ; 7.685 ; 7.685 ; 7.685 ;
; B[21]      ; Out[27]     ; 8.067 ; 8.067 ; 8.067 ; 8.067 ;
; B[21]      ; Out[28]     ; 7.925 ; 7.925 ; 7.925 ; 7.925 ;
; B[21]      ; Out[29]     ; 8.082 ; 8.082 ; 8.082 ; 8.082 ;
; B[21]      ; Out[30]     ; 7.986 ; 7.986 ; 7.986 ; 7.986 ;
; B[21]      ; Out[31]     ; 8.245 ; 8.245 ; 8.245 ; 8.245 ;
; B[21]      ; Overflow    ; 8.270 ; 8.270 ; 8.270 ; 8.270 ;
; B[22]      ; Out[22]     ; 7.472 ; 7.472 ; 7.472 ; 7.472 ;
; B[22]      ; Out[23]     ; 7.718 ; 7.718 ; 7.718 ; 7.718 ;
; B[22]      ; Out[24]     ; 7.478 ; 7.478 ; 7.478 ; 7.478 ;
; B[22]      ; Out[25]     ; 7.625 ; 7.625 ; 7.625 ; 7.625 ;
; B[22]      ; Out[26]     ; 7.676 ; 7.676 ; 7.676 ; 7.676 ;
; B[22]      ; Out[27]     ; 8.058 ; 8.058 ; 8.058 ; 8.058 ;
; B[22]      ; Out[28]     ; 7.916 ; 7.916 ; 7.916 ; 7.916 ;
; B[22]      ; Out[29]     ; 8.073 ; 8.073 ; 8.073 ; 8.073 ;
; B[22]      ; Out[30]     ; 7.977 ; 7.977 ; 7.977 ; 7.977 ;
; B[22]      ; Out[31]     ; 8.159 ; 8.159 ; 8.159 ; 8.159 ;
; B[22]      ; Overflow    ; 8.080 ; 8.080 ; 8.080 ; 8.080 ;
; B[23]      ; Out[23]     ; 7.564 ; 7.564 ; 7.564 ; 7.564 ;
; B[23]      ; Out[24]     ; 7.424 ; 7.424 ; 7.424 ; 7.424 ;
; B[23]      ; Out[25]     ; 7.537 ; 7.537 ; 7.537 ; 7.537 ;
; B[23]      ; Out[26]     ; 7.622 ; 7.622 ; 7.622 ; 7.622 ;
; B[23]      ; Out[27]     ; 8.004 ; 8.004 ; 8.004 ; 8.004 ;
; B[23]      ; Out[28]     ; 7.862 ; 7.862 ; 7.862 ; 7.862 ;
; B[23]      ; Out[29]     ; 8.019 ; 8.019 ; 8.019 ; 8.019 ;
; B[23]      ; Out[30]     ; 7.923 ; 7.923 ; 7.923 ; 7.923 ;
; B[23]      ; Out[31]     ; 8.105 ; 8.105 ; 8.105 ; 8.105 ;
; B[23]      ; Overflow    ; 7.992 ; 7.992 ; 7.992 ; 7.992 ;
; B[24]      ; Out[24]     ; 7.231 ; 7.231 ; 7.231 ; 7.231 ;
; B[24]      ; Out[25]     ; 7.478 ; 7.478 ; 7.478 ; 7.478 ;
; B[24]      ; Out[26]     ; 7.532 ; 7.532 ; 7.532 ; 7.532 ;
; B[24]      ; Out[27]     ; 7.914 ; 7.914 ; 7.914 ; 7.914 ;
; B[24]      ; Out[28]     ; 7.772 ; 7.772 ; 7.772 ; 7.772 ;
; B[24]      ; Out[29]     ; 7.929 ; 7.929 ; 7.929 ; 7.929 ;
; B[24]      ; Out[30]     ; 7.833 ; 7.833 ; 7.833 ; 7.833 ;
; B[24]      ; Out[31]     ; 8.015 ; 8.015 ; 8.015 ; 8.015 ;
; B[24]      ; Overflow    ; 7.933 ; 7.933 ; 7.933 ; 7.933 ;
; B[25]      ; Out[25]     ; 7.552 ; 7.552 ; 7.552 ; 7.552 ;
; B[25]      ; Out[26]     ; 7.599 ; 7.599 ; 7.599 ; 7.599 ;
; B[25]      ; Out[27]     ; 7.981 ; 7.981 ; 7.981 ; 7.981 ;
; B[25]      ; Out[28]     ; 7.839 ; 7.839 ; 7.839 ; 7.839 ;
; B[25]      ; Out[29]     ; 7.996 ; 7.996 ; 7.996 ; 7.996 ;
; B[25]      ; Out[30]     ; 7.900 ; 7.900 ; 7.900 ; 7.900 ;
; B[25]      ; Out[31]     ; 8.085 ; 8.085 ; 8.085 ; 8.085 ;
; B[25]      ; Overflow    ; 8.110 ; 8.110 ; 8.110 ; 8.110 ;
; B[26]      ; Out[26]     ; 7.333 ; 7.333 ; 7.333 ; 7.333 ;
; B[26]      ; Out[27]     ; 7.818 ; 7.818 ; 7.818 ; 7.818 ;
; B[26]      ; Out[28]     ; 7.676 ; 7.676 ; 7.676 ; 7.676 ;
; B[26]      ; Out[29]     ; 7.833 ; 7.833 ; 7.833 ; 7.833 ;
; B[26]      ; Out[30]     ; 7.737 ; 7.737 ; 7.737 ; 7.737 ;
; B[26]      ; Out[31]     ; 7.919 ; 7.919 ; 7.919 ; 7.919 ;
; B[26]      ; Overflow    ; 7.835 ; 7.835 ; 7.835 ; 7.835 ;
; B[27]      ; Out[27]     ; 7.759 ; 7.759 ; 7.759 ; 7.759 ;
; B[27]      ; Out[28]     ; 7.722 ; 7.722 ; 7.722 ; 7.722 ;
; B[27]      ; Out[29]     ; 7.879 ; 7.879 ; 7.879 ; 7.879 ;
; B[27]      ; Out[30]     ; 7.783 ; 7.783 ; 7.783 ; 7.783 ;
; B[27]      ; Out[31]     ; 7.965 ; 7.965 ; 7.965 ; 7.965 ;
; B[27]      ; Overflow    ; 7.966 ; 7.966 ; 7.966 ; 7.966 ;
; B[28]      ; Out[28]     ; 7.554 ; 7.554 ; 7.554 ; 7.554 ;
; B[28]      ; Out[29]     ; 7.814 ; 7.814 ; 7.814 ; 7.814 ;
; B[28]      ; Out[30]     ; 7.718 ; 7.718 ; 7.718 ; 7.718 ;
; B[28]      ; Out[31]     ; 7.900 ; 7.900 ; 7.900 ; 7.900 ;
; B[28]      ; Overflow    ; 7.809 ; 7.809 ; 7.809 ; 7.809 ;
; B[29]      ; Out[29]     ; 7.702 ; 7.702 ; 7.702 ; 7.702 ;
; B[29]      ; Out[30]     ; 7.709 ; 7.709 ; 7.709 ; 7.709 ;
; B[29]      ; Out[31]     ; 7.958 ; 7.958 ; 7.958 ; 7.958 ;
; B[29]      ; Overflow    ; 7.983 ; 7.983 ; 7.983 ; 7.983 ;
; B[30]      ; Out[30]     ; 7.792 ; 7.792 ; 7.792 ; 7.792 ;
; B[30]      ; Out[31]     ; 8.077 ; 8.077 ; 8.077 ; 8.077 ;
; B[30]      ; Overflow    ; 7.888 ; 7.888 ; 7.888 ; 7.888 ;
; B[31]      ; Out[31]     ; 7.723 ; 7.723 ; 7.723 ; 7.723 ;
; B[31]      ; Overflow    ; 7.745 ; 7.745 ; 7.745 ; 7.745 ;
; M          ; Out[0]      ; 6.413 ; 6.413 ; 6.413 ; 6.413 ;
; M          ; Out[1]      ; 6.492 ; 6.492 ; 6.492 ; 6.492 ;
; M          ; Out[2]      ; 6.232 ; 6.232 ; 6.232 ; 6.232 ;
; M          ; Out[3]      ; 6.367 ; 6.367 ; 6.367 ; 6.367 ;
; M          ; Out[4]      ; 6.270 ; 6.270 ; 6.270 ; 6.270 ;
; M          ; Out[5]      ; 6.618 ; 6.618 ; 6.618 ; 6.618 ;
; M          ; Out[6]      ; 6.260 ; 6.260 ; 6.260 ; 6.260 ;
; M          ; Out[7]      ; 6.589 ; 6.589 ; 6.589 ; 6.589 ;
; M          ; Out[8]      ; 6.242 ; 6.242 ; 6.242 ; 6.242 ;
; M          ; Out[9]      ; 6.471 ; 6.471 ; 6.471 ; 6.471 ;
; M          ; Out[10]     ; 6.453 ; 6.453 ; 6.453 ; 6.453 ;
; M          ; Out[11]     ; 6.610 ; 6.610 ; 6.610 ; 6.610 ;
; M          ; Out[12]     ; 6.486 ; 6.486 ; 6.486 ; 6.486 ;
; M          ; Out[13]     ; 6.096 ; 6.096 ; 6.096 ; 6.096 ;
; M          ; Out[14]     ; 6.458 ; 6.458 ; 6.458 ; 6.458 ;
; M          ; Out[15]     ; 6.305 ; 6.305 ; 6.305 ; 6.305 ;
; M          ; Out[16]     ; 5.814 ; 5.814 ; 5.814 ; 5.814 ;
; M          ; Out[17]     ; 6.106 ; 6.106 ; 6.106 ; 6.106 ;
; M          ; Out[18]     ; 5.930 ; 5.930 ; 5.930 ; 5.930 ;
; M          ; Out[19]     ; 5.968 ; 5.968 ; 5.968 ; 5.968 ;
; M          ; Out[20]     ; 6.219 ; 6.219 ; 6.219 ; 6.219 ;
; M          ; Out[21]     ; 6.218 ; 6.218 ; 6.218 ; 6.218 ;
; M          ; Out[22]     ; 6.484 ; 6.484 ; 6.484 ; 6.484 ;
; M          ; Out[23]     ; 6.574 ; 6.574 ; 6.574 ; 6.574 ;
; M          ; Out[24]     ; 6.277 ; 6.277 ; 6.277 ; 6.277 ;
; M          ; Out[25]     ; 6.447 ; 6.447 ; 6.447 ; 6.447 ;
; M          ; Out[26]     ; 6.643 ; 6.643 ; 6.643 ; 6.643 ;
; M          ; Out[27]     ; 6.495 ; 6.495 ; 6.495 ; 6.495 ;
; M          ; Out[28]     ; 6.079 ; 6.079 ; 6.079 ; 6.079 ;
; M          ; Out[29]     ; 6.458 ; 6.458 ; 6.458 ; 6.458 ;
; M          ; Out[30]     ; 6.450 ; 6.450 ; 6.450 ; 6.450 ;
; M          ; Out[31]     ; 6.722 ; 6.722 ; 6.722 ; 6.722 ;
; M          ; Overflow    ; 6.403 ;       ;       ; 6.403 ;
; S0         ; Out[0]      ; 6.919 ; 6.919 ; 6.919 ; 6.919 ;
; S0         ; Out[1]      ; 7.044 ; 7.044 ; 7.044 ; 7.044 ;
; S0         ; Out[2]      ; 6.964 ; 6.964 ; 6.964 ; 6.964 ;
; S0         ; Out[3]      ; 7.218 ; 7.218 ; 7.218 ; 7.218 ;
; S0         ; Out[4]      ; 6.956 ; 6.956 ; 6.956 ; 6.956 ;
; S0         ; Out[5]      ; 7.175 ; 7.175 ; 7.175 ; 7.175 ;
; S0         ; Out[6]      ; 6.967 ; 6.967 ; 6.967 ; 6.967 ;
; S0         ; Out[7]      ; 7.093 ; 7.093 ; 7.093 ; 7.093 ;
; S0         ; Out[8]      ; 6.862 ; 6.862 ; 6.862 ; 6.862 ;
; S0         ; Out[9]      ; 7.263 ; 7.263 ; 7.263 ; 7.263 ;
; S0         ; Out[10]     ; 6.839 ; 6.839 ; 6.839 ; 6.839 ;
; S0         ; Out[11]     ; 6.873 ; 6.873 ; 6.873 ; 6.873 ;
; S0         ; Out[12]     ; 6.738 ; 6.738 ; 6.738 ; 6.738 ;
; S0         ; Out[13]     ; 6.776 ; 6.776 ; 6.776 ; 6.776 ;
; S0         ; Out[14]     ; 7.218 ; 7.218 ; 7.218 ; 7.218 ;
; S0         ; Out[15]     ; 6.866 ; 6.866 ; 6.866 ; 6.866 ;
; S0         ; Out[16]     ; 6.443 ; 6.443 ; 6.443 ; 6.443 ;
; S0         ; Out[17]     ; 6.887 ; 6.887 ; 6.887 ; 6.887 ;
; S0         ; Out[18]     ; 6.857 ; 6.857 ; 6.857 ; 6.857 ;
; S0         ; Out[19]     ; 6.487 ; 6.487 ; 6.487 ; 6.487 ;
; S0         ; Out[20]     ; 6.808 ; 6.808 ; 6.808 ; 6.808 ;
; S0         ; Out[21]     ; 6.803 ; 6.803 ; 6.803 ; 6.803 ;
; S0         ; Out[22]     ; 6.990 ; 6.990 ; 6.990 ; 6.990 ;
; S0         ; Out[23]     ; 7.054 ; 7.054 ; 7.054 ; 7.054 ;
; S0         ; Out[24]     ; 6.886 ; 6.886 ; 6.886 ; 6.886 ;
; S0         ; Out[25]     ; 6.982 ; 6.982 ; 6.982 ; 6.982 ;
; S0         ; Out[26]     ; 6.884 ; 6.884 ; 6.884 ; 6.884 ;
; S0         ; Out[27]     ; 7.001 ; 7.001 ; 7.001 ; 7.001 ;
; S0         ; Out[28]     ; 6.756 ; 6.756 ; 6.756 ; 6.756 ;
; S0         ; Out[29]     ; 7.149 ; 7.149 ; 7.149 ; 7.149 ;
; S0         ; Out[30]     ; 6.829 ; 6.829 ; 6.829 ; 6.829 ;
; S0         ; Out[31]     ; 7.143 ; 7.143 ; 7.143 ; 7.143 ;
; S0         ; Overflow    ; 6.866 ; 6.866 ; 6.866 ; 6.866 ;
; S1         ; Out[0]      ; 6.788 ; 6.788 ; 6.788 ; 6.788 ;
; S1         ; Out[1]      ; 7.098 ; 7.098 ; 7.098 ; 7.098 ;
; S1         ; Out[2]      ; 6.692 ; 6.692 ; 6.692 ; 6.692 ;
; S1         ; Out[3]      ; 6.965 ; 6.965 ; 6.965 ; 6.965 ;
; S1         ; Out[4]      ; 6.775 ; 6.775 ; 6.775 ; 6.775 ;
; S1         ; Out[5]      ; 6.982 ; 6.982 ; 6.982 ; 6.982 ;
; S1         ; Out[6]      ; 6.950 ; 6.950 ; 6.950 ; 6.950 ;
; S1         ; Out[7]      ; 7.092 ; 7.092 ; 7.092 ; 7.092 ;
; S1         ; Out[8]      ; 6.930 ; 6.930 ; 6.930 ; 6.930 ;
; S1         ; Out[9]      ; 6.891 ; 6.891 ; 6.891 ; 6.891 ;
; S1         ; Out[10]     ; 6.789 ; 6.789 ; 6.789 ; 6.789 ;
; S1         ; Out[11]     ; 7.271 ; 7.271 ; 7.271 ; 7.271 ;
; S1         ; Out[12]     ; 7.117 ; 7.117 ; 7.117 ; 7.117 ;
; S1         ; Out[13]     ; 6.729 ; 6.729 ; 6.729 ; 6.729 ;
; S1         ; Out[14]     ; 7.088 ; 7.088 ; 7.088 ; 7.088 ;
; S1         ; Out[15]     ; 6.817 ; 6.817 ; 6.817 ; 6.817 ;
; S1         ; Out[16]     ; 6.631 ; 6.631 ; 6.631 ; 6.631 ;
; S1         ; Out[17]     ; 7.001 ; 7.001 ; 7.001 ; 7.001 ;
; S1         ; Out[18]     ; 6.898 ; 6.898 ; 6.898 ; 6.898 ;
; S1         ; Out[19]     ; 6.443 ; 6.443 ; 6.443 ; 6.443 ;
; S1         ; Out[20]     ; 7.042 ; 7.042 ; 7.042 ; 7.042 ;
; S1         ; Out[21]     ; 7.029 ; 7.029 ; 7.029 ; 7.029 ;
; S1         ; Out[22]     ; 7.014 ; 7.014 ; 7.014 ; 7.014 ;
; S1         ; Out[23]     ; 7.246 ; 7.246 ; 7.246 ; 7.246 ;
; S1         ; Out[24]     ; 6.794 ; 6.794 ; 6.794 ; 6.794 ;
; S1         ; Out[25]     ; 6.643 ; 6.643 ; 6.643 ; 6.643 ;
; S1         ; Out[26]     ; 6.924 ; 6.924 ; 6.924 ; 6.924 ;
; S1         ; Out[27]     ; 7.209 ; 7.209 ; 7.209 ; 7.209 ;
; S1         ; Out[28]     ; 7.021 ; 7.021 ; 7.021 ; 7.021 ;
; S1         ; Out[29]     ; 7.092 ; 7.092 ; 7.092 ; 7.092 ;
; S1         ; Out[30]     ; 7.005 ; 7.005 ; 7.005 ; 7.005 ;
; S1         ; Out[31]     ; 7.012 ; 7.012 ; 7.012 ; 7.012 ;
; S1         ; Overflow    ; 6.739 ; 6.739 ; 6.739 ; 6.739 ;
+------------+-------------+-------+-------+-------+-------+


+----------------------------------------------------------+
; Minimum Propagation Delay                                ;
+------------+-------------+-------+-------+-------+-------+
; Input Port ; Output Port ; RR    ; RF    ; FR    ; FF    ;
+------------+-------------+-------+-------+-------+-------+
; A[0]       ; Out[0]      ; 4.152 ; 4.365 ; 4.365 ; 4.152 ;
; A[0]       ; Out[1]      ; 4.526 ; 4.526 ; 4.526 ; 4.526 ;
; A[0]       ; Out[2]      ; 4.683 ; 4.683 ; 4.683 ; 4.683 ;
; A[0]       ; Out[3]      ; 4.776 ; 4.776 ; 4.776 ; 4.776 ;
; A[0]       ; Out[4]      ; 4.717 ; 4.717 ; 4.717 ; 4.717 ;
; A[0]       ; Out[5]      ; 4.940 ; 4.940 ; 4.940 ; 4.940 ;
; A[0]       ; Out[6]      ; 4.645 ; 4.645 ; 4.645 ; 4.645 ;
; A[0]       ; Out[7]      ; 4.958 ; 4.958 ; 4.958 ; 4.958 ;
; A[0]       ; Out[8]      ; 4.775 ; 4.775 ; 4.775 ; 4.775 ;
; A[0]       ; Out[9]      ; 5.063 ; 5.063 ; 5.063 ; 5.063 ;
; A[0]       ; Out[10]     ; 4.870 ; 4.870 ; 4.870 ; 4.870 ;
; A[0]       ; Out[11]     ; 5.241 ; 5.241 ; 5.241 ; 5.241 ;
; A[0]       ; Out[12]     ; 5.037 ; 5.037 ; 5.037 ; 5.037 ;
; A[0]       ; Out[13]     ; 4.940 ; 4.940 ; 4.940 ; 4.940 ;
; A[0]       ; Out[14]     ; 5.332 ; 5.332 ; 5.332 ; 5.332 ;
; A[0]       ; Out[15]     ; 5.293 ; 5.293 ; 5.293 ; 5.293 ;
; A[0]       ; Out[16]     ; 5.116 ; 5.116 ; 5.116 ; 5.116 ;
; A[0]       ; Out[17]     ; 5.187 ; 5.187 ; 5.187 ; 5.187 ;
; A[0]       ; Out[18]     ; 5.148 ; 5.148 ; 5.148 ; 5.148 ;
; A[0]       ; Out[19]     ; 4.948 ; 4.948 ; 4.948 ; 4.948 ;
; A[0]       ; Out[20]     ; 5.456 ; 5.456 ; 5.456 ; 5.456 ;
; A[0]       ; Out[21]     ; 5.420 ; 5.420 ; 5.420 ; 5.420 ;
; A[0]       ; Out[22]     ; 5.406 ; 5.406 ; 5.406 ; 5.406 ;
; A[0]       ; Out[23]     ; 5.528 ; 5.528 ; 5.528 ; 5.528 ;
; A[0]       ; Out[24]     ; 5.357 ; 5.357 ; 5.357 ; 5.357 ;
; A[0]       ; Out[25]     ; 5.825 ; 5.825 ; 5.825 ; 5.825 ;
; A[0]       ; Out[26]     ; 5.519 ; 5.519 ; 5.519 ; 5.519 ;
; A[0]       ; Out[27]     ; 5.780 ; 5.780 ; 5.780 ; 5.780 ;
; A[0]       ; Out[28]     ; 5.596 ; 5.596 ; 5.596 ; 5.596 ;
; A[0]       ; Out[29]     ; 5.888 ; 5.888 ; 5.888 ; 5.888 ;
; A[0]       ; Out[30]     ; 5.895 ; 5.895 ; 5.895 ; 5.895 ;
; A[0]       ; Out[31]     ; 6.156 ; 6.156 ; 6.156 ; 6.156 ;
; A[0]       ; Overflow    ; 5.901 ; 5.901 ; 5.901 ; 5.901 ;
; A[1]       ; Out[1]      ; 6.462 ; 6.462 ; 6.462 ; 6.462 ;
; A[1]       ; Out[2]      ; 7.221 ; 7.221 ; 7.221 ; 7.221 ;
; A[1]       ; Out[3]      ; 7.301 ; 7.301 ; 7.301 ; 7.301 ;
; A[1]       ; Out[4]      ; 7.192 ; 7.192 ; 7.192 ; 7.192 ;
; A[1]       ; Out[5]      ; 7.415 ; 7.415 ; 7.415 ; 7.415 ;
; A[1]       ; Out[6]      ; 7.120 ; 7.120 ; 7.120 ; 7.120 ;
; A[1]       ; Out[7]      ; 7.463 ; 7.463 ; 7.463 ; 7.463 ;
; A[1]       ; Out[8]      ; 7.250 ; 7.250 ; 7.250 ; 7.250 ;
; A[1]       ; Out[9]      ; 7.588 ; 7.588 ; 7.588 ; 7.588 ;
; A[1]       ; Out[10]     ; 7.395 ; 7.395 ; 7.395 ; 7.395 ;
; A[1]       ; Out[11]     ; 7.749 ; 7.749 ; 7.749 ; 7.749 ;
; A[1]       ; Out[12]     ; 7.562 ; 7.562 ; 7.562 ; 7.562 ;
; A[1]       ; Out[13]     ; 7.465 ; 7.465 ; 7.465 ; 7.465 ;
; A[1]       ; Out[14]     ; 7.856 ; 7.856 ; 7.856 ; 7.856 ;
; A[1]       ; Out[15]     ; 7.768 ; 7.768 ; 7.768 ; 7.768 ;
; A[1]       ; Out[16]     ; 7.632 ; 7.632 ; 7.632 ; 7.632 ;
; A[1]       ; Out[17]     ; 7.712 ; 7.712 ; 7.712 ; 7.712 ;
; A[1]       ; Out[18]     ; 7.673 ; 7.673 ; 7.673 ; 7.673 ;
; A[1]       ; Out[19]     ; 7.473 ; 7.473 ; 7.473 ; 7.473 ;
; A[1]       ; Out[20]     ; 7.931 ; 7.931 ; 7.931 ; 7.931 ;
; A[1]       ; Out[21]     ; 7.913 ; 7.913 ; 7.913 ; 7.913 ;
; A[1]       ; Out[22]     ; 7.881 ; 7.881 ; 7.881 ; 7.881 ;
; A[1]       ; Out[23]     ; 8.003 ; 8.003 ; 8.003 ; 8.003 ;
; A[1]       ; Out[24]     ; 7.832 ; 7.832 ; 7.832 ; 7.832 ;
; A[1]       ; Out[25]     ; 8.350 ; 8.350 ; 8.350 ; 8.350 ;
; A[1]       ; Out[26]     ; 8.044 ; 8.044 ; 8.044 ; 8.044 ;
; A[1]       ; Out[27]     ; 8.305 ; 8.305 ; 8.305 ; 8.305 ;
; A[1]       ; Out[28]     ; 8.121 ; 8.121 ; 8.121 ; 8.121 ;
; A[1]       ; Out[29]     ; 8.413 ; 8.413 ; 8.413 ; 8.413 ;
; A[1]       ; Out[30]     ; 8.420 ; 8.420 ; 8.420 ; 8.420 ;
; A[1]       ; Out[31]     ; 8.681 ; 8.681 ; 8.681 ; 8.681 ;
; A[1]       ; Overflow    ; 8.439 ; 8.439 ; 8.439 ; 8.439 ;
; A[2]       ; Out[2]      ; 6.721 ; 6.721 ; 6.721 ; 6.721 ;
; A[2]       ; Out[3]      ; 7.539 ; 7.539 ; 7.539 ; 7.539 ;
; A[2]       ; Out[4]      ; 7.342 ; 7.342 ; 7.342 ; 7.342 ;
; A[2]       ; Out[5]      ; 7.565 ; 7.565 ; 7.565 ; 7.565 ;
; A[2]       ; Out[6]      ; 7.270 ; 7.270 ; 7.270 ; 7.270 ;
; A[2]       ; Out[7]      ; 7.613 ; 7.613 ; 7.613 ; 7.613 ;
; A[2]       ; Out[8]      ; 7.400 ; 7.400 ; 7.400 ; 7.400 ;
; A[2]       ; Out[9]      ; 7.869 ; 7.869 ; 7.869 ; 7.869 ;
; A[2]       ; Out[10]     ; 7.656 ; 7.656 ; 7.656 ; 7.656 ;
; A[2]       ; Out[11]     ; 7.899 ; 7.899 ; 7.899 ; 7.899 ;
; A[2]       ; Out[12]     ; 7.770 ; 7.770 ; 7.770 ; 7.770 ;
; A[2]       ; Out[13]     ; 7.734 ; 7.734 ; 7.734 ; 7.734 ;
; A[2]       ; Out[14]     ; 8.006 ; 8.006 ; 8.006 ; 8.006 ;
; A[2]       ; Out[15]     ; 7.918 ; 7.918 ; 7.918 ; 7.918 ;
; A[2]       ; Out[16]     ; 7.848 ; 7.848 ; 7.848 ; 7.848 ;
; A[2]       ; Out[17]     ; 7.993 ; 7.993 ; 7.993 ; 7.993 ;
; A[2]       ; Out[18]     ; 7.935 ; 7.935 ; 7.935 ; 7.935 ;
; A[2]       ; Out[19]     ; 7.754 ; 7.754 ; 7.754 ; 7.754 ;
; A[2]       ; Out[20]     ; 8.081 ; 8.081 ; 8.081 ; 8.081 ;
; A[2]       ; Out[21]     ; 8.063 ; 8.063 ; 8.063 ; 8.063 ;
; A[2]       ; Out[22]     ; 8.031 ; 8.031 ; 8.031 ; 8.031 ;
; A[2]       ; Out[23]     ; 8.153 ; 8.153 ; 8.153 ; 8.153 ;
; A[2]       ; Out[24]     ; 7.982 ; 7.982 ; 7.982 ; 7.982 ;
; A[2]       ; Out[25]     ; 8.516 ; 8.516 ; 8.516 ; 8.516 ;
; A[2]       ; Out[26]     ; 8.228 ; 8.228 ; 8.228 ; 8.228 ;
; A[2]       ; Out[27]     ; 8.586 ; 8.586 ; 8.586 ; 8.586 ;
; A[2]       ; Out[28]     ; 8.402 ; 8.402 ; 8.402 ; 8.402 ;
; A[2]       ; Out[29]     ; 8.694 ; 8.694 ; 8.694 ; 8.694 ;
; A[2]       ; Out[30]     ; 8.630 ; 8.630 ; 8.630 ; 8.630 ;
; A[2]       ; Out[31]     ; 8.962 ; 8.962 ; 8.962 ; 8.962 ;
; A[2]       ; Overflow    ; 8.578 ; 8.578 ; 8.578 ; 8.578 ;
; A[3]       ; Out[3]      ; 6.777 ; 6.777 ; 6.777 ; 6.777 ;
; A[3]       ; Out[4]      ; 7.429 ; 7.429 ; 7.429 ; 7.429 ;
; A[3]       ; Out[5]      ; 7.619 ; 7.619 ; 7.619 ; 7.619 ;
; A[3]       ; Out[6]      ; 7.246 ; 7.246 ; 7.246 ; 7.246 ;
; A[3]       ; Out[7]      ; 7.551 ; 7.551 ; 7.551 ; 7.551 ;
; A[3]       ; Out[8]      ; 7.374 ; 7.374 ; 7.374 ; 7.374 ;
; A[3]       ; Out[9]      ; 7.656 ; 7.656 ; 7.656 ; 7.656 ;
; A[3]       ; Out[10]     ; 7.463 ; 7.463 ; 7.463 ; 7.463 ;
; A[3]       ; Out[11]     ; 7.834 ; 7.834 ; 7.834 ; 7.834 ;
; A[3]       ; Out[12]     ; 7.630 ; 7.630 ; 7.630 ; 7.630 ;
; A[3]       ; Out[13]     ; 7.533 ; 7.533 ; 7.533 ; 7.533 ;
; A[3]       ; Out[14]     ; 7.925 ; 7.925 ; 7.925 ; 7.925 ;
; A[3]       ; Out[15]     ; 7.903 ; 7.903 ; 7.903 ; 7.903 ;
; A[3]       ; Out[16]     ; 7.698 ; 7.698 ; 7.698 ; 7.698 ;
; A[3]       ; Out[17]     ; 7.780 ; 7.780 ; 7.780 ; 7.780 ;
; A[3]       ; Out[18]     ; 7.741 ; 7.741 ; 7.741 ; 7.741 ;
; A[3]       ; Out[19]     ; 7.541 ; 7.541 ; 7.541 ; 7.541 ;
; A[3]       ; Out[20]     ; 8.112 ; 8.112 ; 8.112 ; 8.112 ;
; A[3]       ; Out[21]     ; 8.013 ; 8.013 ; 8.013 ; 8.013 ;
; A[3]       ; Out[22]     ; 8.063 ; 8.063 ; 8.063 ; 8.063 ;
; A[3]       ; Out[23]     ; 8.240 ; 8.240 ; 8.240 ; 8.240 ;
; A[3]       ; Out[24]     ; 8.009 ; 8.009 ; 8.009 ; 8.009 ;
; A[3]       ; Out[25]     ; 8.418 ; 8.418 ; 8.418 ; 8.418 ;
; A[3]       ; Out[26]     ; 8.112 ; 8.112 ; 8.112 ; 8.112 ;
; A[3]       ; Out[27]     ; 8.373 ; 8.373 ; 8.373 ; 8.373 ;
; A[3]       ; Out[28]     ; 8.189 ; 8.189 ; 8.189 ; 8.189 ;
; A[3]       ; Out[29]     ; 8.481 ; 8.481 ; 8.481 ; 8.481 ;
; A[3]       ; Out[30]     ; 8.488 ; 8.488 ; 8.488 ; 8.488 ;
; A[3]       ; Out[31]     ; 8.749 ; 8.749 ; 8.749 ; 8.749 ;
; A[3]       ; Overflow    ; 8.610 ; 8.610 ; 8.610 ; 8.610 ;
; A[4]       ; Out[4]      ; 6.792 ; 6.792 ; 6.792 ; 6.792 ;
; A[4]       ; Out[5]      ; 7.453 ; 7.453 ; 7.453 ; 7.453 ;
; A[4]       ; Out[6]      ; 7.158 ; 7.158 ; 7.158 ; 7.158 ;
; A[4]       ; Out[7]      ; 7.501 ; 7.501 ; 7.501 ; 7.501 ;
; A[4]       ; Out[8]      ; 7.288 ; 7.288 ; 7.288 ; 7.288 ;
; A[4]       ; Out[9]      ; 7.641 ; 7.641 ; 7.641 ; 7.641 ;
; A[4]       ; Out[10]     ; 7.448 ; 7.448 ; 7.448 ; 7.448 ;
; A[4]       ; Out[11]     ; 7.787 ; 7.787 ; 7.787 ; 7.787 ;
; A[4]       ; Out[12]     ; 7.615 ; 7.615 ; 7.615 ; 7.615 ;
; A[4]       ; Out[13]     ; 7.518 ; 7.518 ; 7.518 ; 7.518 ;
; A[4]       ; Out[14]     ; 7.894 ; 7.894 ; 7.894 ; 7.894 ;
; A[4]       ; Out[15]     ; 7.806 ; 7.806 ; 7.806 ; 7.806 ;
; A[4]       ; Out[16]     ; 7.736 ; 7.736 ; 7.736 ; 7.736 ;
; A[4]       ; Out[17]     ; 7.765 ; 7.765 ; 7.765 ; 7.765 ;
; A[4]       ; Out[18]     ; 7.726 ; 7.726 ; 7.726 ; 7.726 ;
; A[4]       ; Out[19]     ; 7.526 ; 7.526 ; 7.526 ; 7.526 ;
; A[4]       ; Out[20]     ; 7.969 ; 7.969 ; 7.969 ; 7.969 ;
; A[4]       ; Out[21]     ; 7.951 ; 7.951 ; 7.951 ; 7.951 ;
; A[4]       ; Out[22]     ; 7.919 ; 7.919 ; 7.919 ; 7.919 ;
; A[4]       ; Out[23]     ; 8.041 ; 8.041 ; 8.041 ; 8.041 ;
; A[4]       ; Out[24]     ; 7.870 ; 7.870 ; 7.870 ; 7.870 ;
; A[4]       ; Out[25]     ; 8.389 ; 8.389 ; 8.389 ; 8.389 ;
; A[4]       ; Out[26]     ; 8.097 ; 8.097 ; 8.097 ; 8.097 ;
; A[4]       ; Out[27]     ; 8.358 ; 8.358 ; 8.358 ; 8.358 ;
; A[4]       ; Out[28]     ; 8.174 ; 8.174 ; 8.174 ; 8.174 ;
; A[4]       ; Out[29]     ; 8.466 ; 8.466 ; 8.466 ; 8.466 ;
; A[4]       ; Out[30]     ; 8.473 ; 8.473 ; 8.473 ; 8.473 ;
; A[4]       ; Out[31]     ; 8.734 ; 8.734 ; 8.734 ; 8.734 ;
; A[4]       ; Overflow    ; 8.451 ; 8.451 ; 8.451 ; 8.451 ;
; A[5]       ; Out[5]      ; 7.025 ; 7.025 ; 7.025 ; 7.025 ;
; A[5]       ; Out[6]      ; 7.240 ; 7.240 ; 7.240 ; 7.240 ;
; A[5]       ; Out[7]      ; 7.545 ; 7.545 ; 7.545 ; 7.545 ;
; A[5]       ; Out[8]      ; 7.368 ; 7.368 ; 7.368 ; 7.368 ;
; A[5]       ; Out[9]      ; 7.650 ; 7.650 ; 7.650 ; 7.650 ;
; A[5]       ; Out[10]     ; 7.457 ; 7.457 ; 7.457 ; 7.457 ;
; A[5]       ; Out[11]     ; 7.828 ; 7.828 ; 7.828 ; 7.828 ;
; A[5]       ; Out[12]     ; 7.624 ; 7.624 ; 7.624 ; 7.624 ;
; A[5]       ; Out[13]     ; 7.527 ; 7.527 ; 7.527 ; 7.527 ;
; A[5]       ; Out[14]     ; 7.919 ; 7.919 ; 7.919 ; 7.919 ;
; A[5]       ; Out[15]     ; 7.897 ; 7.897 ; 7.897 ; 7.897 ;
; A[5]       ; Out[16]     ; 7.695 ; 7.695 ; 7.695 ; 7.695 ;
; A[5]       ; Out[17]     ; 7.774 ; 7.774 ; 7.774 ; 7.774 ;
; A[5]       ; Out[18]     ; 7.735 ; 7.735 ; 7.735 ; 7.735 ;
; A[5]       ; Out[19]     ; 7.535 ; 7.535 ; 7.535 ; 7.535 ;
; A[5]       ; Out[20]     ; 8.079 ; 8.079 ; 8.079 ; 8.079 ;
; A[5]       ; Out[21]     ; 8.007 ; 8.007 ; 8.007 ; 8.007 ;
; A[5]       ; Out[22]     ; 8.029 ; 8.029 ; 8.029 ; 8.029 ;
; A[5]       ; Out[23]     ; 8.151 ; 8.151 ; 8.151 ; 8.151 ;
; A[5]       ; Out[24]     ; 7.980 ; 7.980 ; 7.980 ; 7.980 ;
; A[5]       ; Out[25]     ; 8.412 ; 8.412 ; 8.412 ; 8.412 ;
; A[5]       ; Out[26]     ; 8.106 ; 8.106 ; 8.106 ; 8.106 ;
; A[5]       ; Out[27]     ; 8.367 ; 8.367 ; 8.367 ; 8.367 ;
; A[5]       ; Out[28]     ; 8.183 ; 8.183 ; 8.183 ; 8.183 ;
; A[5]       ; Out[29]     ; 8.475 ; 8.475 ; 8.475 ; 8.475 ;
; A[5]       ; Out[30]     ; 8.482 ; 8.482 ; 8.482 ; 8.482 ;
; A[5]       ; Out[31]     ; 8.743 ; 8.743 ; 8.743 ; 8.743 ;
; A[5]       ; Overflow    ; 8.542 ; 8.542 ; 8.542 ; 8.542 ;
; A[6]       ; Out[6]      ; 6.734 ; 6.734 ; 6.734 ; 6.734 ;
; A[6]       ; Out[7]      ; 7.265 ; 7.265 ; 7.265 ; 7.265 ;
; A[6]       ; Out[8]      ; 7.088 ; 7.088 ; 7.088 ; 7.088 ;
; A[6]       ; Out[9]      ; 7.370 ; 7.370 ; 7.370 ; 7.370 ;
; A[6]       ; Out[10]     ; 7.177 ; 7.177 ; 7.177 ; 7.177 ;
; A[6]       ; Out[11]     ; 7.548 ; 7.548 ; 7.548 ; 7.548 ;
; A[6]       ; Out[12]     ; 7.344 ; 7.344 ; 7.344 ; 7.344 ;
; A[6]       ; Out[13]     ; 7.247 ; 7.247 ; 7.247 ; 7.247 ;
; A[6]       ; Out[14]     ; 7.639 ; 7.639 ; 7.639 ; 7.639 ;
; A[6]       ; Out[15]     ; 7.617 ; 7.617 ; 7.617 ; 7.617 ;
; A[6]       ; Out[16]     ; 7.523 ; 7.523 ; 7.523 ; 7.523 ;
; A[6]       ; Out[17]     ; 7.494 ; 7.494 ; 7.494 ; 7.494 ;
; A[6]       ; Out[18]     ; 7.455 ; 7.455 ; 7.455 ; 7.455 ;
; A[6]       ; Out[19]     ; 7.255 ; 7.255 ; 7.255 ; 7.255 ;
; A[6]       ; Out[20]     ; 7.826 ; 7.826 ; 7.826 ; 7.826 ;
; A[6]       ; Out[21]     ; 7.727 ; 7.727 ; 7.727 ; 7.727 ;
; A[6]       ; Out[22]     ; 7.777 ; 7.777 ; 7.777 ; 7.777 ;
; A[6]       ; Out[23]     ; 8.059 ; 8.059 ; 8.059 ; 8.059 ;
; A[6]       ; Out[24]     ; 7.723 ; 7.723 ; 7.723 ; 7.723 ;
; A[6]       ; Out[25]     ; 8.132 ; 8.132 ; 8.132 ; 8.132 ;
; A[6]       ; Out[26]     ; 7.826 ; 7.826 ; 7.826 ; 7.826 ;
; A[6]       ; Out[27]     ; 8.087 ; 8.087 ; 8.087 ; 8.087 ;
; A[6]       ; Out[28]     ; 7.903 ; 7.903 ; 7.903 ; 7.903 ;
; A[6]       ; Out[29]     ; 8.195 ; 8.195 ; 8.195 ; 8.195 ;
; A[6]       ; Out[30]     ; 8.202 ; 8.202 ; 8.202 ; 8.202 ;
; A[6]       ; Out[31]     ; 8.463 ; 8.463 ; 8.463 ; 8.463 ;
; A[6]       ; Overflow    ; 8.324 ; 8.324 ; 8.324 ; 8.324 ;
; A[7]       ; Out[7]      ; 6.613 ; 6.613 ; 6.613 ; 6.613 ;
; A[7]       ; Out[8]      ; 6.968 ; 6.968 ; 6.968 ; 6.968 ;
; A[7]       ; Out[9]      ; 7.483 ; 7.483 ; 7.483 ; 7.483 ;
; A[7]       ; Out[10]     ; 7.224 ; 7.224 ; 7.224 ; 7.224 ;
; A[7]       ; Out[11]     ; 7.467 ; 7.467 ; 7.467 ; 7.467 ;
; A[7]       ; Out[12]     ; 7.338 ; 7.338 ; 7.338 ; 7.338 ;
; A[7]       ; Out[13]     ; 7.302 ; 7.302 ; 7.302 ; 7.302 ;
; A[7]       ; Out[14]     ; 7.574 ; 7.574 ; 7.574 ; 7.574 ;
; A[7]       ; Out[15]     ; 7.486 ; 7.486 ; 7.486 ; 7.486 ;
; A[7]       ; Out[16]     ; 7.416 ; 7.416 ; 7.416 ; 7.416 ;
; A[7]       ; Out[17]     ; 7.607 ; 7.607 ; 7.607 ; 7.607 ;
; A[7]       ; Out[18]     ; 7.503 ; 7.503 ; 7.503 ; 7.503 ;
; A[7]       ; Out[19]     ; 7.334 ; 7.334 ; 7.334 ; 7.334 ;
; A[7]       ; Out[20]     ; 7.649 ; 7.649 ; 7.649 ; 7.649 ;
; A[7]       ; Out[21]     ; 7.631 ; 7.631 ; 7.631 ; 7.631 ;
; A[7]       ; Out[22]     ; 7.599 ; 7.599 ; 7.599 ; 7.599 ;
; A[7]       ; Out[23]     ; 7.721 ; 7.721 ; 7.721 ; 7.721 ;
; A[7]       ; Out[24]     ; 7.550 ; 7.550 ; 7.550 ; 7.550 ;
; A[7]       ; Out[25]     ; 8.144 ; 8.144 ; 8.144 ; 8.144 ;
; A[7]       ; Out[26]     ; 7.796 ; 7.796 ; 7.796 ; 7.796 ;
; A[7]       ; Out[27]     ; 8.200 ; 8.200 ; 8.200 ; 8.200 ;
; A[7]       ; Out[28]     ; 8.016 ; 8.016 ; 8.016 ; 8.016 ;
; A[7]       ; Out[29]     ; 8.308 ; 8.308 ; 8.308 ; 8.308 ;
; A[7]       ; Out[30]     ; 8.198 ; 8.198 ; 8.198 ; 8.198 ;
; A[7]       ; Out[31]     ; 8.574 ; 8.574 ; 8.574 ; 8.574 ;
; A[7]       ; Overflow    ; 8.279 ; 8.279 ; 8.279 ; 8.279 ;
; A[8]       ; Out[8]      ; 6.423 ; 6.423 ; 6.423 ; 6.423 ;
; A[8]       ; Out[9]      ; 7.433 ; 7.433 ; 7.433 ; 7.433 ;
; A[8]       ; Out[10]     ; 7.240 ; 7.240 ; 7.240 ; 7.240 ;
; A[8]       ; Out[11]     ; 7.603 ; 7.603 ; 7.603 ; 7.603 ;
; A[8]       ; Out[12]     ; 7.407 ; 7.407 ; 7.407 ; 7.407 ;
; A[8]       ; Out[13]     ; 7.310 ; 7.310 ; 7.310 ; 7.310 ;
; A[8]       ; Out[14]     ; 7.702 ; 7.702 ; 7.702 ; 7.702 ;
; A[8]       ; Out[15]     ; 7.622 ; 7.622 ; 7.622 ; 7.622 ;
; A[8]       ; Out[16]     ; 7.552 ; 7.552 ; 7.552 ; 7.552 ;
; A[8]       ; Out[17]     ; 7.557 ; 7.557 ; 7.557 ; 7.557 ;
; A[8]       ; Out[18]     ; 7.518 ; 7.518 ; 7.518 ; 7.518 ;
; A[8]       ; Out[19]     ; 7.318 ; 7.318 ; 7.318 ; 7.318 ;
; A[8]       ; Out[20]     ; 7.785 ; 7.785 ; 7.785 ; 7.785 ;
; A[8]       ; Out[21]     ; 7.767 ; 7.767 ; 7.767 ; 7.767 ;
; A[8]       ; Out[22]     ; 7.735 ; 7.735 ; 7.735 ; 7.735 ;
; A[8]       ; Out[23]     ; 7.857 ; 7.857 ; 7.857 ; 7.857 ;
; A[8]       ; Out[24]     ; 7.686 ; 7.686 ; 7.686 ; 7.686 ;
; A[8]       ; Out[25]     ; 8.195 ; 8.195 ; 8.195 ; 8.195 ;
; A[8]       ; Out[26]     ; 7.889 ; 7.889 ; 7.889 ; 7.889 ;
; A[8]       ; Out[27]     ; 8.150 ; 8.150 ; 8.150 ; 8.150 ;
; A[8]       ; Out[28]     ; 7.966 ; 7.966 ; 7.966 ; 7.966 ;
; A[8]       ; Out[29]     ; 8.258 ; 8.258 ; 8.258 ; 8.258 ;
; A[8]       ; Out[30]     ; 8.265 ; 8.265 ; 8.265 ; 8.265 ;
; A[8]       ; Out[31]     ; 8.526 ; 8.526 ; 8.526 ; 8.526 ;
; A[8]       ; Overflow    ; 8.263 ; 8.263 ; 8.263 ; 8.263 ;
; A[9]       ; Out[9]      ; 7.324 ; 7.324 ; 7.324 ; 7.324 ;
; A[9]       ; Out[10]     ; 7.549 ; 7.549 ; 7.549 ; 7.549 ;
; A[9]       ; Out[11]     ; 7.792 ; 7.792 ; 7.792 ; 7.792 ;
; A[9]       ; Out[12]     ; 7.663 ; 7.663 ; 7.663 ; 7.663 ;
; A[9]       ; Out[13]     ; 7.627 ; 7.627 ; 7.627 ; 7.627 ;
; A[9]       ; Out[14]     ; 7.899 ; 7.899 ; 7.899 ; 7.899 ;
; A[9]       ; Out[15]     ; 7.811 ; 7.811 ; 7.811 ; 7.811 ;
; A[9]       ; Out[16]     ; 7.741 ; 7.741 ; 7.741 ; 7.741 ;
; A[9]       ; Out[17]     ; 7.971 ; 7.971 ; 7.971 ; 7.971 ;
; A[9]       ; Out[18]     ; 7.828 ; 7.828 ; 7.828 ; 7.828 ;
; A[9]       ; Out[19]     ; 7.659 ; 7.659 ; 7.659 ; 7.659 ;
; A[9]       ; Out[20]     ; 7.974 ; 7.974 ; 7.974 ; 7.974 ;
; A[9]       ; Out[21]     ; 7.956 ; 7.956 ; 7.956 ; 7.956 ;
; A[9]       ; Out[22]     ; 7.924 ; 7.924 ; 7.924 ; 7.924 ;
; A[9]       ; Out[23]     ; 8.046 ; 8.046 ; 8.046 ; 8.046 ;
; A[9]       ; Out[24]     ; 7.875 ; 7.875 ; 7.875 ; 7.875 ;
; A[9]       ; Out[25]     ; 8.162 ; 8.162 ; 8.162 ; 8.162 ;
; A[9]       ; Out[26]     ; 8.121 ; 8.121 ; 8.121 ; 8.121 ;
; A[9]       ; Out[27]     ; 8.564 ; 8.564 ; 8.564 ; 8.564 ;
; A[9]       ; Out[28]     ; 8.380 ; 8.380 ; 8.380 ; 8.380 ;
; A[9]       ; Out[29]     ; 8.672 ; 8.672 ; 8.672 ; 8.672 ;
; A[9]       ; Out[30]     ; 8.523 ; 8.523 ; 8.523 ; 8.523 ;
; A[9]       ; Out[31]     ; 8.780 ; 8.780 ; 8.780 ; 8.780 ;
; A[9]       ; Overflow    ; 8.224 ; 8.224 ; 8.224 ; 8.224 ;
; A[10]      ; Out[10]     ; 6.580 ; 6.580 ; 6.580 ; 6.580 ;
; A[10]      ; Out[11]     ; 7.483 ; 7.483 ; 7.483 ; 7.483 ;
; A[10]      ; Out[12]     ; 7.304 ; 7.304 ; 7.304 ; 7.304 ;
; A[10]      ; Out[13]     ; 7.207 ; 7.207 ; 7.207 ; 7.207 ;
; A[10]      ; Out[14]     ; 7.590 ; 7.590 ; 7.590 ; 7.590 ;
; A[10]      ; Out[15]     ; 7.502 ; 7.502 ; 7.502 ; 7.502 ;
; A[10]      ; Out[16]     ; 7.386 ; 7.386 ; 7.386 ; 7.386 ;
; A[10]      ; Out[17]     ; 7.454 ; 7.454 ; 7.454 ; 7.454 ;
; A[10]      ; Out[18]     ; 7.415 ; 7.415 ; 7.415 ; 7.415 ;
; A[10]      ; Out[19]     ; 7.215 ; 7.215 ; 7.215 ; 7.215 ;
; A[10]      ; Out[20]     ; 7.665 ; 7.665 ; 7.665 ; 7.665 ;
; A[10]      ; Out[21]     ; 7.647 ; 7.647 ; 7.647 ; 7.647 ;
; A[10]      ; Out[22]     ; 7.615 ; 7.615 ; 7.615 ; 7.615 ;
; A[10]      ; Out[23]     ; 7.737 ; 7.737 ; 7.737 ; 7.737 ;
; A[10]      ; Out[24]     ; 7.566 ; 7.566 ; 7.566 ; 7.566 ;
; A[10]      ; Out[25]     ; 8.092 ; 8.092 ; 8.092 ; 8.092 ;
; A[10]      ; Out[26]     ; 7.786 ; 7.786 ; 7.786 ; 7.786 ;
; A[10]      ; Out[27]     ; 8.047 ; 8.047 ; 8.047 ; 8.047 ;
; A[10]      ; Out[28]     ; 7.863 ; 7.863 ; 7.863 ; 7.863 ;
; A[10]      ; Out[29]     ; 8.155 ; 8.155 ; 8.155 ; 8.155 ;
; A[10]      ; Out[30]     ; 8.162 ; 8.162 ; 8.162 ; 8.162 ;
; A[10]      ; Out[31]     ; 8.423 ; 8.423 ; 8.423 ; 8.423 ;
; A[10]      ; Overflow    ; 8.284 ; 8.284 ; 8.284 ; 8.284 ;
; A[11]      ; Out[11]     ; 6.547 ; 6.547 ; 6.547 ; 6.547 ;
; A[11]      ; Out[12]     ; 7.358 ; 7.358 ; 7.358 ; 7.358 ;
; A[11]      ; Out[13]     ; 7.261 ; 7.261 ; 7.261 ; 7.261 ;
; A[11]      ; Out[14]     ; 7.653 ; 7.653 ; 7.653 ; 7.653 ;
; A[11]      ; Out[15]     ; 7.631 ; 7.631 ; 7.631 ; 7.631 ;
; A[11]      ; Out[16]     ; 7.437 ; 7.437 ; 7.437 ; 7.437 ;
; A[11]      ; Out[17]     ; 7.508 ; 7.508 ; 7.508 ; 7.508 ;
; A[11]      ; Out[18]     ; 7.469 ; 7.469 ; 7.469 ; 7.469 ;
; A[11]      ; Out[19]     ; 7.269 ; 7.269 ; 7.269 ; 7.269 ;
; A[11]      ; Out[20]     ; 7.840 ; 7.840 ; 7.840 ; 7.840 ;
; A[11]      ; Out[21]     ; 7.741 ; 7.741 ; 7.741 ; 7.741 ;
; A[11]      ; Out[22]     ; 7.791 ; 7.791 ; 7.791 ; 7.791 ;
; A[11]      ; Out[23]     ; 7.965 ; 7.965 ; 7.965 ; 7.965 ;
; A[11]      ; Out[24]     ; 7.737 ; 7.737 ; 7.737 ; 7.737 ;
; A[11]      ; Out[25]     ; 8.146 ; 8.146 ; 8.146 ; 8.146 ;
; A[11]      ; Out[26]     ; 7.840 ; 7.840 ; 7.840 ; 7.840 ;
; A[11]      ; Out[27]     ; 8.101 ; 8.101 ; 8.101 ; 8.101 ;
; A[11]      ; Out[28]     ; 7.917 ; 7.917 ; 7.917 ; 7.917 ;
; A[11]      ; Out[29]     ; 8.209 ; 8.209 ; 8.209 ; 8.209 ;
; A[11]      ; Out[30]     ; 8.216 ; 8.216 ; 8.216 ; 8.216 ;
; A[11]      ; Out[31]     ; 8.477 ; 8.477 ; 8.477 ; 8.477 ;
; A[11]      ; Overflow    ; 8.338 ; 8.338 ; 8.338 ; 8.338 ;
; A[12]      ; Out[12]     ; 6.839 ; 6.839 ; 6.839 ; 6.839 ;
; A[12]      ; Out[13]     ; 7.254 ; 7.254 ; 7.254 ; 7.254 ;
; A[12]      ; Out[14]     ; 7.646 ; 7.646 ; 7.646 ; 7.646 ;
; A[12]      ; Out[15]     ; 7.605 ; 7.605 ; 7.605 ; 7.605 ;
; A[12]      ; Out[16]     ; 7.414 ; 7.414 ; 7.414 ; 7.414 ;
; A[12]      ; Out[17]     ; 7.501 ; 7.501 ; 7.501 ; 7.501 ;
; A[12]      ; Out[18]     ; 7.462 ; 7.462 ; 7.462 ; 7.462 ;
; A[12]      ; Out[19]     ; 7.262 ; 7.262 ; 7.262 ; 7.262 ;
; A[12]      ; Out[20]     ; 7.768 ; 7.768 ; 7.768 ; 7.768 ;
; A[12]      ; Out[21]     ; 7.734 ; 7.734 ; 7.734 ; 7.734 ;
; A[12]      ; Out[22]     ; 7.718 ; 7.718 ; 7.718 ; 7.718 ;
; A[12]      ; Out[23]     ; 7.840 ; 7.840 ; 7.840 ; 7.840 ;
; A[12]      ; Out[24]     ; 7.669 ; 7.669 ; 7.669 ; 7.669 ;
; A[12]      ; Out[25]     ; 8.139 ; 8.139 ; 8.139 ; 8.139 ;
; A[12]      ; Out[26]     ; 7.833 ; 7.833 ; 7.833 ; 7.833 ;
; A[12]      ; Out[27]     ; 8.094 ; 8.094 ; 8.094 ; 8.094 ;
; A[12]      ; Out[28]     ; 7.910 ; 7.910 ; 7.910 ; 7.910 ;
; A[12]      ; Out[29]     ; 8.202 ; 8.202 ; 8.202 ; 8.202 ;
; A[12]      ; Out[30]     ; 8.209 ; 8.209 ; 8.209 ; 8.209 ;
; A[12]      ; Out[31]     ; 8.470 ; 8.470 ; 8.470 ; 8.470 ;
; A[12]      ; Overflow    ; 8.233 ; 8.233 ; 8.233 ; 8.233 ;
; A[13]      ; Out[13]     ; 6.777 ; 6.777 ; 6.777 ; 6.777 ;
; A[13]      ; Out[14]     ; 7.582 ; 7.582 ; 7.582 ; 7.582 ;
; A[13]      ; Out[15]     ; 7.560 ; 7.560 ; 7.560 ; 7.560 ;
; A[13]      ; Out[16]     ; 7.358 ; 7.358 ; 7.358 ; 7.358 ;
; A[13]      ; Out[17]     ; 7.437 ; 7.437 ; 7.437 ; 7.437 ;
; A[13]      ; Out[18]     ; 7.398 ; 7.398 ; 7.398 ; 7.398 ;
; A[13]      ; Out[19]     ; 7.198 ; 7.198 ; 7.198 ; 7.198 ;
; A[13]      ; Out[20]     ; 7.769 ; 7.769 ; 7.769 ; 7.769 ;
; A[13]      ; Out[21]     ; 7.670 ; 7.670 ; 7.670 ; 7.670 ;
; A[13]      ; Out[22]     ; 7.720 ; 7.720 ; 7.720 ; 7.720 ;
; A[13]      ; Out[23]     ; 7.884 ; 7.884 ; 7.884 ; 7.884 ;
; A[13]      ; Out[24]     ; 7.666 ; 7.666 ; 7.666 ; 7.666 ;
; A[13]      ; Out[25]     ; 8.075 ; 8.075 ; 8.075 ; 8.075 ;
; A[13]      ; Out[26]     ; 7.769 ; 7.769 ; 7.769 ; 7.769 ;
; A[13]      ; Out[27]     ; 8.030 ; 8.030 ; 8.030 ; 8.030 ;
; A[13]      ; Out[28]     ; 7.846 ; 7.846 ; 7.846 ; 7.846 ;
; A[13]      ; Out[29]     ; 8.138 ; 8.138 ; 8.138 ; 8.138 ;
; A[13]      ; Out[30]     ; 8.145 ; 8.145 ; 8.145 ; 8.145 ;
; A[13]      ; Out[31]     ; 8.406 ; 8.406 ; 8.406 ; 8.406 ;
; A[13]      ; Overflow    ; 8.267 ; 8.267 ; 8.267 ; 8.267 ;
; A[14]      ; Out[14]     ; 7.017 ; 7.017 ; 7.017 ; 7.017 ;
; A[14]      ; Out[15]     ; 7.378 ; 7.378 ; 7.378 ; 7.378 ;
; A[14]      ; Out[16]     ; 7.308 ; 7.308 ; 7.308 ; 7.308 ;
; A[14]      ; Out[17]     ; 7.406 ; 7.406 ; 7.406 ; 7.406 ;
; A[14]      ; Out[18]     ; 7.367 ; 7.367 ; 7.367 ; 7.367 ;
; A[14]      ; Out[19]     ; 7.167 ; 7.167 ; 7.167 ; 7.167 ;
; A[14]      ; Out[20]     ; 7.541 ; 7.541 ; 7.541 ; 7.541 ;
; A[14]      ; Out[21]     ; 7.523 ; 7.523 ; 7.523 ; 7.523 ;
; A[14]      ; Out[22]     ; 7.491 ; 7.491 ; 7.491 ; 7.491 ;
; A[14]      ; Out[23]     ; 7.613 ; 7.613 ; 7.613 ; 7.613 ;
; A[14]      ; Out[24]     ; 7.442 ; 7.442 ; 7.442 ; 7.442 ;
; A[14]      ; Out[25]     ; 7.978 ; 7.978 ; 7.978 ; 7.978 ;
; A[14]      ; Out[26]     ; 7.688 ; 7.688 ; 7.688 ; 7.688 ;
; A[14]      ; Out[27]     ; 7.999 ; 7.999 ; 7.999 ; 7.999 ;
; A[14]      ; Out[28]     ; 7.815 ; 7.815 ; 7.815 ; 7.815 ;
; A[14]      ; Out[29]     ; 8.107 ; 8.107 ; 8.107 ; 8.107 ;
; A[14]      ; Out[30]     ; 8.090 ; 8.090 ; 8.090 ; 8.090 ;
; A[14]      ; Out[31]     ; 8.375 ; 8.375 ; 8.375 ; 8.375 ;
; A[14]      ; Overflow    ; 8.040 ; 8.040 ; 8.040 ; 8.040 ;
; A[15]      ; Out[15]     ; 6.521 ; 6.521 ; 6.521 ; 6.521 ;
; A[15]      ; Out[16]     ; 7.151 ; 7.151 ; 7.151 ; 7.151 ;
; A[15]      ; Out[17]     ; 7.267 ; 7.267 ; 7.267 ; 7.267 ;
; A[15]      ; Out[18]     ; 7.228 ; 7.228 ; 7.228 ; 7.228 ;
; A[15]      ; Out[19]     ; 7.028 ; 7.028 ; 7.028 ; 7.028 ;
; A[15]      ; Out[20]     ; 7.384 ; 7.384 ; 7.384 ; 7.384 ;
; A[15]      ; Out[21]     ; 7.366 ; 7.366 ; 7.366 ; 7.366 ;
; A[15]      ; Out[22]     ; 7.334 ; 7.334 ; 7.334 ; 7.334 ;
; A[15]      ; Out[23]     ; 7.456 ; 7.456 ; 7.456 ; 7.456 ;
; A[15]      ; Out[24]     ; 7.285 ; 7.285 ; 7.285 ; 7.285 ;
; A[15]      ; Out[25]     ; 7.780 ; 7.780 ; 7.780 ; 7.780 ;
; A[15]      ; Out[26]     ; 7.531 ; 7.531 ; 7.531 ; 7.531 ;
; A[15]      ; Out[27]     ; 7.860 ; 7.860 ; 7.860 ; 7.860 ;
; A[15]      ; Out[28]     ; 7.676 ; 7.676 ; 7.676 ; 7.676 ;
; A[15]      ; Out[29]     ; 7.968 ; 7.968 ; 7.968 ; 7.968 ;
; A[15]      ; Out[30]     ; 7.933 ; 7.933 ; 7.933 ; 7.933 ;
; A[15]      ; Out[31]     ; 8.236 ; 8.236 ; 8.236 ; 8.236 ;
; A[15]      ; Overflow    ; 7.842 ; 7.842 ; 7.842 ; 7.842 ;
; A[16]      ; Out[16]     ; 6.121 ; 6.121 ; 6.121 ; 6.121 ;
; A[16]      ; Out[17]     ; 7.016 ; 7.016 ; 7.016 ; 7.016 ;
; A[16]      ; Out[18]     ; 6.977 ; 6.977 ; 6.977 ; 6.977 ;
; A[16]      ; Out[19]     ; 6.777 ; 6.777 ; 6.777 ; 6.777 ;
; A[16]      ; Out[20]     ; 7.166 ; 7.166 ; 7.166 ; 7.166 ;
; A[16]      ; Out[21]     ; 7.148 ; 7.148 ; 7.148 ; 7.148 ;
; A[16]      ; Out[22]     ; 7.116 ; 7.116 ; 7.116 ; 7.116 ;
; A[16]      ; Out[23]     ; 7.238 ; 7.238 ; 7.238 ; 7.238 ;
; A[16]      ; Out[24]     ; 7.067 ; 7.067 ; 7.067 ; 7.067 ;
; A[16]      ; Out[25]     ; 7.654 ; 7.654 ; 7.654 ; 7.654 ;
; A[16]      ; Out[26]     ; 7.313 ; 7.313 ; 7.313 ; 7.313 ;
; A[16]      ; Out[27]     ; 7.609 ; 7.609 ; 7.609 ; 7.609 ;
; A[16]      ; Out[28]     ; 7.425 ; 7.425 ; 7.425 ; 7.425 ;
; A[16]      ; Out[29]     ; 7.717 ; 7.717 ; 7.717 ; 7.717 ;
; A[16]      ; Out[30]     ; 7.715 ; 7.715 ; 7.715 ; 7.715 ;
; A[16]      ; Out[31]     ; 7.985 ; 7.985 ; 7.985 ; 7.985 ;
; A[16]      ; Overflow    ; 7.846 ; 7.846 ; 7.846 ; 7.846 ;
; A[17]      ; Out[17]     ; 6.519 ; 6.519 ; 6.519 ; 6.519 ;
; A[17]      ; Out[18]     ; 7.045 ; 7.045 ; 7.045 ; 7.045 ;
; A[17]      ; Out[19]     ; 6.876 ; 6.876 ; 6.876 ; 6.876 ;
; A[17]      ; Out[20]     ; 7.191 ; 7.191 ; 7.191 ; 7.191 ;
; A[17]      ; Out[21]     ; 7.173 ; 7.173 ; 7.173 ; 7.173 ;
; A[17]      ; Out[22]     ; 7.141 ; 7.141 ; 7.141 ; 7.141 ;
; A[17]      ; Out[23]     ; 7.263 ; 7.263 ; 7.263 ; 7.263 ;
; A[17]      ; Out[24]     ; 7.092 ; 7.092 ; 7.092 ; 7.092 ;
; A[17]      ; Out[25]     ; 7.609 ; 7.609 ; 7.609 ; 7.609 ;
; A[17]      ; Out[26]     ; 7.338 ; 7.338 ; 7.338 ; 7.338 ;
; A[17]      ; Out[27]     ; 7.850 ; 7.850 ; 7.850 ; 7.850 ;
; A[17]      ; Out[28]     ; 7.666 ; 7.666 ; 7.666 ; 7.666 ;
; A[17]      ; Out[29]     ; 7.891 ; 7.891 ; 7.891 ; 7.891 ;
; A[17]      ; Out[30]     ; 7.740 ; 7.740 ; 7.740 ; 7.740 ;
; A[17]      ; Out[31]     ; 8.116 ; 8.116 ; 8.116 ; 8.116 ;
; A[17]      ; Overflow    ; 7.671 ; 7.671 ; 7.671 ; 7.671 ;
; A[18]      ; Out[18]     ; 6.362 ; 6.362 ; 6.362 ; 6.362 ;
; A[18]      ; Out[19]     ; 6.804 ; 6.804 ; 6.804 ; 6.804 ;
; A[18]      ; Out[20]     ; 7.169 ; 7.169 ; 7.169 ; 7.169 ;
; A[18]      ; Out[21]     ; 7.151 ; 7.151 ; 7.151 ; 7.151 ;
; A[18]      ; Out[22]     ; 7.119 ; 7.119 ; 7.119 ; 7.119 ;
; A[18]      ; Out[23]     ; 7.241 ; 7.241 ; 7.241 ; 7.241 ;
; A[18]      ; Out[24]     ; 7.070 ; 7.070 ; 7.070 ; 7.070 ;
; A[18]      ; Out[25]     ; 7.664 ; 7.664 ; 7.664 ; 7.664 ;
; A[18]      ; Out[26]     ; 7.316 ; 7.316 ; 7.316 ; 7.316 ;
; A[18]      ; Out[27]     ; 7.636 ; 7.636 ; 7.636 ; 7.636 ;
; A[18]      ; Out[28]     ; 7.452 ; 7.452 ; 7.452 ; 7.452 ;
; A[18]      ; Out[29]     ; 7.744 ; 7.744 ; 7.744 ; 7.744 ;
; A[18]      ; Out[30]     ; 7.718 ; 7.718 ; 7.718 ; 7.718 ;
; A[18]      ; Out[31]     ; 8.012 ; 8.012 ; 8.012 ; 8.012 ;
; A[18]      ; Overflow    ; 7.873 ; 7.873 ; 7.873 ; 7.873 ;
; A[19]      ; Out[19]     ; 6.251 ; 6.251 ; 6.251 ; 6.251 ;
; A[19]      ; Out[20]     ; 7.357 ; 7.357 ; 7.357 ; 7.357 ;
; A[19]      ; Out[21]     ; 7.294 ; 7.294 ; 7.294 ; 7.294 ;
; A[19]      ; Out[22]     ; 7.307 ; 7.307 ; 7.307 ; 7.307 ;
; A[19]      ; Out[23]     ; 7.429 ; 7.429 ; 7.429 ; 7.429 ;
; A[19]      ; Out[24]     ; 7.258 ; 7.258 ; 7.258 ; 7.258 ;
; A[19]      ; Out[25]     ; 7.699 ; 7.699 ; 7.699 ; 7.699 ;
; A[19]      ; Out[26]     ; 7.393 ; 7.393 ; 7.393 ; 7.393 ;
; A[19]      ; Out[27]     ; 7.654 ; 7.654 ; 7.654 ; 7.654 ;
; A[19]      ; Out[28]     ; 7.470 ; 7.470 ; 7.470 ; 7.470 ;
; A[19]      ; Out[29]     ; 7.762 ; 7.762 ; 7.762 ; 7.762 ;
; A[19]      ; Out[30]     ; 7.769 ; 7.769 ; 7.769 ; 7.769 ;
; A[19]      ; Out[31]     ; 8.030 ; 8.030 ; 8.030 ; 8.030 ;
; A[19]      ; Overflow    ; 7.849 ; 7.849 ; 7.849 ; 7.849 ;
; A[20]      ; Out[20]     ; 6.953 ; 6.953 ; 6.953 ; 6.953 ;
; A[20]      ; Out[21]     ; 7.631 ; 7.631 ; 7.631 ; 7.631 ;
; A[20]      ; Out[22]     ; 7.599 ; 7.599 ; 7.599 ; 7.599 ;
; A[20]      ; Out[23]     ; 7.721 ; 7.721 ; 7.721 ; 7.721 ;
; A[20]      ; Out[24]     ; 7.550 ; 7.550 ; 7.550 ; 7.550 ;
; A[20]      ; Out[25]     ; 8.043 ; 8.043 ; 8.043 ; 8.043 ;
; A[20]      ; Out[26]     ; 7.796 ; 7.796 ; 7.796 ; 7.796 ;
; A[20]      ; Out[27]     ; 8.230 ; 8.230 ; 8.230 ; 8.230 ;
; A[20]      ; Out[28]     ; 7.844 ; 7.844 ; 7.844 ; 7.844 ;
; A[20]      ; Out[29]     ; 8.338 ; 8.338 ; 8.338 ; 8.338 ;
; A[20]      ; Out[30]     ; 8.198 ; 8.198 ; 8.198 ; 8.198 ;
; A[20]      ; Out[31]     ; 8.510 ; 8.510 ; 8.510 ; 8.510 ;
; A[20]      ; Overflow    ; 8.137 ; 8.137 ; 8.137 ; 8.137 ;
; A[21]      ; Out[21]     ; 6.849 ; 6.849 ; 6.849 ; 6.849 ;
; A[21]      ; Out[22]     ; 7.508 ; 7.508 ; 7.508 ; 7.508 ;
; A[21]      ; Out[23]     ; 7.630 ; 7.630 ; 7.630 ; 7.630 ;
; A[21]      ; Out[24]     ; 7.459 ; 7.459 ; 7.459 ; 7.459 ;
; A[21]      ; Out[25]     ; 7.866 ; 7.866 ; 7.866 ; 7.866 ;
; A[21]      ; Out[26]     ; 7.642 ; 7.642 ; 7.642 ; 7.642 ;
; A[21]      ; Out[27]     ; 7.903 ; 7.903 ; 7.903 ; 7.903 ;
; A[21]      ; Out[28]     ; 7.719 ; 7.719 ; 7.719 ; 7.719 ;
; A[21]      ; Out[29]     ; 8.011 ; 8.011 ; 8.011 ; 8.011 ;
; A[21]      ; Out[30]     ; 8.018 ; 8.018 ; 8.018 ; 8.018 ;
; A[21]      ; Out[31]     ; 8.279 ; 8.279 ; 8.279 ; 8.279 ;
; A[21]      ; Overflow    ; 7.928 ; 7.928 ; 7.928 ; 7.928 ;
; A[22]      ; Out[22]     ; 6.493 ; 6.493 ; 6.493 ; 6.493 ;
; A[22]      ; Out[23]     ; 7.028 ; 7.028 ; 7.028 ; 7.028 ;
; A[22]      ; Out[24]     ; 6.857 ; 6.857 ; 6.857 ; 6.857 ;
; A[22]      ; Out[25]     ; 7.385 ; 7.385 ; 7.385 ; 7.385 ;
; A[22]      ; Out[26]     ; 7.103 ; 7.103 ; 7.103 ; 7.103 ;
; A[22]      ; Out[27]     ; 7.410 ; 7.410 ; 7.410 ; 7.410 ;
; A[22]      ; Out[28]     ; 7.226 ; 7.226 ; 7.226 ; 7.226 ;
; A[22]      ; Out[29]     ; 7.518 ; 7.518 ; 7.518 ; 7.518 ;
; A[22]      ; Out[30]     ; 7.505 ; 7.505 ; 7.505 ; 7.505 ;
; A[22]      ; Out[31]     ; 7.786 ; 7.786 ; 7.786 ; 7.786 ;
; A[22]      ; Overflow    ; 7.447 ; 7.447 ; 7.447 ; 7.447 ;
; A[23]      ; Out[23]     ; 6.666 ; 6.666 ; 6.666 ; 6.666 ;
; A[23]      ; Out[24]     ; 7.146 ; 7.146 ; 7.146 ; 7.146 ;
; A[23]      ; Out[25]     ; 7.665 ; 7.665 ; 7.665 ; 7.665 ;
; A[23]      ; Out[26]     ; 7.359 ; 7.359 ; 7.359 ; 7.359 ;
; A[23]      ; Out[27]     ; 7.620 ; 7.620 ; 7.620 ; 7.620 ;
; A[23]      ; Out[28]     ; 7.436 ; 7.436 ; 7.436 ; 7.436 ;
; A[23]      ; Out[29]     ; 7.728 ; 7.728 ; 7.728 ; 7.728 ;
; A[23]      ; Out[30]     ; 7.735 ; 7.735 ; 7.735 ; 7.735 ;
; A[23]      ; Out[31]     ; 7.996 ; 7.996 ; 7.996 ; 7.996 ;
; A[23]      ; Overflow    ; 7.821 ; 7.821 ; 7.821 ; 7.821 ;
; A[24]      ; Out[24]     ; 6.135 ; 6.135 ; 6.135 ; 6.135 ;
; A[24]      ; Out[25]     ; 7.291 ; 7.291 ; 7.291 ; 7.291 ;
; A[24]      ; Out[26]     ; 7.045 ; 7.045 ; 7.045 ; 7.045 ;
; A[24]      ; Out[27]     ; 7.306 ; 7.306 ; 7.306 ; 7.306 ;
; A[24]      ; Out[28]     ; 7.122 ; 7.122 ; 7.122 ; 7.122 ;
; A[24]      ; Out[29]     ; 7.414 ; 7.414 ; 7.414 ; 7.414 ;
; A[24]      ; Out[30]     ; 7.421 ; 7.421 ; 7.421 ; 7.421 ;
; A[24]      ; Out[31]     ; 7.682 ; 7.682 ; 7.682 ; 7.682 ;
; A[24]      ; Overflow    ; 7.353 ; 7.353 ; 7.353 ; 7.353 ;
; A[25]      ; Out[25]     ; 7.017 ; 7.017 ; 7.017 ; 7.017 ;
; A[25]      ; Out[26]     ; 7.182 ; 7.182 ; 7.182 ; 7.182 ;
; A[25]      ; Out[27]     ; 7.443 ; 7.443 ; 7.443 ; 7.443 ;
; A[25]      ; Out[28]     ; 7.259 ; 7.259 ; 7.259 ; 7.259 ;
; A[25]      ; Out[29]     ; 7.551 ; 7.551 ; 7.551 ; 7.551 ;
; A[25]      ; Out[30]     ; 7.558 ; 7.558 ; 7.558 ; 7.558 ;
; A[25]      ; Out[31]     ; 7.819 ; 7.819 ; 7.819 ; 7.819 ;
; A[25]      ; Overflow    ; 7.680 ; 7.680 ; 7.680 ; 7.680 ;
; A[26]      ; Out[26]     ; 7.043 ; 7.043 ; 7.043 ; 7.043 ;
; A[26]      ; Out[27]     ; 7.409 ; 7.409 ; 7.409 ; 7.409 ;
; A[26]      ; Out[28]     ; 7.225 ; 7.225 ; 7.225 ; 7.225 ;
; A[26]      ; Out[29]     ; 7.517 ; 7.517 ; 7.517 ; 7.517 ;
; A[26]      ; Out[30]     ; 7.524 ; 7.524 ; 7.524 ; 7.524 ;
; A[26]      ; Out[31]     ; 7.785 ; 7.785 ; 7.785 ; 7.785 ;
; A[26]      ; Overflow    ; 7.646 ; 7.646 ; 7.646 ; 7.646 ;
; A[27]      ; Out[27]     ; 6.511 ; 6.511 ; 6.511 ; 6.511 ;
; A[27]      ; Out[28]     ; 7.107 ; 7.107 ; 7.107 ; 7.107 ;
; A[27]      ; Out[29]     ; 7.399 ; 7.399 ; 7.399 ; 7.399 ;
; A[27]      ; Out[30]     ; 7.406 ; 7.406 ; 7.406 ; 7.406 ;
; A[27]      ; Out[31]     ; 7.667 ; 7.667 ; 7.667 ; 7.667 ;
; A[27]      ; Overflow    ; 7.450 ; 7.450 ; 7.450 ; 7.450 ;
; A[28]      ; Out[28]     ; 6.565 ; 6.565 ; 6.565 ; 6.565 ;
; A[28]      ; Out[29]     ; 7.410 ; 7.410 ; 7.410 ; 7.410 ;
; A[28]      ; Out[30]     ; 7.417 ; 7.417 ; 7.417 ; 7.417 ;
; A[28]      ; Out[31]     ; 7.678 ; 7.678 ; 7.678 ; 7.678 ;
; A[28]      ; Overflow    ; 7.539 ; 7.539 ; 7.539 ; 7.539 ;
; A[29]      ; Out[29]     ; 6.755 ; 6.755 ; 6.755 ; 6.755 ;
; A[29]      ; Out[30]     ; 7.179 ; 7.179 ; 7.179 ; 7.179 ;
; A[29]      ; Out[31]     ; 7.555 ; 7.555 ; 7.555 ; 7.555 ;
; A[29]      ; Overflow    ; 7.124 ; 7.124 ; 7.124 ; 7.124 ;
; A[30]      ; Out[30]     ; 6.866 ; 6.866 ; 6.866 ; 6.866 ;
; A[30]      ; Out[31]     ; 7.673 ; 7.673 ; 7.673 ; 7.673 ;
; A[30]      ; Overflow    ; 7.453 ; 7.453 ; 7.453 ; 7.453 ;
; A[31]      ; Out[31]     ; 6.718 ; 6.718 ; 6.718 ; 6.718 ;
; A[31]      ; Overflow    ; 6.111 ; 6.111 ; 6.111 ; 6.111 ;
; B[0]       ; Out[0]      ; 4.316 ; 4.936 ; 4.936 ; 4.316 ;
; B[0]       ; Out[1]      ; 4.650 ; 4.650 ; 4.650 ; 4.650 ;
; B[0]       ; Out[2]      ; 4.820 ; 4.820 ; 4.820 ; 4.820 ;
; B[0]       ; Out[3]      ; 5.038 ; 5.038 ; 5.038 ; 5.038 ;
; B[0]       ; Out[4]      ; 4.841 ; 4.841 ; 4.841 ; 4.841 ;
; B[0]       ; Out[5]      ; 5.064 ; 5.064 ; 5.064 ; 5.064 ;
; B[0]       ; Out[6]      ; 4.769 ; 4.769 ; 4.769 ; 4.769 ;
; B[0]       ; Out[7]      ; 5.112 ; 5.112 ; 5.112 ; 5.112 ;
; B[0]       ; Out[8]      ; 4.899 ; 4.899 ; 4.899 ; 4.899 ;
; B[0]       ; Out[9]      ; 5.516 ; 5.516 ; 5.516 ; 5.516 ;
; B[0]       ; Out[10]     ; 5.155 ; 5.155 ; 5.155 ; 5.155 ;
; B[0]       ; Out[11]     ; 5.398 ; 5.398 ; 5.398 ; 5.398 ;
; B[0]       ; Out[12]     ; 5.269 ; 5.269 ; 5.269 ; 5.269 ;
; B[0]       ; Out[13]     ; 5.233 ; 5.233 ; 5.233 ; 5.233 ;
; B[0]       ; Out[14]     ; 5.505 ; 5.505 ; 5.505 ; 5.505 ;
; B[0]       ; Out[15]     ; 5.417 ; 5.417 ; 5.417 ; 5.417 ;
; B[0]       ; Out[16]     ; 5.347 ; 5.347 ; 5.347 ; 5.347 ;
; B[0]       ; Out[17]     ; 5.824 ; 5.824 ; 5.824 ; 5.824 ;
; B[0]       ; Out[18]     ; 5.434 ; 5.434 ; 5.434 ; 5.434 ;
; B[0]       ; Out[19]     ; 5.265 ; 5.265 ; 5.265 ; 5.265 ;
; B[0]       ; Out[20]     ; 5.580 ; 5.580 ; 5.580 ; 5.580 ;
; B[0]       ; Out[21]     ; 5.562 ; 5.562 ; 5.562 ; 5.562 ;
; B[0]       ; Out[22]     ; 5.530 ; 5.530 ; 5.530 ; 5.530 ;
; B[0]       ; Out[23]     ; 5.652 ; 5.652 ; 5.652 ; 5.652 ;
; B[0]       ; Out[24]     ; 5.481 ; 5.481 ; 5.481 ; 5.481 ;
; B[0]       ; Out[25]     ; 5.976 ; 5.976 ; 5.976 ; 5.976 ;
; B[0]       ; Out[26]     ; 5.727 ; 5.727 ; 5.727 ; 5.727 ;
; B[0]       ; Out[27]     ; 6.254 ; 6.254 ; 6.254 ; 6.254 ;
; B[0]       ; Out[28]     ; 6.097 ; 6.097 ; 6.097 ; 6.097 ;
; B[0]       ; Out[29]     ; 6.280 ; 6.280 ; 6.280 ; 6.280 ;
; B[0]       ; Out[30]     ; 6.129 ; 6.129 ; 6.129 ; 6.129 ;
; B[0]       ; Out[31]     ; 6.505 ; 6.505 ; 6.505 ; 6.505 ;
; B[0]       ; Overflow    ; 6.038 ; 6.038 ; 6.038 ; 6.038 ;
; B[1]       ; Out[1]      ; 6.811 ; 6.811 ; 6.811 ; 6.811 ;
; B[1]       ; Out[2]      ; 7.427 ; 7.427 ; 7.427 ; 7.427 ;
; B[1]       ; Out[3]      ; 7.631 ; 7.631 ; 7.631 ; 7.631 ;
; B[1]       ; Out[4]      ; 7.434 ; 7.434 ; 7.434 ; 7.434 ;
; B[1]       ; Out[5]      ; 7.657 ; 7.657 ; 7.657 ; 7.657 ;
; B[1]       ; Out[6]      ; 7.362 ; 7.362 ; 7.362 ; 7.362 ;
; B[1]       ; Out[7]      ; 7.705 ; 7.705 ; 7.705 ; 7.705 ;
; B[1]       ; Out[8]      ; 7.492 ; 7.492 ; 7.492 ; 7.492 ;
; B[1]       ; Out[9]      ; 8.109 ; 8.109 ; 8.109 ; 8.109 ;
; B[1]       ; Out[10]     ; 7.748 ; 7.748 ; 7.748 ; 7.748 ;
; B[1]       ; Out[11]     ; 7.991 ; 7.991 ; 7.991 ; 7.991 ;
; B[1]       ; Out[12]     ; 7.862 ; 7.862 ; 7.862 ; 7.862 ;
; B[1]       ; Out[13]     ; 7.826 ; 7.826 ; 7.826 ; 7.826 ;
; B[1]       ; Out[14]     ; 8.098 ; 8.098 ; 8.098 ; 8.098 ;
; B[1]       ; Out[15]     ; 8.010 ; 8.010 ; 8.010 ; 8.010 ;
; B[1]       ; Out[16]     ; 7.940 ; 7.940 ; 7.940 ; 7.940 ;
; B[1]       ; Out[17]     ; 8.417 ; 8.417 ; 8.417 ; 8.417 ;
; B[1]       ; Out[18]     ; 8.027 ; 8.027 ; 8.027 ; 8.027 ;
; B[1]       ; Out[19]     ; 7.858 ; 7.858 ; 7.858 ; 7.858 ;
; B[1]       ; Out[20]     ; 8.173 ; 8.173 ; 8.173 ; 8.173 ;
; B[1]       ; Out[21]     ; 8.155 ; 8.155 ; 8.155 ; 8.155 ;
; B[1]       ; Out[22]     ; 8.123 ; 8.123 ; 8.123 ; 8.123 ;
; B[1]       ; Out[23]     ; 8.245 ; 8.245 ; 8.245 ; 8.245 ;
; B[1]       ; Out[24]     ; 8.074 ; 8.074 ; 8.074 ; 8.074 ;
; B[1]       ; Out[25]     ; 8.583 ; 8.583 ; 8.583 ; 8.583 ;
; B[1]       ; Out[26]     ; 8.320 ; 8.320 ; 8.320 ; 8.320 ;
; B[1]       ; Out[27]     ; 8.847 ; 8.847 ; 8.847 ; 8.847 ;
; B[1]       ; Out[28]     ; 8.690 ; 8.690 ; 8.690 ; 8.690 ;
; B[1]       ; Out[29]     ; 8.873 ; 8.873 ; 8.873 ; 8.873 ;
; B[1]       ; Out[30]     ; 8.722 ; 8.722 ; 8.722 ; 8.722 ;
; B[1]       ; Out[31]     ; 9.098 ; 9.098 ; 9.098 ; 9.098 ;
; B[1]       ; Overflow    ; 8.645 ; 8.645 ; 8.645 ; 8.645 ;
; B[2]       ; Out[2]      ; 6.602 ; 6.602 ; 6.602 ; 6.602 ;
; B[2]       ; Out[3]      ; 7.434 ; 7.434 ; 7.434 ; 7.434 ;
; B[2]       ; Out[4]      ; 7.237 ; 7.237 ; 7.237 ; 7.237 ;
; B[2]       ; Out[5]      ; 7.460 ; 7.460 ; 7.460 ; 7.460 ;
; B[2]       ; Out[6]      ; 7.165 ; 7.165 ; 7.165 ; 7.165 ;
; B[2]       ; Out[7]      ; 7.508 ; 7.508 ; 7.508 ; 7.508 ;
; B[2]       ; Out[8]      ; 7.295 ; 7.295 ; 7.295 ; 7.295 ;
; B[2]       ; Out[9]      ; 7.912 ; 7.912 ; 7.912 ; 7.912 ;
; B[2]       ; Out[10]     ; 7.551 ; 7.551 ; 7.551 ; 7.551 ;
; B[2]       ; Out[11]     ; 7.794 ; 7.794 ; 7.794 ; 7.794 ;
; B[2]       ; Out[12]     ; 7.665 ; 7.665 ; 7.665 ; 7.665 ;
; B[2]       ; Out[13]     ; 7.629 ; 7.629 ; 7.629 ; 7.629 ;
; B[2]       ; Out[14]     ; 7.901 ; 7.901 ; 7.901 ; 7.901 ;
; B[2]       ; Out[15]     ; 7.813 ; 7.813 ; 7.813 ; 7.813 ;
; B[2]       ; Out[16]     ; 7.743 ; 7.743 ; 7.743 ; 7.743 ;
; B[2]       ; Out[17]     ; 8.220 ; 8.220 ; 8.220 ; 8.220 ;
; B[2]       ; Out[18]     ; 7.830 ; 7.830 ; 7.830 ; 7.830 ;
; B[2]       ; Out[19]     ; 7.661 ; 7.661 ; 7.661 ; 7.661 ;
; B[2]       ; Out[20]     ; 7.976 ; 7.976 ; 7.976 ; 7.976 ;
; B[2]       ; Out[21]     ; 7.958 ; 7.958 ; 7.958 ; 7.958 ;
; B[2]       ; Out[22]     ; 7.926 ; 7.926 ; 7.926 ; 7.926 ;
; B[2]       ; Out[23]     ; 8.048 ; 8.048 ; 8.048 ; 8.048 ;
; B[2]       ; Out[24]     ; 7.877 ; 7.877 ; 7.877 ; 7.877 ;
; B[2]       ; Out[25]     ; 8.456 ; 8.456 ; 8.456 ; 8.456 ;
; B[2]       ; Out[26]     ; 8.123 ; 8.123 ; 8.123 ; 8.123 ;
; B[2]       ; Out[27]     ; 8.650 ; 8.650 ; 8.650 ; 8.650 ;
; B[2]       ; Out[28]     ; 8.493 ; 8.493 ; 8.493 ; 8.493 ;
; B[2]       ; Out[29]     ; 8.676 ; 8.676 ; 8.676 ; 8.676 ;
; B[2]       ; Out[30]     ; 8.525 ; 8.525 ; 8.525 ; 8.525 ;
; B[2]       ; Out[31]     ; 8.901 ; 8.901 ; 8.901 ; 8.901 ;
; B[2]       ; Overflow    ; 8.518 ; 8.518 ; 8.518 ; 8.518 ;
; B[3]       ; Out[3]      ; 6.688 ; 6.688 ; 6.688 ; 6.688 ;
; B[3]       ; Out[4]      ; 7.168 ; 7.168 ; 7.168 ; 7.168 ;
; B[3]       ; Out[5]      ; 7.391 ; 7.391 ; 7.391 ; 7.391 ;
; B[3]       ; Out[6]      ; 7.096 ; 7.096 ; 7.096 ; 7.096 ;
; B[3]       ; Out[7]      ; 7.439 ; 7.439 ; 7.439 ; 7.439 ;
; B[3]       ; Out[8]      ; 7.226 ; 7.226 ; 7.226 ; 7.226 ;
; B[3]       ; Out[9]      ; 7.843 ; 7.843 ; 7.843 ; 7.843 ;
; B[3]       ; Out[10]     ; 7.482 ; 7.482 ; 7.482 ; 7.482 ;
; B[3]       ; Out[11]     ; 7.725 ; 7.725 ; 7.725 ; 7.725 ;
; B[3]       ; Out[12]     ; 7.596 ; 7.596 ; 7.596 ; 7.596 ;
; B[3]       ; Out[13]     ; 7.560 ; 7.560 ; 7.560 ; 7.560 ;
; B[3]       ; Out[14]     ; 7.832 ; 7.832 ; 7.832 ; 7.832 ;
; B[3]       ; Out[15]     ; 7.744 ; 7.744 ; 7.744 ; 7.744 ;
; B[3]       ; Out[16]     ; 7.674 ; 7.674 ; 7.674 ; 7.674 ;
; B[3]       ; Out[17]     ; 8.151 ; 8.151 ; 8.151 ; 8.151 ;
; B[3]       ; Out[18]     ; 7.761 ; 7.761 ; 7.761 ; 7.761 ;
; B[3]       ; Out[19]     ; 7.592 ; 7.592 ; 7.592 ; 7.592 ;
; B[3]       ; Out[20]     ; 7.907 ; 7.907 ; 7.907 ; 7.907 ;
; B[3]       ; Out[21]     ; 7.889 ; 7.889 ; 7.889 ; 7.889 ;
; B[3]       ; Out[22]     ; 7.857 ; 7.857 ; 7.857 ; 7.857 ;
; B[3]       ; Out[23]     ; 7.979 ; 7.979 ; 7.979 ; 7.979 ;
; B[3]       ; Out[24]     ; 7.808 ; 7.808 ; 7.808 ; 7.808 ;
; B[3]       ; Out[25]     ; 8.336 ; 8.336 ; 8.336 ; 8.336 ;
; B[3]       ; Out[26]     ; 8.054 ; 8.054 ; 8.054 ; 8.054 ;
; B[3]       ; Out[27]     ; 8.581 ; 8.581 ; 8.581 ; 8.581 ;
; B[3]       ; Out[28]     ; 8.424 ; 8.424 ; 8.424 ; 8.424 ;
; B[3]       ; Out[29]     ; 8.607 ; 8.607 ; 8.607 ; 8.607 ;
; B[3]       ; Out[30]     ; 8.456 ; 8.456 ; 8.456 ; 8.456 ;
; B[3]       ; Out[31]     ; 8.832 ; 8.832 ; 8.832 ; 8.832 ;
; B[3]       ; Overflow    ; 8.398 ; 8.398 ; 8.398 ; 8.398 ;
; B[4]       ; Out[4]      ; 6.610 ; 6.610 ; 6.610 ; 6.610 ;
; B[4]       ; Out[5]      ; 7.374 ; 7.374 ; 7.374 ; 7.374 ;
; B[4]       ; Out[6]      ; 7.079 ; 7.079 ; 7.079 ; 7.079 ;
; B[4]       ; Out[7]      ; 7.422 ; 7.422 ; 7.422 ; 7.422 ;
; B[4]       ; Out[8]      ; 7.209 ; 7.209 ; 7.209 ; 7.209 ;
; B[4]       ; Out[9]      ; 7.826 ; 7.826 ; 7.826 ; 7.826 ;
; B[4]       ; Out[10]     ; 7.465 ; 7.465 ; 7.465 ; 7.465 ;
; B[4]       ; Out[11]     ; 7.708 ; 7.708 ; 7.708 ; 7.708 ;
; B[4]       ; Out[12]     ; 7.579 ; 7.579 ; 7.579 ; 7.579 ;
; B[4]       ; Out[13]     ; 7.543 ; 7.543 ; 7.543 ; 7.543 ;
; B[4]       ; Out[14]     ; 7.815 ; 7.815 ; 7.815 ; 7.815 ;
; B[4]       ; Out[15]     ; 7.727 ; 7.727 ; 7.727 ; 7.727 ;
; B[4]       ; Out[16]     ; 7.657 ; 7.657 ; 7.657 ; 7.657 ;
; B[4]       ; Out[17]     ; 8.134 ; 8.134 ; 8.134 ; 8.134 ;
; B[4]       ; Out[18]     ; 7.744 ; 7.744 ; 7.744 ; 7.744 ;
; B[4]       ; Out[19]     ; 7.575 ; 7.575 ; 7.575 ; 7.575 ;
; B[4]       ; Out[20]     ; 7.890 ; 7.890 ; 7.890 ; 7.890 ;
; B[4]       ; Out[21]     ; 7.872 ; 7.872 ; 7.872 ; 7.872 ;
; B[4]       ; Out[22]     ; 7.840 ; 7.840 ; 7.840 ; 7.840 ;
; B[4]       ; Out[23]     ; 7.962 ; 7.962 ; 7.962 ; 7.962 ;
; B[4]       ; Out[24]     ; 7.791 ; 7.791 ; 7.791 ; 7.791 ;
; B[4]       ; Out[25]     ; 8.309 ; 8.309 ; 8.309 ; 8.309 ;
; B[4]       ; Out[26]     ; 8.037 ; 8.037 ; 8.037 ; 8.037 ;
; B[4]       ; Out[27]     ; 8.564 ; 8.564 ; 8.564 ; 8.564 ;
; B[4]       ; Out[28]     ; 8.407 ; 8.407 ; 8.407 ; 8.407 ;
; B[4]       ; Out[29]     ; 8.590 ; 8.590 ; 8.590 ; 8.590 ;
; B[4]       ; Out[30]     ; 8.439 ; 8.439 ; 8.439 ; 8.439 ;
; B[4]       ; Out[31]     ; 8.815 ; 8.815 ; 8.815 ; 8.815 ;
; B[4]       ; Overflow    ; 8.371 ; 8.371 ; 8.371 ; 8.371 ;
; B[5]       ; Out[5]      ; 6.880 ; 6.880 ; 6.880 ; 6.880 ;
; B[5]       ; Out[6]      ; 7.019 ; 7.019 ; 7.019 ; 7.019 ;
; B[5]       ; Out[7]      ; 7.362 ; 7.362 ; 7.362 ; 7.362 ;
; B[5]       ; Out[8]      ; 7.149 ; 7.149 ; 7.149 ; 7.149 ;
; B[5]       ; Out[9]      ; 7.766 ; 7.766 ; 7.766 ; 7.766 ;
; B[5]       ; Out[10]     ; 7.405 ; 7.405 ; 7.405 ; 7.405 ;
; B[5]       ; Out[11]     ; 7.648 ; 7.648 ; 7.648 ; 7.648 ;
; B[5]       ; Out[12]     ; 7.519 ; 7.519 ; 7.519 ; 7.519 ;
; B[5]       ; Out[13]     ; 7.483 ; 7.483 ; 7.483 ; 7.483 ;
; B[5]       ; Out[14]     ; 7.755 ; 7.755 ; 7.755 ; 7.755 ;
; B[5]       ; Out[15]     ; 7.667 ; 7.667 ; 7.667 ; 7.667 ;
; B[5]       ; Out[16]     ; 7.597 ; 7.597 ; 7.597 ; 7.597 ;
; B[5]       ; Out[17]     ; 8.074 ; 8.074 ; 8.074 ; 8.074 ;
; B[5]       ; Out[18]     ; 7.684 ; 7.684 ; 7.684 ; 7.684 ;
; B[5]       ; Out[19]     ; 7.515 ; 7.515 ; 7.515 ; 7.515 ;
; B[5]       ; Out[20]     ; 7.830 ; 7.830 ; 7.830 ; 7.830 ;
; B[5]       ; Out[21]     ; 7.812 ; 7.812 ; 7.812 ; 7.812 ;
; B[5]       ; Out[22]     ; 7.780 ; 7.780 ; 7.780 ; 7.780 ;
; B[5]       ; Out[23]     ; 7.902 ; 7.902 ; 7.902 ; 7.902 ;
; B[5]       ; Out[24]     ; 7.731 ; 7.731 ; 7.731 ; 7.731 ;
; B[5]       ; Out[25]     ; 8.234 ; 8.234 ; 8.234 ; 8.234 ;
; B[5]       ; Out[26]     ; 7.977 ; 7.977 ; 7.977 ; 7.977 ;
; B[5]       ; Out[27]     ; 8.504 ; 8.504 ; 8.504 ; 8.504 ;
; B[5]       ; Out[28]     ; 8.347 ; 8.347 ; 8.347 ; 8.347 ;
; B[5]       ; Out[29]     ; 8.530 ; 8.530 ; 8.530 ; 8.530 ;
; B[5]       ; Out[30]     ; 8.379 ; 8.379 ; 8.379 ; 8.379 ;
; B[5]       ; Out[31]     ; 8.755 ; 8.755 ; 8.755 ; 8.755 ;
; B[5]       ; Overflow    ; 8.296 ; 8.296 ; 8.296 ; 8.296 ;
; B[6]       ; Out[6]      ; 6.469 ; 6.469 ; 6.469 ; 6.469 ;
; B[6]       ; Out[7]      ; 7.570 ; 7.570 ; 7.570 ; 7.570 ;
; B[6]       ; Out[8]      ; 7.357 ; 7.357 ; 7.357 ; 7.357 ;
; B[6]       ; Out[9]      ; 7.974 ; 7.974 ; 7.974 ; 7.974 ;
; B[6]       ; Out[10]     ; 7.613 ; 7.613 ; 7.613 ; 7.613 ;
; B[6]       ; Out[11]     ; 7.856 ; 7.856 ; 7.856 ; 7.856 ;
; B[6]       ; Out[12]     ; 7.727 ; 7.727 ; 7.727 ; 7.727 ;
; B[6]       ; Out[13]     ; 7.691 ; 7.691 ; 7.691 ; 7.691 ;
; B[6]       ; Out[14]     ; 7.963 ; 7.963 ; 7.963 ; 7.963 ;
; B[6]       ; Out[15]     ; 7.875 ; 7.875 ; 7.875 ; 7.875 ;
; B[6]       ; Out[16]     ; 7.805 ; 7.805 ; 7.805 ; 7.805 ;
; B[6]       ; Out[17]     ; 8.282 ; 8.282 ; 8.282 ; 8.282 ;
; B[6]       ; Out[18]     ; 7.892 ; 7.892 ; 7.892 ; 7.892 ;
; B[6]       ; Out[19]     ; 7.723 ; 7.723 ; 7.723 ; 7.723 ;
; B[6]       ; Out[20]     ; 8.038 ; 8.038 ; 8.038 ; 8.038 ;
; B[6]       ; Out[21]     ; 8.020 ; 8.020 ; 8.020 ; 8.020 ;
; B[6]       ; Out[22]     ; 7.988 ; 7.988 ; 7.988 ; 7.988 ;
; B[6]       ; Out[23]     ; 8.110 ; 8.110 ; 8.110 ; 8.110 ;
; B[6]       ; Out[24]     ; 7.939 ; 7.939 ; 7.939 ; 7.939 ;
; B[6]       ; Out[25]     ; 8.331 ; 8.331 ; 8.331 ; 8.331 ;
; B[6]       ; Out[26]     ; 8.185 ; 8.185 ; 8.185 ; 8.185 ;
; B[6]       ; Out[27]     ; 8.712 ; 8.712 ; 8.712 ; 8.712 ;
; B[6]       ; Out[28]     ; 8.555 ; 8.555 ; 8.555 ; 8.555 ;
; B[6]       ; Out[29]     ; 8.738 ; 8.738 ; 8.738 ; 8.738 ;
; B[6]       ; Out[30]     ; 8.587 ; 8.587 ; 8.587 ; 8.587 ;
; B[6]       ; Out[31]     ; 8.949 ; 8.949 ; 8.949 ; 8.949 ;
; B[6]       ; Overflow    ; 8.393 ; 8.393 ; 8.393 ; 8.393 ;
; B[7]       ; Out[7]      ; 6.894 ; 6.894 ; 6.894 ; 6.894 ;
; B[7]       ; Out[8]      ; 7.264 ; 7.264 ; 7.264 ; 7.264 ;
; B[7]       ; Out[9]      ; 7.881 ; 7.881 ; 7.881 ; 7.881 ;
; B[7]       ; Out[10]     ; 7.520 ; 7.520 ; 7.520 ; 7.520 ;
; B[7]       ; Out[11]     ; 7.763 ; 7.763 ; 7.763 ; 7.763 ;
; B[7]       ; Out[12]     ; 7.634 ; 7.634 ; 7.634 ; 7.634 ;
; B[7]       ; Out[13]     ; 7.598 ; 7.598 ; 7.598 ; 7.598 ;
; B[7]       ; Out[14]     ; 7.870 ; 7.870 ; 7.870 ; 7.870 ;
; B[7]       ; Out[15]     ; 7.782 ; 7.782 ; 7.782 ; 7.782 ;
; B[7]       ; Out[16]     ; 7.712 ; 7.712 ; 7.712 ; 7.712 ;
; B[7]       ; Out[17]     ; 8.189 ; 8.189 ; 8.189 ; 8.189 ;
; B[7]       ; Out[18]     ; 7.799 ; 7.799 ; 7.799 ; 7.799 ;
; B[7]       ; Out[19]     ; 7.630 ; 7.630 ; 7.630 ; 7.630 ;
; B[7]       ; Out[20]     ; 7.945 ; 7.945 ; 7.945 ; 7.945 ;
; B[7]       ; Out[21]     ; 7.927 ; 7.927 ; 7.927 ; 7.927 ;
; B[7]       ; Out[22]     ; 7.895 ; 7.895 ; 7.895 ; 7.895 ;
; B[7]       ; Out[23]     ; 8.017 ; 8.017 ; 8.017 ; 8.017 ;
; B[7]       ; Out[24]     ; 7.846 ; 7.846 ; 7.846 ; 7.846 ;
; B[7]       ; Out[25]     ; 8.220 ; 8.220 ; 8.220 ; 8.220 ;
; B[7]       ; Out[26]     ; 8.092 ; 8.092 ; 8.092 ; 8.092 ;
; B[7]       ; Out[27]     ; 8.619 ; 8.619 ; 8.619 ; 8.619 ;
; B[7]       ; Out[28]     ; 8.462 ; 8.462 ; 8.462 ; 8.462 ;
; B[7]       ; Out[29]     ; 8.645 ; 8.645 ; 8.645 ; 8.645 ;
; B[7]       ; Out[30]     ; 8.494 ; 8.494 ; 8.494 ; 8.494 ;
; B[7]       ; Out[31]     ; 8.838 ; 8.838 ; 8.838 ; 8.838 ;
; B[7]       ; Overflow    ; 8.282 ; 8.282 ; 8.282 ; 8.282 ;
; B[8]       ; Out[8]      ; 6.810 ; 6.810 ; 6.810 ; 6.810 ;
; B[8]       ; Out[9]      ; 7.913 ; 7.913 ; 7.913 ; 7.913 ;
; B[8]       ; Out[10]     ; 7.552 ; 7.552 ; 7.552 ; 7.552 ;
; B[8]       ; Out[11]     ; 7.795 ; 7.795 ; 7.795 ; 7.795 ;
; B[8]       ; Out[12]     ; 7.666 ; 7.666 ; 7.666 ; 7.666 ;
; B[8]       ; Out[13]     ; 7.630 ; 7.630 ; 7.630 ; 7.630 ;
; B[8]       ; Out[14]     ; 7.902 ; 7.902 ; 7.902 ; 7.902 ;
; B[8]       ; Out[15]     ; 7.814 ; 7.814 ; 7.814 ; 7.814 ;
; B[8]       ; Out[16]     ; 7.744 ; 7.744 ; 7.744 ; 7.744 ;
; B[8]       ; Out[17]     ; 8.221 ; 8.221 ; 8.221 ; 8.221 ;
; B[8]       ; Out[18]     ; 7.831 ; 7.831 ; 7.831 ; 7.831 ;
; B[8]       ; Out[19]     ; 7.662 ; 7.662 ; 7.662 ; 7.662 ;
; B[8]       ; Out[20]     ; 7.977 ; 7.977 ; 7.977 ; 7.977 ;
; B[8]       ; Out[21]     ; 7.959 ; 7.959 ; 7.959 ; 7.959 ;
; B[8]       ; Out[22]     ; 7.927 ; 7.927 ; 7.927 ; 7.927 ;
; B[8]       ; Out[23]     ; 8.049 ; 8.049 ; 8.049 ; 8.049 ;
; B[8]       ; Out[24]     ; 7.878 ; 7.878 ; 7.878 ; 7.878 ;
; B[8]       ; Out[25]     ; 8.387 ; 8.387 ; 8.387 ; 8.387 ;
; B[8]       ; Out[26]     ; 8.124 ; 8.124 ; 8.124 ; 8.124 ;
; B[8]       ; Out[27]     ; 8.651 ; 8.651 ; 8.651 ; 8.651 ;
; B[8]       ; Out[28]     ; 8.494 ; 8.494 ; 8.494 ; 8.494 ;
; B[8]       ; Out[29]     ; 8.677 ; 8.677 ; 8.677 ; 8.677 ;
; B[8]       ; Out[30]     ; 8.526 ; 8.526 ; 8.526 ; 8.526 ;
; B[8]       ; Out[31]     ; 8.902 ; 8.902 ; 8.902 ; 8.902 ;
; B[8]       ; Overflow    ; 8.449 ; 8.449 ; 8.449 ; 8.449 ;
; B[9]       ; Out[9]      ; 6.903 ; 6.903 ; 6.903 ; 6.903 ;
; B[9]       ; Out[10]     ; 7.454 ; 7.454 ; 7.454 ; 7.454 ;
; B[9]       ; Out[11]     ; 7.697 ; 7.697 ; 7.697 ; 7.697 ;
; B[9]       ; Out[12]     ; 7.568 ; 7.568 ; 7.568 ; 7.568 ;
; B[9]       ; Out[13]     ; 7.532 ; 7.532 ; 7.532 ; 7.532 ;
; B[9]       ; Out[14]     ; 7.804 ; 7.804 ; 7.804 ; 7.804 ;
; B[9]       ; Out[15]     ; 7.716 ; 7.716 ; 7.716 ; 7.716 ;
; B[9]       ; Out[16]     ; 7.646 ; 7.646 ; 7.646 ; 7.646 ;
; B[9]       ; Out[17]     ; 8.123 ; 8.123 ; 8.123 ; 8.123 ;
; B[9]       ; Out[18]     ; 7.733 ; 7.733 ; 7.733 ; 7.733 ;
; B[9]       ; Out[19]     ; 7.564 ; 7.564 ; 7.564 ; 7.564 ;
; B[9]       ; Out[20]     ; 7.879 ; 7.879 ; 7.879 ; 7.879 ;
; B[9]       ; Out[21]     ; 7.861 ; 7.861 ; 7.861 ; 7.861 ;
; B[9]       ; Out[22]     ; 7.829 ; 7.829 ; 7.829 ; 7.829 ;
; B[9]       ; Out[23]     ; 7.951 ; 7.951 ; 7.951 ; 7.951 ;
; B[9]       ; Out[24]     ; 7.780 ; 7.780 ; 7.780 ; 7.780 ;
; B[9]       ; Out[25]     ; 8.311 ; 8.311 ; 8.311 ; 8.311 ;
; B[9]       ; Out[26]     ; 8.026 ; 8.026 ; 8.026 ; 8.026 ;
; B[9]       ; Out[27]     ; 8.553 ; 8.553 ; 8.553 ; 8.553 ;
; B[9]       ; Out[28]     ; 8.396 ; 8.396 ; 8.396 ; 8.396 ;
; B[9]       ; Out[29]     ; 8.579 ; 8.579 ; 8.579 ; 8.579 ;
; B[9]       ; Out[30]     ; 8.428 ; 8.428 ; 8.428 ; 8.428 ;
; B[9]       ; Out[31]     ; 8.804 ; 8.804 ; 8.804 ; 8.804 ;
; B[9]       ; Overflow    ; 8.373 ; 8.373 ; 8.373 ; 8.373 ;
; B[10]      ; Out[10]     ; 6.502 ; 6.502 ; 6.502 ; 6.502 ;
; B[10]      ; Out[11]     ; 7.434 ; 7.434 ; 7.434 ; 7.434 ;
; B[10]      ; Out[12]     ; 7.305 ; 7.305 ; 7.305 ; 7.305 ;
; B[10]      ; Out[13]     ; 7.269 ; 7.269 ; 7.269 ; 7.269 ;
; B[10]      ; Out[14]     ; 7.541 ; 7.541 ; 7.541 ; 7.541 ;
; B[10]      ; Out[15]     ; 7.453 ; 7.453 ; 7.453 ; 7.453 ;
; B[10]      ; Out[16]     ; 7.383 ; 7.383 ; 7.383 ; 7.383 ;
; B[10]      ; Out[17]     ; 7.860 ; 7.860 ; 7.860 ; 7.860 ;
; B[10]      ; Out[18]     ; 7.470 ; 7.470 ; 7.470 ; 7.470 ;
; B[10]      ; Out[19]     ; 7.301 ; 7.301 ; 7.301 ; 7.301 ;
; B[10]      ; Out[20]     ; 7.616 ; 7.616 ; 7.616 ; 7.616 ;
; B[10]      ; Out[21]     ; 7.598 ; 7.598 ; 7.598 ; 7.598 ;
; B[10]      ; Out[22]     ; 7.566 ; 7.566 ; 7.566 ; 7.566 ;
; B[10]      ; Out[23]     ; 7.688 ; 7.688 ; 7.688 ; 7.688 ;
; B[10]      ; Out[24]     ; 7.517 ; 7.517 ; 7.517 ; 7.517 ;
; B[10]      ; Out[25]     ; 8.008 ; 8.008 ; 8.008 ; 8.008 ;
; B[10]      ; Out[26]     ; 7.763 ; 7.763 ; 7.763 ; 7.763 ;
; B[10]      ; Out[27]     ; 8.290 ; 8.290 ; 8.290 ; 8.290 ;
; B[10]      ; Out[28]     ; 8.133 ; 8.133 ; 8.133 ; 8.133 ;
; B[10]      ; Out[29]     ; 8.316 ; 8.316 ; 8.316 ; 8.316 ;
; B[10]      ; Out[30]     ; 8.165 ; 8.165 ; 8.165 ; 8.165 ;
; B[10]      ; Out[31]     ; 8.541 ; 8.541 ; 8.541 ; 8.541 ;
; B[10]      ; Overflow    ; 8.070 ; 8.070 ; 8.070 ; 8.070 ;
; B[11]      ; Out[11]     ; 6.740 ; 6.740 ; 6.740 ; 6.740 ;
; B[11]      ; Out[12]     ; 7.565 ; 7.565 ; 7.565 ; 7.565 ;
; B[11]      ; Out[13]     ; 7.529 ; 7.529 ; 7.529 ; 7.529 ;
; B[11]      ; Out[14]     ; 7.801 ; 7.801 ; 7.801 ; 7.801 ;
; B[11]      ; Out[15]     ; 7.713 ; 7.713 ; 7.713 ; 7.713 ;
; B[11]      ; Out[16]     ; 7.643 ; 7.643 ; 7.643 ; 7.643 ;
; B[11]      ; Out[17]     ; 8.090 ; 8.090 ; 8.090 ; 8.090 ;
; B[11]      ; Out[18]     ; 7.730 ; 7.730 ; 7.730 ; 7.730 ;
; B[11]      ; Out[19]     ; 7.561 ; 7.561 ; 7.561 ; 7.561 ;
; B[11]      ; Out[20]     ; 7.876 ; 7.876 ; 7.876 ; 7.876 ;
; B[11]      ; Out[21]     ; 7.858 ; 7.858 ; 7.858 ; 7.858 ;
; B[11]      ; Out[22]     ; 7.826 ; 7.826 ; 7.826 ; 7.826 ;
; B[11]      ; Out[23]     ; 7.948 ; 7.948 ; 7.948 ; 7.948 ;
; B[11]      ; Out[24]     ; 7.777 ; 7.777 ; 7.777 ; 7.777 ;
; B[11]      ; Out[25]     ; 8.099 ; 8.099 ; 8.099 ; 8.099 ;
; B[11]      ; Out[26]     ; 8.023 ; 8.023 ; 8.023 ; 8.023 ;
; B[11]      ; Out[27]     ; 8.550 ; 8.550 ; 8.550 ; 8.550 ;
; B[11]      ; Out[28]     ; 8.393 ; 8.393 ; 8.393 ; 8.393 ;
; B[11]      ; Out[29]     ; 8.576 ; 8.576 ; 8.576 ; 8.576 ;
; B[11]      ; Out[30]     ; 8.425 ; 8.425 ; 8.425 ; 8.425 ;
; B[11]      ; Out[31]     ; 8.717 ; 8.717 ; 8.717 ; 8.717 ;
; B[11]      ; Overflow    ; 8.161 ; 8.161 ; 8.161 ; 8.161 ;
; B[12]      ; Out[12]     ; 6.635 ; 6.635 ; 6.635 ; 6.635 ;
; B[12]      ; Out[13]     ; 7.308 ; 7.308 ; 7.308 ; 7.308 ;
; B[12]      ; Out[14]     ; 7.580 ; 7.580 ; 7.580 ; 7.580 ;
; B[12]      ; Out[15]     ; 7.492 ; 7.492 ; 7.492 ; 7.492 ;
; B[12]      ; Out[16]     ; 7.422 ; 7.422 ; 7.422 ; 7.422 ;
; B[12]      ; Out[17]     ; 7.899 ; 7.899 ; 7.899 ; 7.899 ;
; B[12]      ; Out[18]     ; 7.509 ; 7.509 ; 7.509 ; 7.509 ;
; B[12]      ; Out[19]     ; 7.340 ; 7.340 ; 7.340 ; 7.340 ;
; B[12]      ; Out[20]     ; 7.655 ; 7.655 ; 7.655 ; 7.655 ;
; B[12]      ; Out[21]     ; 7.637 ; 7.637 ; 7.637 ; 7.637 ;
; B[12]      ; Out[22]     ; 7.605 ; 7.605 ; 7.605 ; 7.605 ;
; B[12]      ; Out[23]     ; 7.727 ; 7.727 ; 7.727 ; 7.727 ;
; B[12]      ; Out[24]     ; 7.556 ; 7.556 ; 7.556 ; 7.556 ;
; B[12]      ; Out[25]     ; 8.091 ; 8.091 ; 8.091 ; 8.091 ;
; B[12]      ; Out[26]     ; 7.802 ; 7.802 ; 7.802 ; 7.802 ;
; B[12]      ; Out[27]     ; 8.329 ; 8.329 ; 8.329 ; 8.329 ;
; B[12]      ; Out[28]     ; 8.172 ; 8.172 ; 8.172 ; 8.172 ;
; B[12]      ; Out[29]     ; 8.355 ; 8.355 ; 8.355 ; 8.355 ;
; B[12]      ; Out[30]     ; 8.204 ; 8.204 ; 8.204 ; 8.204 ;
; B[12]      ; Out[31]     ; 8.580 ; 8.580 ; 8.580 ; 8.580 ;
; B[12]      ; Overflow    ; 8.153 ; 8.153 ; 8.153 ; 8.153 ;
; B[13]      ; Out[13]     ; 6.569 ; 6.569 ; 6.569 ; 6.569 ;
; B[13]      ; Out[14]     ; 7.673 ; 7.673 ; 7.673 ; 7.673 ;
; B[13]      ; Out[15]     ; 7.585 ; 7.585 ; 7.585 ; 7.585 ;
; B[13]      ; Out[16]     ; 7.515 ; 7.515 ; 7.515 ; 7.515 ;
; B[13]      ; Out[17]     ; 7.992 ; 7.992 ; 7.992 ; 7.992 ;
; B[13]      ; Out[18]     ; 7.602 ; 7.602 ; 7.602 ; 7.602 ;
; B[13]      ; Out[19]     ; 7.433 ; 7.433 ; 7.433 ; 7.433 ;
; B[13]      ; Out[20]     ; 7.748 ; 7.748 ; 7.748 ; 7.748 ;
; B[13]      ; Out[21]     ; 7.730 ; 7.730 ; 7.730 ; 7.730 ;
; B[13]      ; Out[22]     ; 7.698 ; 7.698 ; 7.698 ; 7.698 ;
; B[13]      ; Out[23]     ; 7.820 ; 7.820 ; 7.820 ; 7.820 ;
; B[13]      ; Out[24]     ; 7.649 ; 7.649 ; 7.649 ; 7.649 ;
; B[13]      ; Out[25]     ; 8.141 ; 8.141 ; 8.141 ; 8.141 ;
; B[13]      ; Out[26]     ; 7.895 ; 7.895 ; 7.895 ; 7.895 ;
; B[13]      ; Out[27]     ; 8.422 ; 8.422 ; 8.422 ; 8.422 ;
; B[13]      ; Out[28]     ; 8.265 ; 8.265 ; 8.265 ; 8.265 ;
; B[13]      ; Out[29]     ; 8.448 ; 8.448 ; 8.448 ; 8.448 ;
; B[13]      ; Out[30]     ; 8.297 ; 8.297 ; 8.297 ; 8.297 ;
; B[13]      ; Out[31]     ; 8.673 ; 8.673 ; 8.673 ; 8.673 ;
; B[13]      ; Overflow    ; 8.203 ; 8.203 ; 8.203 ; 8.203 ;
; B[14]      ; Out[14]     ; 6.657 ; 6.657 ; 6.657 ; 6.657 ;
; B[14]      ; Out[15]     ; 7.339 ; 7.339 ; 7.339 ; 7.339 ;
; B[14]      ; Out[16]     ; 7.269 ; 7.269 ; 7.269 ; 7.269 ;
; B[14]      ; Out[17]     ; 7.746 ; 7.746 ; 7.746 ; 7.746 ;
; B[14]      ; Out[18]     ; 7.356 ; 7.356 ; 7.356 ; 7.356 ;
; B[14]      ; Out[19]     ; 7.187 ; 7.187 ; 7.187 ; 7.187 ;
; B[14]      ; Out[20]     ; 7.502 ; 7.502 ; 7.502 ; 7.502 ;
; B[14]      ; Out[21]     ; 7.484 ; 7.484 ; 7.484 ; 7.484 ;
; B[14]      ; Out[22]     ; 7.452 ; 7.452 ; 7.452 ; 7.452 ;
; B[14]      ; Out[23]     ; 7.574 ; 7.574 ; 7.574 ; 7.574 ;
; B[14]      ; Out[24]     ; 7.403 ; 7.403 ; 7.403 ; 7.403 ;
; B[14]      ; Out[25]     ; 7.915 ; 7.915 ; 7.915 ; 7.915 ;
; B[14]      ; Out[26]     ; 7.649 ; 7.649 ; 7.649 ; 7.649 ;
; B[14]      ; Out[27]     ; 8.176 ; 8.176 ; 8.176 ; 8.176 ;
; B[14]      ; Out[28]     ; 8.019 ; 8.019 ; 8.019 ; 8.019 ;
; B[14]      ; Out[29]     ; 8.202 ; 8.202 ; 8.202 ; 8.202 ;
; B[14]      ; Out[30]     ; 8.051 ; 8.051 ; 8.051 ; 8.051 ;
; B[14]      ; Out[31]     ; 8.427 ; 8.427 ; 8.427 ; 8.427 ;
; B[14]      ; Overflow    ; 7.977 ; 7.977 ; 7.977 ; 7.977 ;
; B[15]      ; Out[15]     ; 6.801 ; 6.801 ; 6.801 ; 6.801 ;
; B[15]      ; Out[16]     ; 7.354 ; 7.354 ; 7.354 ; 7.354 ;
; B[15]      ; Out[17]     ; 7.831 ; 7.831 ; 7.831 ; 7.831 ;
; B[15]      ; Out[18]     ; 7.441 ; 7.441 ; 7.441 ; 7.441 ;
; B[15]      ; Out[19]     ; 7.272 ; 7.272 ; 7.272 ; 7.272 ;
; B[15]      ; Out[20]     ; 7.587 ; 7.587 ; 7.587 ; 7.587 ;
; B[15]      ; Out[21]     ; 7.569 ; 7.569 ; 7.569 ; 7.569 ;
; B[15]      ; Out[22]     ; 7.537 ; 7.537 ; 7.537 ; 7.537 ;
; B[15]      ; Out[23]     ; 7.659 ; 7.659 ; 7.659 ; 7.659 ;
; B[15]      ; Out[24]     ; 7.488 ; 7.488 ; 7.488 ; 7.488 ;
; B[15]      ; Out[25]     ; 8.082 ; 8.082 ; 8.082 ; 8.082 ;
; B[15]      ; Out[26]     ; 7.734 ; 7.734 ; 7.734 ; 7.734 ;
; B[15]      ; Out[27]     ; 8.261 ; 8.261 ; 8.261 ; 8.261 ;
; B[15]      ; Out[28]     ; 8.104 ; 8.104 ; 8.104 ; 8.104 ;
; B[15]      ; Out[29]     ; 8.287 ; 8.287 ; 8.287 ; 8.287 ;
; B[15]      ; Out[30]     ; 8.136 ; 8.136 ; 8.136 ; 8.136 ;
; B[15]      ; Out[31]     ; 8.512 ; 8.512 ; 8.512 ; 8.512 ;
; B[15]      ; Overflow    ; 8.197 ; 8.197 ; 8.197 ; 8.197 ;
; B[16]      ; Out[16]     ; 6.398 ; 6.398 ; 6.398 ; 6.398 ;
; B[16]      ; Out[17]     ; 7.685 ; 7.685 ; 7.685 ; 7.685 ;
; B[16]      ; Out[18]     ; 7.295 ; 7.295 ; 7.295 ; 7.295 ;
; B[16]      ; Out[19]     ; 7.126 ; 7.126 ; 7.126 ; 7.126 ;
; B[16]      ; Out[20]     ; 7.441 ; 7.441 ; 7.441 ; 7.441 ;
; B[16]      ; Out[21]     ; 7.423 ; 7.423 ; 7.423 ; 7.423 ;
; B[16]      ; Out[22]     ; 7.391 ; 7.391 ; 7.391 ; 7.391 ;
; B[16]      ; Out[23]     ; 7.513 ; 7.513 ; 7.513 ; 7.513 ;
; B[16]      ; Out[24]     ; 7.342 ; 7.342 ; 7.342 ; 7.342 ;
; B[16]      ; Out[25]     ; 7.936 ; 7.936 ; 7.936 ; 7.936 ;
; B[16]      ; Out[26]     ; 7.588 ; 7.588 ; 7.588 ; 7.588 ;
; B[16]      ; Out[27]     ; 8.115 ; 8.115 ; 8.115 ; 8.115 ;
; B[16]      ; Out[28]     ; 7.958 ; 7.958 ; 7.958 ; 7.958 ;
; B[16]      ; Out[29]     ; 8.141 ; 8.141 ; 8.141 ; 8.141 ;
; B[16]      ; Out[30]     ; 7.990 ; 7.990 ; 7.990 ; 7.990 ;
; B[16]      ; Out[31]     ; 8.366 ; 8.366 ; 8.366 ; 8.366 ;
; B[16]      ; Overflow    ; 8.054 ; 8.054 ; 8.054 ; 8.054 ;
; B[17]      ; Out[17]     ; 6.665 ; 6.665 ; 6.665 ; 6.665 ;
; B[17]      ; Out[18]     ; 7.218 ; 7.218 ; 7.218 ; 7.218 ;
; B[17]      ; Out[19]     ; 7.049 ; 7.049 ; 7.049 ; 7.049 ;
; B[17]      ; Out[20]     ; 7.364 ; 7.364 ; 7.364 ; 7.364 ;
; B[17]      ; Out[21]     ; 7.346 ; 7.346 ; 7.346 ; 7.346 ;
; B[17]      ; Out[22]     ; 7.314 ; 7.314 ; 7.314 ; 7.314 ;
; B[17]      ; Out[23]     ; 7.436 ; 7.436 ; 7.436 ; 7.436 ;
; B[17]      ; Out[24]     ; 7.265 ; 7.265 ; 7.265 ; 7.265 ;
; B[17]      ; Out[25]     ; 7.788 ; 7.788 ; 7.788 ; 7.788 ;
; B[17]      ; Out[26]     ; 7.511 ; 7.511 ; 7.511 ; 7.511 ;
; B[17]      ; Out[27]     ; 8.038 ; 8.038 ; 8.038 ; 8.038 ;
; B[17]      ; Out[28]     ; 7.881 ; 7.881 ; 7.881 ; 7.881 ;
; B[17]      ; Out[29]     ; 8.064 ; 8.064 ; 8.064 ; 8.064 ;
; B[17]      ; Out[30]     ; 7.913 ; 7.913 ; 7.913 ; 7.913 ;
; B[17]      ; Out[31]     ; 8.289 ; 8.289 ; 8.289 ; 8.289 ;
; B[17]      ; Overflow    ; 7.850 ; 7.850 ; 7.850 ; 7.850 ;
; B[18]      ; Out[18]     ; 6.657 ; 6.657 ; 6.657 ; 6.657 ;
; B[18]      ; Out[19]     ; 7.142 ; 7.142 ; 7.142 ; 7.142 ;
; B[18]      ; Out[20]     ; 7.457 ; 7.457 ; 7.457 ; 7.457 ;
; B[18]      ; Out[21]     ; 7.439 ; 7.439 ; 7.439 ; 7.439 ;
; B[18]      ; Out[22]     ; 7.407 ; 7.407 ; 7.407 ; 7.407 ;
; B[18]      ; Out[23]     ; 7.529 ; 7.529 ; 7.529 ; 7.529 ;
; B[18]      ; Out[24]     ; 7.358 ; 7.358 ; 7.358 ; 7.358 ;
; B[18]      ; Out[25]     ; 7.779 ; 7.779 ; 7.779 ; 7.779 ;
; B[18]      ; Out[26]     ; 7.604 ; 7.604 ; 7.604 ; 7.604 ;
; B[18]      ; Out[27]     ; 8.131 ; 8.131 ; 8.131 ; 8.131 ;
; B[18]      ; Out[28]     ; 7.974 ; 7.974 ; 7.974 ; 7.974 ;
; B[18]      ; Out[29]     ; 8.157 ; 8.157 ; 8.157 ; 8.157 ;
; B[18]      ; Out[30]     ; 8.006 ; 8.006 ; 8.006 ; 8.006 ;
; B[18]      ; Out[31]     ; 8.382 ; 8.382 ; 8.382 ; 8.382 ;
; B[18]      ; Overflow    ; 7.841 ; 7.841 ; 7.841 ; 7.841 ;
; B[19]      ; Out[19]     ; 6.290 ; 6.290 ; 6.290 ; 6.290 ;
; B[19]      ; Out[20]     ; 7.194 ; 7.194 ; 7.194 ; 7.194 ;
; B[19]      ; Out[21]     ; 7.176 ; 7.176 ; 7.176 ; 7.176 ;
; B[19]      ; Out[22]     ; 7.144 ; 7.144 ; 7.144 ; 7.144 ;
; B[19]      ; Out[23]     ; 7.266 ; 7.266 ; 7.266 ; 7.266 ;
; B[19]      ; Out[24]     ; 7.095 ; 7.095 ; 7.095 ; 7.095 ;
; B[19]      ; Out[25]     ; 7.620 ; 7.620 ; 7.620 ; 7.620 ;
; B[19]      ; Out[26]     ; 7.341 ; 7.341 ; 7.341 ; 7.341 ;
; B[19]      ; Out[27]     ; 7.868 ; 7.868 ; 7.868 ; 7.868 ;
; B[19]      ; Out[28]     ; 7.711 ; 7.711 ; 7.711 ; 7.711 ;
; B[19]      ; Out[29]     ; 7.894 ; 7.894 ; 7.894 ; 7.894 ;
; B[19]      ; Out[30]     ; 7.743 ; 7.743 ; 7.743 ; 7.743 ;
; B[19]      ; Out[31]     ; 8.119 ; 8.119 ; 8.119 ; 8.119 ;
; B[19]      ; Overflow    ; 7.682 ; 7.682 ; 7.682 ; 7.682 ;
; B[20]      ; Out[20]     ; 6.580 ; 6.580 ; 6.580 ; 6.580 ;
; B[20]      ; Out[21]     ; 7.291 ; 7.291 ; 7.291 ; 7.291 ;
; B[20]      ; Out[22]     ; 7.259 ; 7.259 ; 7.259 ; 7.259 ;
; B[20]      ; Out[23]     ; 7.381 ; 7.381 ; 7.381 ; 7.381 ;
; B[20]      ; Out[24]     ; 7.210 ; 7.210 ; 7.210 ; 7.210 ;
; B[20]      ; Out[25]     ; 7.734 ; 7.734 ; 7.734 ; 7.734 ;
; B[20]      ; Out[26]     ; 7.456 ; 7.456 ; 7.456 ; 7.456 ;
; B[20]      ; Out[27]     ; 7.983 ; 7.983 ; 7.983 ; 7.983 ;
; B[20]      ; Out[28]     ; 7.826 ; 7.826 ; 7.826 ; 7.826 ;
; B[20]      ; Out[29]     ; 8.009 ; 8.009 ; 8.009 ; 8.009 ;
; B[20]      ; Out[30]     ; 7.858 ; 7.858 ; 7.858 ; 7.858 ;
; B[20]      ; Out[31]     ; 8.234 ; 8.234 ; 8.234 ; 8.234 ;
; B[20]      ; Overflow    ; 7.796 ; 7.796 ; 7.796 ; 7.796 ;
; B[21]      ; Out[21]     ; 6.490 ; 6.490 ; 6.490 ; 6.490 ;
; B[21]      ; Out[22]     ; 7.270 ; 7.270 ; 7.270 ; 7.270 ;
; B[21]      ; Out[23]     ; 7.392 ; 7.392 ; 7.392 ; 7.392 ;
; B[21]      ; Out[24]     ; 7.221 ; 7.221 ; 7.221 ; 7.221 ;
; B[21]      ; Out[25]     ; 7.550 ; 7.550 ; 7.550 ; 7.550 ;
; B[21]      ; Out[26]     ; 7.467 ; 7.467 ; 7.467 ; 7.467 ;
; B[21]      ; Out[27]     ; 7.994 ; 7.994 ; 7.994 ; 7.994 ;
; B[21]      ; Out[28]     ; 7.837 ; 7.837 ; 7.837 ; 7.837 ;
; B[21]      ; Out[29]     ; 8.020 ; 8.020 ; 8.020 ; 8.020 ;
; B[21]      ; Out[30]     ; 7.869 ; 7.869 ; 7.869 ; 7.869 ;
; B[21]      ; Out[31]     ; 8.168 ; 8.168 ; 8.168 ; 8.168 ;
; B[21]      ; Overflow    ; 7.612 ; 7.612 ; 7.612 ; 7.612 ;
; B[22]      ; Out[22]     ; 6.610 ; 6.610 ; 6.610 ; 6.610 ;
; B[22]      ; Out[23]     ; 7.202 ; 7.202 ; 7.202 ; 7.202 ;
; B[22]      ; Out[24]     ; 7.031 ; 7.031 ; 7.031 ; 7.031 ;
; B[22]      ; Out[25]     ; 7.541 ; 7.541 ; 7.541 ; 7.541 ;
; B[22]      ; Out[26]     ; 7.277 ; 7.277 ; 7.277 ; 7.277 ;
; B[22]      ; Out[27]     ; 7.804 ; 7.804 ; 7.804 ; 7.804 ;
; B[22]      ; Out[28]     ; 7.647 ; 7.647 ; 7.647 ; 7.647 ;
; B[22]      ; Out[29]     ; 7.830 ; 7.830 ; 7.830 ; 7.830 ;
; B[22]      ; Out[30]     ; 7.679 ; 7.679 ; 7.679 ; 7.679 ;
; B[22]      ; Out[31]     ; 8.055 ; 8.055 ; 8.055 ; 8.055 ;
; B[22]      ; Overflow    ; 7.603 ; 7.603 ; 7.603 ; 7.603 ;
; B[23]      ; Out[23]     ; 6.633 ; 6.633 ; 6.633 ; 6.633 ;
; B[23]      ; Out[24]     ; 6.943 ; 6.943 ; 6.943 ; 6.943 ;
; B[23]      ; Out[25]     ; 7.487 ; 7.487 ; 7.487 ; 7.487 ;
; B[23]      ; Out[26]     ; 7.189 ; 7.189 ; 7.189 ; 7.189 ;
; B[23]      ; Out[27]     ; 7.716 ; 7.716 ; 7.716 ; 7.716 ;
; B[23]      ; Out[28]     ; 7.559 ; 7.559 ; 7.559 ; 7.559 ;
; B[23]      ; Out[29]     ; 7.742 ; 7.742 ; 7.742 ; 7.742 ;
; B[23]      ; Out[30]     ; 7.591 ; 7.591 ; 7.591 ; 7.591 ;
; B[23]      ; Out[31]     ; 7.967 ; 7.967 ; 7.967 ; 7.967 ;
; B[23]      ; Overflow    ; 7.549 ; 7.549 ; 7.549 ; 7.549 ;
; B[24]      ; Out[24]     ; 6.429 ; 6.429 ; 6.429 ; 6.429 ;
; B[24]      ; Out[25]     ; 7.397 ; 7.397 ; 7.397 ; 7.397 ;
; B[24]      ; Out[26]     ; 7.130 ; 7.130 ; 7.130 ; 7.130 ;
; B[24]      ; Out[27]     ; 7.657 ; 7.657 ; 7.657 ; 7.657 ;
; B[24]      ; Out[28]     ; 7.500 ; 7.500 ; 7.500 ; 7.500 ;
; B[24]      ; Out[29]     ; 7.683 ; 7.683 ; 7.683 ; 7.683 ;
; B[24]      ; Out[30]     ; 7.532 ; 7.532 ; 7.532 ; 7.532 ;
; B[24]      ; Out[31]     ; 7.908 ; 7.908 ; 7.908 ; 7.908 ;
; B[24]      ; Overflow    ; 7.459 ; 7.459 ; 7.459 ; 7.459 ;
; B[25]      ; Out[25]     ; 7.086 ; 7.086 ; 7.086 ; 7.086 ;
; B[25]      ; Out[26]     ; 7.307 ; 7.307 ; 7.307 ; 7.307 ;
; B[25]      ; Out[27]     ; 7.834 ; 7.834 ; 7.834 ; 7.834 ;
; B[25]      ; Out[28]     ; 7.677 ; 7.677 ; 7.677 ; 7.677 ;
; B[25]      ; Out[29]     ; 7.860 ; 7.860 ; 7.860 ; 7.860 ;
; B[25]      ; Out[30]     ; 7.709 ; 7.709 ; 7.709 ; 7.709 ;
; B[25]      ; Out[31]     ; 8.082 ; 8.082 ; 8.082 ; 8.082 ;
; B[25]      ; Overflow    ; 7.526 ; 7.526 ; 7.526 ; 7.526 ;
; B[26]      ; Out[26]     ; 6.543 ; 6.543 ; 6.543 ; 6.543 ;
; B[26]      ; Out[27]     ; 7.559 ; 7.559 ; 7.559 ; 7.559 ;
; B[26]      ; Out[28]     ; 7.402 ; 7.402 ; 7.402 ; 7.402 ;
; B[26]      ; Out[29]     ; 7.585 ; 7.585 ; 7.585 ; 7.585 ;
; B[26]      ; Out[30]     ; 7.434 ; 7.434 ; 7.434 ; 7.434 ;
; B[26]      ; Out[31]     ; 7.810 ; 7.810 ; 7.810 ; 7.810 ;
; B[26]      ; Overflow    ; 7.363 ; 7.363 ; 7.363 ; 7.363 ;
; B[27]      ; Out[27]     ; 6.884 ; 6.884 ; 6.884 ; 6.884 ;
; B[27]      ; Out[28]     ; 7.533 ; 7.533 ; 7.533 ; 7.533 ;
; B[27]      ; Out[29]     ; 7.716 ; 7.716 ; 7.716 ; 7.716 ;
; B[27]      ; Out[30]     ; 7.565 ; 7.565 ; 7.565 ; 7.565 ;
; B[27]      ; Out[31]     ; 7.941 ; 7.941 ; 7.941 ; 7.941 ;
; B[27]      ; Overflow    ; 7.409 ; 7.409 ; 7.409 ; 7.409 ;
; B[28]      ; Out[28]     ; 6.502 ; 6.502 ; 6.502 ; 6.502 ;
; B[28]      ; Out[29]     ; 7.559 ; 7.559 ; 7.559 ; 7.559 ;
; B[28]      ; Out[30]     ; 7.408 ; 7.408 ; 7.408 ; 7.408 ;
; B[28]      ; Out[31]     ; 7.784 ; 7.784 ; 7.784 ; 7.784 ;
; B[28]      ; Overflow    ; 7.344 ; 7.344 ; 7.344 ; 7.344 ;
; B[29]      ; Out[29]     ; 6.759 ; 6.759 ; 6.759 ; 6.759 ;
; B[29]      ; Out[30]     ; 7.582 ; 7.582 ; 7.582 ; 7.582 ;
; B[29]      ; Out[31]     ; 7.891 ; 7.891 ; 7.891 ; 7.891 ;
; B[29]      ; Overflow    ; 7.335 ; 7.335 ; 7.335 ; 7.335 ;
; B[30]      ; Out[30]     ; 6.530 ; 6.530 ; 6.530 ; 6.530 ;
; B[30]      ; Out[31]     ; 7.863 ; 7.863 ; 7.863 ; 7.863 ;
; B[30]      ; Overflow    ; 7.521 ; 7.521 ; 7.521 ; 7.521 ;
; B[31]      ; Out[31]     ; 6.866 ; 6.866 ; 6.866 ; 6.866 ;
; B[31]      ; Overflow    ; 6.556 ; 6.556 ; 6.556 ; 6.556 ;
; M          ; Out[0]      ; 6.413 ; 6.413 ; 6.413 ; 6.413 ;
; M          ; Out[1]      ; 6.492 ; 6.492 ; 6.492 ; 6.492 ;
; M          ; Out[2]      ; 6.232 ; 6.232 ; 6.232 ; 6.232 ;
; M          ; Out[3]      ; 6.367 ; 6.367 ; 6.367 ; 6.367 ;
; M          ; Out[4]      ; 6.270 ; 6.270 ; 6.270 ; 6.270 ;
; M          ; Out[5]      ; 6.618 ; 6.618 ; 6.618 ; 6.618 ;
; M          ; Out[6]      ; 6.260 ; 6.260 ; 6.260 ; 6.260 ;
; M          ; Out[7]      ; 6.589 ; 6.589 ; 6.589 ; 6.589 ;
; M          ; Out[8]      ; 6.242 ; 6.242 ; 6.242 ; 6.242 ;
; M          ; Out[9]      ; 6.471 ; 6.471 ; 6.471 ; 6.471 ;
; M          ; Out[10]     ; 6.453 ; 6.453 ; 6.453 ; 6.453 ;
; M          ; Out[11]     ; 6.610 ; 6.610 ; 6.610 ; 6.610 ;
; M          ; Out[12]     ; 6.486 ; 6.486 ; 6.486 ; 6.486 ;
; M          ; Out[13]     ; 6.096 ; 6.096 ; 6.096 ; 6.096 ;
; M          ; Out[14]     ; 6.458 ; 6.458 ; 6.458 ; 6.458 ;
; M          ; Out[15]     ; 6.305 ; 6.305 ; 6.305 ; 6.305 ;
; M          ; Out[16]     ; 5.814 ; 5.814 ; 5.814 ; 5.814 ;
; M          ; Out[17]     ; 6.106 ; 6.106 ; 6.106 ; 6.106 ;
; M          ; Out[18]     ; 5.930 ; 5.930 ; 5.930 ; 5.930 ;
; M          ; Out[19]     ; 5.968 ; 5.968 ; 5.968 ; 5.968 ;
; M          ; Out[20]     ; 6.219 ; 6.219 ; 6.219 ; 6.219 ;
; M          ; Out[21]     ; 6.218 ; 6.218 ; 6.218 ; 6.218 ;
; M          ; Out[22]     ; 6.484 ; 6.484 ; 6.484 ; 6.484 ;
; M          ; Out[23]     ; 6.574 ; 6.574 ; 6.574 ; 6.574 ;
; M          ; Out[24]     ; 6.277 ; 6.277 ; 6.277 ; 6.277 ;
; M          ; Out[25]     ; 6.447 ; 6.447 ; 6.447 ; 6.447 ;
; M          ; Out[26]     ; 6.643 ; 6.643 ; 6.643 ; 6.643 ;
; M          ; Out[27]     ; 6.495 ; 6.495 ; 6.495 ; 6.495 ;
; M          ; Out[28]     ; 6.079 ; 6.079 ; 6.079 ; 6.079 ;
; M          ; Out[29]     ; 6.458 ; 6.458 ; 6.458 ; 6.458 ;
; M          ; Out[30]     ; 6.450 ; 6.450 ; 6.450 ; 6.450 ;
; M          ; Out[31]     ; 6.722 ; 6.722 ; 6.722 ; 6.722 ;
; M          ; Overflow    ; 6.403 ;       ;       ; 6.403 ;
; S0         ; Out[0]      ; 6.600 ; 6.600 ; 6.600 ; 6.600 ;
; S0         ; Out[1]      ; 6.686 ; 6.686 ; 6.686 ; 6.686 ;
; S0         ; Out[2]      ; 6.702 ; 6.702 ; 6.702 ; 6.702 ;
; S0         ; Out[3]      ; 6.856 ; 6.856 ; 6.856 ; 6.856 ;
; S0         ; Out[4]      ; 6.824 ; 6.824 ; 6.824 ; 6.824 ;
; S0         ; Out[5]      ; 6.896 ; 6.896 ; 6.896 ; 6.896 ;
; S0         ; Out[6]      ; 6.601 ; 6.601 ; 6.601 ; 6.601 ;
; S0         ; Out[7]      ; 6.773 ; 6.773 ; 6.773 ; 6.773 ;
; S0         ; Out[8]      ; 6.582 ; 6.582 ; 6.582 ; 6.582 ;
; S0         ; Out[9]      ; 6.845 ; 6.845 ; 6.845 ; 6.845 ;
; S0         ; Out[10]     ; 6.316 ; 6.316 ; 6.316 ; 6.316 ;
; S0         ; Out[11]     ; 6.469 ; 6.469 ; 6.469 ; 6.469 ;
; S0         ; Out[12]     ; 6.323 ; 6.323 ; 6.323 ; 6.323 ;
; S0         ; Out[13]     ; 6.493 ; 6.493 ; 6.493 ; 6.493 ;
; S0         ; Out[14]     ; 6.848 ; 6.848 ; 6.848 ; 6.848 ;
; S0         ; Out[15]     ; 6.704 ; 6.704 ; 6.704 ; 6.704 ;
; S0         ; Out[16]     ; 6.212 ; 6.212 ; 6.212 ; 6.212 ;
; S0         ; Out[17]     ; 6.511 ; 6.511 ; 6.511 ; 6.511 ;
; S0         ; Out[18]     ; 6.252 ; 6.252 ; 6.252 ; 6.252 ;
; S0         ; Out[19]     ; 6.138 ; 6.138 ; 6.138 ; 6.138 ;
; S0         ; Out[20]     ; 6.518 ; 6.518 ; 6.518 ; 6.518 ;
; S0         ; Out[21]     ; 6.637 ; 6.637 ; 6.637 ; 6.637 ;
; S0         ; Out[22]     ; 6.600 ; 6.600 ; 6.600 ; 6.600 ;
; S0         ; Out[23]     ; 6.692 ; 6.692 ; 6.692 ; 6.692 ;
; S0         ; Out[24]     ; 6.459 ; 6.459 ; 6.459 ; 6.459 ;
; S0         ; Out[25]     ; 6.756 ; 6.756 ; 6.756 ; 6.756 ;
; S0         ; Out[26]     ; 6.595 ; 6.595 ; 6.595 ; 6.595 ;
; S0         ; Out[27]     ; 6.707 ; 6.707 ; 6.707 ; 6.707 ;
; S0         ; Out[28]     ; 6.410 ; 6.410 ; 6.410 ; 6.410 ;
; S0         ; Out[29]     ; 6.771 ; 6.771 ; 6.771 ; 6.771 ;
; S0         ; Out[30]     ; 6.283 ; 6.283 ; 6.283 ; 6.283 ;
; S0         ; Out[31]     ; 6.844 ; 6.844 ; 6.844 ; 6.844 ;
; S0         ; Overflow    ; 6.729 ; 6.729 ; 6.729 ; 6.729 ;
; S1         ; Out[0]      ; 6.690 ; 6.690 ; 6.690 ; 6.690 ;
; S1         ; Out[1]      ; 6.740 ; 6.740 ; 6.740 ; 6.740 ;
; S1         ; Out[2]      ; 6.530 ; 6.530 ; 6.530 ; 6.530 ;
; S1         ; Out[3]      ; 6.657 ; 6.657 ; 6.657 ; 6.657 ;
; S1         ; Out[4]      ; 6.572 ; 6.572 ; 6.572 ; 6.572 ;
; S1         ; Out[5]      ; 6.952 ; 6.952 ; 6.952 ; 6.952 ;
; S1         ; Out[6]      ; 6.782 ; 6.782 ; 6.782 ; 6.782 ;
; S1         ; Out[7]      ; 6.844 ; 6.844 ; 6.844 ; 6.844 ;
; S1         ; Out[8]      ; 6.640 ; 6.640 ; 6.640 ; 6.640 ;
; S1         ; Out[9]      ; 6.708 ; 6.708 ; 6.708 ; 6.708 ;
; S1         ; Out[10]     ; 6.721 ; 6.721 ; 6.721 ; 6.721 ;
; S1         ; Out[11]     ; 6.669 ; 6.669 ; 6.669 ; 6.669 ;
; S1         ; Out[12]     ; 6.617 ; 6.617 ; 6.617 ; 6.617 ;
; S1         ; Out[13]     ; 6.429 ; 6.429 ; 6.429 ; 6.429 ;
; S1         ; Out[14]     ; 6.722 ; 6.722 ; 6.722 ; 6.722 ;
; S1         ; Out[15]     ; 6.650 ; 6.650 ; 6.650 ; 6.650 ;
; S1         ; Out[16]     ; 6.398 ; 6.398 ; 6.398 ; 6.398 ;
; S1         ; Out[17]     ; 6.766 ; 6.766 ; 6.766 ; 6.766 ;
; S1         ; Out[18]     ; 6.513 ; 6.513 ; 6.513 ; 6.513 ;
; S1         ; Out[19]     ; 6.350 ; 6.350 ; 6.350 ; 6.350 ;
; S1         ; Out[20]     ; 6.720 ; 6.720 ; 6.720 ; 6.720 ;
; S1         ; Out[21]     ; 6.730 ; 6.730 ; 6.730 ; 6.730 ;
; S1         ; Out[22]     ; 6.784 ; 6.784 ; 6.784 ; 6.784 ;
; S1         ; Out[23]     ; 6.862 ; 6.862 ; 6.862 ; 6.862 ;
; S1         ; Out[24]     ; 6.640 ; 6.640 ; 6.640 ; 6.640 ;
; S1         ; Out[25]     ; 6.611 ; 6.611 ; 6.611 ; 6.611 ;
; S1         ; Out[26]     ; 6.751 ; 6.751 ; 6.751 ; 6.751 ;
; S1         ; Out[27]     ; 6.731 ; 6.731 ; 6.731 ; 6.731 ;
; S1         ; Out[28]     ; 6.673 ; 6.673 ; 6.673 ; 6.673 ;
; S1         ; Out[29]     ; 6.840 ; 6.840 ; 6.840 ; 6.840 ;
; S1         ; Out[30]     ; 6.693 ; 6.693 ; 6.693 ; 6.693 ;
; S1         ; Out[31]     ; 6.784 ; 6.784 ; 6.784 ; 6.784 ;
; S1         ; Overflow    ; 6.340 ; 6.340 ; 6.340 ; 6.340 ;
+------------+-------------+-------+-------+-------+-------+


+----------------------------------------------------------------------------+
; Multicorner Timing Analysis Summary                                        ;
+------------------+-------+------+----------+---------+---------------------+
; Clock            ; Setup ; Hold ; Recovery ; Removal ; Minimum Pulse Width ;
+------------------+-------+------+----------+---------+---------------------+
; Worst-case Slack ; N/A   ; N/A  ; N/A      ; N/A     ; N/A                 ;
; Design-wide TNS  ; 0.0   ; 0.0  ; 0.0      ; 0.0     ; 0.0                 ;
+------------------+-------+------+----------+---------+---------------------+


+--------------------------------------------------------------+
; Progagation Delay                                            ;
+------------+-------------+--------+--------+--------+--------+
; Input Port ; Output Port ; RR     ; RF     ; FR     ; FF     ;
+------------+-------------+--------+--------+--------+--------+
; A[0]       ; Out[0]      ; 9.853  ; 9.853  ; 9.853  ; 9.853  ;
; A[0]       ; Out[1]      ; 10.399 ; 10.399 ; 10.399 ; 10.399 ;
; A[0]       ; Out[2]      ; 10.057 ; 10.057 ; 10.057 ; 10.057 ;
; A[0]       ; Out[3]      ; 10.855 ; 10.855 ; 10.855 ; 10.855 ;
; A[0]       ; Out[4]      ; 10.446 ; 10.446 ; 10.446 ; 10.446 ;
; A[0]       ; Out[5]      ; 10.906 ; 10.906 ; 10.906 ; 10.906 ;
; A[0]       ; Out[6]      ; 10.327 ; 10.327 ; 10.327 ; 10.327 ;
; A[0]       ; Out[7]      ; 10.639 ; 10.639 ; 10.639 ; 10.639 ;
; A[0]       ; Out[8]      ; 10.703 ; 10.703 ; 10.703 ; 10.703 ;
; A[0]       ; Out[9]      ; 11.289 ; 11.289 ; 11.289 ; 11.289 ;
; A[0]       ; Out[10]     ; 10.925 ; 10.925 ; 10.925 ; 10.925 ;
; A[0]       ; Out[11]     ; 11.353 ; 11.353 ; 11.353 ; 11.353 ;
; A[0]       ; Out[12]     ; 10.808 ; 10.808 ; 10.808 ; 10.808 ;
; A[0]       ; Out[13]     ; 10.789 ; 10.789 ; 10.789 ; 10.789 ;
; A[0]       ; Out[14]     ; 11.771 ; 11.771 ; 11.771 ; 11.771 ;
; A[0]       ; Out[15]     ; 11.210 ; 11.210 ; 11.210 ; 11.210 ;
; A[0]       ; Out[16]     ; 11.105 ; 11.105 ; 11.105 ; 11.105 ;
; A[0]       ; Out[17]     ; 11.947 ; 11.947 ; 11.947 ; 11.947 ;
; A[0]       ; Out[18]     ; 11.650 ; 11.650 ; 11.650 ; 11.650 ;
; A[0]       ; Out[19]     ; 10.934 ; 10.934 ; 10.934 ; 10.934 ;
; A[0]       ; Out[20]     ; 11.784 ; 11.784 ; 11.784 ; 11.784 ;
; A[0]       ; Out[21]     ; 11.694 ; 11.694 ; 11.694 ; 11.694 ;
; A[0]       ; Out[22]     ; 12.043 ; 12.043 ; 12.043 ; 12.043 ;
; A[0]       ; Out[23]     ; 12.350 ; 12.350 ; 12.350 ; 12.350 ;
; A[0]       ; Out[24]     ; 11.917 ; 11.917 ; 11.917 ; 11.917 ;
; A[0]       ; Out[25]     ; 12.138 ; 12.138 ; 12.138 ; 12.138 ;
; A[0]       ; Out[26]     ; 12.381 ; 12.381 ; 12.381 ; 12.381 ;
; A[0]       ; Out[27]     ; 12.772 ; 12.772 ; 12.772 ; 12.772 ;
; A[0]       ; Out[28]     ; 12.627 ; 12.627 ; 12.627 ; 12.627 ;
; A[0]       ; Out[29]     ; 13.134 ; 13.134 ; 13.134 ; 13.134 ;
; A[0]       ; Out[30]     ; 12.832 ; 12.832 ; 12.832 ; 12.832 ;
; A[0]       ; Out[31]     ; 13.072 ; 13.072 ; 13.072 ; 13.072 ;
; A[0]       ; Overflow    ; 12.888 ; 12.888 ; 12.888 ; 12.888 ;
; A[1]       ; Out[1]      ; 14.259 ; 14.259 ; 14.259 ; 14.259 ;
; A[1]       ; Out[2]      ; 14.256 ; 14.256 ; 14.256 ; 14.256 ;
; A[1]       ; Out[3]      ; 15.054 ; 15.054 ; 15.054 ; 15.054 ;
; A[1]       ; Out[4]      ; 14.645 ; 14.645 ; 14.645 ; 14.645 ;
; A[1]       ; Out[5]      ; 15.105 ; 15.105 ; 15.105 ; 15.105 ;
; A[1]       ; Out[6]      ; 14.686 ; 14.686 ; 14.686 ; 14.686 ;
; A[1]       ; Out[7]      ; 14.998 ; 14.998 ; 14.998 ; 14.998 ;
; A[1]       ; Out[8]      ; 14.902 ; 14.902 ; 14.902 ; 14.902 ;
; A[1]       ; Out[9]      ; 15.648 ; 15.648 ; 15.648 ; 15.648 ;
; A[1]       ; Out[10]     ; 15.284 ; 15.284 ; 15.284 ; 15.284 ;
; A[1]       ; Out[11]     ; 15.712 ; 15.712 ; 15.712 ; 15.712 ;
; A[1]       ; Out[12]     ; 15.167 ; 15.167 ; 15.167 ; 15.167 ;
; A[1]       ; Out[13]     ; 15.148 ; 15.148 ; 15.148 ; 15.148 ;
; A[1]       ; Out[14]     ; 16.130 ; 16.130 ; 16.130 ; 16.130 ;
; A[1]       ; Out[15]     ; 15.522 ; 15.522 ; 15.522 ; 15.522 ;
; A[1]       ; Out[16]     ; 15.464 ; 15.464 ; 15.464 ; 15.464 ;
; A[1]       ; Out[17]     ; 16.306 ; 16.306 ; 16.306 ; 16.306 ;
; A[1]       ; Out[18]     ; 16.009 ; 16.009 ; 16.009 ; 16.009 ;
; A[1]       ; Out[19]     ; 15.293 ; 15.293 ; 15.293 ; 15.293 ;
; A[1]       ; Out[20]     ; 16.143 ; 16.143 ; 16.143 ; 16.143 ;
; A[1]       ; Out[21]     ; 16.053 ; 16.053 ; 16.053 ; 16.053 ;
; A[1]       ; Out[22]     ; 16.264 ; 16.264 ; 16.264 ; 16.264 ;
; A[1]       ; Out[23]     ; 16.549 ; 16.549 ; 16.549 ; 16.549 ;
; A[1]       ; Out[24]     ; 16.116 ; 16.116 ; 16.116 ; 16.116 ;
; A[1]       ; Out[25]     ; 16.337 ; 16.337 ; 16.337 ; 16.337 ;
; A[1]       ; Out[26]     ; 16.580 ; 16.580 ; 16.580 ; 16.580 ;
; A[1]       ; Out[27]     ; 17.131 ; 17.131 ; 17.131 ; 17.131 ;
; A[1]       ; Out[28]     ; 16.986 ; 16.986 ; 16.986 ; 16.986 ;
; A[1]       ; Out[29]     ; 17.333 ; 17.333 ; 17.333 ; 17.333 ;
; A[1]       ; Out[30]     ; 17.050 ; 17.050 ; 17.050 ; 17.050 ;
; A[1]       ; Out[31]     ; 17.373 ; 17.373 ; 17.373 ; 17.373 ;
; A[1]       ; Overflow    ; 17.119 ; 17.119 ; 17.119 ; 17.119 ;
; A[2]       ; Out[2]      ; 14.438 ; 14.438 ; 14.438 ; 14.438 ;
; A[2]       ; Out[3]      ; 15.551 ; 15.551 ; 15.551 ; 15.551 ;
; A[2]       ; Out[4]      ; 15.142 ; 15.142 ; 15.142 ; 15.142 ;
; A[2]       ; Out[5]      ; 15.602 ; 15.602 ; 15.602 ; 15.602 ;
; A[2]       ; Out[6]      ; 14.836 ; 14.836 ; 14.836 ; 14.836 ;
; A[2]       ; Out[7]      ; 15.178 ; 15.178 ; 15.178 ; 15.178 ;
; A[2]       ; Out[8]      ; 15.399 ; 15.399 ; 15.399 ; 15.399 ;
; A[2]       ; Out[9]      ; 15.798 ; 15.798 ; 15.798 ; 15.798 ;
; A[2]       ; Out[10]     ; 15.434 ; 15.434 ; 15.434 ; 15.434 ;
; A[2]       ; Out[11]     ; 15.862 ; 15.862 ; 15.862 ; 15.862 ;
; A[2]       ; Out[12]     ; 15.370 ; 15.370 ; 15.370 ; 15.370 ;
; A[2]       ; Out[13]     ; 15.328 ; 15.328 ; 15.328 ; 15.328 ;
; A[2]       ; Out[14]     ; 16.280 ; 16.280 ; 16.280 ; 16.280 ;
; A[2]       ; Out[15]     ; 15.906 ; 15.906 ; 15.906 ; 15.906 ;
; A[2]       ; Out[16]     ; 15.614 ; 15.614 ; 15.614 ; 15.614 ;
; A[2]       ; Out[17]     ; 16.456 ; 16.456 ; 16.456 ; 16.456 ;
; A[2]       ; Out[18]     ; 16.159 ; 16.159 ; 16.159 ; 16.159 ;
; A[2]       ; Out[19]     ; 15.443 ; 15.443 ; 15.443 ; 15.443 ;
; A[2]       ; Out[20]     ; 16.469 ; 16.469 ; 16.469 ; 16.469 ;
; A[2]       ; Out[21]     ; 16.248 ; 16.248 ; 16.248 ; 16.248 ;
; A[2]       ; Out[22]     ; 16.739 ; 16.739 ; 16.739 ; 16.739 ;
; A[2]       ; Out[23]     ; 17.046 ; 17.046 ; 17.046 ; 17.046 ;
; A[2]       ; Out[24]     ; 16.613 ; 16.613 ; 16.613 ; 16.613 ;
; A[2]       ; Out[25]     ; 16.834 ; 16.834 ; 16.834 ; 16.834 ;
; A[2]       ; Out[26]     ; 17.077 ; 17.077 ; 17.077 ; 17.077 ;
; A[2]       ; Out[27]     ; 17.281 ; 17.281 ; 17.281 ; 17.281 ;
; A[2]       ; Out[28]     ; 17.136 ; 17.136 ; 17.136 ; 17.136 ;
; A[2]       ; Out[29]     ; 17.830 ; 17.830 ; 17.830 ; 17.830 ;
; A[2]       ; Out[30]     ; 17.528 ; 17.528 ; 17.528 ; 17.528 ;
; A[2]       ; Out[31]     ; 17.768 ; 17.768 ; 17.768 ; 17.768 ;
; A[2]       ; Overflow    ; 17.296 ; 17.296 ; 17.296 ; 17.296 ;
; A[3]       ; Out[3]      ; 14.832 ; 14.832 ; 14.832 ; 14.832 ;
; A[3]       ; Out[4]      ; 14.951 ; 14.951 ; 14.951 ; 14.951 ;
; A[3]       ; Out[5]      ; 15.223 ; 15.223 ; 15.223 ; 15.223 ;
; A[3]       ; Out[6]      ; 15.064 ; 15.064 ; 15.064 ; 15.064 ;
; A[3]       ; Out[7]      ; 15.376 ; 15.376 ; 15.376 ; 15.376 ;
; A[3]       ; Out[8]      ; 15.198 ; 15.198 ; 15.198 ; 15.198 ;
; A[3]       ; Out[9]      ; 16.026 ; 16.026 ; 16.026 ; 16.026 ;
; A[3]       ; Out[10]     ; 15.662 ; 15.662 ; 15.662 ; 15.662 ;
; A[3]       ; Out[11]     ; 16.090 ; 16.090 ; 16.090 ; 16.090 ;
; A[3]       ; Out[12]     ; 15.545 ; 15.545 ; 15.545 ; 15.545 ;
; A[3]       ; Out[13]     ; 15.526 ; 15.526 ; 15.526 ; 15.526 ;
; A[3]       ; Out[14]     ; 16.508 ; 16.508 ; 16.508 ; 16.508 ;
; A[3]       ; Out[15]     ; 15.900 ; 15.900 ; 15.900 ; 15.900 ;
; A[3]       ; Out[16]     ; 15.842 ; 15.842 ; 15.842 ; 15.842 ;
; A[3]       ; Out[17]     ; 16.684 ; 16.684 ; 16.684 ; 16.684 ;
; A[3]       ; Out[18]     ; 16.387 ; 16.387 ; 16.387 ; 16.387 ;
; A[3]       ; Out[19]     ; 15.671 ; 15.671 ; 15.671 ; 15.671 ;
; A[3]       ; Out[20]     ; 16.521 ; 16.521 ; 16.521 ; 16.521 ;
; A[3]       ; Out[21]     ; 16.431 ; 16.431 ; 16.431 ; 16.431 ;
; A[3]       ; Out[22]     ; 16.642 ; 16.642 ; 16.642 ; 16.642 ;
; A[3]       ; Out[23]     ; 16.828 ; 16.828 ; 16.828 ; 16.828 ;
; A[3]       ; Out[24]     ; 16.429 ; 16.429 ; 16.429 ; 16.429 ;
; A[3]       ; Out[25]     ; 16.590 ; 16.590 ; 16.590 ; 16.590 ;
; A[3]       ; Out[26]     ; 16.924 ; 16.924 ; 16.924 ; 16.924 ;
; A[3]       ; Out[27]     ; 17.509 ; 17.509 ; 17.509 ; 17.509 ;
; A[3]       ; Out[28]     ; 17.364 ; 17.364 ; 17.364 ; 17.364 ;
; A[3]       ; Out[29]     ; 17.564 ; 17.564 ; 17.564 ; 17.564 ;
; A[3]       ; Out[30]     ; 17.428 ; 17.428 ; 17.428 ; 17.428 ;
; A[3]       ; Out[31]     ; 17.751 ; 17.751 ; 17.751 ; 17.751 ;
; A[3]       ; Overflow    ; 17.572 ; 17.572 ; 17.572 ; 17.572 ;
; A[4]       ; Out[4]      ; 14.477 ; 14.477 ; 14.477 ; 14.477 ;
; A[4]       ; Out[5]      ; 15.249 ; 15.249 ; 15.249 ; 15.249 ;
; A[4]       ; Out[6]      ; 14.582 ; 14.582 ; 14.582 ; 14.582 ;
; A[4]       ; Out[7]      ; 14.894 ; 14.894 ; 14.894 ; 14.894 ;
; A[4]       ; Out[8]      ; 15.046 ; 15.046 ; 15.046 ; 15.046 ;
; A[4]       ; Out[9]      ; 15.544 ; 15.544 ; 15.544 ; 15.544 ;
; A[4]       ; Out[10]     ; 15.180 ; 15.180 ; 15.180 ; 15.180 ;
; A[4]       ; Out[11]     ; 15.608 ; 15.608 ; 15.608 ; 15.608 ;
; A[4]       ; Out[12]     ; 15.063 ; 15.063 ; 15.063 ; 15.063 ;
; A[4]       ; Out[13]     ; 15.044 ; 15.044 ; 15.044 ; 15.044 ;
; A[4]       ; Out[14]     ; 16.026 ; 16.026 ; 16.026 ; 16.026 ;
; A[4]       ; Out[15]     ; 15.553 ; 15.553 ; 15.553 ; 15.553 ;
; A[4]       ; Out[16]     ; 15.360 ; 15.360 ; 15.360 ; 15.360 ;
; A[4]       ; Out[17]     ; 16.202 ; 16.202 ; 16.202 ; 16.202 ;
; A[4]       ; Out[18]     ; 15.905 ; 15.905 ; 15.905 ; 15.905 ;
; A[4]       ; Out[19]     ; 15.189 ; 15.189 ; 15.189 ; 15.189 ;
; A[4]       ; Out[20]     ; 16.116 ; 16.116 ; 16.116 ; 16.116 ;
; A[4]       ; Out[21]     ; 15.949 ; 15.949 ; 15.949 ; 15.949 ;
; A[4]       ; Out[22]     ; 16.386 ; 16.386 ; 16.386 ; 16.386 ;
; A[4]       ; Out[23]     ; 16.693 ; 16.693 ; 16.693 ; 16.693 ;
; A[4]       ; Out[24]     ; 16.260 ; 16.260 ; 16.260 ; 16.260 ;
; A[4]       ; Out[25]     ; 16.481 ; 16.481 ; 16.481 ; 16.481 ;
; A[4]       ; Out[26]     ; 16.724 ; 16.724 ; 16.724 ; 16.724 ;
; A[4]       ; Out[27]     ; 17.027 ; 17.027 ; 17.027 ; 17.027 ;
; A[4]       ; Out[28]     ; 16.882 ; 16.882 ; 16.882 ; 16.882 ;
; A[4]       ; Out[29]     ; 17.477 ; 17.477 ; 17.477 ; 17.477 ;
; A[4]       ; Out[30]     ; 17.175 ; 17.175 ; 17.175 ; 17.175 ;
; A[4]       ; Out[31]     ; 17.415 ; 17.415 ; 17.415 ; 17.415 ;
; A[4]       ; Overflow    ; 17.058 ; 17.058 ; 17.058 ; 17.058 ;
; A[5]       ; Out[5]      ; 14.841 ; 14.841 ; 14.841 ; 14.841 ;
; A[5]       ; Out[6]      ; 14.814 ; 14.814 ; 14.814 ; 14.814 ;
; A[5]       ; Out[7]      ; 15.126 ; 15.126 ; 15.126 ; 15.126 ;
; A[5]       ; Out[8]      ; 14.977 ; 14.977 ; 14.977 ; 14.977 ;
; A[5]       ; Out[9]      ; 15.776 ; 15.776 ; 15.776 ; 15.776 ;
; A[5]       ; Out[10]     ; 15.412 ; 15.412 ; 15.412 ; 15.412 ;
; A[5]       ; Out[11]     ; 15.840 ; 15.840 ; 15.840 ; 15.840 ;
; A[5]       ; Out[12]     ; 15.295 ; 15.295 ; 15.295 ; 15.295 ;
; A[5]       ; Out[13]     ; 15.276 ; 15.276 ; 15.276 ; 15.276 ;
; A[5]       ; Out[14]     ; 16.258 ; 16.258 ; 16.258 ; 16.258 ;
; A[5]       ; Out[15]     ; 15.650 ; 15.650 ; 15.650 ; 15.650 ;
; A[5]       ; Out[16]     ; 15.592 ; 15.592 ; 15.592 ; 15.592 ;
; A[5]       ; Out[17]     ; 16.434 ; 16.434 ; 16.434 ; 16.434 ;
; A[5]       ; Out[18]     ; 16.137 ; 16.137 ; 16.137 ; 16.137 ;
; A[5]       ; Out[19]     ; 15.421 ; 15.421 ; 15.421 ; 15.421 ;
; A[5]       ; Out[20]     ; 16.271 ; 16.271 ; 16.271 ; 16.271 ;
; A[5]       ; Out[21]     ; 16.181 ; 16.181 ; 16.181 ; 16.181 ;
; A[5]       ; Out[22]     ; 16.392 ; 16.392 ; 16.392 ; 16.392 ;
; A[5]       ; Out[23]     ; 16.624 ; 16.624 ; 16.624 ; 16.624 ;
; A[5]       ; Out[24]     ; 16.191 ; 16.191 ; 16.191 ; 16.191 ;
; A[5]       ; Out[25]     ; 16.412 ; 16.412 ; 16.412 ; 16.412 ;
; A[5]       ; Out[26]     ; 16.674 ; 16.674 ; 16.674 ; 16.674 ;
; A[5]       ; Out[27]     ; 17.259 ; 17.259 ; 17.259 ; 17.259 ;
; A[5]       ; Out[28]     ; 17.114 ; 17.114 ; 17.114 ; 17.114 ;
; A[5]       ; Out[29]     ; 17.408 ; 17.408 ; 17.408 ; 17.408 ;
; A[5]       ; Out[30]     ; 17.178 ; 17.178 ; 17.178 ; 17.178 ;
; A[5]       ; Out[31]     ; 17.501 ; 17.501 ; 17.501 ; 17.501 ;
; A[5]       ; Overflow    ; 17.338 ; 17.338 ; 17.338 ; 17.338 ;
; A[6]       ; Out[6]      ; 14.256 ; 14.256 ; 14.256 ; 14.256 ;
; A[6]       ; Out[7]      ; 14.883 ; 14.883 ; 14.883 ; 14.883 ;
; A[6]       ; Out[8]      ; 14.705 ; 14.705 ; 14.705 ; 14.705 ;
; A[6]       ; Out[9]      ; 15.533 ; 15.533 ; 15.533 ; 15.533 ;
; A[6]       ; Out[10]     ; 15.169 ; 15.169 ; 15.169 ; 15.169 ;
; A[6]       ; Out[11]     ; 15.597 ; 15.597 ; 15.597 ; 15.597 ;
; A[6]       ; Out[12]     ; 15.052 ; 15.052 ; 15.052 ; 15.052 ;
; A[6]       ; Out[13]     ; 15.033 ; 15.033 ; 15.033 ; 15.033 ;
; A[6]       ; Out[14]     ; 16.015 ; 16.015 ; 16.015 ; 16.015 ;
; A[6]       ; Out[15]     ; 15.407 ; 15.407 ; 15.407 ; 15.407 ;
; A[6]       ; Out[16]     ; 15.349 ; 15.349 ; 15.349 ; 15.349 ;
; A[6]       ; Out[17]     ; 16.191 ; 16.191 ; 16.191 ; 16.191 ;
; A[6]       ; Out[18]     ; 15.894 ; 15.894 ; 15.894 ; 15.894 ;
; A[6]       ; Out[19]     ; 15.178 ; 15.178 ; 15.178 ; 15.178 ;
; A[6]       ; Out[20]     ; 16.028 ; 16.028 ; 16.028 ; 16.028 ;
; A[6]       ; Out[21]     ; 15.938 ; 15.938 ; 15.938 ; 15.938 ;
; A[6]       ; Out[22]     ; 16.149 ; 16.149 ; 16.149 ; 16.149 ;
; A[6]       ; Out[23]     ; 16.335 ; 16.335 ; 16.335 ; 16.335 ;
; A[6]       ; Out[24]     ; 15.936 ; 15.936 ; 15.936 ; 15.936 ;
; A[6]       ; Out[25]     ; 16.149 ; 16.149 ; 16.149 ; 16.149 ;
; A[6]       ; Out[26]     ; 16.431 ; 16.431 ; 16.431 ; 16.431 ;
; A[6]       ; Out[27]     ; 17.016 ; 17.016 ; 17.016 ; 17.016 ;
; A[6]       ; Out[28]     ; 16.871 ; 16.871 ; 16.871 ; 16.871 ;
; A[6]       ; Out[29]     ; 17.071 ; 17.071 ; 17.071 ; 17.071 ;
; A[6]       ; Out[30]     ; 16.935 ; 16.935 ; 16.935 ; 16.935 ;
; A[6]       ; Out[31]     ; 17.258 ; 17.258 ; 17.258 ; 17.258 ;
; A[6]       ; Overflow    ; 17.131 ; 17.131 ; 17.131 ; 17.131 ;
; A[7]       ; Out[7]      ; 14.232 ; 14.232 ; 14.232 ; 14.232 ;
; A[7]       ; Out[8]      ; 14.622 ; 14.622 ; 14.622 ; 14.622 ;
; A[7]       ; Out[9]      ; 15.198 ; 15.198 ; 15.198 ; 15.198 ;
; A[7]       ; Out[10]     ; 14.834 ; 14.834 ; 14.834 ; 14.834 ;
; A[7]       ; Out[11]     ; 15.262 ; 15.262 ; 15.262 ; 15.262 ;
; A[7]       ; Out[12]     ; 14.717 ; 14.717 ; 14.717 ; 14.717 ;
; A[7]       ; Out[13]     ; 14.698 ; 14.698 ; 14.698 ; 14.698 ;
; A[7]       ; Out[14]     ; 15.680 ; 15.680 ; 15.680 ; 15.680 ;
; A[7]       ; Out[15]     ; 15.129 ; 15.129 ; 15.129 ; 15.129 ;
; A[7]       ; Out[16]     ; 15.014 ; 15.014 ; 15.014 ; 15.014 ;
; A[7]       ; Out[17]     ; 15.856 ; 15.856 ; 15.856 ; 15.856 ;
; A[7]       ; Out[18]     ; 15.559 ; 15.559 ; 15.559 ; 15.559 ;
; A[7]       ; Out[19]     ; 14.843 ; 14.843 ; 14.843 ; 14.843 ;
; A[7]       ; Out[20]     ; 15.693 ; 15.693 ; 15.693 ; 15.693 ;
; A[7]       ; Out[21]     ; 15.603 ; 15.603 ; 15.603 ; 15.603 ;
; A[7]       ; Out[22]     ; 15.962 ; 15.962 ; 15.962 ; 15.962 ;
; A[7]       ; Out[23]     ; 16.269 ; 16.269 ; 16.269 ; 16.269 ;
; A[7]       ; Out[24]     ; 15.836 ; 15.836 ; 15.836 ; 15.836 ;
; A[7]       ; Out[25]     ; 16.057 ; 16.057 ; 16.057 ; 16.057 ;
; A[7]       ; Out[26]     ; 16.300 ; 16.300 ; 16.300 ; 16.300 ;
; A[7]       ; Out[27]     ; 16.681 ; 16.681 ; 16.681 ; 16.681 ;
; A[7]       ; Out[28]     ; 16.536 ; 16.536 ; 16.536 ; 16.536 ;
; A[7]       ; Out[29]     ; 17.053 ; 17.053 ; 17.053 ; 17.053 ;
; A[7]       ; Out[30]     ; 16.751 ; 16.751 ; 16.751 ; 16.751 ;
; A[7]       ; Out[31]     ; 16.991 ; 16.991 ; 16.991 ; 16.991 ;
; A[7]       ; Overflow    ; 16.488 ; 16.488 ; 16.488 ; 16.488 ;
; A[8]       ; Out[8]      ; 14.407 ; 14.407 ; 14.407 ; 14.407 ;
; A[8]       ; Out[9]      ; 15.251 ; 15.251 ; 15.251 ; 15.251 ;
; A[8]       ; Out[10]     ; 14.887 ; 14.887 ; 14.887 ; 14.887 ;
; A[8]       ; Out[11]     ; 15.315 ; 15.315 ; 15.315 ; 15.315 ;
; A[8]       ; Out[12]     ; 14.770 ; 14.770 ; 14.770 ; 14.770 ;
; A[8]       ; Out[13]     ; 14.751 ; 14.751 ; 14.751 ; 14.751 ;
; A[8]       ; Out[14]     ; 15.733 ; 15.733 ; 15.733 ; 15.733 ;
; A[8]       ; Out[15]     ; 15.229 ; 15.229 ; 15.229 ; 15.229 ;
; A[8]       ; Out[16]     ; 15.067 ; 15.067 ; 15.067 ; 15.067 ;
; A[8]       ; Out[17]     ; 15.909 ; 15.909 ; 15.909 ; 15.909 ;
; A[8]       ; Out[18]     ; 15.612 ; 15.612 ; 15.612 ; 15.612 ;
; A[8]       ; Out[19]     ; 14.896 ; 14.896 ; 14.896 ; 14.896 ;
; A[8]       ; Out[20]     ; 15.792 ; 15.792 ; 15.792 ; 15.792 ;
; A[8]       ; Out[21]     ; 15.656 ; 15.656 ; 15.656 ; 15.656 ;
; A[8]       ; Out[22]     ; 16.062 ; 16.062 ; 16.062 ; 16.062 ;
; A[8]       ; Out[23]     ; 16.369 ; 16.369 ; 16.369 ; 16.369 ;
; A[8]       ; Out[24]     ; 15.936 ; 15.936 ; 15.936 ; 15.936 ;
; A[8]       ; Out[25]     ; 16.157 ; 16.157 ; 16.157 ; 16.157 ;
; A[8]       ; Out[26]     ; 16.400 ; 16.400 ; 16.400 ; 16.400 ;
; A[8]       ; Out[27]     ; 16.734 ; 16.734 ; 16.734 ; 16.734 ;
; A[8]       ; Out[28]     ; 16.589 ; 16.589 ; 16.589 ; 16.589 ;
; A[8]       ; Out[29]     ; 17.153 ; 17.153 ; 17.153 ; 17.153 ;
; A[8]       ; Out[30]     ; 16.851 ; 16.851 ; 16.851 ; 16.851 ;
; A[8]       ; Out[31]     ; 17.091 ; 17.091 ; 17.091 ; 17.091 ;
; A[8]       ; Overflow    ; 16.743 ; 16.743 ; 16.743 ; 16.743 ;
; A[9]       ; Out[9]      ; 14.952 ; 14.952 ; 14.952 ; 14.952 ;
; A[9]       ; Out[10]     ; 14.720 ; 14.720 ; 14.720 ; 14.720 ;
; A[9]       ; Out[11]     ; 15.217 ; 15.217 ; 15.217 ; 15.217 ;
; A[9]       ; Out[12]     ; 15.088 ; 15.088 ; 15.088 ; 15.088 ;
; A[9]       ; Out[13]     ; 15.046 ; 15.046 ; 15.046 ; 15.046 ;
; A[9]       ; Out[14]     ; 15.809 ; 15.809 ; 15.809 ; 15.809 ;
; A[9]       ; Out[15]     ; 15.624 ; 15.624 ; 15.624 ; 15.624 ;
; A[9]       ; Out[16]     ; 15.402 ; 15.402 ; 15.402 ; 15.402 ;
; A[9]       ; Out[17]     ; 15.903 ; 15.903 ; 15.903 ; 15.903 ;
; A[9]       ; Out[18]     ; 15.445 ; 15.445 ; 15.445 ; 15.445 ;
; A[9]       ; Out[19]     ; 14.870 ; 14.870 ; 14.870 ; 14.870 ;
; A[9]       ; Out[20]     ; 16.187 ; 16.187 ; 16.187 ; 16.187 ;
; A[9]       ; Out[21]     ; 15.966 ; 15.966 ; 15.966 ; 15.966 ;
; A[9]       ; Out[22]     ; 16.457 ; 16.457 ; 16.457 ; 16.457 ;
; A[9]       ; Out[23]     ; 16.764 ; 16.764 ; 16.764 ; 16.764 ;
; A[9]       ; Out[24]     ; 16.331 ; 16.331 ; 16.331 ; 16.331 ;
; A[9]       ; Out[25]     ; 16.552 ; 16.552 ; 16.552 ; 16.552 ;
; A[9]       ; Out[26]     ; 16.795 ; 16.795 ; 16.795 ; 16.795 ;
; A[9]       ; Out[27]     ; 16.998 ; 16.998 ; 16.998 ; 16.998 ;
; A[9]       ; Out[28]     ; 16.422 ; 16.422 ; 16.422 ; 16.422 ;
; A[9]       ; Out[29]     ; 17.548 ; 17.548 ; 17.548 ; 17.548 ;
; A[9]       ; Out[30]     ; 17.246 ; 17.246 ; 17.246 ; 17.246 ;
; A[9]       ; Out[31]     ; 17.486 ; 17.486 ; 17.486 ; 17.486 ;
; A[9]       ; Overflow    ; 17.135 ; 17.135 ; 17.135 ; 17.135 ;
; A[10]      ; Out[10]     ; 14.823 ; 14.823 ; 14.823 ; 14.823 ;
; A[10]      ; Out[11]     ; 15.566 ; 15.566 ; 15.566 ; 15.566 ;
; A[10]      ; Out[12]     ; 15.021 ; 15.021 ; 15.021 ; 15.021 ;
; A[10]      ; Out[13]     ; 15.002 ; 15.002 ; 15.002 ; 15.002 ;
; A[10]      ; Out[14]     ; 15.984 ; 15.984 ; 15.984 ; 15.984 ;
; A[10]      ; Out[15]     ; 15.376 ; 15.376 ; 15.376 ; 15.376 ;
; A[10]      ; Out[16]     ; 15.318 ; 15.318 ; 15.318 ; 15.318 ;
; A[10]      ; Out[17]     ; 16.160 ; 16.160 ; 16.160 ; 16.160 ;
; A[10]      ; Out[18]     ; 15.863 ; 15.863 ; 15.863 ; 15.863 ;
; A[10]      ; Out[19]     ; 15.147 ; 15.147 ; 15.147 ; 15.147 ;
; A[10]      ; Out[20]     ; 15.997 ; 15.997 ; 15.997 ; 15.997 ;
; A[10]      ; Out[21]     ; 15.907 ; 15.907 ; 15.907 ; 15.907 ;
; A[10]      ; Out[22]     ; 16.118 ; 16.118 ; 16.118 ; 16.118 ;
; A[10]      ; Out[23]     ; 16.304 ; 16.304 ; 16.304 ; 16.304 ;
; A[10]      ; Out[24]     ; 15.905 ; 15.905 ; 15.905 ; 15.905 ;
; A[10]      ; Out[25]     ; 15.906 ; 15.906 ; 15.906 ; 15.906 ;
; A[10]      ; Out[26]     ; 16.400 ; 16.400 ; 16.400 ; 16.400 ;
; A[10]      ; Out[27]     ; 16.985 ; 16.985 ; 16.985 ; 16.985 ;
; A[10]      ; Out[28]     ; 16.840 ; 16.840 ; 16.840 ; 16.840 ;
; A[10]      ; Out[29]     ; 17.040 ; 17.040 ; 17.040 ; 17.040 ;
; A[10]      ; Out[30]     ; 16.904 ; 16.904 ; 16.904 ; 16.904 ;
; A[10]      ; Out[31]     ; 17.227 ; 17.227 ; 17.227 ; 17.227 ;
; A[10]      ; Overflow    ; 16.541 ; 16.541 ; 16.541 ; 16.541 ;
; A[11]      ; Out[11]     ; 15.271 ; 15.271 ; 15.271 ; 15.271 ;
; A[11]      ; Out[12]     ; 15.038 ; 15.038 ; 15.038 ; 15.038 ;
; A[11]      ; Out[13]     ; 15.019 ; 15.019 ; 15.019 ; 15.019 ;
; A[11]      ; Out[14]     ; 16.001 ; 16.001 ; 16.001 ; 16.001 ;
; A[11]      ; Out[15]     ; 15.393 ; 15.393 ; 15.393 ; 15.393 ;
; A[11]      ; Out[16]     ; 15.335 ; 15.335 ; 15.335 ; 15.335 ;
; A[11]      ; Out[17]     ; 16.177 ; 16.177 ; 16.177 ; 16.177 ;
; A[11]      ; Out[18]     ; 15.880 ; 15.880 ; 15.880 ; 15.880 ;
; A[11]      ; Out[19]     ; 15.164 ; 15.164 ; 15.164 ; 15.164 ;
; A[11]      ; Out[20]     ; 16.014 ; 16.014 ; 16.014 ; 16.014 ;
; A[11]      ; Out[21]     ; 15.924 ; 15.924 ; 15.924 ; 15.924 ;
; A[11]      ; Out[22]     ; 16.135 ; 16.135 ; 16.135 ; 16.135 ;
; A[11]      ; Out[23]     ; 16.321 ; 16.321 ; 16.321 ; 16.321 ;
; A[11]      ; Out[24]     ; 15.922 ; 15.922 ; 15.922 ; 15.922 ;
; A[11]      ; Out[25]     ; 16.040 ; 16.040 ; 16.040 ; 16.040 ;
; A[11]      ; Out[26]     ; 16.417 ; 16.417 ; 16.417 ; 16.417 ;
; A[11]      ; Out[27]     ; 17.002 ; 17.002 ; 17.002 ; 17.002 ;
; A[11]      ; Out[28]     ; 16.857 ; 16.857 ; 16.857 ; 16.857 ;
; A[11]      ; Out[29]     ; 17.057 ; 17.057 ; 17.057 ; 17.057 ;
; A[11]      ; Out[30]     ; 16.921 ; 16.921 ; 16.921 ; 16.921 ;
; A[11]      ; Out[31]     ; 17.244 ; 17.244 ; 17.244 ; 17.244 ;
; A[11]      ; Overflow    ; 17.022 ; 17.022 ; 17.022 ; 17.022 ;
; A[12]      ; Out[12]     ; 14.398 ; 14.398 ; 14.398 ; 14.398 ;
; A[12]      ; Out[13]     ; 14.691 ; 14.691 ; 14.691 ; 14.691 ;
; A[12]      ; Out[14]     ; 15.673 ; 15.673 ; 15.673 ; 15.673 ;
; A[12]      ; Out[15]     ; 15.065 ; 15.065 ; 15.065 ; 15.065 ;
; A[12]      ; Out[16]     ; 15.007 ; 15.007 ; 15.007 ; 15.007 ;
; A[12]      ; Out[17]     ; 15.849 ; 15.849 ; 15.849 ; 15.849 ;
; A[12]      ; Out[18]     ; 15.552 ; 15.552 ; 15.552 ; 15.552 ;
; A[12]      ; Out[19]     ; 14.836 ; 14.836 ; 14.836 ; 14.836 ;
; A[12]      ; Out[20]     ; 15.686 ; 15.686 ; 15.686 ; 15.686 ;
; A[12]      ; Out[21]     ; 15.596 ; 15.596 ; 15.596 ; 15.596 ;
; A[12]      ; Out[22]     ; 15.807 ; 15.807 ; 15.807 ; 15.807 ;
; A[12]      ; Out[23]     ; 16.079 ; 16.079 ; 16.079 ; 16.079 ;
; A[12]      ; Out[24]     ; 15.646 ; 15.646 ; 15.646 ; 15.646 ;
; A[12]      ; Out[25]     ; 15.867 ; 15.867 ; 15.867 ; 15.867 ;
; A[12]      ; Out[26]     ; 16.110 ; 16.110 ; 16.110 ; 16.110 ;
; A[12]      ; Out[27]     ; 16.674 ; 16.674 ; 16.674 ; 16.674 ;
; A[12]      ; Out[28]     ; 16.529 ; 16.529 ; 16.529 ; 16.529 ;
; A[12]      ; Out[29]     ; 16.863 ; 16.863 ; 16.863 ; 16.863 ;
; A[12]      ; Out[30]     ; 16.593 ; 16.593 ; 16.593 ; 16.593 ;
; A[12]      ; Out[31]     ; 16.916 ; 16.916 ; 16.916 ; 16.916 ;
; A[12]      ; Overflow    ; 16.747 ; 16.747 ; 16.747 ; 16.747 ;
; A[13]      ; Out[13]     ; 14.499 ; 14.499 ; 14.499 ; 14.499 ;
; A[13]      ; Out[14]     ; 15.798 ; 15.798 ; 15.798 ; 15.798 ;
; A[13]      ; Out[15]     ; 15.190 ; 15.190 ; 15.190 ; 15.190 ;
; A[13]      ; Out[16]     ; 15.132 ; 15.132 ; 15.132 ; 15.132 ;
; A[13]      ; Out[17]     ; 15.974 ; 15.974 ; 15.974 ; 15.974 ;
; A[13]      ; Out[18]     ; 15.677 ; 15.677 ; 15.677 ; 15.677 ;
; A[13]      ; Out[19]     ; 14.961 ; 14.961 ; 14.961 ; 14.961 ;
; A[13]      ; Out[20]     ; 15.811 ; 15.811 ; 15.811 ; 15.811 ;
; A[13]      ; Out[21]     ; 15.721 ; 15.721 ; 15.721 ; 15.721 ;
; A[13]      ; Out[22]     ; 15.932 ; 15.932 ; 15.932 ; 15.932 ;
; A[13]      ; Out[23]     ; 16.118 ; 16.118 ; 16.118 ; 16.118 ;
; A[13]      ; Out[24]     ; 15.719 ; 15.719 ; 15.719 ; 15.719 ;
; A[13]      ; Out[25]     ; 15.817 ; 15.817 ; 15.817 ; 15.817 ;
; A[13]      ; Out[26]     ; 16.214 ; 16.214 ; 16.214 ; 16.214 ;
; A[13]      ; Out[27]     ; 16.799 ; 16.799 ; 16.799 ; 16.799 ;
; A[13]      ; Out[28]     ; 16.654 ; 16.654 ; 16.654 ; 16.654 ;
; A[13]      ; Out[29]     ; 16.854 ; 16.854 ; 16.854 ; 16.854 ;
; A[13]      ; Out[30]     ; 16.718 ; 16.718 ; 16.718 ; 16.718 ;
; A[13]      ; Out[31]     ; 17.041 ; 17.041 ; 17.041 ; 17.041 ;
; A[13]      ; Overflow    ; 16.799 ; 16.799 ; 16.799 ; 16.799 ;
; A[14]      ; Out[14]     ; 14.927 ; 14.927 ; 14.927 ; 14.927 ;
; A[14]      ; Out[15]     ; 14.743 ; 14.743 ; 14.743 ; 14.743 ;
; A[14]      ; Out[16]     ; 14.573 ; 14.573 ; 14.573 ; 14.573 ;
; A[14]      ; Out[17]     ; 15.415 ; 15.415 ; 15.415 ; 15.415 ;
; A[14]      ; Out[18]     ; 15.118 ; 15.118 ; 15.118 ; 15.118 ;
; A[14]      ; Out[19]     ; 14.402 ; 14.402 ; 14.402 ; 14.402 ;
; A[14]      ; Out[20]     ; 15.306 ; 15.306 ; 15.306 ; 15.306 ;
; A[14]      ; Out[21]     ; 15.162 ; 15.162 ; 15.162 ; 15.162 ;
; A[14]      ; Out[22]     ; 15.576 ; 15.576 ; 15.576 ; 15.576 ;
; A[14]      ; Out[23]     ; 15.883 ; 15.883 ; 15.883 ; 15.883 ;
; A[14]      ; Out[24]     ; 15.450 ; 15.450 ; 15.450 ; 15.450 ;
; A[14]      ; Out[25]     ; 15.671 ; 15.671 ; 15.671 ; 15.671 ;
; A[14]      ; Out[26]     ; 15.914 ; 15.914 ; 15.914 ; 15.914 ;
; A[14]      ; Out[27]     ; 16.240 ; 16.240 ; 16.240 ; 16.240 ;
; A[14]      ; Out[28]     ; 16.095 ; 16.095 ; 16.095 ; 16.095 ;
; A[14]      ; Out[29]     ; 16.667 ; 16.667 ; 16.667 ; 16.667 ;
; A[14]      ; Out[30]     ; 16.365 ; 16.365 ; 16.365 ; 16.365 ;
; A[14]      ; Out[31]     ; 16.605 ; 16.605 ; 16.605 ; 16.605 ;
; A[14]      ; Overflow    ; 16.251 ; 16.251 ; 16.251 ; 16.251 ;
; A[15]      ; Out[15]     ; 14.164 ; 14.164 ; 14.164 ; 14.164 ;
; A[15]      ; Out[16]     ; 14.240 ; 14.240 ; 14.240 ; 14.240 ;
; A[15]      ; Out[17]     ; 15.082 ; 15.082 ; 15.082 ; 15.082 ;
; A[15]      ; Out[18]     ; 14.785 ; 14.785 ; 14.785 ; 14.785 ;
; A[15]      ; Out[19]     ; 14.069 ; 14.069 ; 14.069 ; 14.069 ;
; A[15]      ; Out[20]     ; 15.073 ; 15.073 ; 15.073 ; 15.073 ;
; A[15]      ; Out[21]     ; 14.852 ; 14.852 ; 14.852 ; 14.852 ;
; A[15]      ; Out[22]     ; 15.343 ; 15.343 ; 15.343 ; 15.343 ;
; A[15]      ; Out[23]     ; 15.650 ; 15.650 ; 15.650 ; 15.650 ;
; A[15]      ; Out[24]     ; 15.217 ; 15.217 ; 15.217 ; 15.217 ;
; A[15]      ; Out[25]     ; 15.438 ; 15.438 ; 15.438 ; 15.438 ;
; A[15]      ; Out[26]     ; 15.681 ; 15.681 ; 15.681 ; 15.681 ;
; A[15]      ; Out[27]     ; 15.907 ; 15.907 ; 15.907 ; 15.907 ;
; A[15]      ; Out[28]     ; 15.762 ; 15.762 ; 15.762 ; 15.762 ;
; A[15]      ; Out[29]     ; 16.434 ; 16.434 ; 16.434 ; 16.434 ;
; A[15]      ; Out[30]     ; 16.132 ; 16.132 ; 16.132 ; 16.132 ;
; A[15]      ; Out[31]     ; 16.372 ; 16.372 ; 16.372 ; 16.372 ;
; A[15]      ; Overflow    ; 15.982 ; 15.982 ; 15.982 ; 15.982 ;
; A[16]      ; Out[16]     ; 13.914 ; 13.914 ; 13.914 ; 13.914 ;
; A[16]      ; Out[17]     ; 15.068 ; 15.068 ; 15.068 ; 15.068 ;
; A[16]      ; Out[18]     ; 14.771 ; 14.771 ; 14.771 ; 14.771 ;
; A[16]      ; Out[19]     ; 14.055 ; 14.055 ; 14.055 ; 14.055 ;
; A[16]      ; Out[20]     ; 14.905 ; 14.905 ; 14.905 ; 14.905 ;
; A[16]      ; Out[21]     ; 14.815 ; 14.815 ; 14.815 ; 14.815 ;
; A[16]      ; Out[22]     ; 15.026 ; 15.026 ; 15.026 ; 15.026 ;
; A[16]      ; Out[23]     ; 15.212 ; 15.212 ; 15.212 ; 15.212 ;
; A[16]      ; Out[24]     ; 14.813 ; 14.813 ; 14.813 ; 14.813 ;
; A[16]      ; Out[25]     ; 14.961 ; 14.961 ; 14.961 ; 14.961 ;
; A[16]      ; Out[26]     ; 15.308 ; 15.308 ; 15.308 ; 15.308 ;
; A[16]      ; Out[27]     ; 15.893 ; 15.893 ; 15.893 ; 15.893 ;
; A[16]      ; Out[28]     ; 15.748 ; 15.748 ; 15.748 ; 15.748 ;
; A[16]      ; Out[29]     ; 15.957 ; 15.957 ; 15.957 ; 15.957 ;
; A[16]      ; Out[30]     ; 15.812 ; 15.812 ; 15.812 ; 15.812 ;
; A[16]      ; Out[31]     ; 16.135 ; 16.135 ; 16.135 ; 16.135 ;
; A[16]      ; Overflow    ; 15.518 ; 15.518 ; 15.518 ; 15.518 ;
; A[17]      ; Out[17]     ; 14.425 ; 14.425 ; 14.425 ; 14.425 ;
; A[17]      ; Out[18]     ; 14.440 ; 14.440 ; 14.440 ; 14.440 ;
; A[17]      ; Out[19]     ; 13.724 ; 13.724 ; 13.724 ; 13.724 ;
; A[17]      ; Out[20]     ; 14.797 ; 14.797 ; 14.797 ; 14.797 ;
; A[17]      ; Out[21]     ; 14.576 ; 14.576 ; 14.576 ; 14.576 ;
; A[17]      ; Out[22]     ; 15.067 ; 15.067 ; 15.067 ; 15.067 ;
; A[17]      ; Out[23]     ; 15.374 ; 15.374 ; 15.374 ; 15.374 ;
; A[17]      ; Out[24]     ; 14.941 ; 14.941 ; 14.941 ; 14.941 ;
; A[17]      ; Out[25]     ; 15.162 ; 15.162 ; 15.162 ; 15.162 ;
; A[17]      ; Out[26]     ; 15.405 ; 15.405 ; 15.405 ; 15.405 ;
; A[17]      ; Out[27]     ; 15.608 ; 15.608 ; 15.608 ; 15.608 ;
; A[17]      ; Out[28]     ; 15.417 ; 15.417 ; 15.417 ; 15.417 ;
; A[17]      ; Out[29]     ; 16.158 ; 16.158 ; 16.158 ; 16.158 ;
; A[17]      ; Out[30]     ; 15.856 ; 15.856 ; 15.856 ; 15.856 ;
; A[17]      ; Out[31]     ; 16.096 ; 16.096 ; 16.096 ; 16.096 ;
; A[17]      ; Overflow    ; 15.596 ; 15.596 ; 15.596 ; 15.596 ;
; A[18]      ; Out[18]     ; 14.652 ; 14.652 ; 14.652 ; 14.652 ;
; A[18]      ; Out[19]     ; 14.251 ; 14.251 ; 14.251 ; 14.251 ;
; A[18]      ; Out[20]     ; 15.101 ; 15.101 ; 15.101 ; 15.101 ;
; A[18]      ; Out[21]     ; 15.011 ; 15.011 ; 15.011 ; 15.011 ;
; A[18]      ; Out[22]     ; 15.222 ; 15.222 ; 15.222 ; 15.222 ;
; A[18]      ; Out[23]     ; 15.408 ; 15.408 ; 15.408 ; 15.408 ;
; A[18]      ; Out[24]     ; 15.009 ; 15.009 ; 15.009 ; 15.009 ;
; A[18]      ; Out[25]     ; 15.010 ; 15.010 ; 15.010 ; 15.010 ;
; A[18]      ; Out[26]     ; 15.504 ; 15.504 ; 15.504 ; 15.504 ;
; A[18]      ; Out[27]     ; 16.089 ; 16.089 ; 16.089 ; 16.089 ;
; A[18]      ; Out[28]     ; 15.944 ; 15.944 ; 15.944 ; 15.944 ;
; A[18]      ; Out[29]     ; 16.144 ; 16.144 ; 16.144 ; 16.144 ;
; A[18]      ; Out[30]     ; 16.008 ; 16.008 ; 16.008 ; 16.008 ;
; A[18]      ; Out[31]     ; 16.331 ; 16.331 ; 16.331 ; 16.331 ;
; A[18]      ; Overflow    ; 15.576 ; 15.576 ; 15.576 ; 15.576 ;
; A[19]      ; Out[19]     ; 13.704 ; 13.704 ; 13.704 ; 13.704 ;
; A[19]      ; Out[20]     ; 14.871 ; 14.871 ; 14.871 ; 14.871 ;
; A[19]      ; Out[21]     ; 14.781 ; 14.781 ; 14.781 ; 14.781 ;
; A[19]      ; Out[22]     ; 14.992 ; 14.992 ; 14.992 ; 14.992 ;
; A[19]      ; Out[23]     ; 15.193 ; 15.193 ; 15.193 ; 15.193 ;
; A[19]      ; Out[24]     ; 14.779 ; 14.779 ; 14.779 ; 14.779 ;
; A[19]      ; Out[25]     ; 14.981 ; 14.981 ; 14.981 ; 14.981 ;
; A[19]      ; Out[26]     ; 15.274 ; 15.274 ; 15.274 ; 15.274 ;
; A[19]      ; Out[27]     ; 15.859 ; 15.859 ; 15.859 ; 15.859 ;
; A[19]      ; Out[28]     ; 15.714 ; 15.714 ; 15.714 ; 15.714 ;
; A[19]      ; Out[29]     ; 15.977 ; 15.977 ; 15.977 ; 15.977 ;
; A[19]      ; Out[30]     ; 15.778 ; 15.778 ; 15.778 ; 15.778 ;
; A[19]      ; Out[31]     ; 16.101 ; 16.101 ; 16.101 ; 16.101 ;
; A[19]      ; Overflow    ; 15.879 ; 15.879 ; 15.879 ; 15.879 ;
; A[20]      ; Out[20]     ; 15.040 ; 15.040 ; 15.040 ; 15.040 ;
; A[20]      ; Out[21]     ; 15.262 ; 15.262 ; 15.262 ; 15.262 ;
; A[20]      ; Out[22]     ; 15.473 ; 15.473 ; 15.473 ; 15.473 ;
; A[20]      ; Out[23]     ; 15.659 ; 15.659 ; 15.659 ; 15.659 ;
; A[20]      ; Out[24]     ; 15.260 ; 15.260 ; 15.260 ; 15.260 ;
; A[20]      ; Out[25]     ; 15.689 ; 15.689 ; 15.689 ; 15.689 ;
; A[20]      ; Out[26]     ; 15.755 ; 15.755 ; 15.755 ; 15.755 ;
; A[20]      ; Out[27]     ; 16.340 ; 16.340 ; 16.340 ; 16.340 ;
; A[20]      ; Out[28]     ; 16.195 ; 16.195 ; 16.195 ; 16.195 ;
; A[20]      ; Out[29]     ; 16.395 ; 16.395 ; 16.395 ; 16.395 ;
; A[20]      ; Out[30]     ; 16.259 ; 16.259 ; 16.259 ; 16.259 ;
; A[20]      ; Out[31]     ; 16.582 ; 16.582 ; 16.582 ; 16.582 ;
; A[20]      ; Overflow    ; 16.366 ; 16.366 ; 16.366 ; 16.366 ;
; A[21]      ; Out[21]     ; 14.591 ; 14.591 ; 14.591 ; 14.591 ;
; A[21]      ; Out[22]     ; 15.421 ; 15.421 ; 15.421 ; 15.421 ;
; A[21]      ; Out[23]     ; 15.728 ; 15.728 ; 15.728 ; 15.728 ;
; A[21]      ; Out[24]     ; 15.295 ; 15.295 ; 15.295 ; 15.295 ;
; A[21]      ; Out[25]     ; 15.516 ; 15.516 ; 15.516 ; 15.516 ;
; A[21]      ; Out[26]     ; 15.759 ; 15.759 ; 15.759 ; 15.759 ;
; A[21]      ; Out[27]     ; 15.962 ; 15.962 ; 15.962 ; 15.962 ;
; A[21]      ; Out[28]     ; 15.715 ; 15.715 ; 15.715 ; 15.715 ;
; A[21]      ; Out[29]     ; 16.512 ; 16.512 ; 16.512 ; 16.512 ;
; A[21]      ; Out[30]     ; 16.210 ; 16.210 ; 16.210 ; 16.210 ;
; A[21]      ; Out[31]     ; 16.450 ; 16.450 ; 16.450 ; 16.450 ;
; A[21]      ; Overflow    ; 16.138 ; 16.138 ; 16.138 ; 16.138 ;
; A[22]      ; Out[22]     ; 14.086 ; 14.086 ; 14.086 ; 14.086 ;
; A[22]      ; Out[23]     ; 14.705 ; 14.705 ; 14.705 ; 14.705 ;
; A[22]      ; Out[24]     ; 14.272 ; 14.272 ; 14.272 ; 14.272 ;
; A[22]      ; Out[25]     ; 14.493 ; 14.493 ; 14.493 ; 14.493 ;
; A[22]      ; Out[26]     ; 14.736 ; 14.736 ; 14.736 ; 14.736 ;
; A[22]      ; Out[27]     ; 15.058 ; 15.058 ; 15.058 ; 15.058 ;
; A[22]      ; Out[28]     ; 14.913 ; 14.913 ; 14.913 ; 14.913 ;
; A[22]      ; Out[29]     ; 15.489 ; 15.489 ; 15.489 ; 15.489 ;
; A[22]      ; Out[30]     ; 15.187 ; 15.187 ; 15.187 ; 15.187 ;
; A[22]      ; Out[31]     ; 15.427 ; 15.427 ; 15.427 ; 15.427 ;
; A[22]      ; Overflow    ; 15.080 ; 15.080 ; 15.080 ; 15.080 ;
; A[23]      ; Out[23]     ; 14.967 ; 14.967 ; 14.967 ; 14.967 ;
; A[23]      ; Out[24]     ; 14.876 ; 14.876 ; 14.876 ; 14.876 ;
; A[23]      ; Out[25]     ; 15.097 ; 15.097 ; 15.097 ; 15.097 ;
; A[23]      ; Out[26]     ; 15.340 ; 15.340 ; 15.340 ; 15.340 ;
; A[23]      ; Out[27]     ; 15.794 ; 15.794 ; 15.794 ; 15.794 ;
; A[23]      ; Out[28]     ; 15.649 ; 15.649 ; 15.649 ; 15.649 ;
; A[23]      ; Out[29]     ; 16.093 ; 16.093 ; 16.093 ; 16.093 ;
; A[23]      ; Out[30]     ; 15.791 ; 15.791 ; 15.791 ; 15.791 ;
; A[23]      ; Out[31]     ; 16.036 ; 16.036 ; 16.036 ; 16.036 ;
; A[23]      ; Overflow    ; 15.631 ; 15.631 ; 15.631 ; 15.631 ;
; A[24]      ; Out[24]     ; 13.900 ; 13.900 ; 13.900 ; 13.900 ;
; A[24]      ; Out[25]     ; 14.436 ; 14.436 ; 14.436 ; 14.436 ;
; A[24]      ; Out[26]     ; 14.679 ; 14.679 ; 14.679 ; 14.679 ;
; A[24]      ; Out[27]     ; 14.976 ; 14.976 ; 14.976 ; 14.976 ;
; A[24]      ; Out[28]     ; 14.831 ; 14.831 ; 14.831 ; 14.831 ;
; A[24]      ; Out[29]     ; 15.432 ; 15.432 ; 15.432 ; 15.432 ;
; A[24]      ; Out[30]     ; 15.130 ; 15.130 ; 15.130 ; 15.130 ;
; A[24]      ; Out[31]     ; 15.370 ; 15.370 ; 15.370 ; 15.370 ;
; A[24]      ; Overflow    ; 15.377 ; 15.377 ; 15.377 ; 15.377 ;
; A[25]      ; Out[25]     ; 14.361 ; 14.361 ; 14.361 ; 14.361 ;
; A[25]      ; Out[26]     ; 15.172 ; 15.172 ; 15.172 ; 15.172 ;
; A[25]      ; Out[27]     ; 15.757 ; 15.757 ; 15.757 ; 15.757 ;
; A[25]      ; Out[28]     ; 15.612 ; 15.612 ; 15.612 ; 15.612 ;
; A[25]      ; Out[29]     ; 15.812 ; 15.812 ; 15.812 ; 15.812 ;
; A[25]      ; Out[30]     ; 15.676 ; 15.676 ; 15.676 ; 15.676 ;
; A[25]      ; Out[31]     ; 15.999 ; 15.999 ; 15.999 ; 15.999 ;
; A[25]      ; Overflow    ; 15.543 ; 15.543 ; 15.543 ; 15.543 ;
; A[26]      ; Out[26]     ; 15.080 ; 15.080 ; 15.080 ; 15.080 ;
; A[26]      ; Out[27]     ; 15.980 ; 15.980 ; 15.980 ; 15.980 ;
; A[26]      ; Out[28]     ; 15.835 ; 15.835 ; 15.835 ; 15.835 ;
; A[26]      ; Out[29]     ; 16.035 ; 16.035 ; 16.035 ; 16.035 ;
; A[26]      ; Out[30]     ; 15.899 ; 15.899 ; 15.899 ; 15.899 ;
; A[26]      ; Out[31]     ; 16.222 ; 16.222 ; 16.222 ; 16.222 ;
; A[26]      ; Overflow    ; 15.764 ; 15.764 ; 15.764 ; 15.764 ;
; A[27]      ; Out[27]     ; 14.808 ; 14.808 ; 14.808 ; 14.808 ;
; A[27]      ; Out[28]     ; 14.975 ; 14.975 ; 14.975 ; 14.975 ;
; A[27]      ; Out[29]     ; 15.318 ; 15.318 ; 15.318 ; 15.318 ;
; A[27]      ; Out[30]     ; 15.039 ; 15.039 ; 15.039 ; 15.039 ;
; A[27]      ; Out[31]     ; 15.362 ; 15.362 ; 15.362 ; 15.362 ;
; A[27]      ; Overflow    ; 14.919 ; 14.919 ; 14.919 ; 14.919 ;
; A[28]      ; Out[28]     ; 15.091 ; 15.091 ; 15.091 ; 15.091 ;
; A[28]      ; Out[29]     ; 15.606 ; 15.606 ; 15.606 ; 15.606 ;
; A[28]      ; Out[30]     ; 15.470 ; 15.470 ; 15.470 ; 15.470 ;
; A[28]      ; Out[31]     ; 15.793 ; 15.793 ; 15.793 ; 15.793 ;
; A[28]      ; Overflow    ; 15.326 ; 15.326 ; 15.326 ; 15.326 ;
; A[29]      ; Out[29]     ; 15.049 ; 15.049 ; 15.049 ; 15.049 ;
; A[29]      ; Out[30]     ; 15.087 ; 15.087 ; 15.087 ; 15.087 ;
; A[29]      ; Out[31]     ; 15.327 ; 15.327 ; 15.327 ; 15.327 ;
; A[29]      ; Overflow    ; 14.691 ; 14.691 ; 14.691 ; 14.691 ;
; A[30]      ; Out[30]     ; 14.776 ; 14.776 ; 14.776 ; 14.776 ;
; A[30]      ; Out[31]     ; 15.371 ; 15.371 ; 15.371 ; 15.371 ;
; A[30]      ; Overflow    ; 15.122 ; 15.122 ; 15.122 ; 15.122 ;
; A[31]      ; Out[31]     ; 14.694 ; 14.694 ; 14.694 ; 14.694 ;
; A[31]      ; Overflow    ; 14.337 ; 14.337 ; 14.337 ; 14.337 ;
; B[0]       ; Out[0]      ; 10.053 ; 10.053 ; 10.053 ; 10.053 ;
; B[0]       ; Out[1]      ; 10.461 ; 10.461 ; 10.461 ; 10.461 ;
; B[0]       ; Out[2]      ; 9.846  ; 9.846  ; 9.846  ; 9.846  ;
; B[0]       ; Out[3]      ; 10.408 ; 10.408 ; 10.408 ; 10.408 ;
; B[0]       ; Out[4]      ; 10.470 ; 10.470 ; 10.470 ; 10.470 ;
; B[0]       ; Out[5]      ; 10.733 ; 10.733 ; 10.733 ; 10.733 ;
; B[0]       ; Out[6]      ; 10.583 ; 10.583 ; 10.583 ; 10.583 ;
; B[0]       ; Out[7]      ; 10.895 ; 10.895 ; 10.895 ; 10.895 ;
; B[0]       ; Out[8]      ; 10.717 ; 10.717 ; 10.717 ; 10.717 ;
; B[0]       ; Out[9]      ; 11.545 ; 11.545 ; 11.545 ; 11.545 ;
; B[0]       ; Out[10]     ; 11.181 ; 11.181 ; 11.181 ; 11.181 ;
; B[0]       ; Out[11]     ; 11.609 ; 11.609 ; 11.609 ; 11.609 ;
; B[0]       ; Out[12]     ; 11.064 ; 11.064 ; 11.064 ; 11.064 ;
; B[0]       ; Out[13]     ; 11.045 ; 11.045 ; 11.045 ; 11.045 ;
; B[0]       ; Out[14]     ; 12.027 ; 12.027 ; 12.027 ; 12.027 ;
; B[0]       ; Out[15]     ; 11.419 ; 11.419 ; 11.419 ; 11.419 ;
; B[0]       ; Out[16]     ; 11.361 ; 11.361 ; 11.361 ; 11.361 ;
; B[0]       ; Out[17]     ; 12.203 ; 12.203 ; 12.203 ; 12.203 ;
; B[0]       ; Out[18]     ; 11.906 ; 11.906 ; 11.906 ; 11.906 ;
; B[0]       ; Out[19]     ; 11.190 ; 11.190 ; 11.190 ; 11.190 ;
; B[0]       ; Out[20]     ; 12.040 ; 12.040 ; 12.040 ; 12.040 ;
; B[0]       ; Out[21]     ; 11.950 ; 11.950 ; 11.950 ; 11.950 ;
; B[0]       ; Out[22]     ; 12.161 ; 12.161 ; 12.161 ; 12.161 ;
; B[0]       ; Out[23]     ; 12.347 ; 12.347 ; 12.347 ; 12.347 ;
; B[0]       ; Out[24]     ; 11.948 ; 11.948 ; 11.948 ; 11.948 ;
; B[0]       ; Out[25]     ; 12.110 ; 12.110 ; 12.110 ; 12.110 ;
; B[0]       ; Out[26]     ; 12.443 ; 12.443 ; 12.443 ; 12.443 ;
; B[0]       ; Out[27]     ; 13.028 ; 13.028 ; 13.028 ; 13.028 ;
; B[0]       ; Out[28]     ; 12.883 ; 12.883 ; 12.883 ; 12.883 ;
; B[0]       ; Out[29]     ; 13.083 ; 13.083 ; 13.083 ; 13.083 ;
; B[0]       ; Out[30]     ; 12.947 ; 12.947 ; 12.947 ; 12.947 ;
; B[0]       ; Out[31]     ; 13.270 ; 13.270 ; 13.270 ; 13.270 ;
; B[0]       ; Overflow    ; 13.092 ; 13.092 ; 13.092 ; 13.092 ;
; B[1]       ; Out[1]      ; 14.536 ; 14.536 ; 14.536 ; 14.536 ;
; B[1]       ; Out[2]      ; 14.224 ; 14.224 ; 14.224 ; 14.224 ;
; B[1]       ; Out[3]      ; 14.795 ; 14.795 ; 14.795 ; 14.795 ;
; B[1]       ; Out[4]      ; 14.857 ; 14.857 ; 14.857 ; 14.857 ;
; B[1]       ; Out[5]      ; 15.120 ; 15.120 ; 15.120 ; 15.120 ;
; B[1]       ; Out[6]      ; 14.970 ; 14.970 ; 14.970 ; 14.970 ;
; B[1]       ; Out[7]      ; 15.282 ; 15.282 ; 15.282 ; 15.282 ;
; B[1]       ; Out[8]      ; 15.104 ; 15.104 ; 15.104 ; 15.104 ;
; B[1]       ; Out[9]      ; 15.932 ; 15.932 ; 15.932 ; 15.932 ;
; B[1]       ; Out[10]     ; 15.568 ; 15.568 ; 15.568 ; 15.568 ;
; B[1]       ; Out[11]     ; 15.996 ; 15.996 ; 15.996 ; 15.996 ;
; B[1]       ; Out[12]     ; 15.451 ; 15.451 ; 15.451 ; 15.451 ;
; B[1]       ; Out[13]     ; 15.432 ; 15.432 ; 15.432 ; 15.432 ;
; B[1]       ; Out[14]     ; 16.414 ; 16.414 ; 16.414 ; 16.414 ;
; B[1]       ; Out[15]     ; 15.806 ; 15.806 ; 15.806 ; 15.806 ;
; B[1]       ; Out[16]     ; 15.748 ; 15.748 ; 15.748 ; 15.748 ;
; B[1]       ; Out[17]     ; 16.590 ; 16.590 ; 16.590 ; 16.590 ;
; B[1]       ; Out[18]     ; 16.293 ; 16.293 ; 16.293 ; 16.293 ;
; B[1]       ; Out[19]     ; 15.577 ; 15.577 ; 15.577 ; 15.577 ;
; B[1]       ; Out[20]     ; 16.427 ; 16.427 ; 16.427 ; 16.427 ;
; B[1]       ; Out[21]     ; 16.337 ; 16.337 ; 16.337 ; 16.337 ;
; B[1]       ; Out[22]     ; 16.548 ; 16.548 ; 16.548 ; 16.548 ;
; B[1]       ; Out[23]     ; 16.734 ; 16.734 ; 16.734 ; 16.734 ;
; B[1]       ; Out[24]     ; 16.335 ; 16.335 ; 16.335 ; 16.335 ;
; B[1]       ; Out[25]     ; 16.488 ; 16.488 ; 16.488 ; 16.488 ;
; B[1]       ; Out[26]     ; 16.830 ; 16.830 ; 16.830 ; 16.830 ;
; B[1]       ; Out[27]     ; 17.415 ; 17.415 ; 17.415 ; 17.415 ;
; B[1]       ; Out[28]     ; 17.270 ; 17.270 ; 17.270 ; 17.270 ;
; B[1]       ; Out[29]     ; 17.470 ; 17.470 ; 17.470 ; 17.470 ;
; B[1]       ; Out[30]     ; 17.334 ; 17.334 ; 17.334 ; 17.334 ;
; B[1]       ; Out[31]     ; 17.657 ; 17.657 ; 17.657 ; 17.657 ;
; B[1]       ; Overflow    ; 17.470 ; 17.470 ; 17.470 ; 17.470 ;
; B[2]       ; Out[2]      ; 13.544 ; 13.544 ; 13.544 ; 13.544 ;
; B[2]       ; Out[3]      ; 14.543 ; 14.543 ; 14.543 ; 14.543 ;
; B[2]       ; Out[4]      ; 14.605 ; 14.605 ; 14.605 ; 14.605 ;
; B[2]       ; Out[5]      ; 14.868 ; 14.868 ; 14.868 ; 14.868 ;
; B[2]       ; Out[6]      ; 14.718 ; 14.718 ; 14.718 ; 14.718 ;
; B[2]       ; Out[7]      ; 15.030 ; 15.030 ; 15.030 ; 15.030 ;
; B[2]       ; Out[8]      ; 14.852 ; 14.852 ; 14.852 ; 14.852 ;
; B[2]       ; Out[9]      ; 15.680 ; 15.680 ; 15.680 ; 15.680 ;
; B[2]       ; Out[10]     ; 15.316 ; 15.316 ; 15.316 ; 15.316 ;
; B[2]       ; Out[11]     ; 15.744 ; 15.744 ; 15.744 ; 15.744 ;
; B[2]       ; Out[12]     ; 15.199 ; 15.199 ; 15.199 ; 15.199 ;
; B[2]       ; Out[13]     ; 15.180 ; 15.180 ; 15.180 ; 15.180 ;
; B[2]       ; Out[14]     ; 16.162 ; 16.162 ; 16.162 ; 16.162 ;
; B[2]       ; Out[15]     ; 15.554 ; 15.554 ; 15.554 ; 15.554 ;
; B[2]       ; Out[16]     ; 15.496 ; 15.496 ; 15.496 ; 15.496 ;
; B[2]       ; Out[17]     ; 16.338 ; 16.338 ; 16.338 ; 16.338 ;
; B[2]       ; Out[18]     ; 16.041 ; 16.041 ; 16.041 ; 16.041 ;
; B[2]       ; Out[19]     ; 15.325 ; 15.325 ; 15.325 ; 15.325 ;
; B[2]       ; Out[20]     ; 16.175 ; 16.175 ; 16.175 ; 16.175 ;
; B[2]       ; Out[21]     ; 16.085 ; 16.085 ; 16.085 ; 16.085 ;
; B[2]       ; Out[22]     ; 16.296 ; 16.296 ; 16.296 ; 16.296 ;
; B[2]       ; Out[23]     ; 16.482 ; 16.482 ; 16.482 ; 16.482 ;
; B[2]       ; Out[24]     ; 16.083 ; 16.083 ; 16.083 ; 16.083 ;
; B[2]       ; Out[25]     ; 16.084 ; 16.084 ; 16.084 ; 16.084 ;
; B[2]       ; Out[26]     ; 16.578 ; 16.578 ; 16.578 ; 16.578 ;
; B[2]       ; Out[27]     ; 17.163 ; 17.163 ; 17.163 ; 17.163 ;
; B[2]       ; Out[28]     ; 17.018 ; 17.018 ; 17.018 ; 17.018 ;
; B[2]       ; Out[29]     ; 17.218 ; 17.218 ; 17.218 ; 17.218 ;
; B[2]       ; Out[30]     ; 17.082 ; 17.082 ; 17.082 ; 17.082 ;
; B[2]       ; Out[31]     ; 17.405 ; 17.405 ; 17.405 ; 17.405 ;
; B[2]       ; Overflow    ; 17.032 ; 17.032 ; 17.032 ; 17.032 ;
; B[3]       ; Out[3]      ; 13.928 ; 13.928 ; 13.928 ; 13.928 ;
; B[3]       ; Out[4]      ; 14.305 ; 14.305 ; 14.305 ; 14.305 ;
; B[3]       ; Out[5]      ; 14.568 ; 14.568 ; 14.568 ; 14.568 ;
; B[3]       ; Out[6]      ; 14.418 ; 14.418 ; 14.418 ; 14.418 ;
; B[3]       ; Out[7]      ; 14.730 ; 14.730 ; 14.730 ; 14.730 ;
; B[3]       ; Out[8]      ; 14.552 ; 14.552 ; 14.552 ; 14.552 ;
; B[3]       ; Out[9]      ; 15.380 ; 15.380 ; 15.380 ; 15.380 ;
; B[3]       ; Out[10]     ; 15.016 ; 15.016 ; 15.016 ; 15.016 ;
; B[3]       ; Out[11]     ; 15.444 ; 15.444 ; 15.444 ; 15.444 ;
; B[3]       ; Out[12]     ; 14.899 ; 14.899 ; 14.899 ; 14.899 ;
; B[3]       ; Out[13]     ; 14.880 ; 14.880 ; 14.880 ; 14.880 ;
; B[3]       ; Out[14]     ; 15.862 ; 15.862 ; 15.862 ; 15.862 ;
; B[3]       ; Out[15]     ; 15.254 ; 15.254 ; 15.254 ; 15.254 ;
; B[3]       ; Out[16]     ; 15.196 ; 15.196 ; 15.196 ; 15.196 ;
; B[3]       ; Out[17]     ; 16.038 ; 16.038 ; 16.038 ; 16.038 ;
; B[3]       ; Out[18]     ; 15.741 ; 15.741 ; 15.741 ; 15.741 ;
; B[3]       ; Out[19]     ; 15.025 ; 15.025 ; 15.025 ; 15.025 ;
; B[3]       ; Out[20]     ; 15.875 ; 15.875 ; 15.875 ; 15.875 ;
; B[3]       ; Out[21]     ; 15.785 ; 15.785 ; 15.785 ; 15.785 ;
; B[3]       ; Out[22]     ; 15.996 ; 15.996 ; 15.996 ; 15.996 ;
; B[3]       ; Out[23]     ; 16.182 ; 16.182 ; 16.182 ; 16.182 ;
; B[3]       ; Out[24]     ; 15.783 ; 15.783 ; 15.783 ; 15.783 ;
; B[3]       ; Out[25]     ; 15.882 ; 15.882 ; 15.882 ; 15.882 ;
; B[3]       ; Out[26]     ; 16.278 ; 16.278 ; 16.278 ; 16.278 ;
; B[3]       ; Out[27]     ; 16.863 ; 16.863 ; 16.863 ; 16.863 ;
; B[3]       ; Out[28]     ; 16.718 ; 16.718 ; 16.718 ; 16.718 ;
; B[3]       ; Out[29]     ; 16.918 ; 16.918 ; 16.918 ; 16.918 ;
; B[3]       ; Out[30]     ; 16.782 ; 16.782 ; 16.782 ; 16.782 ;
; B[3]       ; Out[31]     ; 17.105 ; 17.105 ; 17.105 ; 17.105 ;
; B[3]       ; Overflow    ; 16.864 ; 16.864 ; 16.864 ; 16.864 ;
; B[4]       ; Out[4]      ; 13.991 ; 13.991 ; 13.991 ; 13.991 ;
; B[4]       ; Out[5]      ; 14.566 ; 14.566 ; 14.566 ; 14.566 ;
; B[4]       ; Out[6]      ; 14.416 ; 14.416 ; 14.416 ; 14.416 ;
; B[4]       ; Out[7]      ; 14.728 ; 14.728 ; 14.728 ; 14.728 ;
; B[4]       ; Out[8]      ; 14.550 ; 14.550 ; 14.550 ; 14.550 ;
; B[4]       ; Out[9]      ; 15.378 ; 15.378 ; 15.378 ; 15.378 ;
; B[4]       ; Out[10]     ; 15.014 ; 15.014 ; 15.014 ; 15.014 ;
; B[4]       ; Out[11]     ; 15.442 ; 15.442 ; 15.442 ; 15.442 ;
; B[4]       ; Out[12]     ; 14.897 ; 14.897 ; 14.897 ; 14.897 ;
; B[4]       ; Out[13]     ; 14.878 ; 14.878 ; 14.878 ; 14.878 ;
; B[4]       ; Out[14]     ; 15.860 ; 15.860 ; 15.860 ; 15.860 ;
; B[4]       ; Out[15]     ; 15.252 ; 15.252 ; 15.252 ; 15.252 ;
; B[4]       ; Out[16]     ; 15.194 ; 15.194 ; 15.194 ; 15.194 ;
; B[4]       ; Out[17]     ; 16.036 ; 16.036 ; 16.036 ; 16.036 ;
; B[4]       ; Out[18]     ; 15.739 ; 15.739 ; 15.739 ; 15.739 ;
; B[4]       ; Out[19]     ; 15.023 ; 15.023 ; 15.023 ; 15.023 ;
; B[4]       ; Out[20]     ; 15.873 ; 15.873 ; 15.873 ; 15.873 ;
; B[4]       ; Out[21]     ; 15.783 ; 15.783 ; 15.783 ; 15.783 ;
; B[4]       ; Out[22]     ; 15.994 ; 15.994 ; 15.994 ; 15.994 ;
; B[4]       ; Out[23]     ; 16.180 ; 16.180 ; 16.180 ; 16.180 ;
; B[4]       ; Out[24]     ; 15.781 ; 15.781 ; 15.781 ; 15.781 ;
; B[4]       ; Out[25]     ; 15.911 ; 15.911 ; 15.911 ; 15.911 ;
; B[4]       ; Out[26]     ; 16.276 ; 16.276 ; 16.276 ; 16.276 ;
; B[4]       ; Out[27]     ; 16.861 ; 16.861 ; 16.861 ; 16.861 ;
; B[4]       ; Out[28]     ; 16.716 ; 16.716 ; 16.716 ; 16.716 ;
; B[4]       ; Out[29]     ; 16.916 ; 16.916 ; 16.916 ; 16.916 ;
; B[4]       ; Out[30]     ; 16.780 ; 16.780 ; 16.780 ; 16.780 ;
; B[4]       ; Out[31]     ; 17.103 ; 17.103 ; 17.103 ; 17.103 ;
; B[4]       ; Overflow    ; 16.893 ; 16.893 ; 16.893 ; 16.893 ;
; B[5]       ; Out[5]      ; 14.071 ; 14.071 ; 14.071 ; 14.071 ;
; B[5]       ; Out[6]      ; 14.233 ; 14.233 ; 14.233 ; 14.233 ;
; B[5]       ; Out[7]      ; 14.545 ; 14.545 ; 14.545 ; 14.545 ;
; B[5]       ; Out[8]      ; 14.367 ; 14.367 ; 14.367 ; 14.367 ;
; B[5]       ; Out[9]      ; 15.195 ; 15.195 ; 15.195 ; 15.195 ;
; B[5]       ; Out[10]     ; 14.831 ; 14.831 ; 14.831 ; 14.831 ;
; B[5]       ; Out[11]     ; 15.259 ; 15.259 ; 15.259 ; 15.259 ;
; B[5]       ; Out[12]     ; 14.714 ; 14.714 ; 14.714 ; 14.714 ;
; B[5]       ; Out[13]     ; 14.695 ; 14.695 ; 14.695 ; 14.695 ;
; B[5]       ; Out[14]     ; 15.677 ; 15.677 ; 15.677 ; 15.677 ;
; B[5]       ; Out[15]     ; 15.069 ; 15.069 ; 15.069 ; 15.069 ;
; B[5]       ; Out[16]     ; 15.011 ; 15.011 ; 15.011 ; 15.011 ;
; B[5]       ; Out[17]     ; 15.853 ; 15.853 ; 15.853 ; 15.853 ;
; B[5]       ; Out[18]     ; 15.556 ; 15.556 ; 15.556 ; 15.556 ;
; B[5]       ; Out[19]     ; 14.840 ; 14.840 ; 14.840 ; 14.840 ;
; B[5]       ; Out[20]     ; 15.690 ; 15.690 ; 15.690 ; 15.690 ;
; B[5]       ; Out[21]     ; 15.600 ; 15.600 ; 15.600 ; 15.600 ;
; B[5]       ; Out[22]     ; 15.811 ; 15.811 ; 15.811 ; 15.811 ;
; B[5]       ; Out[23]     ; 15.997 ; 15.997 ; 15.997 ; 15.997 ;
; B[5]       ; Out[24]     ; 15.598 ; 15.598 ; 15.598 ; 15.598 ;
; B[5]       ; Out[25]     ; 15.757 ; 15.757 ; 15.757 ; 15.757 ;
; B[5]       ; Out[26]     ; 16.093 ; 16.093 ; 16.093 ; 16.093 ;
; B[5]       ; Out[27]     ; 16.678 ; 16.678 ; 16.678 ; 16.678 ;
; B[5]       ; Out[28]     ; 16.533 ; 16.533 ; 16.533 ; 16.533 ;
; B[5]       ; Out[29]     ; 16.733 ; 16.733 ; 16.733 ; 16.733 ;
; B[5]       ; Out[30]     ; 16.597 ; 16.597 ; 16.597 ; 16.597 ;
; B[5]       ; Out[31]     ; 16.920 ; 16.920 ; 16.920 ; 16.920 ;
; B[5]       ; Overflow    ; 16.739 ; 16.739 ; 16.739 ; 16.739 ;
; B[6]       ; Out[6]      ; 14.118 ; 14.118 ; 14.118 ; 14.118 ;
; B[6]       ; Out[7]      ; 14.742 ; 14.742 ; 14.742 ; 14.742 ;
; B[6]       ; Out[8]      ; 14.564 ; 14.564 ; 14.564 ; 14.564 ;
; B[6]       ; Out[9]      ; 15.392 ; 15.392 ; 15.392 ; 15.392 ;
; B[6]       ; Out[10]     ; 15.028 ; 15.028 ; 15.028 ; 15.028 ;
; B[6]       ; Out[11]     ; 15.456 ; 15.456 ; 15.456 ; 15.456 ;
; B[6]       ; Out[12]     ; 14.911 ; 14.911 ; 14.911 ; 14.911 ;
; B[6]       ; Out[13]     ; 14.892 ; 14.892 ; 14.892 ; 14.892 ;
; B[6]       ; Out[14]     ; 15.874 ; 15.874 ; 15.874 ; 15.874 ;
; B[6]       ; Out[15]     ; 15.266 ; 15.266 ; 15.266 ; 15.266 ;
; B[6]       ; Out[16]     ; 15.208 ; 15.208 ; 15.208 ; 15.208 ;
; B[6]       ; Out[17]     ; 16.050 ; 16.050 ; 16.050 ; 16.050 ;
; B[6]       ; Out[18]     ; 15.753 ; 15.753 ; 15.753 ; 15.753 ;
; B[6]       ; Out[19]     ; 15.037 ; 15.037 ; 15.037 ; 15.037 ;
; B[6]       ; Out[20]     ; 15.887 ; 15.887 ; 15.887 ; 15.887 ;
; B[6]       ; Out[21]     ; 15.797 ; 15.797 ; 15.797 ; 15.797 ;
; B[6]       ; Out[22]     ; 16.008 ; 16.008 ; 16.008 ; 16.008 ;
; B[6]       ; Out[23]     ; 16.194 ; 16.194 ; 16.194 ; 16.194 ;
; B[6]       ; Out[24]     ; 15.795 ; 15.795 ; 15.795 ; 15.795 ;
; B[6]       ; Out[25]     ; 16.208 ; 16.208 ; 16.208 ; 16.208 ;
; B[6]       ; Out[26]     ; 16.290 ; 16.290 ; 16.290 ; 16.290 ;
; B[6]       ; Out[27]     ; 16.875 ; 16.875 ; 16.875 ; 16.875 ;
; B[6]       ; Out[28]     ; 16.730 ; 16.730 ; 16.730 ; 16.730 ;
; B[6]       ; Out[29]     ; 16.930 ; 16.930 ; 16.930 ; 16.930 ;
; B[6]       ; Out[30]     ; 16.794 ; 16.794 ; 16.794 ; 16.794 ;
; B[6]       ; Out[31]     ; 17.125 ; 17.125 ; 17.125 ; 17.125 ;
; B[6]       ; Overflow    ; 17.190 ; 17.190 ; 17.190 ; 17.190 ;
; B[7]       ; Out[7]      ; 14.250 ; 14.250 ; 14.250 ; 14.250 ;
; B[7]       ; Out[8]      ; 14.389 ; 14.389 ; 14.389 ; 14.389 ;
; B[7]       ; Out[9]      ; 15.217 ; 15.217 ; 15.217 ; 15.217 ;
; B[7]       ; Out[10]     ; 14.853 ; 14.853 ; 14.853 ; 14.853 ;
; B[7]       ; Out[11]     ; 15.281 ; 15.281 ; 15.281 ; 15.281 ;
; B[7]       ; Out[12]     ; 14.736 ; 14.736 ; 14.736 ; 14.736 ;
; B[7]       ; Out[13]     ; 14.717 ; 14.717 ; 14.717 ; 14.717 ;
; B[7]       ; Out[14]     ; 15.699 ; 15.699 ; 15.699 ; 15.699 ;
; B[7]       ; Out[15]     ; 15.091 ; 15.091 ; 15.091 ; 15.091 ;
; B[7]       ; Out[16]     ; 15.033 ; 15.033 ; 15.033 ; 15.033 ;
; B[7]       ; Out[17]     ; 15.875 ; 15.875 ; 15.875 ; 15.875 ;
; B[7]       ; Out[18]     ; 15.578 ; 15.578 ; 15.578 ; 15.578 ;
; B[7]       ; Out[19]     ; 14.862 ; 14.862 ; 14.862 ; 14.862 ;
; B[7]       ; Out[20]     ; 15.712 ; 15.712 ; 15.712 ; 15.712 ;
; B[7]       ; Out[21]     ; 15.622 ; 15.622 ; 15.622 ; 15.622 ;
; B[7]       ; Out[22]     ; 15.833 ; 15.833 ; 15.833 ; 15.833 ;
; B[7]       ; Out[23]     ; 16.019 ; 16.019 ; 16.019 ; 16.019 ;
; B[7]       ; Out[24]     ; 15.620 ; 15.620 ; 15.620 ; 15.620 ;
; B[7]       ; Out[25]     ; 16.020 ; 16.020 ; 16.020 ; 16.020 ;
; B[7]       ; Out[26]     ; 16.115 ; 16.115 ; 16.115 ; 16.115 ;
; B[7]       ; Out[27]     ; 16.700 ; 16.700 ; 16.700 ; 16.700 ;
; B[7]       ; Out[28]     ; 16.555 ; 16.555 ; 16.555 ; 16.555 ;
; B[7]       ; Out[29]     ; 16.755 ; 16.755 ; 16.755 ; 16.755 ;
; B[7]       ; Out[30]     ; 16.619 ; 16.619 ; 16.619 ; 16.619 ;
; B[7]       ; Out[31]     ; 16.942 ; 16.942 ; 16.942 ; 16.942 ;
; B[7]       ; Overflow    ; 17.002 ; 17.002 ; 17.002 ; 17.002 ;
; B[8]       ; Out[8]      ; 14.377 ; 14.377 ; 14.377 ; 14.377 ;
; B[8]       ; Out[9]      ; 15.517 ; 15.517 ; 15.517 ; 15.517 ;
; B[8]       ; Out[10]     ; 15.153 ; 15.153 ; 15.153 ; 15.153 ;
; B[8]       ; Out[11]     ; 15.581 ; 15.581 ; 15.581 ; 15.581 ;
; B[8]       ; Out[12]     ; 15.036 ; 15.036 ; 15.036 ; 15.036 ;
; B[8]       ; Out[13]     ; 15.017 ; 15.017 ; 15.017 ; 15.017 ;
; B[8]       ; Out[14]     ; 15.999 ; 15.999 ; 15.999 ; 15.999 ;
; B[8]       ; Out[15]     ; 15.391 ; 15.391 ; 15.391 ; 15.391 ;
; B[8]       ; Out[16]     ; 15.333 ; 15.333 ; 15.333 ; 15.333 ;
; B[8]       ; Out[17]     ; 16.175 ; 16.175 ; 16.175 ; 16.175 ;
; B[8]       ; Out[18]     ; 15.878 ; 15.878 ; 15.878 ; 15.878 ;
; B[8]       ; Out[19]     ; 15.162 ; 15.162 ; 15.162 ; 15.162 ;
; B[8]       ; Out[20]     ; 16.012 ; 16.012 ; 16.012 ; 16.012 ;
; B[8]       ; Out[21]     ; 15.922 ; 15.922 ; 15.922 ; 15.922 ;
; B[8]       ; Out[22]     ; 16.133 ; 16.133 ; 16.133 ; 16.133 ;
; B[8]       ; Out[23]     ; 16.319 ; 16.319 ; 16.319 ; 16.319 ;
; B[8]       ; Out[24]     ; 15.920 ; 15.920 ; 15.920 ; 15.920 ;
; B[8]       ; Out[25]     ; 16.082 ; 16.082 ; 16.082 ; 16.082 ;
; B[8]       ; Out[26]     ; 16.415 ; 16.415 ; 16.415 ; 16.415 ;
; B[8]       ; Out[27]     ; 17.000 ; 17.000 ; 17.000 ; 17.000 ;
; B[8]       ; Out[28]     ; 16.855 ; 16.855 ; 16.855 ; 16.855 ;
; B[8]       ; Out[29]     ; 17.055 ; 17.055 ; 17.055 ; 17.055 ;
; B[8]       ; Out[30]     ; 16.919 ; 16.919 ; 16.919 ; 16.919 ;
; B[8]       ; Out[31]     ; 17.242 ; 17.242 ; 17.242 ; 17.242 ;
; B[8]       ; Overflow    ; 17.064 ; 17.064 ; 17.064 ; 17.064 ;
; B[9]       ; Out[9]      ; 15.230 ; 15.230 ; 15.230 ; 15.230 ;
; B[9]       ; Out[10]     ; 15.181 ; 15.181 ; 15.181 ; 15.181 ;
; B[9]       ; Out[11]     ; 15.609 ; 15.609 ; 15.609 ; 15.609 ;
; B[9]       ; Out[12]     ; 15.064 ; 15.064 ; 15.064 ; 15.064 ;
; B[9]       ; Out[13]     ; 15.045 ; 15.045 ; 15.045 ; 15.045 ;
; B[9]       ; Out[14]     ; 16.027 ; 16.027 ; 16.027 ; 16.027 ;
; B[9]       ; Out[15]     ; 15.419 ; 15.419 ; 15.419 ; 15.419 ;
; B[9]       ; Out[16]     ; 15.361 ; 15.361 ; 15.361 ; 15.361 ;
; B[9]       ; Out[17]     ; 16.203 ; 16.203 ; 16.203 ; 16.203 ;
; B[9]       ; Out[18]     ; 15.906 ; 15.906 ; 15.906 ; 15.906 ;
; B[9]       ; Out[19]     ; 15.190 ; 15.190 ; 15.190 ; 15.190 ;
; B[9]       ; Out[20]     ; 16.040 ; 16.040 ; 16.040 ; 16.040 ;
; B[9]       ; Out[21]     ; 15.950 ; 15.950 ; 15.950 ; 15.950 ;
; B[9]       ; Out[22]     ; 16.161 ; 16.161 ; 16.161 ; 16.161 ;
; B[9]       ; Out[23]     ; 16.347 ; 16.347 ; 16.347 ; 16.347 ;
; B[9]       ; Out[24]     ; 15.948 ; 15.948 ; 15.948 ; 15.948 ;
; B[9]       ; Out[25]     ; 16.039 ; 16.039 ; 16.039 ; 16.039 ;
; B[9]       ; Out[26]     ; 16.443 ; 16.443 ; 16.443 ; 16.443 ;
; B[9]       ; Out[27]     ; 17.028 ; 17.028 ; 17.028 ; 17.028 ;
; B[9]       ; Out[28]     ; 16.883 ; 16.883 ; 16.883 ; 16.883 ;
; B[9]       ; Out[29]     ; 17.083 ; 17.083 ; 17.083 ; 17.083 ;
; B[9]       ; Out[30]     ; 16.947 ; 16.947 ; 16.947 ; 16.947 ;
; B[9]       ; Out[31]     ; 17.270 ; 17.270 ; 17.270 ; 17.270 ;
; B[9]       ; Overflow    ; 17.021 ; 17.021 ; 17.021 ; 17.021 ;
; B[10]      ; Out[10]     ; 14.164 ; 14.164 ; 14.164 ; 14.164 ;
; B[10]      ; Out[11]     ; 14.904 ; 14.904 ; 14.904 ; 14.904 ;
; B[10]      ; Out[12]     ; 14.359 ; 14.359 ; 14.359 ; 14.359 ;
; B[10]      ; Out[13]     ; 14.340 ; 14.340 ; 14.340 ; 14.340 ;
; B[10]      ; Out[14]     ; 15.322 ; 15.322 ; 15.322 ; 15.322 ;
; B[10]      ; Out[15]     ; 14.714 ; 14.714 ; 14.714 ; 14.714 ;
; B[10]      ; Out[16]     ; 14.656 ; 14.656 ; 14.656 ; 14.656 ;
; B[10]      ; Out[17]     ; 15.498 ; 15.498 ; 15.498 ; 15.498 ;
; B[10]      ; Out[18]     ; 15.201 ; 15.201 ; 15.201 ; 15.201 ;
; B[10]      ; Out[19]     ; 14.485 ; 14.485 ; 14.485 ; 14.485 ;
; B[10]      ; Out[20]     ; 15.335 ; 15.335 ; 15.335 ; 15.335 ;
; B[10]      ; Out[21]     ; 15.245 ; 15.245 ; 15.245 ; 15.245 ;
; B[10]      ; Out[22]     ; 15.456 ; 15.456 ; 15.456 ; 15.456 ;
; B[10]      ; Out[23]     ; 15.642 ; 15.642 ; 15.642 ; 15.642 ;
; B[10]      ; Out[24]     ; 15.243 ; 15.243 ; 15.243 ; 15.243 ;
; B[10]      ; Out[25]     ; 15.427 ; 15.427 ; 15.427 ; 15.427 ;
; B[10]      ; Out[26]     ; 15.738 ; 15.738 ; 15.738 ; 15.738 ;
; B[10]      ; Out[27]     ; 16.323 ; 16.323 ; 16.323 ; 16.323 ;
; B[10]      ; Out[28]     ; 16.178 ; 16.178 ; 16.178 ; 16.178 ;
; B[10]      ; Out[29]     ; 16.378 ; 16.378 ; 16.378 ; 16.378 ;
; B[10]      ; Out[30]     ; 16.242 ; 16.242 ; 16.242 ; 16.242 ;
; B[10]      ; Out[31]     ; 16.565 ; 16.565 ; 16.565 ; 16.565 ;
; B[10]      ; Overflow    ; 16.409 ; 16.409 ; 16.409 ; 16.409 ;
; B[11]      ; Out[11]     ; 14.703 ; 14.703 ; 14.703 ; 14.703 ;
; B[11]      ; Out[12]     ; 14.473 ; 14.473 ; 14.473 ; 14.473 ;
; B[11]      ; Out[13]     ; 14.454 ; 14.454 ; 14.454 ; 14.454 ;
; B[11]      ; Out[14]     ; 15.436 ; 15.436 ; 15.436 ; 15.436 ;
; B[11]      ; Out[15]     ; 14.828 ; 14.828 ; 14.828 ; 14.828 ;
; B[11]      ; Out[16]     ; 14.770 ; 14.770 ; 14.770 ; 14.770 ;
; B[11]      ; Out[17]     ; 15.647 ; 15.647 ; 15.647 ; 15.647 ;
; B[11]      ; Out[18]     ; 15.315 ; 15.315 ; 15.315 ; 15.315 ;
; B[11]      ; Out[19]     ; 14.599 ; 14.599 ; 14.599 ; 14.599 ;
; B[11]      ; Out[20]     ; 15.449 ; 15.449 ; 15.449 ; 15.449 ;
; B[11]      ; Out[21]     ; 15.359 ; 15.359 ; 15.359 ; 15.359 ;
; B[11]      ; Out[22]     ; 15.570 ; 15.570 ; 15.570 ; 15.570 ;
; B[11]      ; Out[23]     ; 15.756 ; 15.756 ; 15.756 ; 15.756 ;
; B[11]      ; Out[24]     ; 15.357 ; 15.357 ; 15.357 ; 15.357 ;
; B[11]      ; Out[25]     ; 15.897 ; 15.897 ; 15.897 ; 15.897 ;
; B[11]      ; Out[26]     ; 15.852 ; 15.852 ; 15.852 ; 15.852 ;
; B[11]      ; Out[27]     ; 16.437 ; 16.437 ; 16.437 ; 16.437 ;
; B[11]      ; Out[28]     ; 16.292 ; 16.292 ; 16.292 ; 16.292 ;
; B[11]      ; Out[29]     ; 16.492 ; 16.492 ; 16.492 ; 16.492 ;
; B[11]      ; Out[30]     ; 16.356 ; 16.356 ; 16.356 ; 16.356 ;
; B[11]      ; Out[31]     ; 16.814 ; 16.814 ; 16.814 ; 16.814 ;
; B[11]      ; Overflow    ; 16.879 ; 16.879 ; 16.879 ; 16.879 ;
; B[12]      ; Out[12]     ; 14.132 ; 14.132 ; 14.132 ; 14.132 ;
; B[12]      ; Out[13]     ; 14.430 ; 14.430 ; 14.430 ; 14.430 ;
; B[12]      ; Out[14]     ; 15.412 ; 15.412 ; 15.412 ; 15.412 ;
; B[12]      ; Out[15]     ; 14.804 ; 14.804 ; 14.804 ; 14.804 ;
; B[12]      ; Out[16]     ; 14.746 ; 14.746 ; 14.746 ; 14.746 ;
; B[12]      ; Out[17]     ; 15.588 ; 15.588 ; 15.588 ; 15.588 ;
; B[12]      ; Out[18]     ; 15.291 ; 15.291 ; 15.291 ; 15.291 ;
; B[12]      ; Out[19]     ; 14.575 ; 14.575 ; 14.575 ; 14.575 ;
; B[12]      ; Out[20]     ; 15.425 ; 15.425 ; 15.425 ; 15.425 ;
; B[12]      ; Out[21]     ; 15.335 ; 15.335 ; 15.335 ; 15.335 ;
; B[12]      ; Out[22]     ; 15.546 ; 15.546 ; 15.546 ; 15.546 ;
; B[12]      ; Out[23]     ; 15.732 ; 15.732 ; 15.732 ; 15.732 ;
; B[12]      ; Out[24]     ; 15.333 ; 15.333 ; 15.333 ; 15.333 ;
; B[12]      ; Out[25]     ; 15.423 ; 15.423 ; 15.423 ; 15.423 ;
; B[12]      ; Out[26]     ; 15.828 ; 15.828 ; 15.828 ; 15.828 ;
; B[12]      ; Out[27]     ; 16.413 ; 16.413 ; 16.413 ; 16.413 ;
; B[12]      ; Out[28]     ; 16.268 ; 16.268 ; 16.268 ; 16.268 ;
; B[12]      ; Out[29]     ; 16.468 ; 16.468 ; 16.468 ; 16.468 ;
; B[12]      ; Out[30]     ; 16.332 ; 16.332 ; 16.332 ; 16.332 ;
; B[12]      ; Out[31]     ; 16.655 ; 16.655 ; 16.655 ; 16.655 ;
; B[12]      ; Overflow    ; 16.405 ; 16.405 ; 16.405 ; 16.405 ;
; B[13]      ; Out[13]     ; 14.244 ; 14.244 ; 14.244 ; 14.244 ;
; B[13]      ; Out[14]     ; 15.538 ; 15.538 ; 15.538 ; 15.538 ;
; B[13]      ; Out[15]     ; 14.930 ; 14.930 ; 14.930 ; 14.930 ;
; B[13]      ; Out[16]     ; 14.872 ; 14.872 ; 14.872 ; 14.872 ;
; B[13]      ; Out[17]     ; 15.714 ; 15.714 ; 15.714 ; 15.714 ;
; B[13]      ; Out[18]     ; 15.417 ; 15.417 ; 15.417 ; 15.417 ;
; B[13]      ; Out[19]     ; 14.701 ; 14.701 ; 14.701 ; 14.701 ;
; B[13]      ; Out[20]     ; 15.551 ; 15.551 ; 15.551 ; 15.551 ;
; B[13]      ; Out[21]     ; 15.461 ; 15.461 ; 15.461 ; 15.461 ;
; B[13]      ; Out[22]     ; 15.672 ; 15.672 ; 15.672 ; 15.672 ;
; B[13]      ; Out[23]     ; 15.858 ; 15.858 ; 15.858 ; 15.858 ;
; B[13]      ; Out[24]     ; 15.459 ; 15.459 ; 15.459 ; 15.459 ;
; B[13]      ; Out[25]     ; 15.635 ; 15.635 ; 15.635 ; 15.635 ;
; B[13]      ; Out[26]     ; 15.954 ; 15.954 ; 15.954 ; 15.954 ;
; B[13]      ; Out[27]     ; 16.539 ; 16.539 ; 16.539 ; 16.539 ;
; B[13]      ; Out[28]     ; 16.394 ; 16.394 ; 16.394 ; 16.394 ;
; B[13]      ; Out[29]     ; 16.594 ; 16.594 ; 16.594 ; 16.594 ;
; B[13]      ; Out[30]     ; 16.458 ; 16.458 ; 16.458 ; 16.458 ;
; B[13]      ; Out[31]     ; 16.781 ; 16.781 ; 16.781 ; 16.781 ;
; B[13]      ; Overflow    ; 16.617 ; 16.617 ; 16.617 ; 16.617 ;
; B[14]      ; Out[14]     ; 14.805 ; 14.805 ; 14.805 ; 14.805 ;
; B[14]      ; Out[15]     ; 14.514 ; 14.514 ; 14.514 ; 14.514 ;
; B[14]      ; Out[16]     ; 14.456 ; 14.456 ; 14.456 ; 14.456 ;
; B[14]      ; Out[17]     ; 15.298 ; 15.298 ; 15.298 ; 15.298 ;
; B[14]      ; Out[18]     ; 15.001 ; 15.001 ; 15.001 ; 15.001 ;
; B[14]      ; Out[19]     ; 14.285 ; 14.285 ; 14.285 ; 14.285 ;
; B[14]      ; Out[20]     ; 15.135 ; 15.135 ; 15.135 ; 15.135 ;
; B[14]      ; Out[21]     ; 15.045 ; 15.045 ; 15.045 ; 15.045 ;
; B[14]      ; Out[22]     ; 15.256 ; 15.256 ; 15.256 ; 15.256 ;
; B[14]      ; Out[23]     ; 15.442 ; 15.442 ; 15.442 ; 15.442 ;
; B[14]      ; Out[24]     ; 15.043 ; 15.043 ; 15.043 ; 15.043 ;
; B[14]      ; Out[25]     ; 15.184 ; 15.184 ; 15.184 ; 15.184 ;
; B[14]      ; Out[26]     ; 15.538 ; 15.538 ; 15.538 ; 15.538 ;
; B[14]      ; Out[27]     ; 16.123 ; 16.123 ; 16.123 ; 16.123 ;
; B[14]      ; Out[28]     ; 15.978 ; 15.978 ; 15.978 ; 15.978 ;
; B[14]      ; Out[29]     ; 16.178 ; 16.178 ; 16.178 ; 16.178 ;
; B[14]      ; Out[30]     ; 16.042 ; 16.042 ; 16.042 ; 16.042 ;
; B[14]      ; Out[31]     ; 16.365 ; 16.365 ; 16.365 ; 16.365 ;
; B[14]      ; Overflow    ; 16.166 ; 16.166 ; 16.166 ; 16.166 ;
; B[15]      ; Out[15]     ; 14.666 ; 14.666 ; 14.666 ; 14.666 ;
; B[15]      ; Out[16]     ; 14.929 ; 14.929 ; 14.929 ; 14.929 ;
; B[15]      ; Out[17]     ; 15.771 ; 15.771 ; 15.771 ; 15.771 ;
; B[15]      ; Out[18]     ; 15.474 ; 15.474 ; 15.474 ; 15.474 ;
; B[15]      ; Out[19]     ; 14.758 ; 14.758 ; 14.758 ; 14.758 ;
; B[15]      ; Out[20]     ; 15.608 ; 15.608 ; 15.608 ; 15.608 ;
; B[15]      ; Out[21]     ; 15.518 ; 15.518 ; 15.518 ; 15.518 ;
; B[15]      ; Out[22]     ; 15.729 ; 15.729 ; 15.729 ; 15.729 ;
; B[15]      ; Out[23]     ; 15.915 ; 15.915 ; 15.915 ; 15.915 ;
; B[15]      ; Out[24]     ; 15.516 ; 15.516 ; 15.516 ; 15.516 ;
; B[15]      ; Out[25]     ; 15.517 ; 15.517 ; 15.517 ; 15.517 ;
; B[15]      ; Out[26]     ; 16.011 ; 16.011 ; 16.011 ; 16.011 ;
; B[15]      ; Out[27]     ; 16.596 ; 16.596 ; 16.596 ; 16.596 ;
; B[15]      ; Out[28]     ; 16.451 ; 16.451 ; 16.451 ; 16.451 ;
; B[15]      ; Out[29]     ; 16.651 ; 16.651 ; 16.651 ; 16.651 ;
; B[15]      ; Out[30]     ; 16.515 ; 16.515 ; 16.515 ; 16.515 ;
; B[15]      ; Out[31]     ; 16.838 ; 16.838 ; 16.838 ; 16.838 ;
; B[15]      ; Overflow    ; 16.355 ; 16.355 ; 16.355 ; 16.355 ;
; B[16]      ; Out[16]     ; 14.255 ; 14.255 ; 14.255 ; 14.255 ;
; B[16]      ; Out[17]     ; 15.414 ; 15.414 ; 15.414 ; 15.414 ;
; B[16]      ; Out[18]     ; 15.117 ; 15.117 ; 15.117 ; 15.117 ;
; B[16]      ; Out[19]     ; 14.401 ; 14.401 ; 14.401 ; 14.401 ;
; B[16]      ; Out[20]     ; 15.251 ; 15.251 ; 15.251 ; 15.251 ;
; B[16]      ; Out[21]     ; 15.161 ; 15.161 ; 15.161 ; 15.161 ;
; B[16]      ; Out[22]     ; 15.372 ; 15.372 ; 15.372 ; 15.372 ;
; B[16]      ; Out[23]     ; 15.558 ; 15.558 ; 15.558 ; 15.558 ;
; B[16]      ; Out[24]     ; 15.159 ; 15.159 ; 15.159 ; 15.159 ;
; B[16]      ; Out[25]     ; 15.160 ; 15.160 ; 15.160 ; 15.160 ;
; B[16]      ; Out[26]     ; 15.654 ; 15.654 ; 15.654 ; 15.654 ;
; B[16]      ; Out[27]     ; 16.239 ; 16.239 ; 16.239 ; 16.239 ;
; B[16]      ; Out[28]     ; 16.094 ; 16.094 ; 16.094 ; 16.094 ;
; B[16]      ; Out[29]     ; 16.294 ; 16.294 ; 16.294 ; 16.294 ;
; B[16]      ; Out[30]     ; 16.158 ; 16.158 ; 16.158 ; 16.158 ;
; B[16]      ; Out[31]     ; 16.481 ; 16.481 ; 16.481 ; 16.481 ;
; B[16]      ; Overflow    ; 15.980 ; 15.980 ; 15.980 ; 15.980 ;
; B[17]      ; Out[17]     ; 14.698 ; 14.698 ; 14.698 ; 14.698 ;
; B[17]      ; Out[18]     ; 14.716 ; 14.716 ; 14.716 ; 14.716 ;
; B[17]      ; Out[19]     ; 14.000 ; 14.000 ; 14.000 ; 14.000 ;
; B[17]      ; Out[20]     ; 14.850 ; 14.850 ; 14.850 ; 14.850 ;
; B[17]      ; Out[21]     ; 14.760 ; 14.760 ; 14.760 ; 14.760 ;
; B[17]      ; Out[22]     ; 14.971 ; 14.971 ; 14.971 ; 14.971 ;
; B[17]      ; Out[23]     ; 15.157 ; 15.157 ; 15.157 ; 15.157 ;
; B[17]      ; Out[24]     ; 14.758 ; 14.758 ; 14.758 ; 14.758 ;
; B[17]      ; Out[25]     ; 14.884 ; 14.884 ; 14.884 ; 14.884 ;
; B[17]      ; Out[26]     ; 15.253 ; 15.253 ; 15.253 ; 15.253 ;
; B[17]      ; Out[27]     ; 15.838 ; 15.838 ; 15.838 ; 15.838 ;
; B[17]      ; Out[28]     ; 15.693 ; 15.693 ; 15.693 ; 15.693 ;
; B[17]      ; Out[29]     ; 15.893 ; 15.893 ; 15.893 ; 15.893 ;
; B[17]      ; Out[30]     ; 15.757 ; 15.757 ; 15.757 ; 15.757 ;
; B[17]      ; Out[31]     ; 16.080 ; 16.080 ; 16.080 ; 16.080 ;
; B[17]      ; Overflow    ; 15.866 ; 15.866 ; 15.866 ; 15.866 ;
; B[18]      ; Out[18]     ; 14.388 ; 14.388 ; 14.388 ; 14.388 ;
; B[18]      ; Out[19]     ; 13.984 ; 13.984 ; 13.984 ; 13.984 ;
; B[18]      ; Out[20]     ; 14.834 ; 14.834 ; 14.834 ; 14.834 ;
; B[18]      ; Out[21]     ; 14.744 ; 14.744 ; 14.744 ; 14.744 ;
; B[18]      ; Out[22]     ; 14.955 ; 14.955 ; 14.955 ; 14.955 ;
; B[18]      ; Out[23]     ; 15.141 ; 15.141 ; 15.141 ; 15.141 ;
; B[18]      ; Out[24]     ; 14.742 ; 14.742 ; 14.742 ; 14.742 ;
; B[18]      ; Out[25]     ; 15.105 ; 15.105 ; 15.105 ; 15.105 ;
; B[18]      ; Out[26]     ; 15.237 ; 15.237 ; 15.237 ; 15.237 ;
; B[18]      ; Out[27]     ; 15.822 ; 15.822 ; 15.822 ; 15.822 ;
; B[18]      ; Out[28]     ; 15.677 ; 15.677 ; 15.677 ; 15.677 ;
; B[18]      ; Out[29]     ; 15.877 ; 15.877 ; 15.877 ; 15.877 ;
; B[18]      ; Out[30]     ; 15.741 ; 15.741 ; 15.741 ; 15.741 ;
; B[18]      ; Out[31]     ; 16.064 ; 16.064 ; 16.064 ; 16.064 ;
; B[18]      ; Overflow    ; 16.087 ; 16.087 ; 16.087 ; 16.087 ;
; B[19]      ; Out[19]     ; 13.381 ; 13.381 ; 13.381 ; 13.381 ;
; B[19]      ; Out[20]     ; 14.543 ; 14.543 ; 14.543 ; 14.543 ;
; B[19]      ; Out[21]     ; 14.453 ; 14.453 ; 14.453 ; 14.453 ;
; B[19]      ; Out[22]     ; 14.664 ; 14.664 ; 14.664 ; 14.664 ;
; B[19]      ; Out[23]     ; 14.850 ; 14.850 ; 14.850 ; 14.850 ;
; B[19]      ; Out[24]     ; 14.451 ; 14.451 ; 14.451 ; 14.451 ;
; B[19]      ; Out[25]     ; 14.569 ; 14.569 ; 14.569 ; 14.569 ;
; B[19]      ; Out[26]     ; 14.946 ; 14.946 ; 14.946 ; 14.946 ;
; B[19]      ; Out[27]     ; 15.531 ; 15.531 ; 15.531 ; 15.531 ;
; B[19]      ; Out[28]     ; 15.386 ; 15.386 ; 15.386 ; 15.386 ;
; B[19]      ; Out[29]     ; 15.586 ; 15.586 ; 15.586 ; 15.586 ;
; B[19]      ; Out[30]     ; 15.450 ; 15.450 ; 15.450 ; 15.450 ;
; B[19]      ; Out[31]     ; 15.773 ; 15.773 ; 15.773 ; 15.773 ;
; B[19]      ; Overflow    ; 15.551 ; 15.551 ; 15.551 ; 15.551 ;
; B[20]      ; Out[20]     ; 14.472 ; 14.472 ; 14.472 ; 14.472 ;
; B[20]      ; Out[21]     ; 14.699 ; 14.699 ; 14.699 ; 14.699 ;
; B[20]      ; Out[22]     ; 14.910 ; 14.910 ; 14.910 ; 14.910 ;
; B[20]      ; Out[23]     ; 15.096 ; 15.096 ; 15.096 ; 15.096 ;
; B[20]      ; Out[24]     ; 14.697 ; 14.697 ; 14.697 ; 14.697 ;
; B[20]      ; Out[25]     ; 14.823 ; 14.823 ; 14.823 ; 14.823 ;
; B[20]      ; Out[26]     ; 15.192 ; 15.192 ; 15.192 ; 15.192 ;
; B[20]      ; Out[27]     ; 15.777 ; 15.777 ; 15.777 ; 15.777 ;
; B[20]      ; Out[28]     ; 15.632 ; 15.632 ; 15.632 ; 15.632 ;
; B[20]      ; Out[29]     ; 15.832 ; 15.832 ; 15.832 ; 15.832 ;
; B[20]      ; Out[30]     ; 15.696 ; 15.696 ; 15.696 ; 15.696 ;
; B[20]      ; Out[31]     ; 16.019 ; 16.019 ; 16.019 ; 16.019 ;
; B[20]      ; Overflow    ; 15.805 ; 15.805 ; 15.805 ; 15.805 ;
; B[21]      ; Out[21]     ; 14.000 ; 14.000 ; 14.000 ; 14.000 ;
; B[21]      ; Out[22]     ; 14.523 ; 14.523 ; 14.523 ; 14.523 ;
; B[21]      ; Out[23]     ; 14.709 ; 14.709 ; 14.709 ; 14.709 ;
; B[21]      ; Out[24]     ; 14.310 ; 14.310 ; 14.310 ; 14.310 ;
; B[21]      ; Out[25]     ; 14.799 ; 14.799 ; 14.799 ; 14.799 ;
; B[21]      ; Out[26]     ; 14.805 ; 14.805 ; 14.805 ; 14.805 ;
; B[21]      ; Out[27]     ; 15.390 ; 15.390 ; 15.390 ; 15.390 ;
; B[21]      ; Out[28]     ; 15.245 ; 15.245 ; 15.245 ; 15.245 ;
; B[21]      ; Out[29]     ; 15.445 ; 15.445 ; 15.445 ; 15.445 ;
; B[21]      ; Out[30]     ; 15.309 ; 15.309 ; 15.309 ; 15.309 ;
; B[21]      ; Out[31]     ; 15.716 ; 15.716 ; 15.716 ; 15.716 ;
; B[21]      ; Overflow    ; 15.781 ; 15.781 ; 15.781 ; 15.781 ;
; B[22]      ; Out[22]     ; 14.148 ; 14.148 ; 14.148 ; 14.148 ;
; B[22]      ; Out[23]     ; 14.646 ; 14.646 ; 14.646 ; 14.646 ;
; B[22]      ; Out[24]     ; 14.247 ; 14.247 ; 14.247 ; 14.247 ;
; B[22]      ; Out[25]     ; 14.381 ; 14.381 ; 14.381 ; 14.381 ;
; B[22]      ; Out[26]     ; 14.742 ; 14.742 ; 14.742 ; 14.742 ;
; B[22]      ; Out[27]     ; 15.327 ; 15.327 ; 15.327 ; 15.327 ;
; B[22]      ; Out[28]     ; 15.182 ; 15.182 ; 15.182 ; 15.182 ;
; B[22]      ; Out[29]     ; 15.382 ; 15.382 ; 15.382 ; 15.382 ;
; B[22]      ; Out[30]     ; 15.246 ; 15.246 ; 15.246 ; 15.246 ;
; B[22]      ; Out[31]     ; 15.569 ; 15.569 ; 15.569 ; 15.569 ;
; B[22]      ; Overflow    ; 15.363 ; 15.363 ; 15.363 ; 15.363 ;
; B[23]      ; Out[23]     ; 14.266 ; 14.266 ; 14.266 ; 14.266 ;
; B[23]      ; Out[24]     ; 14.184 ; 14.184 ; 14.184 ; 14.184 ;
; B[23]      ; Out[25]     ; 14.272 ; 14.272 ; 14.272 ; 14.272 ;
; B[23]      ; Out[26]     ; 14.679 ; 14.679 ; 14.679 ; 14.679 ;
; B[23]      ; Out[27]     ; 15.264 ; 15.264 ; 15.264 ; 15.264 ;
; B[23]      ; Out[28]     ; 15.119 ; 15.119 ; 15.119 ; 15.119 ;
; B[23]      ; Out[29]     ; 15.319 ; 15.319 ; 15.319 ; 15.319 ;
; B[23]      ; Out[30]     ; 15.183 ; 15.183 ; 15.183 ; 15.183 ;
; B[23]      ; Out[31]     ; 15.506 ; 15.506 ; 15.506 ; 15.506 ;
; B[23]      ; Overflow    ; 15.254 ; 15.254 ; 15.254 ; 15.254 ;
; B[24]      ; Out[24]     ; 13.682 ; 13.682 ; 13.682 ; 13.682 ;
; B[24]      ; Out[25]     ; 14.150 ; 14.150 ; 14.150 ; 14.150 ;
; B[24]      ; Out[26]     ; 14.489 ; 14.489 ; 14.489 ; 14.489 ;
; B[24]      ; Out[27]     ; 15.074 ; 15.074 ; 15.074 ; 15.074 ;
; B[24]      ; Out[28]     ; 14.929 ; 14.929 ; 14.929 ; 14.929 ;
; B[24]      ; Out[29]     ; 15.129 ; 15.129 ; 15.129 ; 15.129 ;
; B[24]      ; Out[30]     ; 14.993 ; 14.993 ; 14.993 ; 14.993 ;
; B[24]      ; Out[31]     ; 15.316 ; 15.316 ; 15.316 ; 15.316 ;
; B[24]      ; Overflow    ; 15.132 ; 15.132 ; 15.132 ; 15.132 ;
; B[25]      ; Out[25]     ; 14.189 ; 14.189 ; 14.189 ; 14.189 ;
; B[25]      ; Out[26]     ; 14.595 ; 14.595 ; 14.595 ; 14.595 ;
; B[25]      ; Out[27]     ; 15.180 ; 15.180 ; 15.180 ; 15.180 ;
; B[25]      ; Out[28]     ; 15.035 ; 15.035 ; 15.035 ; 15.035 ;
; B[25]      ; Out[29]     ; 15.235 ; 15.235 ; 15.235 ; 15.235 ;
; B[25]      ; Out[30]     ; 15.099 ; 15.099 ; 15.099 ; 15.099 ;
; B[25]      ; Out[31]     ; 15.422 ; 15.422 ; 15.422 ; 15.422 ;
; B[25]      ; Overflow    ; 15.487 ; 15.487 ; 15.487 ; 15.487 ;
; B[26]      ; Out[26]     ; 14.011 ; 14.011 ; 14.011 ; 14.011 ;
; B[26]      ; Out[27]     ; 14.908 ; 14.908 ; 14.908 ; 14.908 ;
; B[26]      ; Out[28]     ; 14.763 ; 14.763 ; 14.763 ; 14.763 ;
; B[26]      ; Out[29]     ; 14.963 ; 14.963 ; 14.963 ; 14.963 ;
; B[26]      ; Out[30]     ; 14.827 ; 14.827 ; 14.827 ; 14.827 ;
; B[26]      ; Out[31]     ; 15.150 ; 15.150 ; 15.150 ; 15.150 ;
; B[26]      ; Overflow    ; 14.943 ; 14.943 ; 14.943 ; 14.943 ;
; B[27]      ; Out[27]     ; 14.671 ; 14.671 ; 14.671 ; 14.671 ;
; B[27]      ; Out[28]     ; 14.841 ; 14.841 ; 14.841 ; 14.841 ;
; B[27]      ; Out[29]     ; 15.041 ; 15.041 ; 15.041 ; 15.041 ;
; B[27]      ; Out[30]     ; 14.905 ; 14.905 ; 14.905 ; 14.905 ;
; B[27]      ; Out[31]     ; 15.228 ; 15.228 ; 15.228 ; 15.228 ;
; B[27]      ; Overflow    ; 15.225 ; 15.225 ; 15.225 ; 15.225 ;
; B[28]      ; Out[28]     ; 14.462 ; 14.462 ; 14.462 ; 14.462 ;
; B[28]      ; Out[29]     ; 14.974 ; 14.974 ; 14.974 ; 14.974 ;
; B[28]      ; Out[30]     ; 14.838 ; 14.838 ; 14.838 ; 14.838 ;
; B[28]      ; Out[31]     ; 15.161 ; 15.161 ; 15.161 ; 15.161 ;
; B[28]      ; Overflow    ; 14.944 ; 14.944 ; 14.944 ; 14.944 ;
; B[29]      ; Out[29]     ; 14.624 ; 14.624 ; 14.624 ; 14.624 ;
; B[29]      ; Out[30]     ; 14.800 ; 14.800 ; 14.800 ; 14.800 ;
; B[29]      ; Out[31]     ; 15.206 ; 15.206 ; 15.206 ; 15.206 ;
; B[29]      ; Overflow    ; 15.271 ; 15.271 ; 15.271 ; 15.271 ;
; B[30]      ; Out[30]     ; 14.906 ; 14.906 ; 14.906 ; 14.906 ;
; B[30]      ; Out[31]     ; 15.541 ; 15.541 ; 15.541 ; 15.541 ;
; B[30]      ; Overflow    ; 15.120 ; 15.120 ; 15.120 ; 15.120 ;
; B[31]      ; Out[31]     ; 14.573 ; 14.573 ; 14.573 ; 14.573 ;
; B[31]      ; Overflow    ; 14.622 ; 14.622 ; 14.622 ; 14.622 ;
; M          ; Out[0]      ; 11.591 ; 11.591 ; 11.591 ; 11.591 ;
; M          ; Out[1]      ; 11.911 ; 11.911 ; 11.911 ; 11.911 ;
; M          ; Out[2]      ; 11.349 ; 11.349 ; 11.349 ; 11.349 ;
; M          ; Out[3]      ; 11.619 ; 11.619 ; 11.619 ; 11.619 ;
; M          ; Out[4]      ; 11.442 ; 11.442 ; 11.442 ; 11.442 ;
; M          ; Out[5]      ; 12.134 ; 12.134 ; 12.134 ; 12.134 ;
; M          ; Out[6]      ; 11.426 ; 11.426 ; 11.426 ; 11.426 ;
; M          ; Out[7]      ; 12.134 ; 12.134 ; 12.134 ; 12.134 ;
; M          ; Out[8]      ; 11.412 ; 11.412 ; 11.412 ; 11.412 ;
; M          ; Out[9]      ; 11.863 ; 11.863 ; 11.863 ; 11.863 ;
; M          ; Out[10]     ; 11.754 ; 11.754 ; 11.754 ; 11.754 ;
; M          ; Out[11]     ; 12.067 ; 12.067 ; 12.067 ; 12.067 ;
; M          ; Out[12]     ; 11.755 ; 11.755 ; 11.755 ; 11.755 ;
; M          ; Out[13]     ; 11.086 ; 11.086 ; 11.086 ; 11.086 ;
; M          ; Out[14]     ; 11.821 ; 11.821 ; 11.821 ; 11.821 ;
; M          ; Out[15]     ; 11.512 ; 11.512 ; 11.512 ; 11.512 ;
; M          ; Out[16]     ; 10.494 ; 10.494 ; 10.494 ; 10.494 ;
; M          ; Out[17]     ; 11.229 ; 11.229 ; 11.229 ; 11.229 ;
; M          ; Out[18]     ; 10.744 ; 10.744 ; 10.744 ; 10.744 ;
; M          ; Out[19]     ; 10.873 ; 10.873 ; 10.873 ; 10.873 ;
; M          ; Out[20]     ; 11.396 ; 11.396 ; 11.396 ; 11.396 ;
; M          ; Out[21]     ; 11.251 ; 11.251 ; 11.251 ; 11.251 ;
; M          ; Out[22]     ; 11.884 ; 11.884 ; 11.884 ; 11.884 ;
; M          ; Out[23]     ; 12.006 ; 12.006 ; 12.006 ; 12.006 ;
; M          ; Out[24]     ; 11.452 ; 11.452 ; 11.452 ; 11.452 ;
; M          ; Out[25]     ; 11.800 ; 11.800 ; 11.800 ; 11.800 ;
; M          ; Out[26]     ; 12.337 ; 12.337 ; 12.337 ; 12.337 ;
; M          ; Out[27]     ; 11.898 ; 11.898 ; 11.898 ; 11.898 ;
; M          ; Out[28]     ; 11.136 ; 11.136 ; 11.136 ; 11.136 ;
; M          ; Out[29]     ; 11.818 ; 11.818 ; 11.818 ; 11.818 ;
; M          ; Out[30]     ; 11.747 ; 11.747 ; 11.747 ; 11.747 ;
; M          ; Out[31]     ; 12.283 ; 12.283 ; 12.283 ; 12.283 ;
; M          ; Overflow    ; 11.573 ;        ;        ; 11.573 ;
; S0         ; Out[0]      ; 12.788 ; 12.788 ; 12.788 ; 12.788 ;
; S0         ; Out[1]      ; 13.188 ; 13.188 ; 13.188 ; 13.188 ;
; S0         ; Out[2]      ; 12.960 ; 12.960 ; 12.960 ; 12.960 ;
; S0         ; Out[3]      ; 13.549 ; 13.549 ; 13.549 ; 13.549 ;
; S0         ; Out[4]      ; 13.016 ; 13.016 ; 13.016 ; 13.016 ;
; S0         ; Out[5]      ; 13.426 ; 13.426 ; 13.426 ; 13.426 ;
; S0         ; Out[6]      ; 12.997 ; 12.997 ; 12.997 ; 12.997 ;
; S0         ; Out[7]      ; 13.240 ; 13.240 ; 13.240 ; 13.240 ;
; S0         ; Out[8]      ; 12.849 ; 12.849 ; 12.849 ; 12.849 ;
; S0         ; Out[9]      ; 13.567 ; 13.567 ; 13.567 ; 13.567 ;
; S0         ; Out[10]     ; 12.611 ; 12.611 ; 12.611 ; 12.611 ;
; S0         ; Out[11]     ; 12.815 ; 12.815 ; 12.815 ; 12.815 ;
; S0         ; Out[12]     ; 12.450 ; 12.450 ; 12.450 ; 12.450 ;
; S0         ; Out[13]     ; 12.567 ; 12.567 ; 12.567 ; 12.567 ;
; S0         ; Out[14]     ; 13.436 ; 13.436 ; 13.436 ; 13.436 ;
; S0         ; Out[15]     ; 12.700 ; 12.700 ; 12.700 ; 12.700 ;
; S0         ; Out[16]     ; 11.919 ; 11.919 ; 11.919 ; 11.919 ;
; S0         ; Out[17]     ; 13.004 ; 13.004 ; 13.004 ; 13.004 ;
; S0         ; Out[18]     ; 12.872 ; 12.872 ; 12.872 ; 12.872 ;
; S0         ; Out[19]     ; 12.030 ; 12.030 ; 12.030 ; 12.030 ;
; S0         ; Out[20]     ; 12.769 ; 12.769 ; 12.769 ; 12.769 ;
; S0         ; Out[21]     ; 12.598 ; 12.598 ; 12.598 ; 12.598 ;
; S0         ; Out[22]     ; 13.044 ; 13.044 ; 13.044 ; 13.044 ;
; S0         ; Out[23]     ; 13.144 ; 13.144 ; 13.144 ; 13.144 ;
; S0         ; Out[24]     ; 12.884 ; 12.884 ; 12.884 ; 12.884 ;
; S0         ; Out[25]     ; 13.025 ; 13.025 ; 13.025 ; 13.025 ;
; S0         ; Out[26]     ; 12.962 ; 12.962 ; 12.962 ; 12.962 ;
; S0         ; Out[27]     ; 13.053 ; 13.053 ; 13.053 ; 13.053 ;
; S0         ; Out[28]     ; 12.690 ; 12.690 ; 12.690 ; 12.690 ;
; S0         ; Out[29]     ; 13.314 ; 13.314 ; 13.314 ; 13.314 ;
; S0         ; Out[30]     ; 12.729 ; 12.729 ; 12.729 ; 12.729 ;
; S0         ; Out[31]     ; 13.300 ; 13.300 ; 13.300 ; 13.300 ;
; S0         ; Overflow    ; 12.653 ; 12.653 ; 12.653 ; 12.653 ;
; S1         ; Out[0]      ; 12.578 ; 12.578 ; 12.578 ; 12.578 ;
; S1         ; Out[1]      ; 13.341 ; 13.341 ; 13.341 ; 13.341 ;
; S1         ; Out[2]      ; 12.372 ; 12.372 ; 12.372 ; 12.372 ;
; S1         ; Out[3]      ; 12.983 ; 12.983 ; 12.983 ; 12.983 ;
; S1         ; Out[4]      ; 12.594 ; 12.594 ; 12.594 ; 12.594 ;
; S1         ; Out[5]      ; 12.993 ; 12.993 ; 12.993 ; 12.993 ;
; S1         ; Out[6]      ; 13.031 ; 13.031 ; 13.031 ; 13.031 ;
; S1         ; Out[7]      ; 13.291 ; 13.291 ; 13.291 ; 13.291 ;
; S1         ; Out[8]      ; 13.017 ; 13.017 ; 13.017 ; 13.017 ;
; S1         ; Out[9]      ; 12.812 ; 12.812 ; 12.812 ; 12.812 ;
; S1         ; Out[10]     ; 12.539 ; 12.539 ; 12.539 ; 12.539 ;
; S1         ; Out[11]     ; 13.693 ; 13.693 ; 13.693 ; 13.693 ;
; S1         ; Out[12]     ; 13.307 ; 13.307 ; 13.307 ; 13.307 ;
; S1         ; Out[13]     ; 12.472 ; 12.472 ; 12.472 ; 12.472 ;
; S1         ; Out[14]     ; 13.211 ; 13.211 ; 13.211 ; 13.211 ;
; S1         ; Out[15]     ; 12.606 ; 12.606 ; 12.606 ; 12.606 ;
; S1         ; Out[16]     ; 12.345 ; 12.345 ; 12.345 ; 12.345 ;
; S1         ; Out[17]     ; 13.264 ; 13.264 ; 13.264 ; 13.264 ;
; S1         ; Out[18]     ; 12.917 ; 12.917 ; 12.917 ; 12.917 ;
; S1         ; Out[19]     ; 11.931 ; 11.931 ; 11.931 ; 11.931 ;
; S1         ; Out[20]     ; 13.241 ; 13.241 ; 13.241 ; 13.241 ;
; S1         ; Out[21]     ; 13.061 ; 13.061 ; 13.061 ; 13.061 ;
; S1         ; Out[22]     ; 13.144 ; 13.144 ; 13.144 ; 13.144 ;
; S1         ; Out[23]     ; 13.565 ; 13.565 ; 13.565 ; 13.565 ;
; S1         ; Out[24]     ; 12.721 ; 12.721 ; 12.721 ; 12.721 ;
; S1         ; Out[25]     ; 12.275 ; 12.275 ; 12.275 ; 12.275 ;
; S1         ; Out[26]     ; 13.080 ; 13.080 ; 13.080 ; 13.080 ;
; S1         ; Out[27]     ; 13.494 ; 13.494 ; 13.494 ; 13.494 ;
; S1         ; Out[28]     ; 13.265 ; 13.265 ; 13.265 ; 13.265 ;
; S1         ; Out[29]     ; 13.212 ; 13.212 ; 13.212 ; 13.212 ;
; S1         ; Out[30]     ; 13.021 ; 13.021 ; 13.021 ; 13.021 ;
; S1         ; Out[31]     ; 13.089 ; 13.089 ; 13.089 ; 13.089 ;
; S1         ; Overflow    ; 12.430 ; 12.430 ; 12.430 ; 12.430 ;
+------------+-------------+--------+--------+--------+--------+


+----------------------------------------------------------+
; Minimum Progagation Delay                                ;
+------------+-------------+-------+-------+-------+-------+
; Input Port ; Output Port ; RR    ; RF    ; FR    ; FF    ;
+------------+-------------+-------+-------+-------+-------+
; A[0]       ; Out[0]      ; 4.152 ; 4.365 ; 4.365 ; 4.152 ;
; A[0]       ; Out[1]      ; 4.526 ; 4.526 ; 4.526 ; 4.526 ;
; A[0]       ; Out[2]      ; 4.683 ; 4.683 ; 4.683 ; 4.683 ;
; A[0]       ; Out[3]      ; 4.776 ; 4.776 ; 4.776 ; 4.776 ;
; A[0]       ; Out[4]      ; 4.717 ; 4.717 ; 4.717 ; 4.717 ;
; A[0]       ; Out[5]      ; 4.940 ; 4.940 ; 4.940 ; 4.940 ;
; A[0]       ; Out[6]      ; 4.645 ; 4.645 ; 4.645 ; 4.645 ;
; A[0]       ; Out[7]      ; 4.958 ; 4.958 ; 4.958 ; 4.958 ;
; A[0]       ; Out[8]      ; 4.775 ; 4.775 ; 4.775 ; 4.775 ;
; A[0]       ; Out[9]      ; 5.063 ; 5.063 ; 5.063 ; 5.063 ;
; A[0]       ; Out[10]     ; 4.870 ; 4.870 ; 4.870 ; 4.870 ;
; A[0]       ; Out[11]     ; 5.241 ; 5.241 ; 5.241 ; 5.241 ;
; A[0]       ; Out[12]     ; 5.037 ; 5.037 ; 5.037 ; 5.037 ;
; A[0]       ; Out[13]     ; 4.940 ; 4.940 ; 4.940 ; 4.940 ;
; A[0]       ; Out[14]     ; 5.332 ; 5.332 ; 5.332 ; 5.332 ;
; A[0]       ; Out[15]     ; 5.293 ; 5.293 ; 5.293 ; 5.293 ;
; A[0]       ; Out[16]     ; 5.116 ; 5.116 ; 5.116 ; 5.116 ;
; A[0]       ; Out[17]     ; 5.187 ; 5.187 ; 5.187 ; 5.187 ;
; A[0]       ; Out[18]     ; 5.148 ; 5.148 ; 5.148 ; 5.148 ;
; A[0]       ; Out[19]     ; 4.948 ; 4.948 ; 4.948 ; 4.948 ;
; A[0]       ; Out[20]     ; 5.456 ; 5.456 ; 5.456 ; 5.456 ;
; A[0]       ; Out[21]     ; 5.420 ; 5.420 ; 5.420 ; 5.420 ;
; A[0]       ; Out[22]     ; 5.406 ; 5.406 ; 5.406 ; 5.406 ;
; A[0]       ; Out[23]     ; 5.528 ; 5.528 ; 5.528 ; 5.528 ;
; A[0]       ; Out[24]     ; 5.357 ; 5.357 ; 5.357 ; 5.357 ;
; A[0]       ; Out[25]     ; 5.825 ; 5.825 ; 5.825 ; 5.825 ;
; A[0]       ; Out[26]     ; 5.519 ; 5.519 ; 5.519 ; 5.519 ;
; A[0]       ; Out[27]     ; 5.780 ; 5.780 ; 5.780 ; 5.780 ;
; A[0]       ; Out[28]     ; 5.596 ; 5.596 ; 5.596 ; 5.596 ;
; A[0]       ; Out[29]     ; 5.888 ; 5.888 ; 5.888 ; 5.888 ;
; A[0]       ; Out[30]     ; 5.895 ; 5.895 ; 5.895 ; 5.895 ;
; A[0]       ; Out[31]     ; 6.156 ; 6.156 ; 6.156 ; 6.156 ;
; A[0]       ; Overflow    ; 5.901 ; 5.901 ; 5.901 ; 5.901 ;
; A[1]       ; Out[1]      ; 6.462 ; 6.462 ; 6.462 ; 6.462 ;
; A[1]       ; Out[2]      ; 7.221 ; 7.221 ; 7.221 ; 7.221 ;
; A[1]       ; Out[3]      ; 7.301 ; 7.301 ; 7.301 ; 7.301 ;
; A[1]       ; Out[4]      ; 7.192 ; 7.192 ; 7.192 ; 7.192 ;
; A[1]       ; Out[5]      ; 7.415 ; 7.415 ; 7.415 ; 7.415 ;
; A[1]       ; Out[6]      ; 7.120 ; 7.120 ; 7.120 ; 7.120 ;
; A[1]       ; Out[7]      ; 7.463 ; 7.463 ; 7.463 ; 7.463 ;
; A[1]       ; Out[8]      ; 7.250 ; 7.250 ; 7.250 ; 7.250 ;
; A[1]       ; Out[9]      ; 7.588 ; 7.588 ; 7.588 ; 7.588 ;
; A[1]       ; Out[10]     ; 7.395 ; 7.395 ; 7.395 ; 7.395 ;
; A[1]       ; Out[11]     ; 7.749 ; 7.749 ; 7.749 ; 7.749 ;
; A[1]       ; Out[12]     ; 7.562 ; 7.562 ; 7.562 ; 7.562 ;
; A[1]       ; Out[13]     ; 7.465 ; 7.465 ; 7.465 ; 7.465 ;
; A[1]       ; Out[14]     ; 7.856 ; 7.856 ; 7.856 ; 7.856 ;
; A[1]       ; Out[15]     ; 7.768 ; 7.768 ; 7.768 ; 7.768 ;
; A[1]       ; Out[16]     ; 7.632 ; 7.632 ; 7.632 ; 7.632 ;
; A[1]       ; Out[17]     ; 7.712 ; 7.712 ; 7.712 ; 7.712 ;
; A[1]       ; Out[18]     ; 7.673 ; 7.673 ; 7.673 ; 7.673 ;
; A[1]       ; Out[19]     ; 7.473 ; 7.473 ; 7.473 ; 7.473 ;
; A[1]       ; Out[20]     ; 7.931 ; 7.931 ; 7.931 ; 7.931 ;
; A[1]       ; Out[21]     ; 7.913 ; 7.913 ; 7.913 ; 7.913 ;
; A[1]       ; Out[22]     ; 7.881 ; 7.881 ; 7.881 ; 7.881 ;
; A[1]       ; Out[23]     ; 8.003 ; 8.003 ; 8.003 ; 8.003 ;
; A[1]       ; Out[24]     ; 7.832 ; 7.832 ; 7.832 ; 7.832 ;
; A[1]       ; Out[25]     ; 8.350 ; 8.350 ; 8.350 ; 8.350 ;
; A[1]       ; Out[26]     ; 8.044 ; 8.044 ; 8.044 ; 8.044 ;
; A[1]       ; Out[27]     ; 8.305 ; 8.305 ; 8.305 ; 8.305 ;
; A[1]       ; Out[28]     ; 8.121 ; 8.121 ; 8.121 ; 8.121 ;
; A[1]       ; Out[29]     ; 8.413 ; 8.413 ; 8.413 ; 8.413 ;
; A[1]       ; Out[30]     ; 8.420 ; 8.420 ; 8.420 ; 8.420 ;
; A[1]       ; Out[31]     ; 8.681 ; 8.681 ; 8.681 ; 8.681 ;
; A[1]       ; Overflow    ; 8.439 ; 8.439 ; 8.439 ; 8.439 ;
; A[2]       ; Out[2]      ; 6.721 ; 6.721 ; 6.721 ; 6.721 ;
; A[2]       ; Out[3]      ; 7.539 ; 7.539 ; 7.539 ; 7.539 ;
; A[2]       ; Out[4]      ; 7.342 ; 7.342 ; 7.342 ; 7.342 ;
; A[2]       ; Out[5]      ; 7.565 ; 7.565 ; 7.565 ; 7.565 ;
; A[2]       ; Out[6]      ; 7.270 ; 7.270 ; 7.270 ; 7.270 ;
; A[2]       ; Out[7]      ; 7.613 ; 7.613 ; 7.613 ; 7.613 ;
; A[2]       ; Out[8]      ; 7.400 ; 7.400 ; 7.400 ; 7.400 ;
; A[2]       ; Out[9]      ; 7.869 ; 7.869 ; 7.869 ; 7.869 ;
; A[2]       ; Out[10]     ; 7.656 ; 7.656 ; 7.656 ; 7.656 ;
; A[2]       ; Out[11]     ; 7.899 ; 7.899 ; 7.899 ; 7.899 ;
; A[2]       ; Out[12]     ; 7.770 ; 7.770 ; 7.770 ; 7.770 ;
; A[2]       ; Out[13]     ; 7.734 ; 7.734 ; 7.734 ; 7.734 ;
; A[2]       ; Out[14]     ; 8.006 ; 8.006 ; 8.006 ; 8.006 ;
; A[2]       ; Out[15]     ; 7.918 ; 7.918 ; 7.918 ; 7.918 ;
; A[2]       ; Out[16]     ; 7.848 ; 7.848 ; 7.848 ; 7.848 ;
; A[2]       ; Out[17]     ; 7.993 ; 7.993 ; 7.993 ; 7.993 ;
; A[2]       ; Out[18]     ; 7.935 ; 7.935 ; 7.935 ; 7.935 ;
; A[2]       ; Out[19]     ; 7.754 ; 7.754 ; 7.754 ; 7.754 ;
; A[2]       ; Out[20]     ; 8.081 ; 8.081 ; 8.081 ; 8.081 ;
; A[2]       ; Out[21]     ; 8.063 ; 8.063 ; 8.063 ; 8.063 ;
; A[2]       ; Out[22]     ; 8.031 ; 8.031 ; 8.031 ; 8.031 ;
; A[2]       ; Out[23]     ; 8.153 ; 8.153 ; 8.153 ; 8.153 ;
; A[2]       ; Out[24]     ; 7.982 ; 7.982 ; 7.982 ; 7.982 ;
; A[2]       ; Out[25]     ; 8.516 ; 8.516 ; 8.516 ; 8.516 ;
; A[2]       ; Out[26]     ; 8.228 ; 8.228 ; 8.228 ; 8.228 ;
; A[2]       ; Out[27]     ; 8.586 ; 8.586 ; 8.586 ; 8.586 ;
; A[2]       ; Out[28]     ; 8.402 ; 8.402 ; 8.402 ; 8.402 ;
; A[2]       ; Out[29]     ; 8.694 ; 8.694 ; 8.694 ; 8.694 ;
; A[2]       ; Out[30]     ; 8.630 ; 8.630 ; 8.630 ; 8.630 ;
; A[2]       ; Out[31]     ; 8.962 ; 8.962 ; 8.962 ; 8.962 ;
; A[2]       ; Overflow    ; 8.578 ; 8.578 ; 8.578 ; 8.578 ;
; A[3]       ; Out[3]      ; 6.777 ; 6.777 ; 6.777 ; 6.777 ;
; A[3]       ; Out[4]      ; 7.429 ; 7.429 ; 7.429 ; 7.429 ;
; A[3]       ; Out[5]      ; 7.619 ; 7.619 ; 7.619 ; 7.619 ;
; A[3]       ; Out[6]      ; 7.246 ; 7.246 ; 7.246 ; 7.246 ;
; A[3]       ; Out[7]      ; 7.551 ; 7.551 ; 7.551 ; 7.551 ;
; A[3]       ; Out[8]      ; 7.374 ; 7.374 ; 7.374 ; 7.374 ;
; A[3]       ; Out[9]      ; 7.656 ; 7.656 ; 7.656 ; 7.656 ;
; A[3]       ; Out[10]     ; 7.463 ; 7.463 ; 7.463 ; 7.463 ;
; A[3]       ; Out[11]     ; 7.834 ; 7.834 ; 7.834 ; 7.834 ;
; A[3]       ; Out[12]     ; 7.630 ; 7.630 ; 7.630 ; 7.630 ;
; A[3]       ; Out[13]     ; 7.533 ; 7.533 ; 7.533 ; 7.533 ;
; A[3]       ; Out[14]     ; 7.925 ; 7.925 ; 7.925 ; 7.925 ;
; A[3]       ; Out[15]     ; 7.903 ; 7.903 ; 7.903 ; 7.903 ;
; A[3]       ; Out[16]     ; 7.698 ; 7.698 ; 7.698 ; 7.698 ;
; A[3]       ; Out[17]     ; 7.780 ; 7.780 ; 7.780 ; 7.780 ;
; A[3]       ; Out[18]     ; 7.741 ; 7.741 ; 7.741 ; 7.741 ;
; A[3]       ; Out[19]     ; 7.541 ; 7.541 ; 7.541 ; 7.541 ;
; A[3]       ; Out[20]     ; 8.112 ; 8.112 ; 8.112 ; 8.112 ;
; A[3]       ; Out[21]     ; 8.013 ; 8.013 ; 8.013 ; 8.013 ;
; A[3]       ; Out[22]     ; 8.063 ; 8.063 ; 8.063 ; 8.063 ;
; A[3]       ; Out[23]     ; 8.240 ; 8.240 ; 8.240 ; 8.240 ;
; A[3]       ; Out[24]     ; 8.009 ; 8.009 ; 8.009 ; 8.009 ;
; A[3]       ; Out[25]     ; 8.418 ; 8.418 ; 8.418 ; 8.418 ;
; A[3]       ; Out[26]     ; 8.112 ; 8.112 ; 8.112 ; 8.112 ;
; A[3]       ; Out[27]     ; 8.373 ; 8.373 ; 8.373 ; 8.373 ;
; A[3]       ; Out[28]     ; 8.189 ; 8.189 ; 8.189 ; 8.189 ;
; A[3]       ; Out[29]     ; 8.481 ; 8.481 ; 8.481 ; 8.481 ;
; A[3]       ; Out[30]     ; 8.488 ; 8.488 ; 8.488 ; 8.488 ;
; A[3]       ; Out[31]     ; 8.749 ; 8.749 ; 8.749 ; 8.749 ;
; A[3]       ; Overflow    ; 8.610 ; 8.610 ; 8.610 ; 8.610 ;
; A[4]       ; Out[4]      ; 6.792 ; 6.792 ; 6.792 ; 6.792 ;
; A[4]       ; Out[5]      ; 7.453 ; 7.453 ; 7.453 ; 7.453 ;
; A[4]       ; Out[6]      ; 7.158 ; 7.158 ; 7.158 ; 7.158 ;
; A[4]       ; Out[7]      ; 7.501 ; 7.501 ; 7.501 ; 7.501 ;
; A[4]       ; Out[8]      ; 7.288 ; 7.288 ; 7.288 ; 7.288 ;
; A[4]       ; Out[9]      ; 7.641 ; 7.641 ; 7.641 ; 7.641 ;
; A[4]       ; Out[10]     ; 7.448 ; 7.448 ; 7.448 ; 7.448 ;
; A[4]       ; Out[11]     ; 7.787 ; 7.787 ; 7.787 ; 7.787 ;
; A[4]       ; Out[12]     ; 7.615 ; 7.615 ; 7.615 ; 7.615 ;
; A[4]       ; Out[13]     ; 7.518 ; 7.518 ; 7.518 ; 7.518 ;
; A[4]       ; Out[14]     ; 7.894 ; 7.894 ; 7.894 ; 7.894 ;
; A[4]       ; Out[15]     ; 7.806 ; 7.806 ; 7.806 ; 7.806 ;
; A[4]       ; Out[16]     ; 7.736 ; 7.736 ; 7.736 ; 7.736 ;
; A[4]       ; Out[17]     ; 7.765 ; 7.765 ; 7.765 ; 7.765 ;
; A[4]       ; Out[18]     ; 7.726 ; 7.726 ; 7.726 ; 7.726 ;
; A[4]       ; Out[19]     ; 7.526 ; 7.526 ; 7.526 ; 7.526 ;
; A[4]       ; Out[20]     ; 7.969 ; 7.969 ; 7.969 ; 7.969 ;
; A[4]       ; Out[21]     ; 7.951 ; 7.951 ; 7.951 ; 7.951 ;
; A[4]       ; Out[22]     ; 7.919 ; 7.919 ; 7.919 ; 7.919 ;
; A[4]       ; Out[23]     ; 8.041 ; 8.041 ; 8.041 ; 8.041 ;
; A[4]       ; Out[24]     ; 7.870 ; 7.870 ; 7.870 ; 7.870 ;
; A[4]       ; Out[25]     ; 8.389 ; 8.389 ; 8.389 ; 8.389 ;
; A[4]       ; Out[26]     ; 8.097 ; 8.097 ; 8.097 ; 8.097 ;
; A[4]       ; Out[27]     ; 8.358 ; 8.358 ; 8.358 ; 8.358 ;
; A[4]       ; Out[28]     ; 8.174 ; 8.174 ; 8.174 ; 8.174 ;
; A[4]       ; Out[29]     ; 8.466 ; 8.466 ; 8.466 ; 8.466 ;
; A[4]       ; Out[30]     ; 8.473 ; 8.473 ; 8.473 ; 8.473 ;
; A[4]       ; Out[31]     ; 8.734 ; 8.734 ; 8.734 ; 8.734 ;
; A[4]       ; Overflow    ; 8.451 ; 8.451 ; 8.451 ; 8.451 ;
; A[5]       ; Out[5]      ; 7.025 ; 7.025 ; 7.025 ; 7.025 ;
; A[5]       ; Out[6]      ; 7.240 ; 7.240 ; 7.240 ; 7.240 ;
; A[5]       ; Out[7]      ; 7.545 ; 7.545 ; 7.545 ; 7.545 ;
; A[5]       ; Out[8]      ; 7.368 ; 7.368 ; 7.368 ; 7.368 ;
; A[5]       ; Out[9]      ; 7.650 ; 7.650 ; 7.650 ; 7.650 ;
; A[5]       ; Out[10]     ; 7.457 ; 7.457 ; 7.457 ; 7.457 ;
; A[5]       ; Out[11]     ; 7.828 ; 7.828 ; 7.828 ; 7.828 ;
; A[5]       ; Out[12]     ; 7.624 ; 7.624 ; 7.624 ; 7.624 ;
; A[5]       ; Out[13]     ; 7.527 ; 7.527 ; 7.527 ; 7.527 ;
; A[5]       ; Out[14]     ; 7.919 ; 7.919 ; 7.919 ; 7.919 ;
; A[5]       ; Out[15]     ; 7.897 ; 7.897 ; 7.897 ; 7.897 ;
; A[5]       ; Out[16]     ; 7.695 ; 7.695 ; 7.695 ; 7.695 ;
; A[5]       ; Out[17]     ; 7.774 ; 7.774 ; 7.774 ; 7.774 ;
; A[5]       ; Out[18]     ; 7.735 ; 7.735 ; 7.735 ; 7.735 ;
; A[5]       ; Out[19]     ; 7.535 ; 7.535 ; 7.535 ; 7.535 ;
; A[5]       ; Out[20]     ; 8.079 ; 8.079 ; 8.079 ; 8.079 ;
; A[5]       ; Out[21]     ; 8.007 ; 8.007 ; 8.007 ; 8.007 ;
; A[5]       ; Out[22]     ; 8.029 ; 8.029 ; 8.029 ; 8.029 ;
; A[5]       ; Out[23]     ; 8.151 ; 8.151 ; 8.151 ; 8.151 ;
; A[5]       ; Out[24]     ; 7.980 ; 7.980 ; 7.980 ; 7.980 ;
; A[5]       ; Out[25]     ; 8.412 ; 8.412 ; 8.412 ; 8.412 ;
; A[5]       ; Out[26]     ; 8.106 ; 8.106 ; 8.106 ; 8.106 ;
; A[5]       ; Out[27]     ; 8.367 ; 8.367 ; 8.367 ; 8.367 ;
; A[5]       ; Out[28]     ; 8.183 ; 8.183 ; 8.183 ; 8.183 ;
; A[5]       ; Out[29]     ; 8.475 ; 8.475 ; 8.475 ; 8.475 ;
; A[5]       ; Out[30]     ; 8.482 ; 8.482 ; 8.482 ; 8.482 ;
; A[5]       ; Out[31]     ; 8.743 ; 8.743 ; 8.743 ; 8.743 ;
; A[5]       ; Overflow    ; 8.542 ; 8.542 ; 8.542 ; 8.542 ;
; A[6]       ; Out[6]      ; 6.734 ; 6.734 ; 6.734 ; 6.734 ;
; A[6]       ; Out[7]      ; 7.265 ; 7.265 ; 7.265 ; 7.265 ;
; A[6]       ; Out[8]      ; 7.088 ; 7.088 ; 7.088 ; 7.088 ;
; A[6]       ; Out[9]      ; 7.370 ; 7.370 ; 7.370 ; 7.370 ;
; A[6]       ; Out[10]     ; 7.177 ; 7.177 ; 7.177 ; 7.177 ;
; A[6]       ; Out[11]     ; 7.548 ; 7.548 ; 7.548 ; 7.548 ;
; A[6]       ; Out[12]     ; 7.344 ; 7.344 ; 7.344 ; 7.344 ;
; A[6]       ; Out[13]     ; 7.247 ; 7.247 ; 7.247 ; 7.247 ;
; A[6]       ; Out[14]     ; 7.639 ; 7.639 ; 7.639 ; 7.639 ;
; A[6]       ; Out[15]     ; 7.617 ; 7.617 ; 7.617 ; 7.617 ;
; A[6]       ; Out[16]     ; 7.523 ; 7.523 ; 7.523 ; 7.523 ;
; A[6]       ; Out[17]     ; 7.494 ; 7.494 ; 7.494 ; 7.494 ;
; A[6]       ; Out[18]     ; 7.455 ; 7.455 ; 7.455 ; 7.455 ;
; A[6]       ; Out[19]     ; 7.255 ; 7.255 ; 7.255 ; 7.255 ;
; A[6]       ; Out[20]     ; 7.826 ; 7.826 ; 7.826 ; 7.826 ;
; A[6]       ; Out[21]     ; 7.727 ; 7.727 ; 7.727 ; 7.727 ;
; A[6]       ; Out[22]     ; 7.777 ; 7.777 ; 7.777 ; 7.777 ;
; A[6]       ; Out[23]     ; 8.059 ; 8.059 ; 8.059 ; 8.059 ;
; A[6]       ; Out[24]     ; 7.723 ; 7.723 ; 7.723 ; 7.723 ;
; A[6]       ; Out[25]     ; 8.132 ; 8.132 ; 8.132 ; 8.132 ;
; A[6]       ; Out[26]     ; 7.826 ; 7.826 ; 7.826 ; 7.826 ;
; A[6]       ; Out[27]     ; 8.087 ; 8.087 ; 8.087 ; 8.087 ;
; A[6]       ; Out[28]     ; 7.903 ; 7.903 ; 7.903 ; 7.903 ;
; A[6]       ; Out[29]     ; 8.195 ; 8.195 ; 8.195 ; 8.195 ;
; A[6]       ; Out[30]     ; 8.202 ; 8.202 ; 8.202 ; 8.202 ;
; A[6]       ; Out[31]     ; 8.463 ; 8.463 ; 8.463 ; 8.463 ;
; A[6]       ; Overflow    ; 8.324 ; 8.324 ; 8.324 ; 8.324 ;
; A[7]       ; Out[7]      ; 6.613 ; 6.613 ; 6.613 ; 6.613 ;
; A[7]       ; Out[8]      ; 6.968 ; 6.968 ; 6.968 ; 6.968 ;
; A[7]       ; Out[9]      ; 7.483 ; 7.483 ; 7.483 ; 7.483 ;
; A[7]       ; Out[10]     ; 7.224 ; 7.224 ; 7.224 ; 7.224 ;
; A[7]       ; Out[11]     ; 7.467 ; 7.467 ; 7.467 ; 7.467 ;
; A[7]       ; Out[12]     ; 7.338 ; 7.338 ; 7.338 ; 7.338 ;
; A[7]       ; Out[13]     ; 7.302 ; 7.302 ; 7.302 ; 7.302 ;
; A[7]       ; Out[14]     ; 7.574 ; 7.574 ; 7.574 ; 7.574 ;
; A[7]       ; Out[15]     ; 7.486 ; 7.486 ; 7.486 ; 7.486 ;
; A[7]       ; Out[16]     ; 7.416 ; 7.416 ; 7.416 ; 7.416 ;
; A[7]       ; Out[17]     ; 7.607 ; 7.607 ; 7.607 ; 7.607 ;
; A[7]       ; Out[18]     ; 7.503 ; 7.503 ; 7.503 ; 7.503 ;
; A[7]       ; Out[19]     ; 7.334 ; 7.334 ; 7.334 ; 7.334 ;
; A[7]       ; Out[20]     ; 7.649 ; 7.649 ; 7.649 ; 7.649 ;
; A[7]       ; Out[21]     ; 7.631 ; 7.631 ; 7.631 ; 7.631 ;
; A[7]       ; Out[22]     ; 7.599 ; 7.599 ; 7.599 ; 7.599 ;
; A[7]       ; Out[23]     ; 7.721 ; 7.721 ; 7.721 ; 7.721 ;
; A[7]       ; Out[24]     ; 7.550 ; 7.550 ; 7.550 ; 7.550 ;
; A[7]       ; Out[25]     ; 8.144 ; 8.144 ; 8.144 ; 8.144 ;
; A[7]       ; Out[26]     ; 7.796 ; 7.796 ; 7.796 ; 7.796 ;
; A[7]       ; Out[27]     ; 8.200 ; 8.200 ; 8.200 ; 8.200 ;
; A[7]       ; Out[28]     ; 8.016 ; 8.016 ; 8.016 ; 8.016 ;
; A[7]       ; Out[29]     ; 8.308 ; 8.308 ; 8.308 ; 8.308 ;
; A[7]       ; Out[30]     ; 8.198 ; 8.198 ; 8.198 ; 8.198 ;
; A[7]       ; Out[31]     ; 8.574 ; 8.574 ; 8.574 ; 8.574 ;
; A[7]       ; Overflow    ; 8.279 ; 8.279 ; 8.279 ; 8.279 ;
; A[8]       ; Out[8]      ; 6.423 ; 6.423 ; 6.423 ; 6.423 ;
; A[8]       ; Out[9]      ; 7.433 ; 7.433 ; 7.433 ; 7.433 ;
; A[8]       ; Out[10]     ; 7.240 ; 7.240 ; 7.240 ; 7.240 ;
; A[8]       ; Out[11]     ; 7.603 ; 7.603 ; 7.603 ; 7.603 ;
; A[8]       ; Out[12]     ; 7.407 ; 7.407 ; 7.407 ; 7.407 ;
; A[8]       ; Out[13]     ; 7.310 ; 7.310 ; 7.310 ; 7.310 ;
; A[8]       ; Out[14]     ; 7.702 ; 7.702 ; 7.702 ; 7.702 ;
; A[8]       ; Out[15]     ; 7.622 ; 7.622 ; 7.622 ; 7.622 ;
; A[8]       ; Out[16]     ; 7.552 ; 7.552 ; 7.552 ; 7.552 ;
; A[8]       ; Out[17]     ; 7.557 ; 7.557 ; 7.557 ; 7.557 ;
; A[8]       ; Out[18]     ; 7.518 ; 7.518 ; 7.518 ; 7.518 ;
; A[8]       ; Out[19]     ; 7.318 ; 7.318 ; 7.318 ; 7.318 ;
; A[8]       ; Out[20]     ; 7.785 ; 7.785 ; 7.785 ; 7.785 ;
; A[8]       ; Out[21]     ; 7.767 ; 7.767 ; 7.767 ; 7.767 ;
; A[8]       ; Out[22]     ; 7.735 ; 7.735 ; 7.735 ; 7.735 ;
; A[8]       ; Out[23]     ; 7.857 ; 7.857 ; 7.857 ; 7.857 ;
; A[8]       ; Out[24]     ; 7.686 ; 7.686 ; 7.686 ; 7.686 ;
; A[8]       ; Out[25]     ; 8.195 ; 8.195 ; 8.195 ; 8.195 ;
; A[8]       ; Out[26]     ; 7.889 ; 7.889 ; 7.889 ; 7.889 ;
; A[8]       ; Out[27]     ; 8.150 ; 8.150 ; 8.150 ; 8.150 ;
; A[8]       ; Out[28]     ; 7.966 ; 7.966 ; 7.966 ; 7.966 ;
; A[8]       ; Out[29]     ; 8.258 ; 8.258 ; 8.258 ; 8.258 ;
; A[8]       ; Out[30]     ; 8.265 ; 8.265 ; 8.265 ; 8.265 ;
; A[8]       ; Out[31]     ; 8.526 ; 8.526 ; 8.526 ; 8.526 ;
; A[8]       ; Overflow    ; 8.263 ; 8.263 ; 8.263 ; 8.263 ;
; A[9]       ; Out[9]      ; 7.324 ; 7.324 ; 7.324 ; 7.324 ;
; A[9]       ; Out[10]     ; 7.549 ; 7.549 ; 7.549 ; 7.549 ;
; A[9]       ; Out[11]     ; 7.792 ; 7.792 ; 7.792 ; 7.792 ;
; A[9]       ; Out[12]     ; 7.663 ; 7.663 ; 7.663 ; 7.663 ;
; A[9]       ; Out[13]     ; 7.627 ; 7.627 ; 7.627 ; 7.627 ;
; A[9]       ; Out[14]     ; 7.899 ; 7.899 ; 7.899 ; 7.899 ;
; A[9]       ; Out[15]     ; 7.811 ; 7.811 ; 7.811 ; 7.811 ;
; A[9]       ; Out[16]     ; 7.741 ; 7.741 ; 7.741 ; 7.741 ;
; A[9]       ; Out[17]     ; 7.971 ; 7.971 ; 7.971 ; 7.971 ;
; A[9]       ; Out[18]     ; 7.828 ; 7.828 ; 7.828 ; 7.828 ;
; A[9]       ; Out[19]     ; 7.659 ; 7.659 ; 7.659 ; 7.659 ;
; A[9]       ; Out[20]     ; 7.974 ; 7.974 ; 7.974 ; 7.974 ;
; A[9]       ; Out[21]     ; 7.956 ; 7.956 ; 7.956 ; 7.956 ;
; A[9]       ; Out[22]     ; 7.924 ; 7.924 ; 7.924 ; 7.924 ;
; A[9]       ; Out[23]     ; 8.046 ; 8.046 ; 8.046 ; 8.046 ;
; A[9]       ; Out[24]     ; 7.875 ; 7.875 ; 7.875 ; 7.875 ;
; A[9]       ; Out[25]     ; 8.162 ; 8.162 ; 8.162 ; 8.162 ;
; A[9]       ; Out[26]     ; 8.121 ; 8.121 ; 8.121 ; 8.121 ;
; A[9]       ; Out[27]     ; 8.564 ; 8.564 ; 8.564 ; 8.564 ;
; A[9]       ; Out[28]     ; 8.380 ; 8.380 ; 8.380 ; 8.380 ;
; A[9]       ; Out[29]     ; 8.672 ; 8.672 ; 8.672 ; 8.672 ;
; A[9]       ; Out[30]     ; 8.523 ; 8.523 ; 8.523 ; 8.523 ;
; A[9]       ; Out[31]     ; 8.780 ; 8.780 ; 8.780 ; 8.780 ;
; A[9]       ; Overflow    ; 8.224 ; 8.224 ; 8.224 ; 8.224 ;
; A[10]      ; Out[10]     ; 6.580 ; 6.580 ; 6.580 ; 6.580 ;
; A[10]      ; Out[11]     ; 7.483 ; 7.483 ; 7.483 ; 7.483 ;
; A[10]      ; Out[12]     ; 7.304 ; 7.304 ; 7.304 ; 7.304 ;
; A[10]      ; Out[13]     ; 7.207 ; 7.207 ; 7.207 ; 7.207 ;
; A[10]      ; Out[14]     ; 7.590 ; 7.590 ; 7.590 ; 7.590 ;
; A[10]      ; Out[15]     ; 7.502 ; 7.502 ; 7.502 ; 7.502 ;
; A[10]      ; Out[16]     ; 7.386 ; 7.386 ; 7.386 ; 7.386 ;
; A[10]      ; Out[17]     ; 7.454 ; 7.454 ; 7.454 ; 7.454 ;
; A[10]      ; Out[18]     ; 7.415 ; 7.415 ; 7.415 ; 7.415 ;
; A[10]      ; Out[19]     ; 7.215 ; 7.215 ; 7.215 ; 7.215 ;
; A[10]      ; Out[20]     ; 7.665 ; 7.665 ; 7.665 ; 7.665 ;
; A[10]      ; Out[21]     ; 7.647 ; 7.647 ; 7.647 ; 7.647 ;
; A[10]      ; Out[22]     ; 7.615 ; 7.615 ; 7.615 ; 7.615 ;
; A[10]      ; Out[23]     ; 7.737 ; 7.737 ; 7.737 ; 7.737 ;
; A[10]      ; Out[24]     ; 7.566 ; 7.566 ; 7.566 ; 7.566 ;
; A[10]      ; Out[25]     ; 8.092 ; 8.092 ; 8.092 ; 8.092 ;
; A[10]      ; Out[26]     ; 7.786 ; 7.786 ; 7.786 ; 7.786 ;
; A[10]      ; Out[27]     ; 8.047 ; 8.047 ; 8.047 ; 8.047 ;
; A[10]      ; Out[28]     ; 7.863 ; 7.863 ; 7.863 ; 7.863 ;
; A[10]      ; Out[29]     ; 8.155 ; 8.155 ; 8.155 ; 8.155 ;
; A[10]      ; Out[30]     ; 8.162 ; 8.162 ; 8.162 ; 8.162 ;
; A[10]      ; Out[31]     ; 8.423 ; 8.423 ; 8.423 ; 8.423 ;
; A[10]      ; Overflow    ; 8.284 ; 8.284 ; 8.284 ; 8.284 ;
; A[11]      ; Out[11]     ; 6.547 ; 6.547 ; 6.547 ; 6.547 ;
; A[11]      ; Out[12]     ; 7.358 ; 7.358 ; 7.358 ; 7.358 ;
; A[11]      ; Out[13]     ; 7.261 ; 7.261 ; 7.261 ; 7.261 ;
; A[11]      ; Out[14]     ; 7.653 ; 7.653 ; 7.653 ; 7.653 ;
; A[11]      ; Out[15]     ; 7.631 ; 7.631 ; 7.631 ; 7.631 ;
; A[11]      ; Out[16]     ; 7.437 ; 7.437 ; 7.437 ; 7.437 ;
; A[11]      ; Out[17]     ; 7.508 ; 7.508 ; 7.508 ; 7.508 ;
; A[11]      ; Out[18]     ; 7.469 ; 7.469 ; 7.469 ; 7.469 ;
; A[11]      ; Out[19]     ; 7.269 ; 7.269 ; 7.269 ; 7.269 ;
; A[11]      ; Out[20]     ; 7.840 ; 7.840 ; 7.840 ; 7.840 ;
; A[11]      ; Out[21]     ; 7.741 ; 7.741 ; 7.741 ; 7.741 ;
; A[11]      ; Out[22]     ; 7.791 ; 7.791 ; 7.791 ; 7.791 ;
; A[11]      ; Out[23]     ; 7.965 ; 7.965 ; 7.965 ; 7.965 ;
; A[11]      ; Out[24]     ; 7.737 ; 7.737 ; 7.737 ; 7.737 ;
; A[11]      ; Out[25]     ; 8.146 ; 8.146 ; 8.146 ; 8.146 ;
; A[11]      ; Out[26]     ; 7.840 ; 7.840 ; 7.840 ; 7.840 ;
; A[11]      ; Out[27]     ; 8.101 ; 8.101 ; 8.101 ; 8.101 ;
; A[11]      ; Out[28]     ; 7.917 ; 7.917 ; 7.917 ; 7.917 ;
; A[11]      ; Out[29]     ; 8.209 ; 8.209 ; 8.209 ; 8.209 ;
; A[11]      ; Out[30]     ; 8.216 ; 8.216 ; 8.216 ; 8.216 ;
; A[11]      ; Out[31]     ; 8.477 ; 8.477 ; 8.477 ; 8.477 ;
; A[11]      ; Overflow    ; 8.338 ; 8.338 ; 8.338 ; 8.338 ;
; A[12]      ; Out[12]     ; 6.839 ; 6.839 ; 6.839 ; 6.839 ;
; A[12]      ; Out[13]     ; 7.254 ; 7.254 ; 7.254 ; 7.254 ;
; A[12]      ; Out[14]     ; 7.646 ; 7.646 ; 7.646 ; 7.646 ;
; A[12]      ; Out[15]     ; 7.605 ; 7.605 ; 7.605 ; 7.605 ;
; A[12]      ; Out[16]     ; 7.414 ; 7.414 ; 7.414 ; 7.414 ;
; A[12]      ; Out[17]     ; 7.501 ; 7.501 ; 7.501 ; 7.501 ;
; A[12]      ; Out[18]     ; 7.462 ; 7.462 ; 7.462 ; 7.462 ;
; A[12]      ; Out[19]     ; 7.262 ; 7.262 ; 7.262 ; 7.262 ;
; A[12]      ; Out[20]     ; 7.768 ; 7.768 ; 7.768 ; 7.768 ;
; A[12]      ; Out[21]     ; 7.734 ; 7.734 ; 7.734 ; 7.734 ;
; A[12]      ; Out[22]     ; 7.718 ; 7.718 ; 7.718 ; 7.718 ;
; A[12]      ; Out[23]     ; 7.840 ; 7.840 ; 7.840 ; 7.840 ;
; A[12]      ; Out[24]     ; 7.669 ; 7.669 ; 7.669 ; 7.669 ;
; A[12]      ; Out[25]     ; 8.139 ; 8.139 ; 8.139 ; 8.139 ;
; A[12]      ; Out[26]     ; 7.833 ; 7.833 ; 7.833 ; 7.833 ;
; A[12]      ; Out[27]     ; 8.094 ; 8.094 ; 8.094 ; 8.094 ;
; A[12]      ; Out[28]     ; 7.910 ; 7.910 ; 7.910 ; 7.910 ;
; A[12]      ; Out[29]     ; 8.202 ; 8.202 ; 8.202 ; 8.202 ;
; A[12]      ; Out[30]     ; 8.209 ; 8.209 ; 8.209 ; 8.209 ;
; A[12]      ; Out[31]     ; 8.470 ; 8.470 ; 8.470 ; 8.470 ;
; A[12]      ; Overflow    ; 8.233 ; 8.233 ; 8.233 ; 8.233 ;
; A[13]      ; Out[13]     ; 6.777 ; 6.777 ; 6.777 ; 6.777 ;
; A[13]      ; Out[14]     ; 7.582 ; 7.582 ; 7.582 ; 7.582 ;
; A[13]      ; Out[15]     ; 7.560 ; 7.560 ; 7.560 ; 7.560 ;
; A[13]      ; Out[16]     ; 7.358 ; 7.358 ; 7.358 ; 7.358 ;
; A[13]      ; Out[17]     ; 7.437 ; 7.437 ; 7.437 ; 7.437 ;
; A[13]      ; Out[18]     ; 7.398 ; 7.398 ; 7.398 ; 7.398 ;
; A[13]      ; Out[19]     ; 7.198 ; 7.198 ; 7.198 ; 7.198 ;
; A[13]      ; Out[20]     ; 7.769 ; 7.769 ; 7.769 ; 7.769 ;
; A[13]      ; Out[21]     ; 7.670 ; 7.670 ; 7.670 ; 7.670 ;
; A[13]      ; Out[22]     ; 7.720 ; 7.720 ; 7.720 ; 7.720 ;
; A[13]      ; Out[23]     ; 7.884 ; 7.884 ; 7.884 ; 7.884 ;
; A[13]      ; Out[24]     ; 7.666 ; 7.666 ; 7.666 ; 7.666 ;
; A[13]      ; Out[25]     ; 8.075 ; 8.075 ; 8.075 ; 8.075 ;
; A[13]      ; Out[26]     ; 7.769 ; 7.769 ; 7.769 ; 7.769 ;
; A[13]      ; Out[27]     ; 8.030 ; 8.030 ; 8.030 ; 8.030 ;
; A[13]      ; Out[28]     ; 7.846 ; 7.846 ; 7.846 ; 7.846 ;
; A[13]      ; Out[29]     ; 8.138 ; 8.138 ; 8.138 ; 8.138 ;
; A[13]      ; Out[30]     ; 8.145 ; 8.145 ; 8.145 ; 8.145 ;
; A[13]      ; Out[31]     ; 8.406 ; 8.406 ; 8.406 ; 8.406 ;
; A[13]      ; Overflow    ; 8.267 ; 8.267 ; 8.267 ; 8.267 ;
; A[14]      ; Out[14]     ; 7.017 ; 7.017 ; 7.017 ; 7.017 ;
; A[14]      ; Out[15]     ; 7.378 ; 7.378 ; 7.378 ; 7.378 ;
; A[14]      ; Out[16]     ; 7.308 ; 7.308 ; 7.308 ; 7.308 ;
; A[14]      ; Out[17]     ; 7.406 ; 7.406 ; 7.406 ; 7.406 ;
; A[14]      ; Out[18]     ; 7.367 ; 7.367 ; 7.367 ; 7.367 ;
; A[14]      ; Out[19]     ; 7.167 ; 7.167 ; 7.167 ; 7.167 ;
; A[14]      ; Out[20]     ; 7.541 ; 7.541 ; 7.541 ; 7.541 ;
; A[14]      ; Out[21]     ; 7.523 ; 7.523 ; 7.523 ; 7.523 ;
; A[14]      ; Out[22]     ; 7.491 ; 7.491 ; 7.491 ; 7.491 ;
; A[14]      ; Out[23]     ; 7.613 ; 7.613 ; 7.613 ; 7.613 ;
; A[14]      ; Out[24]     ; 7.442 ; 7.442 ; 7.442 ; 7.442 ;
; A[14]      ; Out[25]     ; 7.978 ; 7.978 ; 7.978 ; 7.978 ;
; A[14]      ; Out[26]     ; 7.688 ; 7.688 ; 7.688 ; 7.688 ;
; A[14]      ; Out[27]     ; 7.999 ; 7.999 ; 7.999 ; 7.999 ;
; A[14]      ; Out[28]     ; 7.815 ; 7.815 ; 7.815 ; 7.815 ;
; A[14]      ; Out[29]     ; 8.107 ; 8.107 ; 8.107 ; 8.107 ;
; A[14]      ; Out[30]     ; 8.090 ; 8.090 ; 8.090 ; 8.090 ;
; A[14]      ; Out[31]     ; 8.375 ; 8.375 ; 8.375 ; 8.375 ;
; A[14]      ; Overflow    ; 8.040 ; 8.040 ; 8.040 ; 8.040 ;
; A[15]      ; Out[15]     ; 6.521 ; 6.521 ; 6.521 ; 6.521 ;
; A[15]      ; Out[16]     ; 7.151 ; 7.151 ; 7.151 ; 7.151 ;
; A[15]      ; Out[17]     ; 7.267 ; 7.267 ; 7.267 ; 7.267 ;
; A[15]      ; Out[18]     ; 7.228 ; 7.228 ; 7.228 ; 7.228 ;
; A[15]      ; Out[19]     ; 7.028 ; 7.028 ; 7.028 ; 7.028 ;
; A[15]      ; Out[20]     ; 7.384 ; 7.384 ; 7.384 ; 7.384 ;
; A[15]      ; Out[21]     ; 7.366 ; 7.366 ; 7.366 ; 7.366 ;
; A[15]      ; Out[22]     ; 7.334 ; 7.334 ; 7.334 ; 7.334 ;
; A[15]      ; Out[23]     ; 7.456 ; 7.456 ; 7.456 ; 7.456 ;
; A[15]      ; Out[24]     ; 7.285 ; 7.285 ; 7.285 ; 7.285 ;
; A[15]      ; Out[25]     ; 7.780 ; 7.780 ; 7.780 ; 7.780 ;
; A[15]      ; Out[26]     ; 7.531 ; 7.531 ; 7.531 ; 7.531 ;
; A[15]      ; Out[27]     ; 7.860 ; 7.860 ; 7.860 ; 7.860 ;
; A[15]      ; Out[28]     ; 7.676 ; 7.676 ; 7.676 ; 7.676 ;
; A[15]      ; Out[29]     ; 7.968 ; 7.968 ; 7.968 ; 7.968 ;
; A[15]      ; Out[30]     ; 7.933 ; 7.933 ; 7.933 ; 7.933 ;
; A[15]      ; Out[31]     ; 8.236 ; 8.236 ; 8.236 ; 8.236 ;
; A[15]      ; Overflow    ; 7.842 ; 7.842 ; 7.842 ; 7.842 ;
; A[16]      ; Out[16]     ; 6.121 ; 6.121 ; 6.121 ; 6.121 ;
; A[16]      ; Out[17]     ; 7.016 ; 7.016 ; 7.016 ; 7.016 ;
; A[16]      ; Out[18]     ; 6.977 ; 6.977 ; 6.977 ; 6.977 ;
; A[16]      ; Out[19]     ; 6.777 ; 6.777 ; 6.777 ; 6.777 ;
; A[16]      ; Out[20]     ; 7.166 ; 7.166 ; 7.166 ; 7.166 ;
; A[16]      ; Out[21]     ; 7.148 ; 7.148 ; 7.148 ; 7.148 ;
; A[16]      ; Out[22]     ; 7.116 ; 7.116 ; 7.116 ; 7.116 ;
; A[16]      ; Out[23]     ; 7.238 ; 7.238 ; 7.238 ; 7.238 ;
; A[16]      ; Out[24]     ; 7.067 ; 7.067 ; 7.067 ; 7.067 ;
; A[16]      ; Out[25]     ; 7.654 ; 7.654 ; 7.654 ; 7.654 ;
; A[16]      ; Out[26]     ; 7.313 ; 7.313 ; 7.313 ; 7.313 ;
; A[16]      ; Out[27]     ; 7.609 ; 7.609 ; 7.609 ; 7.609 ;
; A[16]      ; Out[28]     ; 7.425 ; 7.425 ; 7.425 ; 7.425 ;
; A[16]      ; Out[29]     ; 7.717 ; 7.717 ; 7.717 ; 7.717 ;
; A[16]      ; Out[30]     ; 7.715 ; 7.715 ; 7.715 ; 7.715 ;
; A[16]      ; Out[31]     ; 7.985 ; 7.985 ; 7.985 ; 7.985 ;
; A[16]      ; Overflow    ; 7.846 ; 7.846 ; 7.846 ; 7.846 ;
; A[17]      ; Out[17]     ; 6.519 ; 6.519 ; 6.519 ; 6.519 ;
; A[17]      ; Out[18]     ; 7.045 ; 7.045 ; 7.045 ; 7.045 ;
; A[17]      ; Out[19]     ; 6.876 ; 6.876 ; 6.876 ; 6.876 ;
; A[17]      ; Out[20]     ; 7.191 ; 7.191 ; 7.191 ; 7.191 ;
; A[17]      ; Out[21]     ; 7.173 ; 7.173 ; 7.173 ; 7.173 ;
; A[17]      ; Out[22]     ; 7.141 ; 7.141 ; 7.141 ; 7.141 ;
; A[17]      ; Out[23]     ; 7.263 ; 7.263 ; 7.263 ; 7.263 ;
; A[17]      ; Out[24]     ; 7.092 ; 7.092 ; 7.092 ; 7.092 ;
; A[17]      ; Out[25]     ; 7.609 ; 7.609 ; 7.609 ; 7.609 ;
; A[17]      ; Out[26]     ; 7.338 ; 7.338 ; 7.338 ; 7.338 ;
; A[17]      ; Out[27]     ; 7.850 ; 7.850 ; 7.850 ; 7.850 ;
; A[17]      ; Out[28]     ; 7.666 ; 7.666 ; 7.666 ; 7.666 ;
; A[17]      ; Out[29]     ; 7.891 ; 7.891 ; 7.891 ; 7.891 ;
; A[17]      ; Out[30]     ; 7.740 ; 7.740 ; 7.740 ; 7.740 ;
; A[17]      ; Out[31]     ; 8.116 ; 8.116 ; 8.116 ; 8.116 ;
; A[17]      ; Overflow    ; 7.671 ; 7.671 ; 7.671 ; 7.671 ;
; A[18]      ; Out[18]     ; 6.362 ; 6.362 ; 6.362 ; 6.362 ;
; A[18]      ; Out[19]     ; 6.804 ; 6.804 ; 6.804 ; 6.804 ;
; A[18]      ; Out[20]     ; 7.169 ; 7.169 ; 7.169 ; 7.169 ;
; A[18]      ; Out[21]     ; 7.151 ; 7.151 ; 7.151 ; 7.151 ;
; A[18]      ; Out[22]     ; 7.119 ; 7.119 ; 7.119 ; 7.119 ;
; A[18]      ; Out[23]     ; 7.241 ; 7.241 ; 7.241 ; 7.241 ;
; A[18]      ; Out[24]     ; 7.070 ; 7.070 ; 7.070 ; 7.070 ;
; A[18]      ; Out[25]     ; 7.664 ; 7.664 ; 7.664 ; 7.664 ;
; A[18]      ; Out[26]     ; 7.316 ; 7.316 ; 7.316 ; 7.316 ;
; A[18]      ; Out[27]     ; 7.636 ; 7.636 ; 7.636 ; 7.636 ;
; A[18]      ; Out[28]     ; 7.452 ; 7.452 ; 7.452 ; 7.452 ;
; A[18]      ; Out[29]     ; 7.744 ; 7.744 ; 7.744 ; 7.744 ;
; A[18]      ; Out[30]     ; 7.718 ; 7.718 ; 7.718 ; 7.718 ;
; A[18]      ; Out[31]     ; 8.012 ; 8.012 ; 8.012 ; 8.012 ;
; A[18]      ; Overflow    ; 7.873 ; 7.873 ; 7.873 ; 7.873 ;
; A[19]      ; Out[19]     ; 6.251 ; 6.251 ; 6.251 ; 6.251 ;
; A[19]      ; Out[20]     ; 7.357 ; 7.357 ; 7.357 ; 7.357 ;
; A[19]      ; Out[21]     ; 7.294 ; 7.294 ; 7.294 ; 7.294 ;
; A[19]      ; Out[22]     ; 7.307 ; 7.307 ; 7.307 ; 7.307 ;
; A[19]      ; Out[23]     ; 7.429 ; 7.429 ; 7.429 ; 7.429 ;
; A[19]      ; Out[24]     ; 7.258 ; 7.258 ; 7.258 ; 7.258 ;
; A[19]      ; Out[25]     ; 7.699 ; 7.699 ; 7.699 ; 7.699 ;
; A[19]      ; Out[26]     ; 7.393 ; 7.393 ; 7.393 ; 7.393 ;
; A[19]      ; Out[27]     ; 7.654 ; 7.654 ; 7.654 ; 7.654 ;
; A[19]      ; Out[28]     ; 7.470 ; 7.470 ; 7.470 ; 7.470 ;
; A[19]      ; Out[29]     ; 7.762 ; 7.762 ; 7.762 ; 7.762 ;
; A[19]      ; Out[30]     ; 7.769 ; 7.769 ; 7.769 ; 7.769 ;
; A[19]      ; Out[31]     ; 8.030 ; 8.030 ; 8.030 ; 8.030 ;
; A[19]      ; Overflow    ; 7.849 ; 7.849 ; 7.849 ; 7.849 ;
; A[20]      ; Out[20]     ; 6.953 ; 6.953 ; 6.953 ; 6.953 ;
; A[20]      ; Out[21]     ; 7.631 ; 7.631 ; 7.631 ; 7.631 ;
; A[20]      ; Out[22]     ; 7.599 ; 7.599 ; 7.599 ; 7.599 ;
; A[20]      ; Out[23]     ; 7.721 ; 7.721 ; 7.721 ; 7.721 ;
; A[20]      ; Out[24]     ; 7.550 ; 7.550 ; 7.550 ; 7.550 ;
; A[20]      ; Out[25]     ; 8.043 ; 8.043 ; 8.043 ; 8.043 ;
; A[20]      ; Out[26]     ; 7.796 ; 7.796 ; 7.796 ; 7.796 ;
; A[20]      ; Out[27]     ; 8.230 ; 8.230 ; 8.230 ; 8.230 ;
; A[20]      ; Out[28]     ; 7.844 ; 7.844 ; 7.844 ; 7.844 ;
; A[20]      ; Out[29]     ; 8.338 ; 8.338 ; 8.338 ; 8.338 ;
; A[20]      ; Out[30]     ; 8.198 ; 8.198 ; 8.198 ; 8.198 ;
; A[20]      ; Out[31]     ; 8.510 ; 8.510 ; 8.510 ; 8.510 ;
; A[20]      ; Overflow    ; 8.137 ; 8.137 ; 8.137 ; 8.137 ;
; A[21]      ; Out[21]     ; 6.849 ; 6.849 ; 6.849 ; 6.849 ;
; A[21]      ; Out[22]     ; 7.508 ; 7.508 ; 7.508 ; 7.508 ;
; A[21]      ; Out[23]     ; 7.630 ; 7.630 ; 7.630 ; 7.630 ;
; A[21]      ; Out[24]     ; 7.459 ; 7.459 ; 7.459 ; 7.459 ;
; A[21]      ; Out[25]     ; 7.866 ; 7.866 ; 7.866 ; 7.866 ;
; A[21]      ; Out[26]     ; 7.642 ; 7.642 ; 7.642 ; 7.642 ;
; A[21]      ; Out[27]     ; 7.903 ; 7.903 ; 7.903 ; 7.903 ;
; A[21]      ; Out[28]     ; 7.719 ; 7.719 ; 7.719 ; 7.719 ;
; A[21]      ; Out[29]     ; 8.011 ; 8.011 ; 8.011 ; 8.011 ;
; A[21]      ; Out[30]     ; 8.018 ; 8.018 ; 8.018 ; 8.018 ;
; A[21]      ; Out[31]     ; 8.279 ; 8.279 ; 8.279 ; 8.279 ;
; A[21]      ; Overflow    ; 7.928 ; 7.928 ; 7.928 ; 7.928 ;
; A[22]      ; Out[22]     ; 6.493 ; 6.493 ; 6.493 ; 6.493 ;
; A[22]      ; Out[23]     ; 7.028 ; 7.028 ; 7.028 ; 7.028 ;
; A[22]      ; Out[24]     ; 6.857 ; 6.857 ; 6.857 ; 6.857 ;
; A[22]      ; Out[25]     ; 7.385 ; 7.385 ; 7.385 ; 7.385 ;
; A[22]      ; Out[26]     ; 7.103 ; 7.103 ; 7.103 ; 7.103 ;
; A[22]      ; Out[27]     ; 7.410 ; 7.410 ; 7.410 ; 7.410 ;
; A[22]      ; Out[28]     ; 7.226 ; 7.226 ; 7.226 ; 7.226 ;
; A[22]      ; Out[29]     ; 7.518 ; 7.518 ; 7.518 ; 7.518 ;
; A[22]      ; Out[30]     ; 7.505 ; 7.505 ; 7.505 ; 7.505 ;
; A[22]      ; Out[31]     ; 7.786 ; 7.786 ; 7.786 ; 7.786 ;
; A[22]      ; Overflow    ; 7.447 ; 7.447 ; 7.447 ; 7.447 ;
; A[23]      ; Out[23]     ; 6.666 ; 6.666 ; 6.666 ; 6.666 ;
; A[23]      ; Out[24]     ; 7.146 ; 7.146 ; 7.146 ; 7.146 ;
; A[23]      ; Out[25]     ; 7.665 ; 7.665 ; 7.665 ; 7.665 ;
; A[23]      ; Out[26]     ; 7.359 ; 7.359 ; 7.359 ; 7.359 ;
; A[23]      ; Out[27]     ; 7.620 ; 7.620 ; 7.620 ; 7.620 ;
; A[23]      ; Out[28]     ; 7.436 ; 7.436 ; 7.436 ; 7.436 ;
; A[23]      ; Out[29]     ; 7.728 ; 7.728 ; 7.728 ; 7.728 ;
; A[23]      ; Out[30]     ; 7.735 ; 7.735 ; 7.735 ; 7.735 ;
; A[23]      ; Out[31]     ; 7.996 ; 7.996 ; 7.996 ; 7.996 ;
; A[23]      ; Overflow    ; 7.821 ; 7.821 ; 7.821 ; 7.821 ;
; A[24]      ; Out[24]     ; 6.135 ; 6.135 ; 6.135 ; 6.135 ;
; A[24]      ; Out[25]     ; 7.291 ; 7.291 ; 7.291 ; 7.291 ;
; A[24]      ; Out[26]     ; 7.045 ; 7.045 ; 7.045 ; 7.045 ;
; A[24]      ; Out[27]     ; 7.306 ; 7.306 ; 7.306 ; 7.306 ;
; A[24]      ; Out[28]     ; 7.122 ; 7.122 ; 7.122 ; 7.122 ;
; A[24]      ; Out[29]     ; 7.414 ; 7.414 ; 7.414 ; 7.414 ;
; A[24]      ; Out[30]     ; 7.421 ; 7.421 ; 7.421 ; 7.421 ;
; A[24]      ; Out[31]     ; 7.682 ; 7.682 ; 7.682 ; 7.682 ;
; A[24]      ; Overflow    ; 7.353 ; 7.353 ; 7.353 ; 7.353 ;
; A[25]      ; Out[25]     ; 7.017 ; 7.017 ; 7.017 ; 7.017 ;
; A[25]      ; Out[26]     ; 7.182 ; 7.182 ; 7.182 ; 7.182 ;
; A[25]      ; Out[27]     ; 7.443 ; 7.443 ; 7.443 ; 7.443 ;
; A[25]      ; Out[28]     ; 7.259 ; 7.259 ; 7.259 ; 7.259 ;
; A[25]      ; Out[29]     ; 7.551 ; 7.551 ; 7.551 ; 7.551 ;
; A[25]      ; Out[30]     ; 7.558 ; 7.558 ; 7.558 ; 7.558 ;
; A[25]      ; Out[31]     ; 7.819 ; 7.819 ; 7.819 ; 7.819 ;
; A[25]      ; Overflow    ; 7.680 ; 7.680 ; 7.680 ; 7.680 ;
; A[26]      ; Out[26]     ; 7.043 ; 7.043 ; 7.043 ; 7.043 ;
; A[26]      ; Out[27]     ; 7.409 ; 7.409 ; 7.409 ; 7.409 ;
; A[26]      ; Out[28]     ; 7.225 ; 7.225 ; 7.225 ; 7.225 ;
; A[26]      ; Out[29]     ; 7.517 ; 7.517 ; 7.517 ; 7.517 ;
; A[26]      ; Out[30]     ; 7.524 ; 7.524 ; 7.524 ; 7.524 ;
; A[26]      ; Out[31]     ; 7.785 ; 7.785 ; 7.785 ; 7.785 ;
; A[26]      ; Overflow    ; 7.646 ; 7.646 ; 7.646 ; 7.646 ;
; A[27]      ; Out[27]     ; 6.511 ; 6.511 ; 6.511 ; 6.511 ;
; A[27]      ; Out[28]     ; 7.107 ; 7.107 ; 7.107 ; 7.107 ;
; A[27]      ; Out[29]     ; 7.399 ; 7.399 ; 7.399 ; 7.399 ;
; A[27]      ; Out[30]     ; 7.406 ; 7.406 ; 7.406 ; 7.406 ;
; A[27]      ; Out[31]     ; 7.667 ; 7.667 ; 7.667 ; 7.667 ;
; A[27]      ; Overflow    ; 7.450 ; 7.450 ; 7.450 ; 7.450 ;
; A[28]      ; Out[28]     ; 6.565 ; 6.565 ; 6.565 ; 6.565 ;
; A[28]      ; Out[29]     ; 7.410 ; 7.410 ; 7.410 ; 7.410 ;
; A[28]      ; Out[30]     ; 7.417 ; 7.417 ; 7.417 ; 7.417 ;
; A[28]      ; Out[31]     ; 7.678 ; 7.678 ; 7.678 ; 7.678 ;
; A[28]      ; Overflow    ; 7.539 ; 7.539 ; 7.539 ; 7.539 ;
; A[29]      ; Out[29]     ; 6.755 ; 6.755 ; 6.755 ; 6.755 ;
; A[29]      ; Out[30]     ; 7.179 ; 7.179 ; 7.179 ; 7.179 ;
; A[29]      ; Out[31]     ; 7.555 ; 7.555 ; 7.555 ; 7.555 ;
; A[29]      ; Overflow    ; 7.124 ; 7.124 ; 7.124 ; 7.124 ;
; A[30]      ; Out[30]     ; 6.866 ; 6.866 ; 6.866 ; 6.866 ;
; A[30]      ; Out[31]     ; 7.673 ; 7.673 ; 7.673 ; 7.673 ;
; A[30]      ; Overflow    ; 7.453 ; 7.453 ; 7.453 ; 7.453 ;
; A[31]      ; Out[31]     ; 6.718 ; 6.718 ; 6.718 ; 6.718 ;
; A[31]      ; Overflow    ; 6.111 ; 6.111 ; 6.111 ; 6.111 ;
; B[0]       ; Out[0]      ; 4.316 ; 4.936 ; 4.936 ; 4.316 ;
; B[0]       ; Out[1]      ; 4.650 ; 4.650 ; 4.650 ; 4.650 ;
; B[0]       ; Out[2]      ; 4.820 ; 4.820 ; 4.820 ; 4.820 ;
; B[0]       ; Out[3]      ; 5.038 ; 5.038 ; 5.038 ; 5.038 ;
; B[0]       ; Out[4]      ; 4.841 ; 4.841 ; 4.841 ; 4.841 ;
; B[0]       ; Out[5]      ; 5.064 ; 5.064 ; 5.064 ; 5.064 ;
; B[0]       ; Out[6]      ; 4.769 ; 4.769 ; 4.769 ; 4.769 ;
; B[0]       ; Out[7]      ; 5.112 ; 5.112 ; 5.112 ; 5.112 ;
; B[0]       ; Out[8]      ; 4.899 ; 4.899 ; 4.899 ; 4.899 ;
; B[0]       ; Out[9]      ; 5.516 ; 5.516 ; 5.516 ; 5.516 ;
; B[0]       ; Out[10]     ; 5.155 ; 5.155 ; 5.155 ; 5.155 ;
; B[0]       ; Out[11]     ; 5.398 ; 5.398 ; 5.398 ; 5.398 ;
; B[0]       ; Out[12]     ; 5.269 ; 5.269 ; 5.269 ; 5.269 ;
; B[0]       ; Out[13]     ; 5.233 ; 5.233 ; 5.233 ; 5.233 ;
; B[0]       ; Out[14]     ; 5.505 ; 5.505 ; 5.505 ; 5.505 ;
; B[0]       ; Out[15]     ; 5.417 ; 5.417 ; 5.417 ; 5.417 ;
; B[0]       ; Out[16]     ; 5.347 ; 5.347 ; 5.347 ; 5.347 ;
; B[0]       ; Out[17]     ; 5.824 ; 5.824 ; 5.824 ; 5.824 ;
; B[0]       ; Out[18]     ; 5.434 ; 5.434 ; 5.434 ; 5.434 ;
; B[0]       ; Out[19]     ; 5.265 ; 5.265 ; 5.265 ; 5.265 ;
; B[0]       ; Out[20]     ; 5.580 ; 5.580 ; 5.580 ; 5.580 ;
; B[0]       ; Out[21]     ; 5.562 ; 5.562 ; 5.562 ; 5.562 ;
; B[0]       ; Out[22]     ; 5.530 ; 5.530 ; 5.530 ; 5.530 ;
; B[0]       ; Out[23]     ; 5.652 ; 5.652 ; 5.652 ; 5.652 ;
; B[0]       ; Out[24]     ; 5.481 ; 5.481 ; 5.481 ; 5.481 ;
; B[0]       ; Out[25]     ; 5.976 ; 5.976 ; 5.976 ; 5.976 ;
; B[0]       ; Out[26]     ; 5.727 ; 5.727 ; 5.727 ; 5.727 ;
; B[0]       ; Out[27]     ; 6.254 ; 6.254 ; 6.254 ; 6.254 ;
; B[0]       ; Out[28]     ; 6.097 ; 6.097 ; 6.097 ; 6.097 ;
; B[0]       ; Out[29]     ; 6.280 ; 6.280 ; 6.280 ; 6.280 ;
; B[0]       ; Out[30]     ; 6.129 ; 6.129 ; 6.129 ; 6.129 ;
; B[0]       ; Out[31]     ; 6.505 ; 6.505 ; 6.505 ; 6.505 ;
; B[0]       ; Overflow    ; 6.038 ; 6.038 ; 6.038 ; 6.038 ;
; B[1]       ; Out[1]      ; 6.811 ; 6.811 ; 6.811 ; 6.811 ;
; B[1]       ; Out[2]      ; 7.427 ; 7.427 ; 7.427 ; 7.427 ;
; B[1]       ; Out[3]      ; 7.631 ; 7.631 ; 7.631 ; 7.631 ;
; B[1]       ; Out[4]      ; 7.434 ; 7.434 ; 7.434 ; 7.434 ;
; B[1]       ; Out[5]      ; 7.657 ; 7.657 ; 7.657 ; 7.657 ;
; B[1]       ; Out[6]      ; 7.362 ; 7.362 ; 7.362 ; 7.362 ;
; B[1]       ; Out[7]      ; 7.705 ; 7.705 ; 7.705 ; 7.705 ;
; B[1]       ; Out[8]      ; 7.492 ; 7.492 ; 7.492 ; 7.492 ;
; B[1]       ; Out[9]      ; 8.109 ; 8.109 ; 8.109 ; 8.109 ;
; B[1]       ; Out[10]     ; 7.748 ; 7.748 ; 7.748 ; 7.748 ;
; B[1]       ; Out[11]     ; 7.991 ; 7.991 ; 7.991 ; 7.991 ;
; B[1]       ; Out[12]     ; 7.862 ; 7.862 ; 7.862 ; 7.862 ;
; B[1]       ; Out[13]     ; 7.826 ; 7.826 ; 7.826 ; 7.826 ;
; B[1]       ; Out[14]     ; 8.098 ; 8.098 ; 8.098 ; 8.098 ;
; B[1]       ; Out[15]     ; 8.010 ; 8.010 ; 8.010 ; 8.010 ;
; B[1]       ; Out[16]     ; 7.940 ; 7.940 ; 7.940 ; 7.940 ;
; B[1]       ; Out[17]     ; 8.417 ; 8.417 ; 8.417 ; 8.417 ;
; B[1]       ; Out[18]     ; 8.027 ; 8.027 ; 8.027 ; 8.027 ;
; B[1]       ; Out[19]     ; 7.858 ; 7.858 ; 7.858 ; 7.858 ;
; B[1]       ; Out[20]     ; 8.173 ; 8.173 ; 8.173 ; 8.173 ;
; B[1]       ; Out[21]     ; 8.155 ; 8.155 ; 8.155 ; 8.155 ;
; B[1]       ; Out[22]     ; 8.123 ; 8.123 ; 8.123 ; 8.123 ;
; B[1]       ; Out[23]     ; 8.245 ; 8.245 ; 8.245 ; 8.245 ;
; B[1]       ; Out[24]     ; 8.074 ; 8.074 ; 8.074 ; 8.074 ;
; B[1]       ; Out[25]     ; 8.583 ; 8.583 ; 8.583 ; 8.583 ;
; B[1]       ; Out[26]     ; 8.320 ; 8.320 ; 8.320 ; 8.320 ;
; B[1]       ; Out[27]     ; 8.847 ; 8.847 ; 8.847 ; 8.847 ;
; B[1]       ; Out[28]     ; 8.690 ; 8.690 ; 8.690 ; 8.690 ;
; B[1]       ; Out[29]     ; 8.873 ; 8.873 ; 8.873 ; 8.873 ;
; B[1]       ; Out[30]     ; 8.722 ; 8.722 ; 8.722 ; 8.722 ;
; B[1]       ; Out[31]     ; 9.098 ; 9.098 ; 9.098 ; 9.098 ;
; B[1]       ; Overflow    ; 8.645 ; 8.645 ; 8.645 ; 8.645 ;
; B[2]       ; Out[2]      ; 6.602 ; 6.602 ; 6.602 ; 6.602 ;
; B[2]       ; Out[3]      ; 7.434 ; 7.434 ; 7.434 ; 7.434 ;
; B[2]       ; Out[4]      ; 7.237 ; 7.237 ; 7.237 ; 7.237 ;
; B[2]       ; Out[5]      ; 7.460 ; 7.460 ; 7.460 ; 7.460 ;
; B[2]       ; Out[6]      ; 7.165 ; 7.165 ; 7.165 ; 7.165 ;
; B[2]       ; Out[7]      ; 7.508 ; 7.508 ; 7.508 ; 7.508 ;
; B[2]       ; Out[8]      ; 7.295 ; 7.295 ; 7.295 ; 7.295 ;
; B[2]       ; Out[9]      ; 7.912 ; 7.912 ; 7.912 ; 7.912 ;
; B[2]       ; Out[10]     ; 7.551 ; 7.551 ; 7.551 ; 7.551 ;
; B[2]       ; Out[11]     ; 7.794 ; 7.794 ; 7.794 ; 7.794 ;
; B[2]       ; Out[12]     ; 7.665 ; 7.665 ; 7.665 ; 7.665 ;
; B[2]       ; Out[13]     ; 7.629 ; 7.629 ; 7.629 ; 7.629 ;
; B[2]       ; Out[14]     ; 7.901 ; 7.901 ; 7.901 ; 7.901 ;
; B[2]       ; Out[15]     ; 7.813 ; 7.813 ; 7.813 ; 7.813 ;
; B[2]       ; Out[16]     ; 7.743 ; 7.743 ; 7.743 ; 7.743 ;
; B[2]       ; Out[17]     ; 8.220 ; 8.220 ; 8.220 ; 8.220 ;
; B[2]       ; Out[18]     ; 7.830 ; 7.830 ; 7.830 ; 7.830 ;
; B[2]       ; Out[19]     ; 7.661 ; 7.661 ; 7.661 ; 7.661 ;
; B[2]       ; Out[20]     ; 7.976 ; 7.976 ; 7.976 ; 7.976 ;
; B[2]       ; Out[21]     ; 7.958 ; 7.958 ; 7.958 ; 7.958 ;
; B[2]       ; Out[22]     ; 7.926 ; 7.926 ; 7.926 ; 7.926 ;
; B[2]       ; Out[23]     ; 8.048 ; 8.048 ; 8.048 ; 8.048 ;
; B[2]       ; Out[24]     ; 7.877 ; 7.877 ; 7.877 ; 7.877 ;
; B[2]       ; Out[25]     ; 8.456 ; 8.456 ; 8.456 ; 8.456 ;
; B[2]       ; Out[26]     ; 8.123 ; 8.123 ; 8.123 ; 8.123 ;
; B[2]       ; Out[27]     ; 8.650 ; 8.650 ; 8.650 ; 8.650 ;
; B[2]       ; Out[28]     ; 8.493 ; 8.493 ; 8.493 ; 8.493 ;
; B[2]       ; Out[29]     ; 8.676 ; 8.676 ; 8.676 ; 8.676 ;
; B[2]       ; Out[30]     ; 8.525 ; 8.525 ; 8.525 ; 8.525 ;
; B[2]       ; Out[31]     ; 8.901 ; 8.901 ; 8.901 ; 8.901 ;
; B[2]       ; Overflow    ; 8.518 ; 8.518 ; 8.518 ; 8.518 ;
; B[3]       ; Out[3]      ; 6.688 ; 6.688 ; 6.688 ; 6.688 ;
; B[3]       ; Out[4]      ; 7.168 ; 7.168 ; 7.168 ; 7.168 ;
; B[3]       ; Out[5]      ; 7.391 ; 7.391 ; 7.391 ; 7.391 ;
; B[3]       ; Out[6]      ; 7.096 ; 7.096 ; 7.096 ; 7.096 ;
; B[3]       ; Out[7]      ; 7.439 ; 7.439 ; 7.439 ; 7.439 ;
; B[3]       ; Out[8]      ; 7.226 ; 7.226 ; 7.226 ; 7.226 ;
; B[3]       ; Out[9]      ; 7.843 ; 7.843 ; 7.843 ; 7.843 ;
; B[3]       ; Out[10]     ; 7.482 ; 7.482 ; 7.482 ; 7.482 ;
; B[3]       ; Out[11]     ; 7.725 ; 7.725 ; 7.725 ; 7.725 ;
; B[3]       ; Out[12]     ; 7.596 ; 7.596 ; 7.596 ; 7.596 ;
; B[3]       ; Out[13]     ; 7.560 ; 7.560 ; 7.560 ; 7.560 ;
; B[3]       ; Out[14]     ; 7.832 ; 7.832 ; 7.832 ; 7.832 ;
; B[3]       ; Out[15]     ; 7.744 ; 7.744 ; 7.744 ; 7.744 ;
; B[3]       ; Out[16]     ; 7.674 ; 7.674 ; 7.674 ; 7.674 ;
; B[3]       ; Out[17]     ; 8.151 ; 8.151 ; 8.151 ; 8.151 ;
; B[3]       ; Out[18]     ; 7.761 ; 7.761 ; 7.761 ; 7.761 ;
; B[3]       ; Out[19]     ; 7.592 ; 7.592 ; 7.592 ; 7.592 ;
; B[3]       ; Out[20]     ; 7.907 ; 7.907 ; 7.907 ; 7.907 ;
; B[3]       ; Out[21]     ; 7.889 ; 7.889 ; 7.889 ; 7.889 ;
; B[3]       ; Out[22]     ; 7.857 ; 7.857 ; 7.857 ; 7.857 ;
; B[3]       ; Out[23]     ; 7.979 ; 7.979 ; 7.979 ; 7.979 ;
; B[3]       ; Out[24]     ; 7.808 ; 7.808 ; 7.808 ; 7.808 ;
; B[3]       ; Out[25]     ; 8.336 ; 8.336 ; 8.336 ; 8.336 ;
; B[3]       ; Out[26]     ; 8.054 ; 8.054 ; 8.054 ; 8.054 ;
; B[3]       ; Out[27]     ; 8.581 ; 8.581 ; 8.581 ; 8.581 ;
; B[3]       ; Out[28]     ; 8.424 ; 8.424 ; 8.424 ; 8.424 ;
; B[3]       ; Out[29]     ; 8.607 ; 8.607 ; 8.607 ; 8.607 ;
; B[3]       ; Out[30]     ; 8.456 ; 8.456 ; 8.456 ; 8.456 ;
; B[3]       ; Out[31]     ; 8.832 ; 8.832 ; 8.832 ; 8.832 ;
; B[3]       ; Overflow    ; 8.398 ; 8.398 ; 8.398 ; 8.398 ;
; B[4]       ; Out[4]      ; 6.610 ; 6.610 ; 6.610 ; 6.610 ;
; B[4]       ; Out[5]      ; 7.374 ; 7.374 ; 7.374 ; 7.374 ;
; B[4]       ; Out[6]      ; 7.079 ; 7.079 ; 7.079 ; 7.079 ;
; B[4]       ; Out[7]      ; 7.422 ; 7.422 ; 7.422 ; 7.422 ;
; B[4]       ; Out[8]      ; 7.209 ; 7.209 ; 7.209 ; 7.209 ;
; B[4]       ; Out[9]      ; 7.826 ; 7.826 ; 7.826 ; 7.826 ;
; B[4]       ; Out[10]     ; 7.465 ; 7.465 ; 7.465 ; 7.465 ;
; B[4]       ; Out[11]     ; 7.708 ; 7.708 ; 7.708 ; 7.708 ;
; B[4]       ; Out[12]     ; 7.579 ; 7.579 ; 7.579 ; 7.579 ;
; B[4]       ; Out[13]     ; 7.543 ; 7.543 ; 7.543 ; 7.543 ;
; B[4]       ; Out[14]     ; 7.815 ; 7.815 ; 7.815 ; 7.815 ;
; B[4]       ; Out[15]     ; 7.727 ; 7.727 ; 7.727 ; 7.727 ;
; B[4]       ; Out[16]     ; 7.657 ; 7.657 ; 7.657 ; 7.657 ;
; B[4]       ; Out[17]     ; 8.134 ; 8.134 ; 8.134 ; 8.134 ;
; B[4]       ; Out[18]     ; 7.744 ; 7.744 ; 7.744 ; 7.744 ;
; B[4]       ; Out[19]     ; 7.575 ; 7.575 ; 7.575 ; 7.575 ;
; B[4]       ; Out[20]     ; 7.890 ; 7.890 ; 7.890 ; 7.890 ;
; B[4]       ; Out[21]     ; 7.872 ; 7.872 ; 7.872 ; 7.872 ;
; B[4]       ; Out[22]     ; 7.840 ; 7.840 ; 7.840 ; 7.840 ;
; B[4]       ; Out[23]     ; 7.962 ; 7.962 ; 7.962 ; 7.962 ;
; B[4]       ; Out[24]     ; 7.791 ; 7.791 ; 7.791 ; 7.791 ;
; B[4]       ; Out[25]     ; 8.309 ; 8.309 ; 8.309 ; 8.309 ;
; B[4]       ; Out[26]     ; 8.037 ; 8.037 ; 8.037 ; 8.037 ;
; B[4]       ; Out[27]     ; 8.564 ; 8.564 ; 8.564 ; 8.564 ;
; B[4]       ; Out[28]     ; 8.407 ; 8.407 ; 8.407 ; 8.407 ;
; B[4]       ; Out[29]     ; 8.590 ; 8.590 ; 8.590 ; 8.590 ;
; B[4]       ; Out[30]     ; 8.439 ; 8.439 ; 8.439 ; 8.439 ;
; B[4]       ; Out[31]     ; 8.815 ; 8.815 ; 8.815 ; 8.815 ;
; B[4]       ; Overflow    ; 8.371 ; 8.371 ; 8.371 ; 8.371 ;
; B[5]       ; Out[5]      ; 6.880 ; 6.880 ; 6.880 ; 6.880 ;
; B[5]       ; Out[6]      ; 7.019 ; 7.019 ; 7.019 ; 7.019 ;
; B[5]       ; Out[7]      ; 7.362 ; 7.362 ; 7.362 ; 7.362 ;
; B[5]       ; Out[8]      ; 7.149 ; 7.149 ; 7.149 ; 7.149 ;
; B[5]       ; Out[9]      ; 7.766 ; 7.766 ; 7.766 ; 7.766 ;
; B[5]       ; Out[10]     ; 7.405 ; 7.405 ; 7.405 ; 7.405 ;
; B[5]       ; Out[11]     ; 7.648 ; 7.648 ; 7.648 ; 7.648 ;
; B[5]       ; Out[12]     ; 7.519 ; 7.519 ; 7.519 ; 7.519 ;
; B[5]       ; Out[13]     ; 7.483 ; 7.483 ; 7.483 ; 7.483 ;
; B[5]       ; Out[14]     ; 7.755 ; 7.755 ; 7.755 ; 7.755 ;
; B[5]       ; Out[15]     ; 7.667 ; 7.667 ; 7.667 ; 7.667 ;
; B[5]       ; Out[16]     ; 7.597 ; 7.597 ; 7.597 ; 7.597 ;
; B[5]       ; Out[17]     ; 8.074 ; 8.074 ; 8.074 ; 8.074 ;
; B[5]       ; Out[18]     ; 7.684 ; 7.684 ; 7.684 ; 7.684 ;
; B[5]       ; Out[19]     ; 7.515 ; 7.515 ; 7.515 ; 7.515 ;
; B[5]       ; Out[20]     ; 7.830 ; 7.830 ; 7.830 ; 7.830 ;
; B[5]       ; Out[21]     ; 7.812 ; 7.812 ; 7.812 ; 7.812 ;
; B[5]       ; Out[22]     ; 7.780 ; 7.780 ; 7.780 ; 7.780 ;
; B[5]       ; Out[23]     ; 7.902 ; 7.902 ; 7.902 ; 7.902 ;
; B[5]       ; Out[24]     ; 7.731 ; 7.731 ; 7.731 ; 7.731 ;
; B[5]       ; Out[25]     ; 8.234 ; 8.234 ; 8.234 ; 8.234 ;
; B[5]       ; Out[26]     ; 7.977 ; 7.977 ; 7.977 ; 7.977 ;
; B[5]       ; Out[27]     ; 8.504 ; 8.504 ; 8.504 ; 8.504 ;
; B[5]       ; Out[28]     ; 8.347 ; 8.347 ; 8.347 ; 8.347 ;
; B[5]       ; Out[29]     ; 8.530 ; 8.530 ; 8.530 ; 8.530 ;
; B[5]       ; Out[30]     ; 8.379 ; 8.379 ; 8.379 ; 8.379 ;
; B[5]       ; Out[31]     ; 8.755 ; 8.755 ; 8.755 ; 8.755 ;
; B[5]       ; Overflow    ; 8.296 ; 8.296 ; 8.296 ; 8.296 ;
; B[6]       ; Out[6]      ; 6.469 ; 6.469 ; 6.469 ; 6.469 ;
; B[6]       ; Out[7]      ; 7.570 ; 7.570 ; 7.570 ; 7.570 ;
; B[6]       ; Out[8]      ; 7.357 ; 7.357 ; 7.357 ; 7.357 ;
; B[6]       ; Out[9]      ; 7.974 ; 7.974 ; 7.974 ; 7.974 ;
; B[6]       ; Out[10]     ; 7.613 ; 7.613 ; 7.613 ; 7.613 ;
; B[6]       ; Out[11]     ; 7.856 ; 7.856 ; 7.856 ; 7.856 ;
; B[6]       ; Out[12]     ; 7.727 ; 7.727 ; 7.727 ; 7.727 ;
; B[6]       ; Out[13]     ; 7.691 ; 7.691 ; 7.691 ; 7.691 ;
; B[6]       ; Out[14]     ; 7.963 ; 7.963 ; 7.963 ; 7.963 ;
; B[6]       ; Out[15]     ; 7.875 ; 7.875 ; 7.875 ; 7.875 ;
; B[6]       ; Out[16]     ; 7.805 ; 7.805 ; 7.805 ; 7.805 ;
; B[6]       ; Out[17]     ; 8.282 ; 8.282 ; 8.282 ; 8.282 ;
; B[6]       ; Out[18]     ; 7.892 ; 7.892 ; 7.892 ; 7.892 ;
; B[6]       ; Out[19]     ; 7.723 ; 7.723 ; 7.723 ; 7.723 ;
; B[6]       ; Out[20]     ; 8.038 ; 8.038 ; 8.038 ; 8.038 ;
; B[6]       ; Out[21]     ; 8.020 ; 8.020 ; 8.020 ; 8.020 ;
; B[6]       ; Out[22]     ; 7.988 ; 7.988 ; 7.988 ; 7.988 ;
; B[6]       ; Out[23]     ; 8.110 ; 8.110 ; 8.110 ; 8.110 ;
; B[6]       ; Out[24]     ; 7.939 ; 7.939 ; 7.939 ; 7.939 ;
; B[6]       ; Out[25]     ; 8.331 ; 8.331 ; 8.331 ; 8.331 ;
; B[6]       ; Out[26]     ; 8.185 ; 8.185 ; 8.185 ; 8.185 ;
; B[6]       ; Out[27]     ; 8.712 ; 8.712 ; 8.712 ; 8.712 ;
; B[6]       ; Out[28]     ; 8.555 ; 8.555 ; 8.555 ; 8.555 ;
; B[6]       ; Out[29]     ; 8.738 ; 8.738 ; 8.738 ; 8.738 ;
; B[6]       ; Out[30]     ; 8.587 ; 8.587 ; 8.587 ; 8.587 ;
; B[6]       ; Out[31]     ; 8.949 ; 8.949 ; 8.949 ; 8.949 ;
; B[6]       ; Overflow    ; 8.393 ; 8.393 ; 8.393 ; 8.393 ;
; B[7]       ; Out[7]      ; 6.894 ; 6.894 ; 6.894 ; 6.894 ;
; B[7]       ; Out[8]      ; 7.264 ; 7.264 ; 7.264 ; 7.264 ;
; B[7]       ; Out[9]      ; 7.881 ; 7.881 ; 7.881 ; 7.881 ;
; B[7]       ; Out[10]     ; 7.520 ; 7.520 ; 7.520 ; 7.520 ;
; B[7]       ; Out[11]     ; 7.763 ; 7.763 ; 7.763 ; 7.763 ;
; B[7]       ; Out[12]     ; 7.634 ; 7.634 ; 7.634 ; 7.634 ;
; B[7]       ; Out[13]     ; 7.598 ; 7.598 ; 7.598 ; 7.598 ;
; B[7]       ; Out[14]     ; 7.870 ; 7.870 ; 7.870 ; 7.870 ;
; B[7]       ; Out[15]     ; 7.782 ; 7.782 ; 7.782 ; 7.782 ;
; B[7]       ; Out[16]     ; 7.712 ; 7.712 ; 7.712 ; 7.712 ;
; B[7]       ; Out[17]     ; 8.189 ; 8.189 ; 8.189 ; 8.189 ;
; B[7]       ; Out[18]     ; 7.799 ; 7.799 ; 7.799 ; 7.799 ;
; B[7]       ; Out[19]     ; 7.630 ; 7.630 ; 7.630 ; 7.630 ;
; B[7]       ; Out[20]     ; 7.945 ; 7.945 ; 7.945 ; 7.945 ;
; B[7]       ; Out[21]     ; 7.927 ; 7.927 ; 7.927 ; 7.927 ;
; B[7]       ; Out[22]     ; 7.895 ; 7.895 ; 7.895 ; 7.895 ;
; B[7]       ; Out[23]     ; 8.017 ; 8.017 ; 8.017 ; 8.017 ;
; B[7]       ; Out[24]     ; 7.846 ; 7.846 ; 7.846 ; 7.846 ;
; B[7]       ; Out[25]     ; 8.220 ; 8.220 ; 8.220 ; 8.220 ;
; B[7]       ; Out[26]     ; 8.092 ; 8.092 ; 8.092 ; 8.092 ;
; B[7]       ; Out[27]     ; 8.619 ; 8.619 ; 8.619 ; 8.619 ;
; B[7]       ; Out[28]     ; 8.462 ; 8.462 ; 8.462 ; 8.462 ;
; B[7]       ; Out[29]     ; 8.645 ; 8.645 ; 8.645 ; 8.645 ;
; B[7]       ; Out[30]     ; 8.494 ; 8.494 ; 8.494 ; 8.494 ;
; B[7]       ; Out[31]     ; 8.838 ; 8.838 ; 8.838 ; 8.838 ;
; B[7]       ; Overflow    ; 8.282 ; 8.282 ; 8.282 ; 8.282 ;
; B[8]       ; Out[8]      ; 6.810 ; 6.810 ; 6.810 ; 6.810 ;
; B[8]       ; Out[9]      ; 7.913 ; 7.913 ; 7.913 ; 7.913 ;
; B[8]       ; Out[10]     ; 7.552 ; 7.552 ; 7.552 ; 7.552 ;
; B[8]       ; Out[11]     ; 7.795 ; 7.795 ; 7.795 ; 7.795 ;
; B[8]       ; Out[12]     ; 7.666 ; 7.666 ; 7.666 ; 7.666 ;
; B[8]       ; Out[13]     ; 7.630 ; 7.630 ; 7.630 ; 7.630 ;
; B[8]       ; Out[14]     ; 7.902 ; 7.902 ; 7.902 ; 7.902 ;
; B[8]       ; Out[15]     ; 7.814 ; 7.814 ; 7.814 ; 7.814 ;
; B[8]       ; Out[16]     ; 7.744 ; 7.744 ; 7.744 ; 7.744 ;
; B[8]       ; Out[17]     ; 8.221 ; 8.221 ; 8.221 ; 8.221 ;
; B[8]       ; Out[18]     ; 7.831 ; 7.831 ; 7.831 ; 7.831 ;
; B[8]       ; Out[19]     ; 7.662 ; 7.662 ; 7.662 ; 7.662 ;
; B[8]       ; Out[20]     ; 7.977 ; 7.977 ; 7.977 ; 7.977 ;
; B[8]       ; Out[21]     ; 7.959 ; 7.959 ; 7.959 ; 7.959 ;
; B[8]       ; Out[22]     ; 7.927 ; 7.927 ; 7.927 ; 7.927 ;
; B[8]       ; Out[23]     ; 8.049 ; 8.049 ; 8.049 ; 8.049 ;
; B[8]       ; Out[24]     ; 7.878 ; 7.878 ; 7.878 ; 7.878 ;
; B[8]       ; Out[25]     ; 8.387 ; 8.387 ; 8.387 ; 8.387 ;
; B[8]       ; Out[26]     ; 8.124 ; 8.124 ; 8.124 ; 8.124 ;
; B[8]       ; Out[27]     ; 8.651 ; 8.651 ; 8.651 ; 8.651 ;
; B[8]       ; Out[28]     ; 8.494 ; 8.494 ; 8.494 ; 8.494 ;
; B[8]       ; Out[29]     ; 8.677 ; 8.677 ; 8.677 ; 8.677 ;
; B[8]       ; Out[30]     ; 8.526 ; 8.526 ; 8.526 ; 8.526 ;
; B[8]       ; Out[31]     ; 8.902 ; 8.902 ; 8.902 ; 8.902 ;
; B[8]       ; Overflow    ; 8.449 ; 8.449 ; 8.449 ; 8.449 ;
; B[9]       ; Out[9]      ; 6.903 ; 6.903 ; 6.903 ; 6.903 ;
; B[9]       ; Out[10]     ; 7.454 ; 7.454 ; 7.454 ; 7.454 ;
; B[9]       ; Out[11]     ; 7.697 ; 7.697 ; 7.697 ; 7.697 ;
; B[9]       ; Out[12]     ; 7.568 ; 7.568 ; 7.568 ; 7.568 ;
; B[9]       ; Out[13]     ; 7.532 ; 7.532 ; 7.532 ; 7.532 ;
; B[9]       ; Out[14]     ; 7.804 ; 7.804 ; 7.804 ; 7.804 ;
; B[9]       ; Out[15]     ; 7.716 ; 7.716 ; 7.716 ; 7.716 ;
; B[9]       ; Out[16]     ; 7.646 ; 7.646 ; 7.646 ; 7.646 ;
; B[9]       ; Out[17]     ; 8.123 ; 8.123 ; 8.123 ; 8.123 ;
; B[9]       ; Out[18]     ; 7.733 ; 7.733 ; 7.733 ; 7.733 ;
; B[9]       ; Out[19]     ; 7.564 ; 7.564 ; 7.564 ; 7.564 ;
; B[9]       ; Out[20]     ; 7.879 ; 7.879 ; 7.879 ; 7.879 ;
; B[9]       ; Out[21]     ; 7.861 ; 7.861 ; 7.861 ; 7.861 ;
; B[9]       ; Out[22]     ; 7.829 ; 7.829 ; 7.829 ; 7.829 ;
; B[9]       ; Out[23]     ; 7.951 ; 7.951 ; 7.951 ; 7.951 ;
; B[9]       ; Out[24]     ; 7.780 ; 7.780 ; 7.780 ; 7.780 ;
; B[9]       ; Out[25]     ; 8.311 ; 8.311 ; 8.311 ; 8.311 ;
; B[9]       ; Out[26]     ; 8.026 ; 8.026 ; 8.026 ; 8.026 ;
; B[9]       ; Out[27]     ; 8.553 ; 8.553 ; 8.553 ; 8.553 ;
; B[9]       ; Out[28]     ; 8.396 ; 8.396 ; 8.396 ; 8.396 ;
; B[9]       ; Out[29]     ; 8.579 ; 8.579 ; 8.579 ; 8.579 ;
; B[9]       ; Out[30]     ; 8.428 ; 8.428 ; 8.428 ; 8.428 ;
; B[9]       ; Out[31]     ; 8.804 ; 8.804 ; 8.804 ; 8.804 ;
; B[9]       ; Overflow    ; 8.373 ; 8.373 ; 8.373 ; 8.373 ;
; B[10]      ; Out[10]     ; 6.502 ; 6.502 ; 6.502 ; 6.502 ;
; B[10]      ; Out[11]     ; 7.434 ; 7.434 ; 7.434 ; 7.434 ;
; B[10]      ; Out[12]     ; 7.305 ; 7.305 ; 7.305 ; 7.305 ;
; B[10]      ; Out[13]     ; 7.269 ; 7.269 ; 7.269 ; 7.269 ;
; B[10]      ; Out[14]     ; 7.541 ; 7.541 ; 7.541 ; 7.541 ;
; B[10]      ; Out[15]     ; 7.453 ; 7.453 ; 7.453 ; 7.453 ;
; B[10]      ; Out[16]     ; 7.383 ; 7.383 ; 7.383 ; 7.383 ;
; B[10]      ; Out[17]     ; 7.860 ; 7.860 ; 7.860 ; 7.860 ;
; B[10]      ; Out[18]     ; 7.470 ; 7.470 ; 7.470 ; 7.470 ;
; B[10]      ; Out[19]     ; 7.301 ; 7.301 ; 7.301 ; 7.301 ;
; B[10]      ; Out[20]     ; 7.616 ; 7.616 ; 7.616 ; 7.616 ;
; B[10]      ; Out[21]     ; 7.598 ; 7.598 ; 7.598 ; 7.598 ;
; B[10]      ; Out[22]     ; 7.566 ; 7.566 ; 7.566 ; 7.566 ;
; B[10]      ; Out[23]     ; 7.688 ; 7.688 ; 7.688 ; 7.688 ;
; B[10]      ; Out[24]     ; 7.517 ; 7.517 ; 7.517 ; 7.517 ;
; B[10]      ; Out[25]     ; 8.008 ; 8.008 ; 8.008 ; 8.008 ;
; B[10]      ; Out[26]     ; 7.763 ; 7.763 ; 7.763 ; 7.763 ;
; B[10]      ; Out[27]     ; 8.290 ; 8.290 ; 8.290 ; 8.290 ;
; B[10]      ; Out[28]     ; 8.133 ; 8.133 ; 8.133 ; 8.133 ;
; B[10]      ; Out[29]     ; 8.316 ; 8.316 ; 8.316 ; 8.316 ;
; B[10]      ; Out[30]     ; 8.165 ; 8.165 ; 8.165 ; 8.165 ;
; B[10]      ; Out[31]     ; 8.541 ; 8.541 ; 8.541 ; 8.541 ;
; B[10]      ; Overflow    ; 8.070 ; 8.070 ; 8.070 ; 8.070 ;
; B[11]      ; Out[11]     ; 6.740 ; 6.740 ; 6.740 ; 6.740 ;
; B[11]      ; Out[12]     ; 7.565 ; 7.565 ; 7.565 ; 7.565 ;
; B[11]      ; Out[13]     ; 7.529 ; 7.529 ; 7.529 ; 7.529 ;
; B[11]      ; Out[14]     ; 7.801 ; 7.801 ; 7.801 ; 7.801 ;
; B[11]      ; Out[15]     ; 7.713 ; 7.713 ; 7.713 ; 7.713 ;
; B[11]      ; Out[16]     ; 7.643 ; 7.643 ; 7.643 ; 7.643 ;
; B[11]      ; Out[17]     ; 8.090 ; 8.090 ; 8.090 ; 8.090 ;
; B[11]      ; Out[18]     ; 7.730 ; 7.730 ; 7.730 ; 7.730 ;
; B[11]      ; Out[19]     ; 7.561 ; 7.561 ; 7.561 ; 7.561 ;
; B[11]      ; Out[20]     ; 7.876 ; 7.876 ; 7.876 ; 7.876 ;
; B[11]      ; Out[21]     ; 7.858 ; 7.858 ; 7.858 ; 7.858 ;
; B[11]      ; Out[22]     ; 7.826 ; 7.826 ; 7.826 ; 7.826 ;
; B[11]      ; Out[23]     ; 7.948 ; 7.948 ; 7.948 ; 7.948 ;
; B[11]      ; Out[24]     ; 7.777 ; 7.777 ; 7.777 ; 7.777 ;
; B[11]      ; Out[25]     ; 8.099 ; 8.099 ; 8.099 ; 8.099 ;
; B[11]      ; Out[26]     ; 8.023 ; 8.023 ; 8.023 ; 8.023 ;
; B[11]      ; Out[27]     ; 8.550 ; 8.550 ; 8.550 ; 8.550 ;
; B[11]      ; Out[28]     ; 8.393 ; 8.393 ; 8.393 ; 8.393 ;
; B[11]      ; Out[29]     ; 8.576 ; 8.576 ; 8.576 ; 8.576 ;
; B[11]      ; Out[30]     ; 8.425 ; 8.425 ; 8.425 ; 8.425 ;
; B[11]      ; Out[31]     ; 8.717 ; 8.717 ; 8.717 ; 8.717 ;
; B[11]      ; Overflow    ; 8.161 ; 8.161 ; 8.161 ; 8.161 ;
; B[12]      ; Out[12]     ; 6.635 ; 6.635 ; 6.635 ; 6.635 ;
; B[12]      ; Out[13]     ; 7.308 ; 7.308 ; 7.308 ; 7.308 ;
; B[12]      ; Out[14]     ; 7.580 ; 7.580 ; 7.580 ; 7.580 ;
; B[12]      ; Out[15]     ; 7.492 ; 7.492 ; 7.492 ; 7.492 ;
; B[12]      ; Out[16]     ; 7.422 ; 7.422 ; 7.422 ; 7.422 ;
; B[12]      ; Out[17]     ; 7.899 ; 7.899 ; 7.899 ; 7.899 ;
; B[12]      ; Out[18]     ; 7.509 ; 7.509 ; 7.509 ; 7.509 ;
; B[12]      ; Out[19]     ; 7.340 ; 7.340 ; 7.340 ; 7.340 ;
; B[12]      ; Out[20]     ; 7.655 ; 7.655 ; 7.655 ; 7.655 ;
; B[12]      ; Out[21]     ; 7.637 ; 7.637 ; 7.637 ; 7.637 ;
; B[12]      ; Out[22]     ; 7.605 ; 7.605 ; 7.605 ; 7.605 ;
; B[12]      ; Out[23]     ; 7.727 ; 7.727 ; 7.727 ; 7.727 ;
; B[12]      ; Out[24]     ; 7.556 ; 7.556 ; 7.556 ; 7.556 ;
; B[12]      ; Out[25]     ; 8.091 ; 8.091 ; 8.091 ; 8.091 ;
; B[12]      ; Out[26]     ; 7.802 ; 7.802 ; 7.802 ; 7.802 ;
; B[12]      ; Out[27]     ; 8.329 ; 8.329 ; 8.329 ; 8.329 ;
; B[12]      ; Out[28]     ; 8.172 ; 8.172 ; 8.172 ; 8.172 ;
; B[12]      ; Out[29]     ; 8.355 ; 8.355 ; 8.355 ; 8.355 ;
; B[12]      ; Out[30]     ; 8.204 ; 8.204 ; 8.204 ; 8.204 ;
; B[12]      ; Out[31]     ; 8.580 ; 8.580 ; 8.580 ; 8.580 ;
; B[12]      ; Overflow    ; 8.153 ; 8.153 ; 8.153 ; 8.153 ;
; B[13]      ; Out[13]     ; 6.569 ; 6.569 ; 6.569 ; 6.569 ;
; B[13]      ; Out[14]     ; 7.673 ; 7.673 ; 7.673 ; 7.673 ;
; B[13]      ; Out[15]     ; 7.585 ; 7.585 ; 7.585 ; 7.585 ;
; B[13]      ; Out[16]     ; 7.515 ; 7.515 ; 7.515 ; 7.515 ;
; B[13]      ; Out[17]     ; 7.992 ; 7.992 ; 7.992 ; 7.992 ;
; B[13]      ; Out[18]     ; 7.602 ; 7.602 ; 7.602 ; 7.602 ;
; B[13]      ; Out[19]     ; 7.433 ; 7.433 ; 7.433 ; 7.433 ;
; B[13]      ; Out[20]     ; 7.748 ; 7.748 ; 7.748 ; 7.748 ;
; B[13]      ; Out[21]     ; 7.730 ; 7.730 ; 7.730 ; 7.730 ;
; B[13]      ; Out[22]     ; 7.698 ; 7.698 ; 7.698 ; 7.698 ;
; B[13]      ; Out[23]     ; 7.820 ; 7.820 ; 7.820 ; 7.820 ;
; B[13]      ; Out[24]     ; 7.649 ; 7.649 ; 7.649 ; 7.649 ;
; B[13]      ; Out[25]     ; 8.141 ; 8.141 ; 8.141 ; 8.141 ;
; B[13]      ; Out[26]     ; 7.895 ; 7.895 ; 7.895 ; 7.895 ;
; B[13]      ; Out[27]     ; 8.422 ; 8.422 ; 8.422 ; 8.422 ;
; B[13]      ; Out[28]     ; 8.265 ; 8.265 ; 8.265 ; 8.265 ;
; B[13]      ; Out[29]     ; 8.448 ; 8.448 ; 8.448 ; 8.448 ;
; B[13]      ; Out[30]     ; 8.297 ; 8.297 ; 8.297 ; 8.297 ;
; B[13]      ; Out[31]     ; 8.673 ; 8.673 ; 8.673 ; 8.673 ;
; B[13]      ; Overflow    ; 8.203 ; 8.203 ; 8.203 ; 8.203 ;
; B[14]      ; Out[14]     ; 6.657 ; 6.657 ; 6.657 ; 6.657 ;
; B[14]      ; Out[15]     ; 7.339 ; 7.339 ; 7.339 ; 7.339 ;
; B[14]      ; Out[16]     ; 7.269 ; 7.269 ; 7.269 ; 7.269 ;
; B[14]      ; Out[17]     ; 7.746 ; 7.746 ; 7.746 ; 7.746 ;
; B[14]      ; Out[18]     ; 7.356 ; 7.356 ; 7.356 ; 7.356 ;
; B[14]      ; Out[19]     ; 7.187 ; 7.187 ; 7.187 ; 7.187 ;
; B[14]      ; Out[20]     ; 7.502 ; 7.502 ; 7.502 ; 7.502 ;
; B[14]      ; Out[21]     ; 7.484 ; 7.484 ; 7.484 ; 7.484 ;
; B[14]      ; Out[22]     ; 7.452 ; 7.452 ; 7.452 ; 7.452 ;
; B[14]      ; Out[23]     ; 7.574 ; 7.574 ; 7.574 ; 7.574 ;
; B[14]      ; Out[24]     ; 7.403 ; 7.403 ; 7.403 ; 7.403 ;
; B[14]      ; Out[25]     ; 7.915 ; 7.915 ; 7.915 ; 7.915 ;
; B[14]      ; Out[26]     ; 7.649 ; 7.649 ; 7.649 ; 7.649 ;
; B[14]      ; Out[27]     ; 8.176 ; 8.176 ; 8.176 ; 8.176 ;
; B[14]      ; Out[28]     ; 8.019 ; 8.019 ; 8.019 ; 8.019 ;
; B[14]      ; Out[29]     ; 8.202 ; 8.202 ; 8.202 ; 8.202 ;
; B[14]      ; Out[30]     ; 8.051 ; 8.051 ; 8.051 ; 8.051 ;
; B[14]      ; Out[31]     ; 8.427 ; 8.427 ; 8.427 ; 8.427 ;
; B[14]      ; Overflow    ; 7.977 ; 7.977 ; 7.977 ; 7.977 ;
; B[15]      ; Out[15]     ; 6.801 ; 6.801 ; 6.801 ; 6.801 ;
; B[15]      ; Out[16]     ; 7.354 ; 7.354 ; 7.354 ; 7.354 ;
; B[15]      ; Out[17]     ; 7.831 ; 7.831 ; 7.831 ; 7.831 ;
; B[15]      ; Out[18]     ; 7.441 ; 7.441 ; 7.441 ; 7.441 ;
; B[15]      ; Out[19]     ; 7.272 ; 7.272 ; 7.272 ; 7.272 ;
; B[15]      ; Out[20]     ; 7.587 ; 7.587 ; 7.587 ; 7.587 ;
; B[15]      ; Out[21]     ; 7.569 ; 7.569 ; 7.569 ; 7.569 ;
; B[15]      ; Out[22]     ; 7.537 ; 7.537 ; 7.537 ; 7.537 ;
; B[15]      ; Out[23]     ; 7.659 ; 7.659 ; 7.659 ; 7.659 ;
; B[15]      ; Out[24]     ; 7.488 ; 7.488 ; 7.488 ; 7.488 ;
; B[15]      ; Out[25]     ; 8.082 ; 8.082 ; 8.082 ; 8.082 ;
; B[15]      ; Out[26]     ; 7.734 ; 7.734 ; 7.734 ; 7.734 ;
; B[15]      ; Out[27]     ; 8.261 ; 8.261 ; 8.261 ; 8.261 ;
; B[15]      ; Out[28]     ; 8.104 ; 8.104 ; 8.104 ; 8.104 ;
; B[15]      ; Out[29]     ; 8.287 ; 8.287 ; 8.287 ; 8.287 ;
; B[15]      ; Out[30]     ; 8.136 ; 8.136 ; 8.136 ; 8.136 ;
; B[15]      ; Out[31]     ; 8.512 ; 8.512 ; 8.512 ; 8.512 ;
; B[15]      ; Overflow    ; 8.197 ; 8.197 ; 8.197 ; 8.197 ;
; B[16]      ; Out[16]     ; 6.398 ; 6.398 ; 6.398 ; 6.398 ;
; B[16]      ; Out[17]     ; 7.685 ; 7.685 ; 7.685 ; 7.685 ;
; B[16]      ; Out[18]     ; 7.295 ; 7.295 ; 7.295 ; 7.295 ;
; B[16]      ; Out[19]     ; 7.126 ; 7.126 ; 7.126 ; 7.126 ;
; B[16]      ; Out[20]     ; 7.441 ; 7.441 ; 7.441 ; 7.441 ;
; B[16]      ; Out[21]     ; 7.423 ; 7.423 ; 7.423 ; 7.423 ;
; B[16]      ; Out[22]     ; 7.391 ; 7.391 ; 7.391 ; 7.391 ;
; B[16]      ; Out[23]     ; 7.513 ; 7.513 ; 7.513 ; 7.513 ;
; B[16]      ; Out[24]     ; 7.342 ; 7.342 ; 7.342 ; 7.342 ;
; B[16]      ; Out[25]     ; 7.936 ; 7.936 ; 7.936 ; 7.936 ;
; B[16]      ; Out[26]     ; 7.588 ; 7.588 ; 7.588 ; 7.588 ;
; B[16]      ; Out[27]     ; 8.115 ; 8.115 ; 8.115 ; 8.115 ;
; B[16]      ; Out[28]     ; 7.958 ; 7.958 ; 7.958 ; 7.958 ;
; B[16]      ; Out[29]     ; 8.141 ; 8.141 ; 8.141 ; 8.141 ;
; B[16]      ; Out[30]     ; 7.990 ; 7.990 ; 7.990 ; 7.990 ;
; B[16]      ; Out[31]     ; 8.366 ; 8.366 ; 8.366 ; 8.366 ;
; B[16]      ; Overflow    ; 8.054 ; 8.054 ; 8.054 ; 8.054 ;
; B[17]      ; Out[17]     ; 6.665 ; 6.665 ; 6.665 ; 6.665 ;
; B[17]      ; Out[18]     ; 7.218 ; 7.218 ; 7.218 ; 7.218 ;
; B[17]      ; Out[19]     ; 7.049 ; 7.049 ; 7.049 ; 7.049 ;
; B[17]      ; Out[20]     ; 7.364 ; 7.364 ; 7.364 ; 7.364 ;
; B[17]      ; Out[21]     ; 7.346 ; 7.346 ; 7.346 ; 7.346 ;
; B[17]      ; Out[22]     ; 7.314 ; 7.314 ; 7.314 ; 7.314 ;
; B[17]      ; Out[23]     ; 7.436 ; 7.436 ; 7.436 ; 7.436 ;
; B[17]      ; Out[24]     ; 7.265 ; 7.265 ; 7.265 ; 7.265 ;
; B[17]      ; Out[25]     ; 7.788 ; 7.788 ; 7.788 ; 7.788 ;
; B[17]      ; Out[26]     ; 7.511 ; 7.511 ; 7.511 ; 7.511 ;
; B[17]      ; Out[27]     ; 8.038 ; 8.038 ; 8.038 ; 8.038 ;
; B[17]      ; Out[28]     ; 7.881 ; 7.881 ; 7.881 ; 7.881 ;
; B[17]      ; Out[29]     ; 8.064 ; 8.064 ; 8.064 ; 8.064 ;
; B[17]      ; Out[30]     ; 7.913 ; 7.913 ; 7.913 ; 7.913 ;
; B[17]      ; Out[31]     ; 8.289 ; 8.289 ; 8.289 ; 8.289 ;
; B[17]      ; Overflow    ; 7.850 ; 7.850 ; 7.850 ; 7.850 ;
; B[18]      ; Out[18]     ; 6.657 ; 6.657 ; 6.657 ; 6.657 ;
; B[18]      ; Out[19]     ; 7.142 ; 7.142 ; 7.142 ; 7.142 ;
; B[18]      ; Out[20]     ; 7.457 ; 7.457 ; 7.457 ; 7.457 ;
; B[18]      ; Out[21]     ; 7.439 ; 7.439 ; 7.439 ; 7.439 ;
; B[18]      ; Out[22]     ; 7.407 ; 7.407 ; 7.407 ; 7.407 ;
; B[18]      ; Out[23]     ; 7.529 ; 7.529 ; 7.529 ; 7.529 ;
; B[18]      ; Out[24]     ; 7.358 ; 7.358 ; 7.358 ; 7.358 ;
; B[18]      ; Out[25]     ; 7.779 ; 7.779 ; 7.779 ; 7.779 ;
; B[18]      ; Out[26]     ; 7.604 ; 7.604 ; 7.604 ; 7.604 ;
; B[18]      ; Out[27]     ; 8.131 ; 8.131 ; 8.131 ; 8.131 ;
; B[18]      ; Out[28]     ; 7.974 ; 7.974 ; 7.974 ; 7.974 ;
; B[18]      ; Out[29]     ; 8.157 ; 8.157 ; 8.157 ; 8.157 ;
; B[18]      ; Out[30]     ; 8.006 ; 8.006 ; 8.006 ; 8.006 ;
; B[18]      ; Out[31]     ; 8.382 ; 8.382 ; 8.382 ; 8.382 ;
; B[18]      ; Overflow    ; 7.841 ; 7.841 ; 7.841 ; 7.841 ;
; B[19]      ; Out[19]     ; 6.290 ; 6.290 ; 6.290 ; 6.290 ;
; B[19]      ; Out[20]     ; 7.194 ; 7.194 ; 7.194 ; 7.194 ;
; B[19]      ; Out[21]     ; 7.176 ; 7.176 ; 7.176 ; 7.176 ;
; B[19]      ; Out[22]     ; 7.144 ; 7.144 ; 7.144 ; 7.144 ;
; B[19]      ; Out[23]     ; 7.266 ; 7.266 ; 7.266 ; 7.266 ;
; B[19]      ; Out[24]     ; 7.095 ; 7.095 ; 7.095 ; 7.095 ;
; B[19]      ; Out[25]     ; 7.620 ; 7.620 ; 7.620 ; 7.620 ;
; B[19]      ; Out[26]     ; 7.341 ; 7.341 ; 7.341 ; 7.341 ;
; B[19]      ; Out[27]     ; 7.868 ; 7.868 ; 7.868 ; 7.868 ;
; B[19]      ; Out[28]     ; 7.711 ; 7.711 ; 7.711 ; 7.711 ;
; B[19]      ; Out[29]     ; 7.894 ; 7.894 ; 7.894 ; 7.894 ;
; B[19]      ; Out[30]     ; 7.743 ; 7.743 ; 7.743 ; 7.743 ;
; B[19]      ; Out[31]     ; 8.119 ; 8.119 ; 8.119 ; 8.119 ;
; B[19]      ; Overflow    ; 7.682 ; 7.682 ; 7.682 ; 7.682 ;
; B[20]      ; Out[20]     ; 6.580 ; 6.580 ; 6.580 ; 6.580 ;
; B[20]      ; Out[21]     ; 7.291 ; 7.291 ; 7.291 ; 7.291 ;
; B[20]      ; Out[22]     ; 7.259 ; 7.259 ; 7.259 ; 7.259 ;
; B[20]      ; Out[23]     ; 7.381 ; 7.381 ; 7.381 ; 7.381 ;
; B[20]      ; Out[24]     ; 7.210 ; 7.210 ; 7.210 ; 7.210 ;
; B[20]      ; Out[25]     ; 7.734 ; 7.734 ; 7.734 ; 7.734 ;
; B[20]      ; Out[26]     ; 7.456 ; 7.456 ; 7.456 ; 7.456 ;
; B[20]      ; Out[27]     ; 7.983 ; 7.983 ; 7.983 ; 7.983 ;
; B[20]      ; Out[28]     ; 7.826 ; 7.826 ; 7.826 ; 7.826 ;
; B[20]      ; Out[29]     ; 8.009 ; 8.009 ; 8.009 ; 8.009 ;
; B[20]      ; Out[30]     ; 7.858 ; 7.858 ; 7.858 ; 7.858 ;
; B[20]      ; Out[31]     ; 8.234 ; 8.234 ; 8.234 ; 8.234 ;
; B[20]      ; Overflow    ; 7.796 ; 7.796 ; 7.796 ; 7.796 ;
; B[21]      ; Out[21]     ; 6.490 ; 6.490 ; 6.490 ; 6.490 ;
; B[21]      ; Out[22]     ; 7.270 ; 7.270 ; 7.270 ; 7.270 ;
; B[21]      ; Out[23]     ; 7.392 ; 7.392 ; 7.392 ; 7.392 ;
; B[21]      ; Out[24]     ; 7.221 ; 7.221 ; 7.221 ; 7.221 ;
; B[21]      ; Out[25]     ; 7.550 ; 7.550 ; 7.550 ; 7.550 ;
; B[21]      ; Out[26]     ; 7.467 ; 7.467 ; 7.467 ; 7.467 ;
; B[21]      ; Out[27]     ; 7.994 ; 7.994 ; 7.994 ; 7.994 ;
; B[21]      ; Out[28]     ; 7.837 ; 7.837 ; 7.837 ; 7.837 ;
; B[21]      ; Out[29]     ; 8.020 ; 8.020 ; 8.020 ; 8.020 ;
; B[21]      ; Out[30]     ; 7.869 ; 7.869 ; 7.869 ; 7.869 ;
; B[21]      ; Out[31]     ; 8.168 ; 8.168 ; 8.168 ; 8.168 ;
; B[21]      ; Overflow    ; 7.612 ; 7.612 ; 7.612 ; 7.612 ;
; B[22]      ; Out[22]     ; 6.610 ; 6.610 ; 6.610 ; 6.610 ;
; B[22]      ; Out[23]     ; 7.202 ; 7.202 ; 7.202 ; 7.202 ;
; B[22]      ; Out[24]     ; 7.031 ; 7.031 ; 7.031 ; 7.031 ;
; B[22]      ; Out[25]     ; 7.541 ; 7.541 ; 7.541 ; 7.541 ;
; B[22]      ; Out[26]     ; 7.277 ; 7.277 ; 7.277 ; 7.277 ;
; B[22]      ; Out[27]     ; 7.804 ; 7.804 ; 7.804 ; 7.804 ;
; B[22]      ; Out[28]     ; 7.647 ; 7.647 ; 7.647 ; 7.647 ;
; B[22]      ; Out[29]     ; 7.830 ; 7.830 ; 7.830 ; 7.830 ;
; B[22]      ; Out[30]     ; 7.679 ; 7.679 ; 7.679 ; 7.679 ;
; B[22]      ; Out[31]     ; 8.055 ; 8.055 ; 8.055 ; 8.055 ;
; B[22]      ; Overflow    ; 7.603 ; 7.603 ; 7.603 ; 7.603 ;
; B[23]      ; Out[23]     ; 6.633 ; 6.633 ; 6.633 ; 6.633 ;
; B[23]      ; Out[24]     ; 6.943 ; 6.943 ; 6.943 ; 6.943 ;
; B[23]      ; Out[25]     ; 7.487 ; 7.487 ; 7.487 ; 7.487 ;
; B[23]      ; Out[26]     ; 7.189 ; 7.189 ; 7.189 ; 7.189 ;
; B[23]      ; Out[27]     ; 7.716 ; 7.716 ; 7.716 ; 7.716 ;
; B[23]      ; Out[28]     ; 7.559 ; 7.559 ; 7.559 ; 7.559 ;
; B[23]      ; Out[29]     ; 7.742 ; 7.742 ; 7.742 ; 7.742 ;
; B[23]      ; Out[30]     ; 7.591 ; 7.591 ; 7.591 ; 7.591 ;
; B[23]      ; Out[31]     ; 7.967 ; 7.967 ; 7.967 ; 7.967 ;
; B[23]      ; Overflow    ; 7.549 ; 7.549 ; 7.549 ; 7.549 ;
; B[24]      ; Out[24]     ; 6.429 ; 6.429 ; 6.429 ; 6.429 ;
; B[24]      ; Out[25]     ; 7.397 ; 7.397 ; 7.397 ; 7.397 ;
; B[24]      ; Out[26]     ; 7.130 ; 7.130 ; 7.130 ; 7.130 ;
; B[24]      ; Out[27]     ; 7.657 ; 7.657 ; 7.657 ; 7.657 ;
; B[24]      ; Out[28]     ; 7.500 ; 7.500 ; 7.500 ; 7.500 ;
; B[24]      ; Out[29]     ; 7.683 ; 7.683 ; 7.683 ; 7.683 ;
; B[24]      ; Out[30]     ; 7.532 ; 7.532 ; 7.532 ; 7.532 ;
; B[24]      ; Out[31]     ; 7.908 ; 7.908 ; 7.908 ; 7.908 ;
; B[24]      ; Overflow    ; 7.459 ; 7.459 ; 7.459 ; 7.459 ;
; B[25]      ; Out[25]     ; 7.086 ; 7.086 ; 7.086 ; 7.086 ;
; B[25]      ; Out[26]     ; 7.307 ; 7.307 ; 7.307 ; 7.307 ;
; B[25]      ; Out[27]     ; 7.834 ; 7.834 ; 7.834 ; 7.834 ;
; B[25]      ; Out[28]     ; 7.677 ; 7.677 ; 7.677 ; 7.677 ;
; B[25]      ; Out[29]     ; 7.860 ; 7.860 ; 7.860 ; 7.860 ;
; B[25]      ; Out[30]     ; 7.709 ; 7.709 ; 7.709 ; 7.709 ;
; B[25]      ; Out[31]     ; 8.082 ; 8.082 ; 8.082 ; 8.082 ;
; B[25]      ; Overflow    ; 7.526 ; 7.526 ; 7.526 ; 7.526 ;
; B[26]      ; Out[26]     ; 6.543 ; 6.543 ; 6.543 ; 6.543 ;
; B[26]      ; Out[27]     ; 7.559 ; 7.559 ; 7.559 ; 7.559 ;
; B[26]      ; Out[28]     ; 7.402 ; 7.402 ; 7.402 ; 7.402 ;
; B[26]      ; Out[29]     ; 7.585 ; 7.585 ; 7.585 ; 7.585 ;
; B[26]      ; Out[30]     ; 7.434 ; 7.434 ; 7.434 ; 7.434 ;
; B[26]      ; Out[31]     ; 7.810 ; 7.810 ; 7.810 ; 7.810 ;
; B[26]      ; Overflow    ; 7.363 ; 7.363 ; 7.363 ; 7.363 ;
; B[27]      ; Out[27]     ; 6.884 ; 6.884 ; 6.884 ; 6.884 ;
; B[27]      ; Out[28]     ; 7.533 ; 7.533 ; 7.533 ; 7.533 ;
; B[27]      ; Out[29]     ; 7.716 ; 7.716 ; 7.716 ; 7.716 ;
; B[27]      ; Out[30]     ; 7.565 ; 7.565 ; 7.565 ; 7.565 ;
; B[27]      ; Out[31]     ; 7.941 ; 7.941 ; 7.941 ; 7.941 ;
; B[27]      ; Overflow    ; 7.409 ; 7.409 ; 7.409 ; 7.409 ;
; B[28]      ; Out[28]     ; 6.502 ; 6.502 ; 6.502 ; 6.502 ;
; B[28]      ; Out[29]     ; 7.559 ; 7.559 ; 7.559 ; 7.559 ;
; B[28]      ; Out[30]     ; 7.408 ; 7.408 ; 7.408 ; 7.408 ;
; B[28]      ; Out[31]     ; 7.784 ; 7.784 ; 7.784 ; 7.784 ;
; B[28]      ; Overflow    ; 7.344 ; 7.344 ; 7.344 ; 7.344 ;
; B[29]      ; Out[29]     ; 6.759 ; 6.759 ; 6.759 ; 6.759 ;
; B[29]      ; Out[30]     ; 7.582 ; 7.582 ; 7.582 ; 7.582 ;
; B[29]      ; Out[31]     ; 7.891 ; 7.891 ; 7.891 ; 7.891 ;
; B[29]      ; Overflow    ; 7.335 ; 7.335 ; 7.335 ; 7.335 ;
; B[30]      ; Out[30]     ; 6.530 ; 6.530 ; 6.530 ; 6.530 ;
; B[30]      ; Out[31]     ; 7.863 ; 7.863 ; 7.863 ; 7.863 ;
; B[30]      ; Overflow    ; 7.521 ; 7.521 ; 7.521 ; 7.521 ;
; B[31]      ; Out[31]     ; 6.866 ; 6.866 ; 6.866 ; 6.866 ;
; B[31]      ; Overflow    ; 6.556 ; 6.556 ; 6.556 ; 6.556 ;
; M          ; Out[0]      ; 6.413 ; 6.413 ; 6.413 ; 6.413 ;
; M          ; Out[1]      ; 6.492 ; 6.492 ; 6.492 ; 6.492 ;
; M          ; Out[2]      ; 6.232 ; 6.232 ; 6.232 ; 6.232 ;
; M          ; Out[3]      ; 6.367 ; 6.367 ; 6.367 ; 6.367 ;
; M          ; Out[4]      ; 6.270 ; 6.270 ; 6.270 ; 6.270 ;
; M          ; Out[5]      ; 6.618 ; 6.618 ; 6.618 ; 6.618 ;
; M          ; Out[6]      ; 6.260 ; 6.260 ; 6.260 ; 6.260 ;
; M          ; Out[7]      ; 6.589 ; 6.589 ; 6.589 ; 6.589 ;
; M          ; Out[8]      ; 6.242 ; 6.242 ; 6.242 ; 6.242 ;
; M          ; Out[9]      ; 6.471 ; 6.471 ; 6.471 ; 6.471 ;
; M          ; Out[10]     ; 6.453 ; 6.453 ; 6.453 ; 6.453 ;
; M          ; Out[11]     ; 6.610 ; 6.610 ; 6.610 ; 6.610 ;
; M          ; Out[12]     ; 6.486 ; 6.486 ; 6.486 ; 6.486 ;
; M          ; Out[13]     ; 6.096 ; 6.096 ; 6.096 ; 6.096 ;
; M          ; Out[14]     ; 6.458 ; 6.458 ; 6.458 ; 6.458 ;
; M          ; Out[15]     ; 6.305 ; 6.305 ; 6.305 ; 6.305 ;
; M          ; Out[16]     ; 5.814 ; 5.814 ; 5.814 ; 5.814 ;
; M          ; Out[17]     ; 6.106 ; 6.106 ; 6.106 ; 6.106 ;
; M          ; Out[18]     ; 5.930 ; 5.930 ; 5.930 ; 5.930 ;
; M          ; Out[19]     ; 5.968 ; 5.968 ; 5.968 ; 5.968 ;
; M          ; Out[20]     ; 6.219 ; 6.219 ; 6.219 ; 6.219 ;
; M          ; Out[21]     ; 6.218 ; 6.218 ; 6.218 ; 6.218 ;
; M          ; Out[22]     ; 6.484 ; 6.484 ; 6.484 ; 6.484 ;
; M          ; Out[23]     ; 6.574 ; 6.574 ; 6.574 ; 6.574 ;
; M          ; Out[24]     ; 6.277 ; 6.277 ; 6.277 ; 6.277 ;
; M          ; Out[25]     ; 6.447 ; 6.447 ; 6.447 ; 6.447 ;
; M          ; Out[26]     ; 6.643 ; 6.643 ; 6.643 ; 6.643 ;
; M          ; Out[27]     ; 6.495 ; 6.495 ; 6.495 ; 6.495 ;
; M          ; Out[28]     ; 6.079 ; 6.079 ; 6.079 ; 6.079 ;
; M          ; Out[29]     ; 6.458 ; 6.458 ; 6.458 ; 6.458 ;
; M          ; Out[30]     ; 6.450 ; 6.450 ; 6.450 ; 6.450 ;
; M          ; Out[31]     ; 6.722 ; 6.722 ; 6.722 ; 6.722 ;
; M          ; Overflow    ; 6.403 ;       ;       ; 6.403 ;
; S0         ; Out[0]      ; 6.600 ; 6.600 ; 6.600 ; 6.600 ;
; S0         ; Out[1]      ; 6.686 ; 6.686 ; 6.686 ; 6.686 ;
; S0         ; Out[2]      ; 6.702 ; 6.702 ; 6.702 ; 6.702 ;
; S0         ; Out[3]      ; 6.856 ; 6.856 ; 6.856 ; 6.856 ;
; S0         ; Out[4]      ; 6.824 ; 6.824 ; 6.824 ; 6.824 ;
; S0         ; Out[5]      ; 6.896 ; 6.896 ; 6.896 ; 6.896 ;
; S0         ; Out[6]      ; 6.601 ; 6.601 ; 6.601 ; 6.601 ;
; S0         ; Out[7]      ; 6.773 ; 6.773 ; 6.773 ; 6.773 ;
; S0         ; Out[8]      ; 6.582 ; 6.582 ; 6.582 ; 6.582 ;
; S0         ; Out[9]      ; 6.845 ; 6.845 ; 6.845 ; 6.845 ;
; S0         ; Out[10]     ; 6.316 ; 6.316 ; 6.316 ; 6.316 ;
; S0         ; Out[11]     ; 6.469 ; 6.469 ; 6.469 ; 6.469 ;
; S0         ; Out[12]     ; 6.323 ; 6.323 ; 6.323 ; 6.323 ;
; S0         ; Out[13]     ; 6.493 ; 6.493 ; 6.493 ; 6.493 ;
; S0         ; Out[14]     ; 6.848 ; 6.848 ; 6.848 ; 6.848 ;
; S0         ; Out[15]     ; 6.704 ; 6.704 ; 6.704 ; 6.704 ;
; S0         ; Out[16]     ; 6.212 ; 6.212 ; 6.212 ; 6.212 ;
; S0         ; Out[17]     ; 6.511 ; 6.511 ; 6.511 ; 6.511 ;
; S0         ; Out[18]     ; 6.252 ; 6.252 ; 6.252 ; 6.252 ;
; S0         ; Out[19]     ; 6.138 ; 6.138 ; 6.138 ; 6.138 ;
; S0         ; Out[20]     ; 6.518 ; 6.518 ; 6.518 ; 6.518 ;
; S0         ; Out[21]     ; 6.637 ; 6.637 ; 6.637 ; 6.637 ;
; S0         ; Out[22]     ; 6.600 ; 6.600 ; 6.600 ; 6.600 ;
; S0         ; Out[23]     ; 6.692 ; 6.692 ; 6.692 ; 6.692 ;
; S0         ; Out[24]     ; 6.459 ; 6.459 ; 6.459 ; 6.459 ;
; S0         ; Out[25]     ; 6.756 ; 6.756 ; 6.756 ; 6.756 ;
; S0         ; Out[26]     ; 6.595 ; 6.595 ; 6.595 ; 6.595 ;
; S0         ; Out[27]     ; 6.707 ; 6.707 ; 6.707 ; 6.707 ;
; S0         ; Out[28]     ; 6.410 ; 6.410 ; 6.410 ; 6.410 ;
; S0         ; Out[29]     ; 6.771 ; 6.771 ; 6.771 ; 6.771 ;
; S0         ; Out[30]     ; 6.283 ; 6.283 ; 6.283 ; 6.283 ;
; S0         ; Out[31]     ; 6.844 ; 6.844 ; 6.844 ; 6.844 ;
; S0         ; Overflow    ; 6.729 ; 6.729 ; 6.729 ; 6.729 ;
; S1         ; Out[0]      ; 6.690 ; 6.690 ; 6.690 ; 6.690 ;
; S1         ; Out[1]      ; 6.740 ; 6.740 ; 6.740 ; 6.740 ;
; S1         ; Out[2]      ; 6.530 ; 6.530 ; 6.530 ; 6.530 ;
; S1         ; Out[3]      ; 6.657 ; 6.657 ; 6.657 ; 6.657 ;
; S1         ; Out[4]      ; 6.572 ; 6.572 ; 6.572 ; 6.572 ;
; S1         ; Out[5]      ; 6.952 ; 6.952 ; 6.952 ; 6.952 ;
; S1         ; Out[6]      ; 6.782 ; 6.782 ; 6.782 ; 6.782 ;
; S1         ; Out[7]      ; 6.844 ; 6.844 ; 6.844 ; 6.844 ;
; S1         ; Out[8]      ; 6.640 ; 6.640 ; 6.640 ; 6.640 ;
; S1         ; Out[9]      ; 6.708 ; 6.708 ; 6.708 ; 6.708 ;
; S1         ; Out[10]     ; 6.721 ; 6.721 ; 6.721 ; 6.721 ;
; S1         ; Out[11]     ; 6.669 ; 6.669 ; 6.669 ; 6.669 ;
; S1         ; Out[12]     ; 6.617 ; 6.617 ; 6.617 ; 6.617 ;
; S1         ; Out[13]     ; 6.429 ; 6.429 ; 6.429 ; 6.429 ;
; S1         ; Out[14]     ; 6.722 ; 6.722 ; 6.722 ; 6.722 ;
; S1         ; Out[15]     ; 6.650 ; 6.650 ; 6.650 ; 6.650 ;
; S1         ; Out[16]     ; 6.398 ; 6.398 ; 6.398 ; 6.398 ;
; S1         ; Out[17]     ; 6.766 ; 6.766 ; 6.766 ; 6.766 ;
; S1         ; Out[18]     ; 6.513 ; 6.513 ; 6.513 ; 6.513 ;
; S1         ; Out[19]     ; 6.350 ; 6.350 ; 6.350 ; 6.350 ;
; S1         ; Out[20]     ; 6.720 ; 6.720 ; 6.720 ; 6.720 ;
; S1         ; Out[21]     ; 6.730 ; 6.730 ; 6.730 ; 6.730 ;
; S1         ; Out[22]     ; 6.784 ; 6.784 ; 6.784 ; 6.784 ;
; S1         ; Out[23]     ; 6.862 ; 6.862 ; 6.862 ; 6.862 ;
; S1         ; Out[24]     ; 6.640 ; 6.640 ; 6.640 ; 6.640 ;
; S1         ; Out[25]     ; 6.611 ; 6.611 ; 6.611 ; 6.611 ;
; S1         ; Out[26]     ; 6.751 ; 6.751 ; 6.751 ; 6.751 ;
; S1         ; Out[27]     ; 6.731 ; 6.731 ; 6.731 ; 6.731 ;
; S1         ; Out[28]     ; 6.673 ; 6.673 ; 6.673 ; 6.673 ;
; S1         ; Out[29]     ; 6.840 ; 6.840 ; 6.840 ; 6.840 ;
; S1         ; Out[30]     ; 6.693 ; 6.693 ; 6.693 ; 6.693 ;
; S1         ; Out[31]     ; 6.784 ; 6.784 ; 6.784 ; 6.784 ;
; S1         ; Overflow    ; 6.340 ; 6.340 ; 6.340 ; 6.340 ;
+------------+-------------+-------+-------+-------+-------+


-------------------
; Clock Transfers ;
-------------------
Nothing to report.


---------------
; Report TCCS ;
---------------
No dedicated SERDES Transmitter circuitry present in device or used in design


---------------
; Report RSKM ;
---------------
No dedicated SERDES Receiver circuitry present in device or used in design


+------------------------------------------------+
; Unconstrained Paths                            ;
+---------------------------------+-------+------+
; Property                        ; Setup ; Hold ;
+---------------------------------+-------+------+
; Illegal Clocks                  ; 0     ; 0    ;
; Unconstrained Clocks            ; 0     ; 0    ;
; Unconstrained Input Ports       ; 67    ; 67   ;
; Unconstrained Input Port Paths  ; 1219  ; 1219 ;
; Unconstrained Output Ports      ; 33    ; 33   ;
; Unconstrained Output Port Paths ; 1219  ; 1219 ;
+---------------------------------+-------+------+


+------------------------------------+
; TimeQuest Timing Analyzer Messages ;
+------------------------------------+
Info: *******************************************************************
Info: Running Quartus II 64-Bit TimeQuest Timing Analyzer
    Info: Version 13.0.1 Build 232 06/12/2013 Service Pack 1 SJ Web Edition
    Info: Processing started: Tue May 19 14:03:59 2026
Info: Command: quartus_sta Lab4 -c Lab4
Info: qsta_default_script.tcl version: #1
Warning (20028): Parallel compilation is not licensed and has been disabled
Info (21077): Low junction temperature is 0 degrees C
Info (21077): High junction temperature is 85 degrees C
Critical Warning (332012): Synopsys Design Constraints File file not found: 'Lab4.sdc'. A Synopsys Design Constraints File is required by the TimeQuest Timing Analyzer to get proper timing constraints. Without it, the Compiler will not properly optimize the design.
Info (332142): No user constrained base clocks found in the design. Calling "derive_clocks -period 1.0"
Info (332096): The command derive_clocks did not find any clocks to derive.  No clocks were created or changed.
Warning (332068): No clocks defined in design.
Info: Found TIMEQUEST_REPORT_SCRIPT_INCLUDE_DEFAULT_ANALYSIS = ON
Info (332159): No clocks to report
Info: Analyzing Slow Model
Info (332140): No fmax paths to report
Info (332140): No Setup paths to report
Info (332140): No Hold paths to report
Info (332140): No Recovery paths to report
Info (332140): No Removal paths to report
Info (332140): No Minimum Pulse Width paths to report
Info (332001): The selected device family is not supported by the report_metastability command.
Info: Analyzing Fast Model
Info (332142): No user constrained base clocks found in the design. Calling "derive_clocks -period 1.0"
Info (332096): The command derive_clocks did not find any clocks to derive.  No clocks were created or changed.
Warning (332068): No clocks defined in design.
Info (332140): No Setup paths to report
Info (332140): No Hold paths to report
Info (332140): No Recovery paths to report
Info (332140): No Removal paths to report
Info (332140): No Minimum Pulse Width paths to report
Info (332001): The selected device family is not supported by the report_metastability command.
Info (332102): Design is not fully constrained for setup requirements
Info (332102): Design is not fully constrained for hold requirements
Info: Quartus II 64-Bit TimeQuest Timing Analyzer was successful. 0 errors, 4 warnings
    Info: Peak virtual memory: 4561 megabytes
    Info: Processing ended: Tue May 19 14:04:00 2026
    Info: Elapsed time: 00:00:01
    Info: Total CPU time (on all processors): 00:00:01


