TimeQuest Timing Analyzer report for Lab2
Thu Mar 26 22:36:42 2026
Quartus II 64-Bit Version 13.0.1 Build 232 06/12/2013 Service Pack 1 SJ Web Edition


---------------------
; Table of Contents ;
---------------------
  1. Legal Notice
  2. TimeQuest Timing Analyzer Summary
  3. Parallel Compilation
  4. Clocks
  5. Slow Model Fmax Summary
  6. Slow Model Setup Summary
  7. Slow Model Hold Summary
  8. Slow Model Recovery Summary
  9. Slow Model Removal Summary
 10. Slow Model Minimum Pulse Width Summary
 11. Slow Model Setup: 'KEY[0]'
 12. Slow Model Setup: 'CLK'
 13. Slow Model Hold: 'CLK'
 14. Slow Model Hold: 'KEY[0]'
 15. Slow Model Recovery: 'CLK'
 16. Slow Model Removal: 'CLK'
 17. Slow Model Minimum Pulse Width: 'CLK'
 18. Slow Model Minimum Pulse Width: 'KEY[0]'
 19. Setup Times
 20. Hold Times
 21. Clock to Output Times
 22. Minimum Clock to Output Times
 23. Propagation Delay
 24. Minimum Propagation Delay
 25. Fast Model Setup Summary
 26. Fast Model Hold Summary
 27. Fast Model Recovery Summary
 28. Fast Model Removal Summary
 29. Fast Model Minimum Pulse Width Summary
 30. Fast Model Setup: 'KEY[0]'
 31. Fast Model Setup: 'CLK'
 32. Fast Model Hold: 'CLK'
 33. Fast Model Hold: 'KEY[0]'
 34. Fast Model Recovery: 'CLK'
 35. Fast Model Removal: 'CLK'
 36. Fast Model Minimum Pulse Width: 'CLK'
 37. Fast Model Minimum Pulse Width: 'KEY[0]'
 38. Setup Times
 39. Hold Times
 40. Clock to Output Times
 41. Minimum Clock to Output Times
 42. Propagation Delay
 43. Minimum Propagation Delay
 44. Multicorner Timing Analysis Summary
 45. Setup Times
 46. Hold Times
 47. Clock to Output Times
 48. Minimum Clock to Output Times
 49. Progagation Delay
 50. Minimum Progagation Delay
 51. Setup Transfers
 52. Hold Transfers
 53. Recovery Transfers
 54. Removal Transfers
 55. Report TCCS
 56. Report RSKM
 57. Unconstrained Paths
 58. TimeQuest Timing Analyzer Messages



----------------
; Legal Notice ;
----------------
Copyright (C) 1991-2013 Altera Corporation
Your use of Altera Corporation's design tools, logic functions 
and other software and tools, and its AMPP partner logic 
functions, and any output files from any of the foregoing 
(including device programming or simulation files), and any 
associated documentation or information are expressly subject 
to the terms and conditions of the Altera Program License 
Subscription Agreement, Altera MegaCore Function License 
Agreement, or other applicable license agreement, including, 
without limitation, that your use is for the sole purpose of 
programming logic devices manufactured by Altera and sold by 
Altera or its authorized distributors.  Please refer to the 
applicable agreement for further details.



+----------------------------------------------------------------------------------------+
; TimeQuest Timing Analyzer Summary                                                      ;
+--------------------+-------------------------------------------------------------------+
; Quartus II Version ; Version 13.0.1 Build 232 06/12/2013 Service Pack 1 SJ Web Edition ;
; Revision Name      ; Lab2                                                              ;
; Device Family      ; Cyclone II                                                        ;
; Device Name        ; EP2C35F672C6                                                      ;
; Timing Models      ; Final                                                             ;
; Delay Model        ; Combined                                                          ;
; Rise/Fall Delays   ; Unavailable                                                       ;
+--------------------+-------------------------------------------------------------------+


Parallel compilation was disabled, but you have multiple processors available. Enable parallel compilation to reduce compilation time.
+-------------------------------------+
; Parallel Compilation                ;
+----------------------------+--------+
; Processors                 ; Number ;
+----------------------------+--------+
; Number detected on machine ; 8      ;
; Maximum allowed            ; 1      ;
+----------------------------+--------+


+------------------------------------------------------------------------------------------------------------------------------------------------------------------------------------+
; Clocks                                                                                                                                                                             ;
+------------+------+--------+------------+-------+-------+------------+-----------+-------------+-------+--------+-----------+------------+----------+--------+--------+------------+
; Clock Name ; Type ; Period ; Frequency  ; Rise  ; Fall  ; Duty Cycle ; Divide by ; Multiply by ; Phase ; Offset ; Edge List ; Edge Shift ; Inverted ; Master ; Source ; Targets    ;
+------------+------+--------+------------+-------+-------+------------+-----------+-------------+-------+--------+-----------+------------+----------+--------+--------+------------+
; CLK        ; Base ; 1.000  ; 1000.0 MHz ; 0.000 ; 0.500 ;            ;           ;             ;       ;        ;           ;            ;          ;        ;        ; { CLK }    ;
; KEY[0]     ; Base ; 1.000  ; 1000.0 MHz ; 0.000 ; 0.500 ;            ;           ;             ;       ;        ;           ;            ;          ;        ;        ; { KEY[0] } ;
+------------+------+--------+------------+-------+-------+------------+-----------+-------------+-------+--------+-----------+------------+----------+--------+--------+------------+


+--------------------------------------------------+
; Slow Model Fmax Summary                          ;
+------------+-----------------+------------+------+
; Fmax       ; Restricted Fmax ; Clock Name ; Note ;
+------------+-----------------+------------+------+
; 117.37 MHz ; 117.37 MHz      ; KEY[0]     ;      ;
; 229.2 MHz  ; 229.2 MHz       ; CLK        ;      ;
+------------+-----------------+------------+------+
This panel reports FMAX for every clock in the design, regardless of the user-specified clock periods.  FMAX is only computed for paths where the source and destination registers or ports are driven by the same clock.  Paths of different clocks, including generated clocks, are ignored.  For paths between a clock and its inversion, FMAX is computed as if the rising and falling edges are scaled along with FMAX, such that the duty cycle (in terms of a percentage) is maintained. Altera recommends that you always use clock constraints and other slack reports for sign-off analysis.


+---------------------------------+
; Slow Model Setup Summary        ;
+--------+--------+---------------+
; Clock  ; Slack  ; End Point TNS ;
+--------+--------+---------------+
; KEY[0] ; -4.507 ; -47.042       ;
; CLK    ; -3.363 ; -96.530       ;
+--------+--------+---------------+


+---------------------------------+
; Slow Model Hold Summary         ;
+--------+--------+---------------+
; Clock  ; Slack  ; End Point TNS ;
+--------+--------+---------------+
; CLK    ; -0.138 ; -0.145        ;
; KEY[0] ; 0.680  ; 0.000         ;
+--------+--------+---------------+


+-------------------------------+
; Slow Model Recovery Summary   ;
+-------+-------+---------------+
; Clock ; Slack ; End Point TNS ;
+-------+-------+---------------+
; CLK   ; 0.012 ; 0.000         ;
+-------+-------+---------------+


+-------------------------------+
; Slow Model Removal Summary    ;
+-------+-------+---------------+
; Clock ; Slack ; End Point TNS ;
+-------+-------+---------------+
; CLK   ; 0.188 ; 0.000         ;
+-------+-------+---------------+


+----------------------------------------+
; Slow Model Minimum Pulse Width Summary ;
+--------+--------+----------------------+
; Clock  ; Slack  ; End Point TNS        ;
+--------+--------+----------------------+
; CLK    ; -1.380 ; -44.380              ;
; KEY[0] ; -1.222 ; -1.222               ;
+--------+--------+----------------------+


+---------------------------------------------------------------------------------------------------------------+
; Slow Model Setup: 'KEY[0]'                                                                                    ;
+--------+-------------------+------------+--------------+-------------+--------------+------------+------------+
; Slack  ; From Node         ; To Node    ; Launch Clock ; Latch Clock ; Relationship ; Clock Skew ; Data Delay ;
+--------+-------------------+------------+--------------+-------------+--------------+------------+------------+
; -4.507 ; hour[2]~_emulated ; hour[2]~9  ; CLK          ; KEY[0]      ; 1.000        ; -0.350     ; 4.016      ;
; -3.975 ; hour[4]~_emulated ; hour[4]~17 ; CLK          ; KEY[0]      ; 1.000        ; -0.256     ; 3.764      ;
; -3.760 ; KEY[0]            ; hour[2]~9  ; KEY[0]       ; KEY[0]      ; 0.500        ; 2.300      ; 5.419      ;
; -3.731 ; hour[2]~9         ; hour[2]~9  ; KEY[0]       ; KEY[0]      ; 1.000        ; 0.000      ; 3.590      ;
; -3.519 ; KEY[0]            ; hour[4]~17 ; KEY[0]       ; KEY[0]      ; 0.500        ; 2.417      ; 5.481      ;
; -3.294 ; hour[4]~17        ; hour[4]~17 ; KEY[0]       ; KEY[0]      ; 1.000        ; 0.000      ; 3.339      ;
; -3.260 ; KEY[0]            ; hour[2]~9  ; KEY[0]       ; KEY[0]      ; 1.000        ; 2.300      ; 5.419      ;
; -3.240 ; min[4]~_emulated  ; min[4]~21  ; CLK          ; KEY[0]      ; 1.000        ; -0.345     ; 2.941      ;
; -3.125 ; hour[3]~_emulated ; hour[3]~13 ; CLK          ; KEY[0]      ; 1.000        ; -0.237     ; 2.927      ;
; -3.019 ; KEY[0]            ; hour[4]~17 ; KEY[0]       ; KEY[0]      ; 1.000        ; 2.417      ; 5.481      ;
; -2.845 ; hour[1]~_emulated ; hour[1]~5  ; CLK          ; KEY[0]      ; 1.000        ; -0.350     ; 2.344      ;
; -2.813 ; sec[3]~_emulated  ; sec[3]~13  ; CLK          ; KEY[0]      ; 1.000        ; -0.233     ; 2.592      ;
; -2.811 ; sec[4]~_emulated  ; sec[4]~21  ; CLK          ; KEY[0]      ; 1.000        ; -0.234     ; 2.625      ;
; -2.787 ; sec[1]~_emulated  ; sec[1]~5   ; CLK          ; KEY[0]      ; 1.000        ; -0.469     ; 2.358      ;
; -2.710 ; hour[0]~_emulated ; hour[0]~1  ; CLK          ; KEY[0]      ; 1.000        ; -0.256     ; 2.464      ;
; -2.620 ; sec[0]~_emulated  ; sec[0]~1   ; CLK          ; KEY[0]      ; 1.000        ; -0.468     ; 2.192      ;
; -2.605 ; hour[3]~13        ; hour[3]~13 ; KEY[0]       ; KEY[0]      ; 1.000        ; 0.000      ; 2.644      ;
; -2.526 ; min[4]~21         ; min[4]~21  ; KEY[0]       ; KEY[0]      ; 1.000        ; 0.000      ; 2.572      ;
; -2.487 ; KEY[0]            ; min[4]~21  ; KEY[0]       ; KEY[0]      ; 0.500        ; 2.305      ; 4.338      ;
; -2.431 ; min[5]~_emulated  ; min[5]~17  ; CLK          ; KEY[0]      ; 1.000        ; -0.373     ; 1.931      ;
; -2.416 ; sec[4]~21         ; sec[4]~21  ; KEY[0]       ; KEY[0]      ; 1.000        ; 0.000      ; 2.464      ;
; -2.337 ; sec[2]~_emulated  ; sec[2]~9   ; CLK          ; KEY[0]      ; 1.000        ; -0.465     ; 1.916      ;
; -2.323 ; min[2]~_emulated  ; min[2]~9   ; CLK          ; KEY[0]      ; 1.000        ; -0.349     ; 2.020      ;
; -2.315 ; min[0]~_emulated  ; min[0]~1   ; CLK          ; KEY[0]      ; 1.000        ; -0.373     ; 1.979      ;
; -2.245 ; KEY[0]            ; hour[3]~13 ; KEY[0]       ; KEY[0]      ; 0.500        ; 2.436      ; 4.220      ;
; -2.173 ; min[1]~_emulated  ; min[1]~5   ; CLK          ; KEY[0]      ; 1.000        ; -0.373     ; 1.837      ;
; -2.162 ; sec[1]~5          ; sec[1]~5   ; KEY[0]       ; KEY[0]      ; 1.000        ; 0.000      ; 2.202      ;
; -2.151 ; min[3]~_emulated  ; min[3]~13  ; CLK          ; KEY[0]      ; 1.000        ; -0.374     ; 1.799      ;
; -2.143 ; sec[3]~13         ; sec[3]~13  ; KEY[0]       ; KEY[0]      ; 1.000        ; 0.000      ; 2.155      ;
; -2.098 ; KEY[0]            ; hour[1]~5  ; KEY[0]       ; KEY[0]      ; 0.500        ; 2.300      ; 3.747      ;
; -2.073 ; KEY[0]            ; sec[4]~21  ; KEY[0]       ; KEY[0]      ; 0.500        ; 2.439      ; 4.060      ;
; -2.070 ; hour[1]~5         ; hour[1]~5  ; KEY[0]       ; KEY[0]      ; 1.000        ; 0.000      ; 1.919      ;
; -2.001 ; sec[0]~1          ; sec[0]~1   ; KEY[0]       ; KEY[0]      ; 1.000        ; 0.000      ; 2.041      ;
; -1.987 ; KEY[0]            ; min[4]~21  ; KEY[0]       ; KEY[0]      ; 1.000        ; 2.305      ; 4.338      ;
; -1.978 ; hour[0]~1         ; hour[0]~1  ; KEY[0]       ; KEY[0]      ; 1.000        ; 0.000      ; 1.988      ;
; -1.938 ; KEY[0]            ; sec[3]~13  ; KEY[0]       ; KEY[0]      ; 0.500        ; 2.440      ; 3.890      ;
; -1.879 ; sec[5]~_emulated  ; sec[5]~17  ; CLK          ; KEY[0]      ; 1.000        ; -0.264     ; 1.656      ;
; -1.850 ; KEY[0]            ; sec[1]~5   ; KEY[0]       ; KEY[0]      ; 0.500        ; 2.205      ; 3.595      ;
; -1.797 ; KEY[0]            ; hour[0]~1  ; KEY[0]       ; KEY[0]      ; 0.500        ; 2.417      ; 3.724      ;
; -1.788 ; min[0]~1          ; min[0]~1   ; KEY[0]       ; KEY[0]      ; 1.000        ; 0.000      ; 1.825      ;
; -1.745 ; KEY[0]            ; hour[3]~13 ; KEY[0]       ; KEY[0]      ; 1.000        ; 2.436      ; 4.220      ;
; -1.715 ; sec[2]~9          ; sec[2]~9   ; KEY[0]       ; KEY[0]      ; 1.000        ; 0.000      ; 1.759      ;
; -1.710 ; KEY[0]            ; min[5]~17  ; KEY[0]       ; KEY[0]      ; 0.500        ; 2.277      ; 3.360      ;
; -1.689 ; KEY[0]            ; sec[0]~1   ; KEY[0]       ; KEY[0]      ; 0.500        ; 2.206      ; 3.435      ;
; -1.685 ; KEY[0]            ; min[0]~1   ; KEY[0]       ; KEY[0]      ; 0.500        ; 2.277      ; 3.499      ;
; -1.647 ; min[1]~5          ; min[1]~5   ; KEY[0]       ; KEY[0]      ; 1.000        ; 0.000      ; 1.684      ;
; -1.638 ; min[5]~17         ; min[5]~17  ; KEY[0]       ; KEY[0]      ; 1.000        ; 0.000      ; 1.511      ;
; -1.620 ; min[2]~9          ; min[2]~9   ; KEY[0]       ; KEY[0]      ; 1.000        ; 0.000      ; 1.666      ;
; -1.617 ; min[3]~13         ; min[3]~13  ; KEY[0]       ; KEY[0]      ; 1.000        ; 0.000      ; 1.639      ;
; -1.598 ; KEY[0]            ; hour[1]~5  ; KEY[0]       ; KEY[0]      ; 1.000        ; 2.300      ; 3.747      ;
; -1.582 ; KEY[0]            ; min[2]~9   ; KEY[0]       ; KEY[0]      ; 0.500        ; 2.301      ; 3.429      ;
; -1.573 ; KEY[0]            ; sec[4]~21  ; KEY[0]       ; KEY[0]      ; 1.000        ; 2.439      ; 4.060      ;
; -1.558 ; KEY[0]            ; min[3]~13  ; KEY[0]       ; KEY[0]      ; 0.500        ; 2.276      ; 3.356      ;
; -1.459 ; sec[5]~17         ; sec[5]~17  ; KEY[0]       ; KEY[0]      ; 1.000        ; 0.000      ; 1.500      ;
; -1.438 ; KEY[0]            ; sec[3]~13  ; KEY[0]       ; KEY[0]      ; 1.000        ; 2.440      ; 3.890      ;
; -1.405 ; KEY[0]            ; sec[2]~9   ; KEY[0]       ; KEY[0]      ; 0.500        ; 2.209      ; 3.158      ;
; -1.362 ; KEY[0]            ; min[1]~5   ; KEY[0]       ; KEY[0]      ; 0.500        ; 2.277      ; 3.176      ;
; -1.350 ; KEY[0]            ; sec[1]~5   ; KEY[0]       ; KEY[0]      ; 1.000        ; 2.205      ; 3.595      ;
; -1.297 ; KEY[0]            ; hour[0]~1  ; KEY[0]       ; KEY[0]      ; 1.000        ; 2.417      ; 3.724      ;
; -1.210 ; KEY[0]            ; min[5]~17  ; KEY[0]       ; KEY[0]      ; 1.000        ; 2.277      ; 3.360      ;
; -1.189 ; KEY[0]            ; sec[0]~1   ; KEY[0]       ; KEY[0]      ; 1.000        ; 2.206      ; 3.435      ;
; -1.185 ; KEY[0]            ; min[0]~1   ; KEY[0]       ; KEY[0]      ; 1.000        ; 2.277      ; 3.499      ;
; -1.139 ; KEY[0]            ; sec[5]~17  ; KEY[0]       ; KEY[0]      ; 0.500        ; 2.409      ; 3.089      ;
; -1.082 ; KEY[0]            ; min[2]~9   ; KEY[0]       ; KEY[0]      ; 1.000        ; 2.301      ; 3.429      ;
; -1.058 ; KEY[0]            ; min[3]~13  ; KEY[0]       ; KEY[0]      ; 1.000        ; 2.276      ; 3.356      ;
; -0.905 ; KEY[0]            ; sec[2]~9   ; KEY[0]       ; KEY[0]      ; 1.000        ; 2.209      ; 3.158      ;
; -0.862 ; KEY[0]            ; min[1]~5   ; KEY[0]       ; KEY[0]      ; 1.000        ; 2.277      ; 3.176      ;
; -0.639 ; KEY[0]            ; sec[5]~17  ; KEY[0]       ; KEY[0]      ; 1.000        ; 2.409      ; 3.089      ;
+--------+-------------------+------------+--------------+-------------+--------------+------------+------------+


+----------------------------------------------------------------------------------------------------------------------------------+
; Slow Model Setup: 'CLK'                                                                                                          ;
+--------+-------------------------+-------------------------+--------------+-------------+--------------+------------+------------+
; Slack  ; From Node               ; To Node                 ; Launch Clock ; Latch Clock ; Relationship ; Clock Skew ; Data Delay ;
+--------+-------------------------+-------------------------+--------------+-------------+--------------+------------+------------+
; -3.363 ; sec[0]~_emulated        ; hour[0]~_emulated       ; CLK          ; CLK         ; 1.000        ; -0.001     ; 4.398      ;
; -3.363 ; sec[0]~_emulated        ; hour[4]~_emulated       ; CLK          ; CLK         ; 1.000        ; -0.001     ; 4.398      ;
; -3.363 ; sec[0]~_emulated        ; hour[3]~_emulated       ; CLK          ; CLK         ; 1.000        ; -0.001     ; 4.398      ;
; -3.288 ; sec[2]~_emulated        ; hour[0]~_emulated       ; CLK          ; CLK         ; 1.000        ; -0.001     ; 4.323      ;
; -3.288 ; sec[2]~_emulated        ; hour[4]~_emulated       ; CLK          ; CLK         ; 1.000        ; -0.001     ; 4.323      ;
; -3.288 ; sec[2]~_emulated        ; hour[3]~_emulated       ; CLK          ; CLK         ; 1.000        ; -0.001     ; 4.323      ;
; -3.264 ; sec[3]~_emulated        ; hour[0]~_emulated       ; CLK          ; CLK         ; 1.000        ; 0.000      ; 4.300      ;
; -3.264 ; sec[3]~_emulated        ; hour[4]~_emulated       ; CLK          ; CLK         ; 1.000        ; 0.000      ; 4.300      ;
; -3.264 ; sec[3]~_emulated        ; hour[3]~_emulated       ; CLK          ; CLK         ; 1.000        ; 0.000      ; 4.300      ;
; -3.258 ; delay_1s:d1|counter[16] ; hour[0]~_emulated       ; CLK          ; CLK         ; 1.000        ; 0.014      ; 4.308      ;
; -3.258 ; delay_1s:d1|counter[16] ; hour[4]~_emulated       ; CLK          ; CLK         ; 1.000        ; 0.014      ; 4.308      ;
; -3.258 ; delay_1s:d1|counter[16] ; hour[3]~_emulated       ; CLK          ; CLK         ; 1.000        ; 0.014      ; 4.308      ;
; -3.246 ; delay_1s:d1|counter[23] ; hour[0]~_emulated       ; CLK          ; CLK         ; 1.000        ; 0.014      ; 4.296      ;
; -3.246 ; delay_1s:d1|counter[23] ; hour[4]~_emulated       ; CLK          ; CLK         ; 1.000        ; 0.014      ; 4.296      ;
; -3.246 ; delay_1s:d1|counter[23] ; hour[3]~_emulated       ; CLK          ; CLK         ; 1.000        ; 0.014      ; 4.296      ;
; -3.223 ; sec[1]~_emulated        ; hour[0]~_emulated       ; CLK          ; CLK         ; 1.000        ; -0.001     ; 4.258      ;
; -3.223 ; sec[1]~_emulated        ; hour[4]~_emulated       ; CLK          ; CLK         ; 1.000        ; -0.001     ; 4.258      ;
; -3.223 ; sec[1]~_emulated        ; hour[3]~_emulated       ; CLK          ; CLK         ; 1.000        ; -0.001     ; 4.258      ;
; -3.222 ; delay_1s:d1|counter[14] ; hour[0]~_emulated       ; CLK          ; CLK         ; 1.000        ; 0.014      ; 4.272      ;
; -3.222 ; delay_1s:d1|counter[14] ; hour[4]~_emulated       ; CLK          ; CLK         ; 1.000        ; 0.014      ; 4.272      ;
; -3.222 ; delay_1s:d1|counter[14] ; hour[3]~_emulated       ; CLK          ; CLK         ; 1.000        ; 0.014      ; 4.272      ;
; -3.212 ; min[0]~_emulated        ; hour[0]~_emulated       ; CLK          ; CLK         ; 1.000        ; 0.023      ; 4.271      ;
; -3.212 ; min[0]~_emulated        ; hour[4]~_emulated       ; CLK          ; CLK         ; 1.000        ; 0.023      ; 4.271      ;
; -3.212 ; min[0]~_emulated        ; hour[3]~_emulated       ; CLK          ; CLK         ; 1.000        ; 0.023      ; 4.271      ;
; -3.187 ; delay_1s:d1|counter[17] ; hour[0]~_emulated       ; CLK          ; CLK         ; 1.000        ; 0.014      ; 4.237      ;
; -3.187 ; delay_1s:d1|counter[17] ; hour[4]~_emulated       ; CLK          ; CLK         ; 1.000        ; 0.014      ; 4.237      ;
; -3.187 ; delay_1s:d1|counter[17] ; hour[3]~_emulated       ; CLK          ; CLK         ; 1.000        ; 0.014      ; 4.237      ;
; -3.143 ; sec[0]~_emulated        ; sec[5]~_emulated        ; CLK          ; CLK         ; 1.000        ; -0.001     ; 4.178      ;
; -3.140 ; sec[1]~_emulated        ; sec[5]~_emulated        ; CLK          ; CLK         ; 1.000        ; -0.001     ; 4.175      ;
; -3.121 ; sec[0]~_emulated        ; sec[4]~_emulated        ; CLK          ; CLK         ; 1.000        ; -0.001     ; 4.156      ;
; -3.118 ; sec[1]~_emulated        ; sec[4]~_emulated        ; CLK          ; CLK         ; 1.000        ; -0.001     ; 4.153      ;
; -3.096 ; delay_1s:d1|counter[19] ; hour[0]~_emulated       ; CLK          ; CLK         ; 1.000        ; 0.014      ; 4.146      ;
; -3.096 ; delay_1s:d1|counter[19] ; hour[4]~_emulated       ; CLK          ; CLK         ; 1.000        ; 0.014      ; 4.146      ;
; -3.096 ; delay_1s:d1|counter[19] ; hour[3]~_emulated       ; CLK          ; CLK         ; 1.000        ; 0.014      ; 4.146      ;
; -3.095 ; delay_1s:d1|counter[24] ; hour[0]~_emulated       ; CLK          ; CLK         ; 1.000        ; 0.014      ; 4.145      ;
; -3.095 ; delay_1s:d1|counter[24] ; hour[4]~_emulated       ; CLK          ; CLK         ; 1.000        ; 0.014      ; 4.145      ;
; -3.095 ; delay_1s:d1|counter[24] ; hour[3]~_emulated       ; CLK          ; CLK         ; 1.000        ; 0.014      ; 4.145      ;
; -3.093 ; min[2]~_emulated        ; hour[0]~_emulated       ; CLK          ; CLK         ; 1.000        ; 0.023      ; 4.152      ;
; -3.093 ; min[2]~_emulated        ; hour[4]~_emulated       ; CLK          ; CLK         ; 1.000        ; 0.023      ; 4.152      ;
; -3.093 ; min[2]~_emulated        ; hour[3]~_emulated       ; CLK          ; CLK         ; 1.000        ; 0.023      ; 4.152      ;
; -3.088 ; delay_1s:d1|counter[10] ; hour[0]~_emulated       ; CLK          ; CLK         ; 1.000        ; 0.024      ; 4.148      ;
; -3.088 ; delay_1s:d1|counter[10] ; hour[4]~_emulated       ; CLK          ; CLK         ; 1.000        ; 0.024      ; 4.148      ;
; -3.088 ; delay_1s:d1|counter[10] ; hour[3]~_emulated       ; CLK          ; CLK         ; 1.000        ; 0.024      ; 4.148      ;
; -3.072 ; delay_1s:d1|counter[2]  ; hour[0]~_emulated       ; CLK          ; CLK         ; 1.000        ; 0.024      ; 4.132      ;
; -3.072 ; delay_1s:d1|counter[2]  ; hour[4]~_emulated       ; CLK          ; CLK         ; 1.000        ; 0.024      ; 4.132      ;
; -3.072 ; delay_1s:d1|counter[2]  ; hour[3]~_emulated       ; CLK          ; CLK         ; 1.000        ; 0.024      ; 4.132      ;
; -3.069 ; sec[0]~_emulated        ; sec[3]~_emulated        ; CLK          ; CLK         ; 1.000        ; -0.001     ; 4.104      ;
; -3.066 ; sec[1]~_emulated        ; sec[3]~_emulated        ; CLK          ; CLK         ; 1.000        ; -0.001     ; 4.101      ;
; -3.065 ; sec[0]~_emulated        ; min[0]~_emulated        ; CLK          ; CLK         ; 1.000        ; -0.024     ; 4.077      ;
; -3.065 ; sec[0]~_emulated        ; min[1]~_emulated        ; CLK          ; CLK         ; 1.000        ; -0.024     ; 4.077      ;
; -3.059 ; delay_1s:d1|counter[20] ; hour[0]~_emulated       ; CLK          ; CLK         ; 1.000        ; 0.014      ; 4.109      ;
; -3.059 ; delay_1s:d1|counter[20] ; hour[4]~_emulated       ; CLK          ; CLK         ; 1.000        ; 0.014      ; 4.109      ;
; -3.059 ; delay_1s:d1|counter[20] ; hour[3]~_emulated       ; CLK          ; CLK         ; 1.000        ; 0.014      ; 4.109      ;
; -3.041 ; delay_1s:d1|counter[4]  ; hour[0]~_emulated       ; CLK          ; CLK         ; 1.000        ; 0.024      ; 4.101      ;
; -3.041 ; delay_1s:d1|counter[4]  ; hour[4]~_emulated       ; CLK          ; CLK         ; 1.000        ; 0.024      ; 4.101      ;
; -3.041 ; delay_1s:d1|counter[4]  ; hour[3]~_emulated       ; CLK          ; CLK         ; 1.000        ; 0.024      ; 4.101      ;
; -3.034 ; min[4]~_emulated        ; hour[0]~_emulated       ; CLK          ; CLK         ; 1.000        ; 0.023      ; 4.093      ;
; -3.034 ; min[4]~_emulated        ; hour[4]~_emulated       ; CLK          ; CLK         ; 1.000        ; 0.023      ; 4.093      ;
; -3.034 ; min[4]~_emulated        ; hour[3]~_emulated       ; CLK          ; CLK         ; 1.000        ; 0.023      ; 4.093      ;
; -3.028 ; min[1]~_emulated        ; hour[0]~_emulated       ; CLK          ; CLK         ; 1.000        ; 0.023      ; 4.087      ;
; -3.028 ; min[1]~_emulated        ; hour[4]~_emulated       ; CLK          ; CLK         ; 1.000        ; 0.023      ; 4.087      ;
; -3.028 ; min[1]~_emulated        ; hour[3]~_emulated       ; CLK          ; CLK         ; 1.000        ; 0.023      ; 4.087      ;
; -3.026 ; delay_1s:d1|counter[22] ; hour[0]~_emulated       ; CLK          ; CLK         ; 1.000        ; 0.014      ; 4.076      ;
; -3.026 ; delay_1s:d1|counter[22] ; hour[4]~_emulated       ; CLK          ; CLK         ; 1.000        ; 0.014      ; 4.076      ;
; -3.026 ; delay_1s:d1|counter[22] ; hour[3]~_emulated       ; CLK          ; CLK         ; 1.000        ; 0.014      ; 4.076      ;
; -3.007 ; sec[2]~_emulated        ; sec[5]~_emulated        ; CLK          ; CLK         ; 1.000        ; -0.001     ; 4.042      ;
; -2.999 ; min[3]~_emulated        ; hour[0]~_emulated       ; CLK          ; CLK         ; 1.000        ; 0.023      ; 4.058      ;
; -2.999 ; min[3]~_emulated        ; hour[4]~_emulated       ; CLK          ; CLK         ; 1.000        ; 0.023      ; 4.058      ;
; -2.999 ; min[3]~_emulated        ; hour[3]~_emulated       ; CLK          ; CLK         ; 1.000        ; 0.023      ; 4.058      ;
; -2.990 ; sec[2]~_emulated        ; min[0]~_emulated        ; CLK          ; CLK         ; 1.000        ; -0.024     ; 4.002      ;
; -2.990 ; sec[2]~_emulated        ; min[1]~_emulated        ; CLK          ; CLK         ; 1.000        ; -0.024     ; 4.002      ;
; -2.985 ; sec[2]~_emulated        ; sec[4]~_emulated        ; CLK          ; CLK         ; 1.000        ; -0.001     ; 4.020      ;
; -2.978 ; delay_1s:d1|counter[11] ; hour[0]~_emulated       ; CLK          ; CLK         ; 1.000        ; 0.024      ; 4.038      ;
; -2.978 ; delay_1s:d1|counter[11] ; hour[4]~_emulated       ; CLK          ; CLK         ; 1.000        ; 0.024      ; 4.038      ;
; -2.978 ; delay_1s:d1|counter[11] ; hour[3]~_emulated       ; CLK          ; CLK         ; 1.000        ; 0.024      ; 4.038      ;
; -2.977 ; delay_1s:d1|counter[0]  ; delay_1s:d1|counter[23] ; CLK          ; CLK         ; 1.000        ; 0.010      ; 4.023      ;
; -2.974 ; delay_1s:d1|counter[18] ; hour[0]~_emulated       ; CLK          ; CLK         ; 1.000        ; 0.014      ; 4.024      ;
; -2.974 ; delay_1s:d1|counter[18] ; hour[4]~_emulated       ; CLK          ; CLK         ; 1.000        ; 0.014      ; 4.024      ;
; -2.974 ; delay_1s:d1|counter[18] ; hour[3]~_emulated       ; CLK          ; CLK         ; 1.000        ; 0.014      ; 4.024      ;
; -2.966 ; sec[3]~_emulated        ; min[0]~_emulated        ; CLK          ; CLK         ; 1.000        ; -0.023     ; 3.979      ;
; -2.966 ; sec[3]~_emulated        ; min[1]~_emulated        ; CLK          ; CLK         ; 1.000        ; -0.023     ; 3.979      ;
; -2.957 ; sec[0]~_emulated        ; sec[2]~_emulated        ; CLK          ; CLK         ; 1.000        ; 0.000      ; 3.993      ;
; -2.954 ; sec[1]~_emulated        ; sec[2]~_emulated        ; CLK          ; CLK         ; 1.000        ; 0.000      ; 3.990      ;
; -2.951 ; delay_1s:d1|counter[16] ; min[0]~_emulated        ; CLK          ; CLK         ; 1.000        ; -0.009     ; 3.978      ;
; -2.951 ; delay_1s:d1|counter[16] ; min[1]~_emulated        ; CLK          ; CLK         ; 1.000        ; -0.009     ; 3.978      ;
; -2.948 ; delay_1s:d1|counter[15] ; hour[0]~_emulated       ; CLK          ; CLK         ; 1.000        ; 0.014      ; 3.998      ;
; -2.948 ; delay_1s:d1|counter[15] ; hour[4]~_emulated       ; CLK          ; CLK         ; 1.000        ; 0.014      ; 3.998      ;
; -2.948 ; delay_1s:d1|counter[15] ; hour[3]~_emulated       ; CLK          ; CLK         ; 1.000        ; 0.014      ; 3.998      ;
; -2.939 ; delay_1s:d1|counter[23] ; min[0]~_emulated        ; CLK          ; CLK         ; 1.000        ; -0.009     ; 3.966      ;
; -2.939 ; delay_1s:d1|counter[23] ; min[1]~_emulated        ; CLK          ; CLK         ; 1.000        ; -0.009     ; 3.966      ;
; -2.933 ; min[2]~_emulated        ; min[3]~_emulated        ; CLK          ; CLK         ; 1.000        ; 0.000      ; 3.969      ;
; -2.933 ; sec[2]~_emulated        ; sec[3]~_emulated        ; CLK          ; CLK         ; 1.000        ; -0.001     ; 3.968      ;
; -2.930 ; sec[5]~_emulated        ; hour[0]~_emulated       ; CLK          ; CLK         ; 1.000        ; 0.000      ; 3.966      ;
; -2.930 ; sec[5]~_emulated        ; hour[4]~_emulated       ; CLK          ; CLK         ; 1.000        ; 0.000      ; 3.966      ;
; -2.930 ; sec[5]~_emulated        ; hour[3]~_emulated       ; CLK          ; CLK         ; 1.000        ; 0.000      ; 3.966      ;
; -2.929 ; delay_1s:d1|counter[0]  ; delay_1s:d1|counter[25] ; CLK          ; CLK         ; 1.000        ; 0.010      ; 3.975      ;
; -2.929 ; delay_1s:d1|counter[5]  ; hour[0]~_emulated       ; CLK          ; CLK         ; 1.000        ; 0.024      ; 3.989      ;
; -2.929 ; delay_1s:d1|counter[5]  ; hour[4]~_emulated       ; CLK          ; CLK         ; 1.000        ; 0.024      ; 3.989      ;
; -2.929 ; delay_1s:d1|counter[5]  ; hour[3]~_emulated       ; CLK          ; CLK         ; 1.000        ; 0.024      ; 3.989      ;
; -2.925 ; sec[1]~_emulated        ; min[0]~_emulated        ; CLK          ; CLK         ; 1.000        ; -0.024     ; 3.937      ;
+--------+-------------------------+-------------------------+--------------+-------------+--------------+------------+------------+


+----------------------------------------------------------------------------------------------------------------------------------+
; Slow Model Hold: 'CLK'                                                                                                           ;
+--------+-------------------------+-------------------------+--------------+-------------+--------------+------------+------------+
; Slack  ; From Node               ; To Node                 ; Launch Clock ; Latch Clock ; Relationship ; Clock Skew ; Data Delay ;
+--------+-------------------------+-------------------------+--------------+-------------+--------------+------------+------------+
; -0.138 ; min[5]~17               ; min[5]~_emulated        ; KEY[0]       ; CLK         ; 0.000        ; 0.373      ; 0.501      ;
; -0.007 ; min[1]~5                ; min[1]~_emulated        ; KEY[0]       ; CLK         ; 0.000        ; 0.373      ; 0.632      ;
; 0.102  ; hour[0]~1               ; hour[0]~_emulated       ; KEY[0]       ; CLK         ; 0.000        ; 0.256      ; 0.624      ;
; 0.137  ; min[0]~1                ; min[0]~_emulated        ; KEY[0]       ; CLK         ; 0.000        ; 0.373      ; 0.776      ;
; 0.155  ; sec[2]~9                ; sec[2]~_emulated        ; KEY[0]       ; CLK         ; 0.000        ; 0.465      ; 0.886      ;
; 0.191  ; hour[1]~5               ; hour[1]~_emulated       ; KEY[0]       ; CLK         ; 0.000        ; 0.350      ; 0.807      ;
; 0.265  ; sec[1]~5                ; sec[1]~_emulated        ; KEY[0]       ; CLK         ; 0.000        ; 0.469      ; 1.000      ;
; 0.278  ; sec[5]~17               ; sec[5]~_emulated        ; KEY[0]       ; CLK         ; 0.000        ; 0.264      ; 0.808      ;
; 0.279  ; hour[4]~17              ; hour[4]~_emulated       ; KEY[0]       ; CLK         ; 0.000        ; 0.256      ; 0.801      ;
; 0.292  ; min[2]~9                ; min[2]~_emulated        ; KEY[0]       ; CLK         ; 0.000        ; 0.349      ; 0.907      ;
; 0.295  ; hour[2]~9               ; hour[2]~_emulated       ; KEY[0]       ; CLK         ; 0.000        ; 0.350      ; 0.911      ;
; 0.296  ; min[3]~13               ; min[3]~_emulated        ; KEY[0]       ; CLK         ; 0.000        ; 0.374      ; 0.936      ;
; 0.308  ; sec[4]~21               ; sec[4]~_emulated        ; KEY[0]       ; CLK         ; 0.000        ; 0.234      ; 0.808      ;
; 0.317  ; sec[0]~1                ; sec[0]~_emulated        ; KEY[0]       ; CLK         ; 0.000        ; 0.468      ; 1.051      ;
; 0.413  ; min[4]~21               ; min[4]~_emulated        ; KEY[0]       ; CLK         ; 0.000        ; 0.345      ; 1.024      ;
; 0.549  ; sec[3]~13               ; sec[3]~_emulated        ; KEY[0]       ; CLK         ; 0.000        ; 0.233      ; 1.048      ;
; 0.619  ; hour[3]~13              ; hour[3]~_emulated       ; KEY[0]       ; CLK         ; 0.000        ; 0.237      ; 1.122      ;
; 0.801  ; delay_1s:d1|counter[24] ; delay_1s:d1|counter[24] ; CLK          ; CLK         ; 0.000        ; 0.000      ; 1.067      ;
; 0.802  ; delay_1s:d1|counter[10] ; delay_1s:d1|counter[10] ; CLK          ; CLK         ; 0.000        ; 0.000      ; 1.068      ;
; 0.802  ; delay_1s:d1|counter[11] ; delay_1s:d1|counter[11] ; CLK          ; CLK         ; 0.000        ; 0.000      ; 1.068      ;
; 0.805  ; delay_1s:d1|counter[6]  ; delay_1s:d1|counter[6]  ; CLK          ; CLK         ; 0.000        ; 0.000      ; 1.071      ;
; 0.805  ; delay_1s:d1|counter[8]  ; delay_1s:d1|counter[8]  ; CLK          ; CLK         ; 0.000        ; 0.000      ; 1.071      ;
; 0.810  ; delay_1s:d1|counter[4]  ; delay_1s:d1|counter[4]  ; CLK          ; CLK         ; 0.000        ; 0.000      ; 1.076      ;
; 0.814  ; delay_1s:d1|counter[1]  ; delay_1s:d1|counter[1]  ; CLK          ; CLK         ; 0.000        ; 0.000      ; 1.080      ;
; 0.835  ; delay_1s:d1|counter[16] ; delay_1s:d1|counter[16] ; CLK          ; CLK         ; 0.000        ; 0.000      ; 1.101      ;
; 0.835  ; delay_1s:d1|counter[18] ; delay_1s:d1|counter[18] ; CLK          ; CLK         ; 0.000        ; 0.000      ; 1.101      ;
; 0.840  ; delay_1s:d1|counter[5]  ; delay_1s:d1|counter[5]  ; CLK          ; CLK         ; 0.000        ; 0.000      ; 1.106      ;
; 0.841  ; delay_1s:d1|counter[9]  ; delay_1s:d1|counter[9]  ; CLK          ; CLK         ; 0.000        ; 0.000      ; 1.107      ;
; 0.842  ; delay_1s:d1|counter[3]  ; delay_1s:d1|counter[3]  ; CLK          ; CLK         ; 0.000        ; 0.000      ; 1.108      ;
; 0.843  ; delay_1s:d1|counter[2]  ; delay_1s:d1|counter[2]  ; CLK          ; CLK         ; 0.000        ; 0.000      ; 1.109      ;
; 0.846  ; delay_1s:d1|counter[0]  ; delay_1s:d1|counter[0]  ; CLK          ; CLK         ; 0.000        ; 0.000      ; 1.112      ;
; 1.185  ; delay_1s:d1|counter[10] ; delay_1s:d1|counter[11] ; CLK          ; CLK         ; 0.000        ; 0.000      ; 1.451      ;
; 1.188  ; delay_1s:d1|counter[8]  ; delay_1s:d1|counter[9]  ; CLK          ; CLK         ; 0.000        ; 0.000      ; 1.454      ;
; 1.196  ; delay_1s:d1|counter[22] ; delay_1s:d1|counter[22] ; CLK          ; CLK         ; 0.000        ; 0.000      ; 1.462      ;
; 1.197  ; delay_1s:d1|counter[7]  ; delay_1s:d1|counter[8]  ; CLK          ; CLK         ; 0.000        ; 0.000      ; 1.463      ;
; 1.197  ; delay_1s:d1|counter[1]  ; delay_1s:d1|counter[2]  ; CLK          ; CLK         ; 0.000        ; 0.000      ; 1.463      ;
; 1.226  ; delay_1s:d1|counter[5]  ; delay_1s:d1|counter[6]  ; CLK          ; CLK         ; 0.000        ; 0.000      ; 1.492      ;
; 1.227  ; delay_1s:d1|counter[9]  ; delay_1s:d1|counter[10] ; CLK          ; CLK         ; 0.000        ; 0.000      ; 1.493      ;
; 1.228  ; delay_1s:d1|counter[3]  ; delay_1s:d1|counter[4]  ; CLK          ; CLK         ; 0.000        ; 0.000      ; 1.494      ;
; 1.229  ; delay_1s:d1|counter[2]  ; delay_1s:d1|counter[3]  ; CLK          ; CLK         ; 0.000        ; 0.000      ; 1.495      ;
; 1.232  ; delay_1s:d1|counter[0]  ; delay_1s:d1|counter[1]  ; CLK          ; CLK         ; 0.000        ; 0.000      ; 1.498      ;
; 1.257  ; delay_1s:d1|counter[22] ; delay_1s:d1|counter[24] ; CLK          ; CLK         ; 0.000        ; 0.000      ; 1.523      ;
; 1.259  ; delay_1s:d1|counter[6]  ; delay_1s:d1|counter[8]  ; CLK          ; CLK         ; 0.000        ; 0.000      ; 1.525      ;
; 1.259  ; delay_1s:d1|counter[8]  ; delay_1s:d1|counter[10] ; CLK          ; CLK         ; 0.000        ; 0.000      ; 1.525      ;
; 1.268  ; delay_1s:d1|counter[7]  ; delay_1s:d1|counter[9]  ; CLK          ; CLK         ; 0.000        ; 0.000      ; 1.534      ;
; 1.268  ; delay_1s:d1|counter[1]  ; delay_1s:d1|counter[3]  ; CLK          ; CLK         ; 0.000        ; 0.000      ; 1.534      ;
; 1.285  ; delay_1s:d1|counter[4]  ; delay_1s:d1|counter[5]  ; CLK          ; CLK         ; 0.000        ; 0.000      ; 1.551      ;
; 1.292  ; delay_1s:d1|counter[16] ; delay_1s:d1|counter[18] ; CLK          ; CLK         ; 0.000        ; 0.000      ; 1.558      ;
; 1.298  ; delay_1s:d1|counter[9]  ; delay_1s:d1|counter[11] ; CLK          ; CLK         ; 0.000        ; 0.000      ; 1.564      ;
; 1.300  ; delay_1s:d1|counter[2]  ; delay_1s:d1|counter[4]  ; CLK          ; CLK         ; 0.000        ; 0.000      ; 1.566      ;
; 1.303  ; delay_1s:d1|counter[0]  ; delay_1s:d1|counter[2]  ; CLK          ; CLK         ; 0.000        ; 0.000      ; 1.569      ;
; 1.330  ; delay_1s:d1|counter[6]  ; delay_1s:d1|counter[9]  ; CLK          ; CLK         ; 0.000        ; 0.000      ; 1.596      ;
; 1.330  ; delay_1s:d1|counter[8]  ; delay_1s:d1|counter[11] ; CLK          ; CLK         ; 0.000        ; 0.000      ; 1.596      ;
; 1.339  ; delay_1s:d1|counter[7]  ; delay_1s:d1|counter[10] ; CLK          ; CLK         ; 0.000        ; 0.000      ; 1.605      ;
; 1.339  ; delay_1s:d1|counter[1]  ; delay_1s:d1|counter[4]  ; CLK          ; CLK         ; 0.000        ; 0.000      ; 1.605      ;
; 1.355  ; delay_1s:d1|counter[7]  ; delay_1s:d1|counter[7]  ; CLK          ; CLK         ; 0.000        ; 0.000      ; 1.621      ;
; 1.356  ; delay_1s:d1|counter[4]  ; delay_1s:d1|counter[6]  ; CLK          ; CLK         ; 0.000        ; 0.000      ; 1.622      ;
; 1.368  ; delay_1s:d1|counter[5]  ; delay_1s:d1|counter[8]  ; CLK          ; CLK         ; 0.000        ; 0.000      ; 1.634      ;
; 1.368  ; delay_1s:d1|counter[17] ; delay_1s:d1|counter[18] ; CLK          ; CLK         ; 0.000        ; 0.000      ; 1.634      ;
; 1.369  ; delay_1s:d1|counter[15] ; delay_1s:d1|counter[16] ; CLK          ; CLK         ; 0.000        ; 0.000      ; 1.635      ;
; 1.374  ; delay_1s:d1|counter[0]  ; delay_1s:d1|counter[3]  ; CLK          ; CLK         ; 0.000        ; 0.000      ; 1.640      ;
; 1.387  ; delay_1s:d1|counter[3]  ; delay_1s:d1|counter[5]  ; CLK          ; CLK         ; 0.000        ; 0.000      ; 1.653      ;
; 1.401  ; delay_1s:d1|counter[6]  ; delay_1s:d1|counter[10] ; CLK          ; CLK         ; 0.000        ; 0.000      ; 1.667      ;
; 1.409  ; delay_1s:d1|counter[23] ; delay_1s:d1|counter[24] ; CLK          ; CLK         ; 0.000        ; 0.000      ; 1.675      ;
; 1.410  ; delay_1s:d1|counter[7]  ; delay_1s:d1|counter[11] ; CLK          ; CLK         ; 0.000        ; 0.000      ; 1.676      ;
; 1.439  ; delay_1s:d1|counter[5]  ; delay_1s:d1|counter[9]  ; CLK          ; CLK         ; 0.000        ; 0.000      ; 1.705      ;
; 1.445  ; delay_1s:d1|counter[0]  ; delay_1s:d1|counter[4]  ; CLK          ; CLK         ; 0.000        ; 0.000      ; 1.711      ;
; 1.458  ; delay_1s:d1|counter[3]  ; delay_1s:d1|counter[6]  ; CLK          ; CLK         ; 0.000        ; 0.000      ; 1.724      ;
; 1.459  ; delay_1s:d1|counter[2]  ; delay_1s:d1|counter[5]  ; CLK          ; CLK         ; 0.000        ; 0.000      ; 1.725      ;
; 1.472  ; delay_1s:d1|counter[6]  ; delay_1s:d1|counter[11] ; CLK          ; CLK         ; 0.000        ; 0.000      ; 1.738      ;
; 1.486  ; delay_1s:d1|counter[14] ; delay_1s:d1|counter[16] ; CLK          ; CLK         ; 0.000        ; 0.000      ; 1.752      ;
; 1.498  ; delay_1s:d1|counter[4]  ; delay_1s:d1|counter[8]  ; CLK          ; CLK         ; 0.000        ; 0.000      ; 1.764      ;
; 1.498  ; delay_1s:d1|counter[1]  ; delay_1s:d1|counter[5]  ; CLK          ; CLK         ; 0.000        ; 0.000      ; 1.764      ;
; 1.504  ; KEY[0]                  ; min[1]~_emulated        ; KEY[0]       ; CLK         ; 0.000        ; 2.650      ; 4.420      ;
; 1.510  ; delay_1s:d1|counter[21] ; delay_1s:d1|counter[24] ; CLK          ; CLK         ; 0.000        ; 0.000      ; 1.776      ;
; 1.510  ; delay_1s:d1|counter[5]  ; delay_1s:d1|counter[10] ; CLK          ; CLK         ; 0.000        ; 0.000      ; 1.776      ;
; 1.511  ; delay_1s:d1|counter[15] ; delay_1s:d1|counter[18] ; CLK          ; CLK         ; 0.000        ; 0.000      ; 1.777      ;
; 1.530  ; delay_1s:d1|counter[2]  ; delay_1s:d1|counter[6]  ; CLK          ; CLK         ; 0.000        ; 0.000      ; 1.796      ;
; 1.534  ; delay_1s:d1|counter[11] ; delay_1s:d1|counter[16] ; CLK          ; CLK         ; 0.000        ; 0.010      ; 1.810      ;
; 1.536  ; delay_1s:d1|counter[25] ; delay_1s:d1|counter[25] ; CLK          ; CLK         ; 0.000        ; 0.000      ; 1.802      ;
; 1.539  ; delay_1s:d1|counter[20] ; delay_1s:d1|counter[20] ; CLK          ; CLK         ; 0.000        ; 0.000      ; 1.805      ;
; 1.543  ; delay_1s:d1|counter[13] ; delay_1s:d1|counter[16] ; CLK          ; CLK         ; 0.000        ; 0.000      ; 1.809      ;
; 1.558  ; delay_1s:d1|counter[21] ; delay_1s:d1|counter[21] ; CLK          ; CLK         ; 0.000        ; 0.000      ; 1.824      ;
; 1.568  ; delay_1s:d1|counter[19] ; delay_1s:d1|counter[19] ; CLK          ; CLK         ; 0.000        ; 0.000      ; 1.834      ;
; 1.569  ; delay_1s:d1|counter[4]  ; delay_1s:d1|counter[9]  ; CLK          ; CLK         ; 0.000        ; 0.000      ; 1.835      ;
; 1.569  ; delay_1s:d1|counter[1]  ; delay_1s:d1|counter[6]  ; CLK          ; CLK         ; 0.000        ; 0.000      ; 1.835      ;
; 1.570  ; delay_1s:d1|counter[17] ; delay_1s:d1|counter[17] ; CLK          ; CLK         ; 0.000        ; 0.000      ; 1.836      ;
; 1.581  ; delay_1s:d1|counter[5]  ; delay_1s:d1|counter[11] ; CLK          ; CLK         ; 0.000        ; 0.000      ; 1.847      ;
; 1.596  ; KEY[0]                  ; min[5]~_emulated        ; KEY[0]       ; CLK         ; 0.000        ; 2.650      ; 4.512      ;
; 1.600  ; delay_1s:d1|counter[3]  ; delay_1s:d1|counter[8]  ; CLK          ; CLK         ; 0.000        ; 0.000      ; 1.866      ;
; 1.604  ; delay_1s:d1|counter[0]  ; delay_1s:d1|counter[5]  ; CLK          ; CLK         ; 0.000        ; 0.000      ; 1.870      ;
; 1.605  ; delay_1s:d1|counter[10] ; delay_1s:d1|counter[16] ; CLK          ; CLK         ; 0.000        ; 0.010      ; 1.881      ;
; 1.628  ; delay_1s:d1|counter[14] ; delay_1s:d1|counter[18] ; CLK          ; CLK         ; 0.000        ; 0.000      ; 1.894      ;
; 1.633  ; delay_1s:d1|counter[20] ; delay_1s:d1|counter[24] ; CLK          ; CLK         ; 0.000        ; 0.000      ; 1.899      ;
; 1.639  ; KEY[0]                  ; min[0]~_emulated        ; KEY[0]       ; CLK         ; 0.000        ; 2.650      ; 4.555      ;
; 1.640  ; delay_1s:d1|counter[4]  ; delay_1s:d1|counter[10] ; CLK          ; CLK         ; 0.000        ; 0.000      ; 1.906      ;
; 1.651  ; delay_1s:d1|counter[13] ; delay_1s:d1|counter[14] ; CLK          ; CLK         ; 0.000        ; 0.000      ; 1.917      ;
; 1.656  ; KEY[0]                  ; min[3]~_emulated        ; KEY[0]       ; CLK         ; 0.000        ; 2.650      ; 4.572      ;
; 1.657  ; delay_1s:d1|counter[13] ; delay_1s:d1|counter[23] ; CLK          ; CLK         ; 0.000        ; 0.000      ; 1.923      ;
; 1.657  ; delay_1s:d1|counter[25] ; delay_1s:d1|counter[14] ; CLK          ; CLK         ; 0.000        ; 0.000      ; 1.923      ;
+--------+-------------------------+-------------------------+--------------+-------------+--------------+------------+------------+


+--------------------------------------------------------------------------------------------------------------+
; Slow Model Hold: 'KEY[0]'                                                                                    ;
+-------+-------------------+------------+--------------+-------------+--------------+------------+------------+
; Slack ; From Node         ; To Node    ; Launch Clock ; Latch Clock ; Relationship ; Clock Skew ; Data Delay ;
+-------+-------------------+------------+--------------+-------------+--------------+------------+------------+
; 0.680 ; KEY[0]            ; sec[5]~17  ; KEY[0]       ; KEY[0]      ; 0.000        ; 2.409      ; 3.089      ;
; 0.899 ; KEY[0]            ; min[1]~5   ; KEY[0]       ; KEY[0]      ; 0.000        ; 2.277      ; 3.176      ;
; 0.949 ; KEY[0]            ; sec[2]~9   ; KEY[0]       ; KEY[0]      ; 0.000        ; 2.209      ; 3.158      ;
; 1.080 ; KEY[0]            ; min[3]~13  ; KEY[0]       ; KEY[0]      ; 0.000        ; 2.276      ; 3.356      ;
; 1.083 ; KEY[0]            ; min[5]~17  ; KEY[0]       ; KEY[0]      ; 0.000        ; 2.277      ; 3.360      ;
; 1.128 ; KEY[0]            ; min[2]~9   ; KEY[0]       ; KEY[0]      ; 0.000        ; 2.301      ; 3.429      ;
; 1.180 ; KEY[0]            ; sec[5]~17  ; KEY[0]       ; KEY[0]      ; -0.500       ; 2.409      ; 3.089      ;
; 1.222 ; KEY[0]            ; min[0]~1   ; KEY[0]       ; KEY[0]      ; 0.000        ; 2.277      ; 3.499      ;
; 1.229 ; KEY[0]            ; sec[0]~1   ; KEY[0]       ; KEY[0]      ; 0.000        ; 2.206      ; 3.435      ;
; 1.307 ; KEY[0]            ; hour[0]~1  ; KEY[0]       ; KEY[0]      ; 0.000        ; 2.417      ; 3.724      ;
; 1.390 ; KEY[0]            ; sec[1]~5   ; KEY[0]       ; KEY[0]      ; 0.000        ; 2.205      ; 3.595      ;
; 1.399 ; KEY[0]            ; min[1]~5   ; KEY[0]       ; KEY[0]      ; -0.500       ; 2.277      ; 3.176      ;
; 1.447 ; KEY[0]            ; hour[1]~5  ; KEY[0]       ; KEY[0]      ; 0.000        ; 2.300      ; 3.747      ;
; 1.449 ; KEY[0]            ; sec[2]~9   ; KEY[0]       ; KEY[0]      ; -0.500       ; 2.209      ; 3.158      ;
; 1.450 ; KEY[0]            ; sec[3]~13  ; KEY[0]       ; KEY[0]      ; 0.000        ; 2.440      ; 3.890      ;
; 1.500 ; sec[5]~17         ; sec[5]~17  ; KEY[0]       ; KEY[0]      ; 0.000        ; 0.000      ; 1.500      ;
; 1.511 ; min[5]~17         ; min[5]~17  ; KEY[0]       ; KEY[0]      ; 0.000        ; 0.000      ; 1.511      ;
; 1.580 ; KEY[0]            ; min[3]~13  ; KEY[0]       ; KEY[0]      ; -0.500       ; 2.276      ; 3.356      ;
; 1.583 ; KEY[0]            ; min[5]~17  ; KEY[0]       ; KEY[0]      ; -0.500       ; 2.277      ; 3.360      ;
; 1.621 ; KEY[0]            ; sec[4]~21  ; KEY[0]       ; KEY[0]      ; 0.000        ; 2.439      ; 4.060      ;
; 1.628 ; KEY[0]            ; min[2]~9   ; KEY[0]       ; KEY[0]      ; -0.500       ; 2.301      ; 3.429      ;
; 1.639 ; min[3]~13         ; min[3]~13  ; KEY[0]       ; KEY[0]      ; 0.000        ; 0.000      ; 1.639      ;
; 1.666 ; min[2]~9          ; min[2]~9   ; KEY[0]       ; KEY[0]      ; 0.000        ; 0.000      ; 1.666      ;
; 1.684 ; min[1]~5          ; min[1]~5   ; KEY[0]       ; KEY[0]      ; 0.000        ; 0.000      ; 1.684      ;
; 1.722 ; KEY[0]            ; min[0]~1   ; KEY[0]       ; KEY[0]      ; -0.500       ; 2.277      ; 3.499      ;
; 1.729 ; KEY[0]            ; sec[0]~1   ; KEY[0]       ; KEY[0]      ; -0.500       ; 2.206      ; 3.435      ;
; 1.759 ; sec[2]~9          ; sec[2]~9   ; KEY[0]       ; KEY[0]      ; 0.000        ; 0.000      ; 1.759      ;
; 1.784 ; KEY[0]            ; hour[3]~13 ; KEY[0]       ; KEY[0]      ; 0.000        ; 2.436      ; 4.220      ;
; 1.807 ; KEY[0]            ; hour[0]~1  ; KEY[0]       ; KEY[0]      ; -0.500       ; 2.417      ; 3.724      ;
; 1.825 ; min[0]~1          ; min[0]~1   ; KEY[0]       ; KEY[0]      ; 0.000        ; 0.000      ; 1.825      ;
; 1.890 ; KEY[0]            ; sec[1]~5   ; KEY[0]       ; KEY[0]      ; -0.500       ; 2.205      ; 3.595      ;
; 1.919 ; hour[1]~5         ; hour[1]~5  ; KEY[0]       ; KEY[0]      ; 0.000        ; 0.000      ; 1.919      ;
; 1.920 ; sec[5]~_emulated  ; sec[5]~17  ; CLK          ; KEY[0]      ; 0.000        ; -0.264     ; 1.656      ;
; 1.947 ; KEY[0]            ; hour[1]~5  ; KEY[0]       ; KEY[0]      ; -0.500       ; 2.300      ; 3.747      ;
; 1.950 ; KEY[0]            ; sec[3]~13  ; KEY[0]       ; KEY[0]      ; -0.500       ; 2.440      ; 3.890      ;
; 1.988 ; hour[0]~1         ; hour[0]~1  ; KEY[0]       ; KEY[0]      ; 0.000        ; 0.000      ; 1.988      ;
; 2.033 ; KEY[0]            ; min[4]~21  ; KEY[0]       ; KEY[0]      ; 0.000        ; 2.305      ; 4.338      ;
; 2.041 ; sec[0]~1          ; sec[0]~1   ; KEY[0]       ; KEY[0]      ; 0.000        ; 0.000      ; 2.041      ;
; 2.121 ; KEY[0]            ; sec[4]~21  ; KEY[0]       ; KEY[0]      ; -0.500       ; 2.439      ; 4.060      ;
; 2.155 ; sec[3]~13         ; sec[3]~13  ; KEY[0]       ; KEY[0]      ; 0.000        ; 0.000      ; 2.155      ;
; 2.173 ; min[3]~_emulated  ; min[3]~13  ; CLK          ; KEY[0]      ; 0.000        ; -0.374     ; 1.799      ;
; 2.202 ; sec[1]~5          ; sec[1]~5   ; KEY[0]       ; KEY[0]      ; 0.000        ; 0.000      ; 2.202      ;
; 2.210 ; min[1]~_emulated  ; min[1]~5   ; CLK          ; KEY[0]      ; 0.000        ; -0.373     ; 1.837      ;
; 2.284 ; KEY[0]            ; hour[3]~13 ; KEY[0]       ; KEY[0]      ; -0.500       ; 2.436      ; 4.220      ;
; 2.304 ; min[5]~_emulated  ; min[5]~17  ; CLK          ; KEY[0]      ; 0.000        ; -0.373     ; 1.931      ;
; 2.352 ; min[0]~_emulated  ; min[0]~1   ; CLK          ; KEY[0]      ; 0.000        ; -0.373     ; 1.979      ;
; 2.369 ; min[2]~_emulated  ; min[2]~9   ; CLK          ; KEY[0]      ; 0.000        ; -0.349     ; 2.020      ;
; 2.381 ; sec[2]~_emulated  ; sec[2]~9   ; CLK          ; KEY[0]      ; 0.000        ; -0.465     ; 1.916      ;
; 2.464 ; sec[4]~21         ; sec[4]~21  ; KEY[0]       ; KEY[0]      ; 0.000        ; 0.000      ; 2.464      ;
; 2.533 ; KEY[0]            ; min[4]~21  ; KEY[0]       ; KEY[0]      ; -0.500       ; 2.305      ; 4.338      ;
; 2.572 ; min[4]~21         ; min[4]~21  ; KEY[0]       ; KEY[0]      ; 0.000        ; 0.000      ; 2.572      ;
; 2.644 ; hour[3]~13        ; hour[3]~13 ; KEY[0]       ; KEY[0]      ; 0.000        ; 0.000      ; 2.644      ;
; 2.660 ; sec[0]~_emulated  ; sec[0]~1   ; CLK          ; KEY[0]      ; 0.000        ; -0.468     ; 2.192      ;
; 2.694 ; hour[1]~_emulated ; hour[1]~5  ; CLK          ; KEY[0]      ; 0.000        ; -0.350     ; 2.344      ;
; 2.720 ; hour[0]~_emulated ; hour[0]~1  ; CLK          ; KEY[0]      ; 0.000        ; -0.256     ; 2.464      ;
; 2.825 ; sec[3]~_emulated  ; sec[3]~13  ; CLK          ; KEY[0]      ; 0.000        ; -0.233     ; 2.592      ;
; 2.827 ; sec[1]~_emulated  ; sec[1]~5   ; CLK          ; KEY[0]      ; 0.000        ; -0.469     ; 2.358      ;
; 2.859 ; sec[4]~_emulated  ; sec[4]~21  ; CLK          ; KEY[0]      ; 0.000        ; -0.234     ; 2.625      ;
; 3.064 ; KEY[0]            ; hour[4]~17 ; KEY[0]       ; KEY[0]      ; 0.000        ; 2.417      ; 5.481      ;
; 3.119 ; KEY[0]            ; hour[2]~9  ; KEY[0]       ; KEY[0]      ; 0.000        ; 2.300      ; 5.419      ;
; 3.164 ; hour[3]~_emulated ; hour[3]~13 ; CLK          ; KEY[0]      ; 0.000        ; -0.237     ; 2.927      ;
; 3.286 ; min[4]~_emulated  ; min[4]~21  ; CLK          ; KEY[0]      ; 0.000        ; -0.345     ; 2.941      ;
; 3.339 ; hour[4]~17        ; hour[4]~17 ; KEY[0]       ; KEY[0]      ; 0.000        ; 0.000      ; 3.339      ;
; 3.564 ; KEY[0]            ; hour[4]~17 ; KEY[0]       ; KEY[0]      ; -0.500       ; 2.417      ; 5.481      ;
; 3.590 ; hour[2]~9         ; hour[2]~9  ; KEY[0]       ; KEY[0]      ; 0.000        ; 0.000      ; 3.590      ;
; 3.619 ; KEY[0]            ; hour[2]~9  ; KEY[0]       ; KEY[0]      ; -0.500       ; 2.300      ; 5.419      ;
; 4.020 ; hour[4]~_emulated ; hour[4]~17 ; CLK          ; KEY[0]      ; 0.000        ; -0.256     ; 3.764      ;
; 4.366 ; hour[2]~_emulated ; hour[2]~9  ; CLK          ; KEY[0]      ; 0.000        ; -0.350     ; 4.016      ;
+-------+-------------------+------------+--------------+-------------+--------------+------------+------------+


+-------------------------------------------------------------------------------------------------------------------+
; Slow Model Recovery: 'CLK'                                                                                        ;
+-------+-----------+-------------------------+--------------+-------------+--------------+------------+------------+
; Slack ; From Node ; To Node                 ; Launch Clock ; Latch Clock ; Relationship ; Clock Skew ; Data Delay ;
+-------+-----------+-------------------------+--------------+-------------+--------------+------------+------------+
; 0.012 ; KEY[0]    ; min[4]~_emulated        ; KEY[0]       ; CLK         ; 0.500        ; 2.650      ; 3.174      ;
; 0.012 ; KEY[0]    ; min[5]~_emulated        ; KEY[0]       ; CLK         ; 0.500        ; 2.650      ; 3.174      ;
; 0.012 ; KEY[0]    ; min[2]~_emulated        ; KEY[0]       ; CLK         ; 0.500        ; 2.650      ; 3.174      ;
; 0.012 ; KEY[0]    ; min[3]~_emulated        ; KEY[0]       ; CLK         ; 0.500        ; 2.650      ; 3.174      ;
; 0.013 ; KEY[0]    ; hour[1]~_emulated       ; KEY[0]       ; CLK         ; 0.500        ; 2.650      ; 3.173      ;
; 0.013 ; KEY[0]    ; hour[2]~_emulated       ; KEY[0]       ; CLK         ; 0.500        ; 2.650      ; 3.173      ;
; 0.038 ; KEY[0]    ; hour[0]~_emulated       ; KEY[0]       ; CLK         ; 0.500        ; 2.673      ; 3.171      ;
; 0.038 ; KEY[0]    ; hour[4]~_emulated       ; KEY[0]       ; CLK         ; 0.500        ; 2.673      ; 3.171      ;
; 0.038 ; KEY[0]    ; hour[3]~_emulated       ; KEY[0]       ; CLK         ; 0.500        ; 2.673      ; 3.171      ;
; 0.039 ; KEY[0]    ; delay_1s:d1|counter[16] ; KEY[0]       ; CLK         ; 0.500        ; 2.659      ; 3.156      ;
; 0.039 ; KEY[0]    ; delay_1s:d1|counter[18] ; KEY[0]       ; CLK         ; 0.500        ; 2.659      ; 3.156      ;
; 0.039 ; KEY[0]    ; delay_1s:d1|counter[22] ; KEY[0]       ; CLK         ; 0.500        ; 2.659      ; 3.156      ;
; 0.039 ; KEY[0]    ; delay_1s:d1|counter[24] ; KEY[0]       ; CLK         ; 0.500        ; 2.659      ; 3.156      ;
; 0.039 ; KEY[0]    ; delay_1s:d1|counter[25] ; KEY[0]       ; CLK         ; 0.500        ; 2.659      ; 3.156      ;
; 0.049 ; KEY[0]    ; sec[4]~_emulated        ; KEY[0]       ; CLK         ; 0.500        ; 2.673      ; 3.160      ;
; 0.049 ; KEY[0]    ; sec[5]~_emulated        ; KEY[0]       ; CLK         ; 0.500        ; 2.673      ; 3.160      ;
; 0.049 ; KEY[0]    ; sec[3]~_emulated        ; KEY[0]       ; CLK         ; 0.500        ; 2.673      ; 3.160      ;
; 0.051 ; KEY[0]    ; delay_1s:d1|counter[0]  ; KEY[0]       ; CLK         ; 0.500        ; 2.649      ; 3.134      ;
; 0.051 ; KEY[0]    ; delay_1s:d1|counter[1]  ; KEY[0]       ; CLK         ; 0.500        ; 2.649      ; 3.134      ;
; 0.051 ; KEY[0]    ; delay_1s:d1|counter[2]  ; KEY[0]       ; CLK         ; 0.500        ; 2.649      ; 3.134      ;
; 0.051 ; KEY[0]    ; delay_1s:d1|counter[3]  ; KEY[0]       ; CLK         ; 0.500        ; 2.649      ; 3.134      ;
; 0.051 ; KEY[0]    ; delay_1s:d1|counter[4]  ; KEY[0]       ; CLK         ; 0.500        ; 2.649      ; 3.134      ;
; 0.051 ; KEY[0]    ; delay_1s:d1|counter[5]  ; KEY[0]       ; CLK         ; 0.500        ; 2.649      ; 3.134      ;
; 0.051 ; KEY[0]    ; delay_1s:d1|counter[6]  ; KEY[0]       ; CLK         ; 0.500        ; 2.649      ; 3.134      ;
; 0.051 ; KEY[0]    ; delay_1s:d1|counter[8]  ; KEY[0]       ; CLK         ; 0.500        ; 2.649      ; 3.134      ;
; 0.051 ; KEY[0]    ; delay_1s:d1|counter[9]  ; KEY[0]       ; CLK         ; 0.500        ; 2.649      ; 3.134      ;
; 0.051 ; KEY[0]    ; delay_1s:d1|counter[7]  ; KEY[0]       ; CLK         ; 0.500        ; 2.649      ; 3.134      ;
; 0.051 ; KEY[0]    ; delay_1s:d1|counter[10] ; KEY[0]       ; CLK         ; 0.500        ; 2.649      ; 3.134      ;
; 0.051 ; KEY[0]    ; delay_1s:d1|counter[11] ; KEY[0]       ; CLK         ; 0.500        ; 2.649      ; 3.134      ;
; 0.053 ; KEY[0]    ; delay_1s:d1|counter[12] ; KEY[0]       ; CLK         ; 0.500        ; 2.659      ; 3.142      ;
; 0.053 ; KEY[0]    ; delay_1s:d1|counter[13] ; KEY[0]       ; CLK         ; 0.500        ; 2.659      ; 3.142      ;
; 0.053 ; KEY[0]    ; delay_1s:d1|counter[14] ; KEY[0]       ; CLK         ; 0.500        ; 2.659      ; 3.142      ;
; 0.053 ; KEY[0]    ; delay_1s:d1|counter[15] ; KEY[0]       ; CLK         ; 0.500        ; 2.659      ; 3.142      ;
; 0.053 ; KEY[0]    ; delay_1s:d1|counter[17] ; KEY[0]       ; CLK         ; 0.500        ; 2.659      ; 3.142      ;
; 0.053 ; KEY[0]    ; delay_1s:d1|counter[19] ; KEY[0]       ; CLK         ; 0.500        ; 2.659      ; 3.142      ;
; 0.053 ; KEY[0]    ; delay_1s:d1|counter[20] ; KEY[0]       ; CLK         ; 0.500        ; 2.659      ; 3.142      ;
; 0.053 ; KEY[0]    ; delay_1s:d1|counter[21] ; KEY[0]       ; CLK         ; 0.500        ; 2.659      ; 3.142      ;
; 0.053 ; KEY[0]    ; delay_1s:d1|counter[23] ; KEY[0]       ; CLK         ; 0.500        ; 2.659      ; 3.142      ;
; 0.064 ; KEY[0]    ; min[0]~_emulated        ; KEY[0]       ; CLK         ; 0.500        ; 2.650      ; 3.122      ;
; 0.064 ; KEY[0]    ; min[1]~_emulated        ; KEY[0]       ; CLK         ; 0.500        ; 2.650      ; 3.122      ;
; 0.082 ; KEY[0]    ; sec[0]~_emulated        ; KEY[0]       ; CLK         ; 0.500        ; 2.674      ; 3.128      ;
; 0.082 ; KEY[0]    ; sec[1]~_emulated        ; KEY[0]       ; CLK         ; 0.500        ; 2.674      ; 3.128      ;
; 0.082 ; KEY[0]    ; sec[2]~_emulated        ; KEY[0]       ; CLK         ; 0.500        ; 2.674      ; 3.128      ;
; 0.512 ; KEY[0]    ; min[4]~_emulated        ; KEY[0]       ; CLK         ; 1.000        ; 2.650      ; 3.174      ;
; 0.512 ; KEY[0]    ; min[5]~_emulated        ; KEY[0]       ; CLK         ; 1.000        ; 2.650      ; 3.174      ;
; 0.512 ; KEY[0]    ; min[2]~_emulated        ; KEY[0]       ; CLK         ; 1.000        ; 2.650      ; 3.174      ;
; 0.512 ; KEY[0]    ; min[3]~_emulated        ; KEY[0]       ; CLK         ; 1.000        ; 2.650      ; 3.174      ;
; 0.513 ; KEY[0]    ; hour[1]~_emulated       ; KEY[0]       ; CLK         ; 1.000        ; 2.650      ; 3.173      ;
; 0.513 ; KEY[0]    ; hour[2]~_emulated       ; KEY[0]       ; CLK         ; 1.000        ; 2.650      ; 3.173      ;
; 0.538 ; KEY[0]    ; hour[0]~_emulated       ; KEY[0]       ; CLK         ; 1.000        ; 2.673      ; 3.171      ;
; 0.538 ; KEY[0]    ; hour[4]~_emulated       ; KEY[0]       ; CLK         ; 1.000        ; 2.673      ; 3.171      ;
; 0.538 ; KEY[0]    ; hour[3]~_emulated       ; KEY[0]       ; CLK         ; 1.000        ; 2.673      ; 3.171      ;
; 0.539 ; KEY[0]    ; delay_1s:d1|counter[16] ; KEY[0]       ; CLK         ; 1.000        ; 2.659      ; 3.156      ;
; 0.539 ; KEY[0]    ; delay_1s:d1|counter[18] ; KEY[0]       ; CLK         ; 1.000        ; 2.659      ; 3.156      ;
; 0.539 ; KEY[0]    ; delay_1s:d1|counter[22] ; KEY[0]       ; CLK         ; 1.000        ; 2.659      ; 3.156      ;
; 0.539 ; KEY[0]    ; delay_1s:d1|counter[24] ; KEY[0]       ; CLK         ; 1.000        ; 2.659      ; 3.156      ;
; 0.539 ; KEY[0]    ; delay_1s:d1|counter[25] ; KEY[0]       ; CLK         ; 1.000        ; 2.659      ; 3.156      ;
; 0.549 ; KEY[0]    ; sec[4]~_emulated        ; KEY[0]       ; CLK         ; 1.000        ; 2.673      ; 3.160      ;
; 0.549 ; KEY[0]    ; sec[5]~_emulated        ; KEY[0]       ; CLK         ; 1.000        ; 2.673      ; 3.160      ;
; 0.549 ; KEY[0]    ; sec[3]~_emulated        ; KEY[0]       ; CLK         ; 1.000        ; 2.673      ; 3.160      ;
; 0.551 ; KEY[0]    ; delay_1s:d1|counter[0]  ; KEY[0]       ; CLK         ; 1.000        ; 2.649      ; 3.134      ;
; 0.551 ; KEY[0]    ; delay_1s:d1|counter[1]  ; KEY[0]       ; CLK         ; 1.000        ; 2.649      ; 3.134      ;
; 0.551 ; KEY[0]    ; delay_1s:d1|counter[2]  ; KEY[0]       ; CLK         ; 1.000        ; 2.649      ; 3.134      ;
; 0.551 ; KEY[0]    ; delay_1s:d1|counter[3]  ; KEY[0]       ; CLK         ; 1.000        ; 2.649      ; 3.134      ;
; 0.551 ; KEY[0]    ; delay_1s:d1|counter[4]  ; KEY[0]       ; CLK         ; 1.000        ; 2.649      ; 3.134      ;
; 0.551 ; KEY[0]    ; delay_1s:d1|counter[5]  ; KEY[0]       ; CLK         ; 1.000        ; 2.649      ; 3.134      ;
; 0.551 ; KEY[0]    ; delay_1s:d1|counter[6]  ; KEY[0]       ; CLK         ; 1.000        ; 2.649      ; 3.134      ;
; 0.551 ; KEY[0]    ; delay_1s:d1|counter[8]  ; KEY[0]       ; CLK         ; 1.000        ; 2.649      ; 3.134      ;
; 0.551 ; KEY[0]    ; delay_1s:d1|counter[9]  ; KEY[0]       ; CLK         ; 1.000        ; 2.649      ; 3.134      ;
; 0.551 ; KEY[0]    ; delay_1s:d1|counter[7]  ; KEY[0]       ; CLK         ; 1.000        ; 2.649      ; 3.134      ;
; 0.551 ; KEY[0]    ; delay_1s:d1|counter[10] ; KEY[0]       ; CLK         ; 1.000        ; 2.649      ; 3.134      ;
; 0.551 ; KEY[0]    ; delay_1s:d1|counter[11] ; KEY[0]       ; CLK         ; 1.000        ; 2.649      ; 3.134      ;
; 0.553 ; KEY[0]    ; delay_1s:d1|counter[12] ; KEY[0]       ; CLK         ; 1.000        ; 2.659      ; 3.142      ;
; 0.553 ; KEY[0]    ; delay_1s:d1|counter[13] ; KEY[0]       ; CLK         ; 1.000        ; 2.659      ; 3.142      ;
; 0.553 ; KEY[0]    ; delay_1s:d1|counter[14] ; KEY[0]       ; CLK         ; 1.000        ; 2.659      ; 3.142      ;
; 0.553 ; KEY[0]    ; delay_1s:d1|counter[15] ; KEY[0]       ; CLK         ; 1.000        ; 2.659      ; 3.142      ;
; 0.553 ; KEY[0]    ; delay_1s:d1|counter[17] ; KEY[0]       ; CLK         ; 1.000        ; 2.659      ; 3.142      ;
; 0.553 ; KEY[0]    ; delay_1s:d1|counter[19] ; KEY[0]       ; CLK         ; 1.000        ; 2.659      ; 3.142      ;
; 0.553 ; KEY[0]    ; delay_1s:d1|counter[20] ; KEY[0]       ; CLK         ; 1.000        ; 2.659      ; 3.142      ;
; 0.553 ; KEY[0]    ; delay_1s:d1|counter[21] ; KEY[0]       ; CLK         ; 1.000        ; 2.659      ; 3.142      ;
; 0.553 ; KEY[0]    ; delay_1s:d1|counter[23] ; KEY[0]       ; CLK         ; 1.000        ; 2.659      ; 3.142      ;
; 0.564 ; KEY[0]    ; min[0]~_emulated        ; KEY[0]       ; CLK         ; 1.000        ; 2.650      ; 3.122      ;
; 0.564 ; KEY[0]    ; min[1]~_emulated        ; KEY[0]       ; CLK         ; 1.000        ; 2.650      ; 3.122      ;
; 0.582 ; KEY[0]    ; sec[0]~_emulated        ; KEY[0]       ; CLK         ; 1.000        ; 2.674      ; 3.128      ;
; 0.582 ; KEY[0]    ; sec[1]~_emulated        ; KEY[0]       ; CLK         ; 1.000        ; 2.674      ; 3.128      ;
; 0.582 ; KEY[0]    ; sec[2]~_emulated        ; KEY[0]       ; CLK         ; 1.000        ; 2.674      ; 3.128      ;
+-------+-----------+-------------------------+--------------+-------------+--------------+------------+------------+


+-------------------------------------------------------------------------------------------------------------------+
; Slow Model Removal: 'CLK'                                                                                         ;
+-------+-----------+-------------------------+--------------+-------------+--------------+------------+------------+
; Slack ; From Node ; To Node                 ; Launch Clock ; Latch Clock ; Relationship ; Clock Skew ; Data Delay ;
+-------+-----------+-------------------------+--------------+-------------+--------------+------------+------------+
; 0.188 ; KEY[0]    ; sec[0]~_emulated        ; KEY[0]       ; CLK         ; 0.000        ; 2.674      ; 3.128      ;
; 0.188 ; KEY[0]    ; sec[1]~_emulated        ; KEY[0]       ; CLK         ; 0.000        ; 2.674      ; 3.128      ;
; 0.188 ; KEY[0]    ; sec[2]~_emulated        ; KEY[0]       ; CLK         ; 0.000        ; 2.674      ; 3.128      ;
; 0.206 ; KEY[0]    ; min[0]~_emulated        ; KEY[0]       ; CLK         ; 0.000        ; 2.650      ; 3.122      ;
; 0.206 ; KEY[0]    ; min[1]~_emulated        ; KEY[0]       ; CLK         ; 0.000        ; 2.650      ; 3.122      ;
; 0.217 ; KEY[0]    ; delay_1s:d1|counter[12] ; KEY[0]       ; CLK         ; 0.000        ; 2.659      ; 3.142      ;
; 0.217 ; KEY[0]    ; delay_1s:d1|counter[13] ; KEY[0]       ; CLK         ; 0.000        ; 2.659      ; 3.142      ;
; 0.217 ; KEY[0]    ; delay_1s:d1|counter[14] ; KEY[0]       ; CLK         ; 0.000        ; 2.659      ; 3.142      ;
; 0.217 ; KEY[0]    ; delay_1s:d1|counter[15] ; KEY[0]       ; CLK         ; 0.000        ; 2.659      ; 3.142      ;
; 0.217 ; KEY[0]    ; delay_1s:d1|counter[17] ; KEY[0]       ; CLK         ; 0.000        ; 2.659      ; 3.142      ;
; 0.217 ; KEY[0]    ; delay_1s:d1|counter[19] ; KEY[0]       ; CLK         ; 0.000        ; 2.659      ; 3.142      ;
; 0.217 ; KEY[0]    ; delay_1s:d1|counter[20] ; KEY[0]       ; CLK         ; 0.000        ; 2.659      ; 3.142      ;
; 0.217 ; KEY[0]    ; delay_1s:d1|counter[21] ; KEY[0]       ; CLK         ; 0.000        ; 2.659      ; 3.142      ;
; 0.217 ; KEY[0]    ; delay_1s:d1|counter[23] ; KEY[0]       ; CLK         ; 0.000        ; 2.659      ; 3.142      ;
; 0.219 ; KEY[0]    ; delay_1s:d1|counter[0]  ; KEY[0]       ; CLK         ; 0.000        ; 2.649      ; 3.134      ;
; 0.219 ; KEY[0]    ; delay_1s:d1|counter[1]  ; KEY[0]       ; CLK         ; 0.000        ; 2.649      ; 3.134      ;
; 0.219 ; KEY[0]    ; delay_1s:d1|counter[2]  ; KEY[0]       ; CLK         ; 0.000        ; 2.649      ; 3.134      ;
; 0.219 ; KEY[0]    ; delay_1s:d1|counter[3]  ; KEY[0]       ; CLK         ; 0.000        ; 2.649      ; 3.134      ;
; 0.219 ; KEY[0]    ; delay_1s:d1|counter[4]  ; KEY[0]       ; CLK         ; 0.000        ; 2.649      ; 3.134      ;
; 0.219 ; KEY[0]    ; delay_1s:d1|counter[5]  ; KEY[0]       ; CLK         ; 0.000        ; 2.649      ; 3.134      ;
; 0.219 ; KEY[0]    ; delay_1s:d1|counter[6]  ; KEY[0]       ; CLK         ; 0.000        ; 2.649      ; 3.134      ;
; 0.219 ; KEY[0]    ; delay_1s:d1|counter[8]  ; KEY[0]       ; CLK         ; 0.000        ; 2.649      ; 3.134      ;
; 0.219 ; KEY[0]    ; delay_1s:d1|counter[9]  ; KEY[0]       ; CLK         ; 0.000        ; 2.649      ; 3.134      ;
; 0.219 ; KEY[0]    ; delay_1s:d1|counter[7]  ; KEY[0]       ; CLK         ; 0.000        ; 2.649      ; 3.134      ;
; 0.219 ; KEY[0]    ; delay_1s:d1|counter[10] ; KEY[0]       ; CLK         ; 0.000        ; 2.649      ; 3.134      ;
; 0.219 ; KEY[0]    ; delay_1s:d1|counter[11] ; KEY[0]       ; CLK         ; 0.000        ; 2.649      ; 3.134      ;
; 0.221 ; KEY[0]    ; sec[4]~_emulated        ; KEY[0]       ; CLK         ; 0.000        ; 2.673      ; 3.160      ;
; 0.221 ; KEY[0]    ; sec[5]~_emulated        ; KEY[0]       ; CLK         ; 0.000        ; 2.673      ; 3.160      ;
; 0.221 ; KEY[0]    ; sec[3]~_emulated        ; KEY[0]       ; CLK         ; 0.000        ; 2.673      ; 3.160      ;
; 0.231 ; KEY[0]    ; delay_1s:d1|counter[16] ; KEY[0]       ; CLK         ; 0.000        ; 2.659      ; 3.156      ;
; 0.231 ; KEY[0]    ; delay_1s:d1|counter[18] ; KEY[0]       ; CLK         ; 0.000        ; 2.659      ; 3.156      ;
; 0.231 ; KEY[0]    ; delay_1s:d1|counter[22] ; KEY[0]       ; CLK         ; 0.000        ; 2.659      ; 3.156      ;
; 0.231 ; KEY[0]    ; delay_1s:d1|counter[24] ; KEY[0]       ; CLK         ; 0.000        ; 2.659      ; 3.156      ;
; 0.231 ; KEY[0]    ; delay_1s:d1|counter[25] ; KEY[0]       ; CLK         ; 0.000        ; 2.659      ; 3.156      ;
; 0.232 ; KEY[0]    ; hour[0]~_emulated       ; KEY[0]       ; CLK         ; 0.000        ; 2.673      ; 3.171      ;
; 0.232 ; KEY[0]    ; hour[4]~_emulated       ; KEY[0]       ; CLK         ; 0.000        ; 2.673      ; 3.171      ;
; 0.232 ; KEY[0]    ; hour[3]~_emulated       ; KEY[0]       ; CLK         ; 0.000        ; 2.673      ; 3.171      ;
; 0.257 ; KEY[0]    ; hour[1]~_emulated       ; KEY[0]       ; CLK         ; 0.000        ; 2.650      ; 3.173      ;
; 0.257 ; KEY[0]    ; hour[2]~_emulated       ; KEY[0]       ; CLK         ; 0.000        ; 2.650      ; 3.173      ;
; 0.258 ; KEY[0]    ; min[4]~_emulated        ; KEY[0]       ; CLK         ; 0.000        ; 2.650      ; 3.174      ;
; 0.258 ; KEY[0]    ; min[5]~_emulated        ; KEY[0]       ; CLK         ; 0.000        ; 2.650      ; 3.174      ;
; 0.258 ; KEY[0]    ; min[2]~_emulated        ; KEY[0]       ; CLK         ; 0.000        ; 2.650      ; 3.174      ;
; 0.258 ; KEY[0]    ; min[3]~_emulated        ; KEY[0]       ; CLK         ; 0.000        ; 2.650      ; 3.174      ;
; 0.688 ; KEY[0]    ; sec[0]~_emulated        ; KEY[0]       ; CLK         ; -0.500       ; 2.674      ; 3.128      ;
; 0.688 ; KEY[0]    ; sec[1]~_emulated        ; KEY[0]       ; CLK         ; -0.500       ; 2.674      ; 3.128      ;
; 0.688 ; KEY[0]    ; sec[2]~_emulated        ; KEY[0]       ; CLK         ; -0.500       ; 2.674      ; 3.128      ;
; 0.706 ; KEY[0]    ; min[0]~_emulated        ; KEY[0]       ; CLK         ; -0.500       ; 2.650      ; 3.122      ;
; 0.706 ; KEY[0]    ; min[1]~_emulated        ; KEY[0]       ; CLK         ; -0.500       ; 2.650      ; 3.122      ;
; 0.717 ; KEY[0]    ; delay_1s:d1|counter[12] ; KEY[0]       ; CLK         ; -0.500       ; 2.659      ; 3.142      ;
; 0.717 ; KEY[0]    ; delay_1s:d1|counter[13] ; KEY[0]       ; CLK         ; -0.500       ; 2.659      ; 3.142      ;
; 0.717 ; KEY[0]    ; delay_1s:d1|counter[14] ; KEY[0]       ; CLK         ; -0.500       ; 2.659      ; 3.142      ;
; 0.717 ; KEY[0]    ; delay_1s:d1|counter[15] ; KEY[0]       ; CLK         ; -0.500       ; 2.659      ; 3.142      ;
; 0.717 ; KEY[0]    ; delay_1s:d1|counter[17] ; KEY[0]       ; CLK         ; -0.500       ; 2.659      ; 3.142      ;
; 0.717 ; KEY[0]    ; delay_1s:d1|counter[19] ; KEY[0]       ; CLK         ; -0.500       ; 2.659      ; 3.142      ;
; 0.717 ; KEY[0]    ; delay_1s:d1|counter[20] ; KEY[0]       ; CLK         ; -0.500       ; 2.659      ; 3.142      ;
; 0.717 ; KEY[0]    ; delay_1s:d1|counter[21] ; KEY[0]       ; CLK         ; -0.500       ; 2.659      ; 3.142      ;
; 0.717 ; KEY[0]    ; delay_1s:d1|counter[23] ; KEY[0]       ; CLK         ; -0.500       ; 2.659      ; 3.142      ;
; 0.719 ; KEY[0]    ; delay_1s:d1|counter[0]  ; KEY[0]       ; CLK         ; -0.500       ; 2.649      ; 3.134      ;
; 0.719 ; KEY[0]    ; delay_1s:d1|counter[1]  ; KEY[0]       ; CLK         ; -0.500       ; 2.649      ; 3.134      ;
; 0.719 ; KEY[0]    ; delay_1s:d1|counter[2]  ; KEY[0]       ; CLK         ; -0.500       ; 2.649      ; 3.134      ;
; 0.719 ; KEY[0]    ; delay_1s:d1|counter[3]  ; KEY[0]       ; CLK         ; -0.500       ; 2.649      ; 3.134      ;
; 0.719 ; KEY[0]    ; delay_1s:d1|counter[4]  ; KEY[0]       ; CLK         ; -0.500       ; 2.649      ; 3.134      ;
; 0.719 ; KEY[0]    ; delay_1s:d1|counter[5]  ; KEY[0]       ; CLK         ; -0.500       ; 2.649      ; 3.134      ;
; 0.719 ; KEY[0]    ; delay_1s:d1|counter[6]  ; KEY[0]       ; CLK         ; -0.500       ; 2.649      ; 3.134      ;
; 0.719 ; KEY[0]    ; delay_1s:d1|counter[8]  ; KEY[0]       ; CLK         ; -0.500       ; 2.649      ; 3.134      ;
; 0.719 ; KEY[0]    ; delay_1s:d1|counter[9]  ; KEY[0]       ; CLK         ; -0.500       ; 2.649      ; 3.134      ;
; 0.719 ; KEY[0]    ; delay_1s:d1|counter[7]  ; KEY[0]       ; CLK         ; -0.500       ; 2.649      ; 3.134      ;
; 0.719 ; KEY[0]    ; delay_1s:d1|counter[10] ; KEY[0]       ; CLK         ; -0.500       ; 2.649      ; 3.134      ;
; 0.719 ; KEY[0]    ; delay_1s:d1|counter[11] ; KEY[0]       ; CLK         ; -0.500       ; 2.649      ; 3.134      ;
; 0.721 ; KEY[0]    ; sec[4]~_emulated        ; KEY[0]       ; CLK         ; -0.500       ; 2.673      ; 3.160      ;
; 0.721 ; KEY[0]    ; sec[5]~_emulated        ; KEY[0]       ; CLK         ; -0.500       ; 2.673      ; 3.160      ;
; 0.721 ; KEY[0]    ; sec[3]~_emulated        ; KEY[0]       ; CLK         ; -0.500       ; 2.673      ; 3.160      ;
; 0.731 ; KEY[0]    ; delay_1s:d1|counter[16] ; KEY[0]       ; CLK         ; -0.500       ; 2.659      ; 3.156      ;
; 0.731 ; KEY[0]    ; delay_1s:d1|counter[18] ; KEY[0]       ; CLK         ; -0.500       ; 2.659      ; 3.156      ;
; 0.731 ; KEY[0]    ; delay_1s:d1|counter[22] ; KEY[0]       ; CLK         ; -0.500       ; 2.659      ; 3.156      ;
; 0.731 ; KEY[0]    ; delay_1s:d1|counter[24] ; KEY[0]       ; CLK         ; -0.500       ; 2.659      ; 3.156      ;
; 0.731 ; KEY[0]    ; delay_1s:d1|counter[25] ; KEY[0]       ; CLK         ; -0.500       ; 2.659      ; 3.156      ;
; 0.732 ; KEY[0]    ; hour[0]~_emulated       ; KEY[0]       ; CLK         ; -0.500       ; 2.673      ; 3.171      ;
; 0.732 ; KEY[0]    ; hour[4]~_emulated       ; KEY[0]       ; CLK         ; -0.500       ; 2.673      ; 3.171      ;
; 0.732 ; KEY[0]    ; hour[3]~_emulated       ; KEY[0]       ; CLK         ; -0.500       ; 2.673      ; 3.171      ;
; 0.757 ; KEY[0]    ; hour[1]~_emulated       ; KEY[0]       ; CLK         ; -0.500       ; 2.650      ; 3.173      ;
; 0.757 ; KEY[0]    ; hour[2]~_emulated       ; KEY[0]       ; CLK         ; -0.500       ; 2.650      ; 3.173      ;
; 0.758 ; KEY[0]    ; min[4]~_emulated        ; KEY[0]       ; CLK         ; -0.500       ; 2.650      ; 3.174      ;
; 0.758 ; KEY[0]    ; min[5]~_emulated        ; KEY[0]       ; CLK         ; -0.500       ; 2.650      ; 3.174      ;
; 0.758 ; KEY[0]    ; min[2]~_emulated        ; KEY[0]       ; CLK         ; -0.500       ; 2.650      ; 3.174      ;
; 0.758 ; KEY[0]    ; min[3]~_emulated        ; KEY[0]       ; CLK         ; -0.500       ; 2.650      ; 3.174      ;
+-------+-----------+-------------------------+--------------+-------------+--------------+------------+------------+


+----------------------------------------------------------------------------------------------------------+
; Slow Model Minimum Pulse Width: 'CLK'                                                                    ;
+--------+--------------+----------------+------------------+-------+------------+-------------------------+
; Slack  ; Actual Width ; Required Width ; Type             ; Clock ; Clock Edge ; Target                  ;
+--------+--------------+----------------+------------------+-------+------------+-------------------------+
; -1.380 ; 1.000        ; 2.380          ; Port Rate        ; CLK   ; Rise       ; CLK                     ;
; -0.500 ; 0.500        ; 1.000          ; High Pulse Width ; CLK   ; Rise       ; delay_1s:d1|counter[0]  ;
; -0.500 ; 0.500        ; 1.000          ; Low Pulse Width  ; CLK   ; Rise       ; delay_1s:d1|counter[0]  ;
; -0.500 ; 0.500        ; 1.000          ; High Pulse Width ; CLK   ; Rise       ; delay_1s:d1|counter[10] ;
; -0.500 ; 0.500        ; 1.000          ; Low Pulse Width  ; CLK   ; Rise       ; delay_1s:d1|counter[10] ;
; -0.500 ; 0.500        ; 1.000          ; High Pulse Width ; CLK   ; Rise       ; delay_1s:d1|counter[11] ;
; -0.500 ; 0.500        ; 1.000          ; Low Pulse Width  ; CLK   ; Rise       ; delay_1s:d1|counter[11] ;
; -0.500 ; 0.500        ; 1.000          ; High Pulse Width ; CLK   ; Rise       ; delay_1s:d1|counter[12] ;
; -0.500 ; 0.500        ; 1.000          ; Low Pulse Width  ; CLK   ; Rise       ; delay_1s:d1|counter[12] ;
; -0.500 ; 0.500        ; 1.000          ; High Pulse Width ; CLK   ; Rise       ; delay_1s:d1|counter[13] ;
; -0.500 ; 0.500        ; 1.000          ; Low Pulse Width  ; CLK   ; Rise       ; delay_1s:d1|counter[13] ;
; -0.500 ; 0.500        ; 1.000          ; High Pulse Width ; CLK   ; Rise       ; delay_1s:d1|counter[14] ;
; -0.500 ; 0.500        ; 1.000          ; Low Pulse Width  ; CLK   ; Rise       ; delay_1s:d1|counter[14] ;
; -0.500 ; 0.500        ; 1.000          ; High Pulse Width ; CLK   ; Rise       ; delay_1s:d1|counter[15] ;
; -0.500 ; 0.500        ; 1.000          ; Low Pulse Width  ; CLK   ; Rise       ; delay_1s:d1|counter[15] ;
; -0.500 ; 0.500        ; 1.000          ; High Pulse Width ; CLK   ; Rise       ; delay_1s:d1|counter[16] ;
; -0.500 ; 0.500        ; 1.000          ; Low Pulse Width  ; CLK   ; Rise       ; delay_1s:d1|counter[16] ;
; -0.500 ; 0.500        ; 1.000          ; High Pulse Width ; CLK   ; Rise       ; delay_1s:d1|counter[17] ;
; -0.500 ; 0.500        ; 1.000          ; Low Pulse Width  ; CLK   ; Rise       ; delay_1s:d1|counter[17] ;
; -0.500 ; 0.500        ; 1.000          ; High Pulse Width ; CLK   ; Rise       ; delay_1s:d1|counter[18] ;
; -0.500 ; 0.500        ; 1.000          ; Low Pulse Width  ; CLK   ; Rise       ; delay_1s:d1|counter[18] ;
; -0.500 ; 0.500        ; 1.000          ; High Pulse Width ; CLK   ; Rise       ; delay_1s:d1|counter[19] ;
; -0.500 ; 0.500        ; 1.000          ; Low Pulse Width  ; CLK   ; Rise       ; delay_1s:d1|counter[19] ;
; -0.500 ; 0.500        ; 1.000          ; High Pulse Width ; CLK   ; Rise       ; delay_1s:d1|counter[1]  ;
; -0.500 ; 0.500        ; 1.000          ; Low Pulse Width  ; CLK   ; Rise       ; delay_1s:d1|counter[1]  ;
; -0.500 ; 0.500        ; 1.000          ; High Pulse Width ; CLK   ; Rise       ; delay_1s:d1|counter[20] ;
; -0.500 ; 0.500        ; 1.000          ; Low Pulse Width  ; CLK   ; Rise       ; delay_1s:d1|counter[20] ;
; -0.500 ; 0.500        ; 1.000          ; High Pulse Width ; CLK   ; Rise       ; delay_1s:d1|counter[21] ;
; -0.500 ; 0.500        ; 1.000          ; Low Pulse Width  ; CLK   ; Rise       ; delay_1s:d1|counter[21] ;
; -0.500 ; 0.500        ; 1.000          ; High Pulse Width ; CLK   ; Rise       ; delay_1s:d1|counter[22] ;
; -0.500 ; 0.500        ; 1.000          ; Low Pulse Width  ; CLK   ; Rise       ; delay_1s:d1|counter[22] ;
; -0.500 ; 0.500        ; 1.000          ; High Pulse Width ; CLK   ; Rise       ; delay_1s:d1|counter[23] ;
; -0.500 ; 0.500        ; 1.000          ; Low Pulse Width  ; CLK   ; Rise       ; delay_1s:d1|counter[23] ;
; -0.500 ; 0.500        ; 1.000          ; High Pulse Width ; CLK   ; Rise       ; delay_1s:d1|counter[24] ;
; -0.500 ; 0.500        ; 1.000          ; Low Pulse Width  ; CLK   ; Rise       ; delay_1s:d1|counter[24] ;
; -0.500 ; 0.500        ; 1.000          ; High Pulse Width ; CLK   ; Rise       ; delay_1s:d1|counter[25] ;
; -0.500 ; 0.500        ; 1.000          ; Low Pulse Width  ; CLK   ; Rise       ; delay_1s:d1|counter[25] ;
; -0.500 ; 0.500        ; 1.000          ; High Pulse Width ; CLK   ; Rise       ; delay_1s:d1|counter[2]  ;
; -0.500 ; 0.500        ; 1.000          ; Low Pulse Width  ; CLK   ; Rise       ; delay_1s:d1|counter[2]  ;
; -0.500 ; 0.500        ; 1.000          ; High Pulse Width ; CLK   ; Rise       ; delay_1s:d1|counter[3]  ;
; -0.500 ; 0.500        ; 1.000          ; Low Pulse Width  ; CLK   ; Rise       ; delay_1s:d1|counter[3]  ;
; -0.500 ; 0.500        ; 1.000          ; High Pulse Width ; CLK   ; Rise       ; delay_1s:d1|counter[4]  ;
; -0.500 ; 0.500        ; 1.000          ; Low Pulse Width  ; CLK   ; Rise       ; delay_1s:d1|counter[4]  ;
; -0.500 ; 0.500        ; 1.000          ; High Pulse Width ; CLK   ; Rise       ; delay_1s:d1|counter[5]  ;
; -0.500 ; 0.500        ; 1.000          ; Low Pulse Width  ; CLK   ; Rise       ; delay_1s:d1|counter[5]  ;
; -0.500 ; 0.500        ; 1.000          ; High Pulse Width ; CLK   ; Rise       ; delay_1s:d1|counter[6]  ;
; -0.500 ; 0.500        ; 1.000          ; Low Pulse Width  ; CLK   ; Rise       ; delay_1s:d1|counter[6]  ;
; -0.500 ; 0.500        ; 1.000          ; High Pulse Width ; CLK   ; Rise       ; delay_1s:d1|counter[7]  ;
; -0.500 ; 0.500        ; 1.000          ; Low Pulse Width  ; CLK   ; Rise       ; delay_1s:d1|counter[7]  ;
; -0.500 ; 0.500        ; 1.000          ; High Pulse Width ; CLK   ; Rise       ; delay_1s:d1|counter[8]  ;
; -0.500 ; 0.500        ; 1.000          ; Low Pulse Width  ; CLK   ; Rise       ; delay_1s:d1|counter[8]  ;
; -0.500 ; 0.500        ; 1.000          ; High Pulse Width ; CLK   ; Rise       ; delay_1s:d1|counter[9]  ;
; -0.500 ; 0.500        ; 1.000          ; Low Pulse Width  ; CLK   ; Rise       ; delay_1s:d1|counter[9]  ;
; -0.500 ; 0.500        ; 1.000          ; High Pulse Width ; CLK   ; Rise       ; hour[0]~_emulated       ;
; -0.500 ; 0.500        ; 1.000          ; Low Pulse Width  ; CLK   ; Rise       ; hour[0]~_emulated       ;
; -0.500 ; 0.500        ; 1.000          ; High Pulse Width ; CLK   ; Rise       ; hour[1]~_emulated       ;
; -0.500 ; 0.500        ; 1.000          ; Low Pulse Width  ; CLK   ; Rise       ; hour[1]~_emulated       ;
; -0.500 ; 0.500        ; 1.000          ; High Pulse Width ; CLK   ; Rise       ; hour[2]~_emulated       ;
; -0.500 ; 0.500        ; 1.000          ; Low Pulse Width  ; CLK   ; Rise       ; hour[2]~_emulated       ;
; -0.500 ; 0.500        ; 1.000          ; High Pulse Width ; CLK   ; Rise       ; hour[3]~_emulated       ;
; -0.500 ; 0.500        ; 1.000          ; Low Pulse Width  ; CLK   ; Rise       ; hour[3]~_emulated       ;
; -0.500 ; 0.500        ; 1.000          ; High Pulse Width ; CLK   ; Rise       ; hour[4]~_emulated       ;
; -0.500 ; 0.500        ; 1.000          ; Low Pulse Width  ; CLK   ; Rise       ; hour[4]~_emulated       ;
; -0.500 ; 0.500        ; 1.000          ; High Pulse Width ; CLK   ; Rise       ; min[0]~_emulated        ;
; -0.500 ; 0.500        ; 1.000          ; Low Pulse Width  ; CLK   ; Rise       ; min[0]~_emulated        ;
; -0.500 ; 0.500        ; 1.000          ; High Pulse Width ; CLK   ; Rise       ; min[1]~_emulated        ;
; -0.500 ; 0.500        ; 1.000          ; Low Pulse Width  ; CLK   ; Rise       ; min[1]~_emulated        ;
; -0.500 ; 0.500        ; 1.000          ; High Pulse Width ; CLK   ; Rise       ; min[2]~_emulated        ;
; -0.500 ; 0.500        ; 1.000          ; Low Pulse Width  ; CLK   ; Rise       ; min[2]~_emulated        ;
; -0.500 ; 0.500        ; 1.000          ; High Pulse Width ; CLK   ; Rise       ; min[3]~_emulated        ;
; -0.500 ; 0.500        ; 1.000          ; Low Pulse Width  ; CLK   ; Rise       ; min[3]~_emulated        ;
; -0.500 ; 0.500        ; 1.000          ; High Pulse Width ; CLK   ; Rise       ; min[4]~_emulated        ;
; -0.500 ; 0.500        ; 1.000          ; Low Pulse Width  ; CLK   ; Rise       ; min[4]~_emulated        ;
; -0.500 ; 0.500        ; 1.000          ; High Pulse Width ; CLK   ; Rise       ; min[5]~_emulated        ;
; -0.500 ; 0.500        ; 1.000          ; Low Pulse Width  ; CLK   ; Rise       ; min[5]~_emulated        ;
; -0.500 ; 0.500        ; 1.000          ; High Pulse Width ; CLK   ; Rise       ; sec[0]~_emulated        ;
; -0.500 ; 0.500        ; 1.000          ; Low Pulse Width  ; CLK   ; Rise       ; sec[0]~_emulated        ;
; -0.500 ; 0.500        ; 1.000          ; High Pulse Width ; CLK   ; Rise       ; sec[1]~_emulated        ;
; -0.500 ; 0.500        ; 1.000          ; Low Pulse Width  ; CLK   ; Rise       ; sec[1]~_emulated        ;
; -0.500 ; 0.500        ; 1.000          ; High Pulse Width ; CLK   ; Rise       ; sec[2]~_emulated        ;
; -0.500 ; 0.500        ; 1.000          ; Low Pulse Width  ; CLK   ; Rise       ; sec[2]~_emulated        ;
; -0.500 ; 0.500        ; 1.000          ; High Pulse Width ; CLK   ; Rise       ; sec[3]~_emulated        ;
; -0.500 ; 0.500        ; 1.000          ; Low Pulse Width  ; CLK   ; Rise       ; sec[3]~_emulated        ;
; -0.500 ; 0.500        ; 1.000          ; High Pulse Width ; CLK   ; Rise       ; sec[4]~_emulated        ;
; -0.500 ; 0.500        ; 1.000          ; Low Pulse Width  ; CLK   ; Rise       ; sec[4]~_emulated        ;
; -0.500 ; 0.500        ; 1.000          ; High Pulse Width ; CLK   ; Rise       ; sec[5]~_emulated        ;
; -0.500 ; 0.500        ; 1.000          ; Low Pulse Width  ; CLK   ; Rise       ; sec[5]~_emulated        ;
; 0.500  ; 0.500        ; 0.000          ; High Pulse Width ; CLK   ; Rise       ; CLK|combout             ;
; 0.500  ; 0.500        ; 0.000          ; Low Pulse Width  ; CLK   ; Rise       ; CLK|combout             ;
; 0.500  ; 0.500        ; 0.000          ; High Pulse Width ; CLK   ; Rise       ; CLK~clkctrl|inclk[0]    ;
; 0.500  ; 0.500        ; 0.000          ; Low Pulse Width  ; CLK   ; Rise       ; CLK~clkctrl|inclk[0]    ;
; 0.500  ; 0.500        ; 0.000          ; High Pulse Width ; CLK   ; Rise       ; CLK~clkctrl|outclk      ;
; 0.500  ; 0.500        ; 0.000          ; Low Pulse Width  ; CLK   ; Rise       ; CLK~clkctrl|outclk      ;
; 0.500  ; 0.500        ; 0.000          ; High Pulse Width ; CLK   ; Rise       ; d1|counter[0]|clk       ;
; 0.500  ; 0.500        ; 0.000          ; Low Pulse Width  ; CLK   ; Rise       ; d1|counter[0]|clk       ;
; 0.500  ; 0.500        ; 0.000          ; High Pulse Width ; CLK   ; Rise       ; d1|counter[10]|clk      ;
; 0.500  ; 0.500        ; 0.000          ; Low Pulse Width  ; CLK   ; Rise       ; d1|counter[10]|clk      ;
; 0.500  ; 0.500        ; 0.000          ; High Pulse Width ; CLK   ; Rise       ; d1|counter[11]|clk      ;
; 0.500  ; 0.500        ; 0.000          ; Low Pulse Width  ; CLK   ; Rise       ; d1|counter[11]|clk      ;
; 0.500  ; 0.500        ; 0.000          ; High Pulse Width ; CLK   ; Rise       ; d1|counter[12]|clk      ;
+--------+--------------+----------------+------------------+-------+------------+-------------------------+


+----------------------------------------------------------------------------------------------------+
; Slow Model Minimum Pulse Width: 'KEY[0]'                                                           ;
+--------+--------------+----------------+------------------+--------+------------+------------------+
; Slack  ; Actual Width ; Required Width ; Type             ; Clock  ; Clock Edge ; Target           ;
+--------+--------------+----------------+------------------+--------+------------+------------------+
; -1.222 ; 1.000        ; 2.222          ; Port Rate        ; KEY[0] ; Rise       ; KEY[0]           ;
; 0.500  ; 0.500        ; 0.000          ; High Pulse Width ; KEY[0] ; Rise       ; KEY[0]|combout   ;
; 0.500  ; 0.500        ; 0.000          ; Low Pulse Width  ; KEY[0] ; Rise       ; KEY[0]|combout   ;
; 0.500  ; 0.500        ; 0.000          ; High Pulse Width ; KEY[0] ; Rise       ; hour[0]~1        ;
; 0.500  ; 0.500        ; 0.000          ; Low Pulse Width  ; KEY[0] ; Rise       ; hour[0]~1        ;
; 0.500  ; 0.500        ; 0.000          ; High Pulse Width ; KEY[0] ; Rise       ; hour[0]~1|datac  ;
; 0.500  ; 0.500        ; 0.000          ; Low Pulse Width  ; KEY[0] ; Rise       ; hour[0]~1|datac  ;
; 0.500  ; 0.500        ; 0.000          ; High Pulse Width ; KEY[0] ; Rise       ; hour[1]~5        ;
; 0.500  ; 0.500        ; 0.000          ; Low Pulse Width  ; KEY[0] ; Rise       ; hour[1]~5        ;
; 0.500  ; 0.500        ; 0.000          ; High Pulse Width ; KEY[0] ; Rise       ; hour[1]~5|datab  ;
; 0.500  ; 0.500        ; 0.000          ; Low Pulse Width  ; KEY[0] ; Rise       ; hour[1]~5|datab  ;
; 0.500  ; 0.500        ; 0.000          ; High Pulse Width ; KEY[0] ; Rise       ; hour[2]~9        ;
; 0.500  ; 0.500        ; 0.000          ; Low Pulse Width  ; KEY[0] ; Rise       ; hour[2]~9        ;
; 0.500  ; 0.500        ; 0.000          ; High Pulse Width ; KEY[0] ; Rise       ; hour[2]~9|datab  ;
; 0.500  ; 0.500        ; 0.000          ; Low Pulse Width  ; KEY[0] ; Rise       ; hour[2]~9|datab  ;
; 0.500  ; 0.500        ; 0.000          ; High Pulse Width ; KEY[0] ; Rise       ; hour[3]~13       ;
; 0.500  ; 0.500        ; 0.000          ; Low Pulse Width  ; KEY[0] ; Rise       ; hour[3]~13       ;
; 0.500  ; 0.500        ; 0.000          ; High Pulse Width ; KEY[0] ; Rise       ; hour[3]~13|datac ;
; 0.500  ; 0.500        ; 0.000          ; Low Pulse Width  ; KEY[0] ; Rise       ; hour[3]~13|datac ;
; 0.500  ; 0.500        ; 0.000          ; High Pulse Width ; KEY[0] ; Rise       ; hour[4]~17       ;
; 0.500  ; 0.500        ; 0.000          ; Low Pulse Width  ; KEY[0] ; Rise       ; hour[4]~17       ;
; 0.500  ; 0.500        ; 0.000          ; High Pulse Width ; KEY[0] ; Rise       ; hour[4]~17|datac ;
; 0.500  ; 0.500        ; 0.000          ; Low Pulse Width  ; KEY[0] ; Rise       ; hour[4]~17|datac ;
; 0.500  ; 0.500        ; 0.000          ; High Pulse Width ; KEY[0] ; Rise       ; min[0]~1         ;
; 0.500  ; 0.500        ; 0.000          ; Low Pulse Width  ; KEY[0] ; Rise       ; min[0]~1         ;
; 0.500  ; 0.500        ; 0.000          ; High Pulse Width ; KEY[0] ; Rise       ; min[0]~1|datab   ;
; 0.500  ; 0.500        ; 0.000          ; Low Pulse Width  ; KEY[0] ; Rise       ; min[0]~1|datab   ;
; 0.500  ; 0.500        ; 0.000          ; High Pulse Width ; KEY[0] ; Rise       ; min[1]~5         ;
; 0.500  ; 0.500        ; 0.000          ; Low Pulse Width  ; KEY[0] ; Rise       ; min[1]~5         ;
; 0.500  ; 0.500        ; 0.000          ; High Pulse Width ; KEY[0] ; Rise       ; min[1]~5|datab   ;
; 0.500  ; 0.500        ; 0.000          ; Low Pulse Width  ; KEY[0] ; Rise       ; min[1]~5|datab   ;
; 0.500  ; 0.500        ; 0.000          ; High Pulse Width ; KEY[0] ; Rise       ; min[2]~9         ;
; 0.500  ; 0.500        ; 0.000          ; Low Pulse Width  ; KEY[0] ; Rise       ; min[2]~9         ;
; 0.500  ; 0.500        ; 0.000          ; High Pulse Width ; KEY[0] ; Rise       ; min[2]~9|datab   ;
; 0.500  ; 0.500        ; 0.000          ; Low Pulse Width  ; KEY[0] ; Rise       ; min[2]~9|datab   ;
; 0.500  ; 0.500        ; 0.000          ; High Pulse Width ; KEY[0] ; Rise       ; min[3]~13        ;
; 0.500  ; 0.500        ; 0.000          ; Low Pulse Width  ; KEY[0] ; Rise       ; min[3]~13        ;
; 0.500  ; 0.500        ; 0.000          ; High Pulse Width ; KEY[0] ; Rise       ; min[3]~13|dataa  ;
; 0.500  ; 0.500        ; 0.000          ; Low Pulse Width  ; KEY[0] ; Rise       ; min[3]~13|dataa  ;
; 0.500  ; 0.500        ; 0.000          ; High Pulse Width ; KEY[0] ; Rise       ; min[4]~21        ;
; 0.500  ; 0.500        ; 0.000          ; Low Pulse Width  ; KEY[0] ; Rise       ; min[4]~21        ;
; 0.500  ; 0.500        ; 0.000          ; High Pulse Width ; KEY[0] ; Rise       ; min[4]~21|datab  ;
; 0.500  ; 0.500        ; 0.000          ; Low Pulse Width  ; KEY[0] ; Rise       ; min[4]~21|datab  ;
; 0.500  ; 0.500        ; 0.000          ; High Pulse Width ; KEY[0] ; Rise       ; min[5]~17        ;
; 0.500  ; 0.500        ; 0.000          ; Low Pulse Width  ; KEY[0] ; Rise       ; min[5]~17        ;
; 0.500  ; 0.500        ; 0.000          ; High Pulse Width ; KEY[0] ; Rise       ; min[5]~17|dataa  ;
; 0.500  ; 0.500        ; 0.000          ; Low Pulse Width  ; KEY[0] ; Rise       ; min[5]~17|dataa  ;
; 0.500  ; 0.500        ; 0.000          ; High Pulse Width ; KEY[0] ; Rise       ; sec[0]~1         ;
; 0.500  ; 0.500        ; 0.000          ; Low Pulse Width  ; KEY[0] ; Rise       ; sec[0]~1         ;
; 0.500  ; 0.500        ; 0.000          ; High Pulse Width ; KEY[0] ; Rise       ; sec[0]~1|datac   ;
; 0.500  ; 0.500        ; 0.000          ; Low Pulse Width  ; KEY[0] ; Rise       ; sec[0]~1|datac   ;
; 0.500  ; 0.500        ; 0.000          ; High Pulse Width ; KEY[0] ; Rise       ; sec[1]~5         ;
; 0.500  ; 0.500        ; 0.000          ; Low Pulse Width  ; KEY[0] ; Rise       ; sec[1]~5         ;
; 0.500  ; 0.500        ; 0.000          ; High Pulse Width ; KEY[0] ; Rise       ; sec[1]~5|datac   ;
; 0.500  ; 0.500        ; 0.000          ; Low Pulse Width  ; KEY[0] ; Rise       ; sec[1]~5|datac   ;
; 0.500  ; 0.500        ; 0.000          ; High Pulse Width ; KEY[0] ; Rise       ; sec[2]~9         ;
; 0.500  ; 0.500        ; 0.000          ; Low Pulse Width  ; KEY[0] ; Rise       ; sec[2]~9         ;
; 0.500  ; 0.500        ; 0.000          ; High Pulse Width ; KEY[0] ; Rise       ; sec[2]~9|datac   ;
; 0.500  ; 0.500        ; 0.000          ; Low Pulse Width  ; KEY[0] ; Rise       ; sec[2]~9|datac   ;
; 0.500  ; 0.500        ; 0.000          ; High Pulse Width ; KEY[0] ; Rise       ; sec[3]~13        ;
; 0.500  ; 0.500        ; 0.000          ; Low Pulse Width  ; KEY[0] ; Rise       ; sec[3]~13        ;
; 0.500  ; 0.500        ; 0.000          ; High Pulse Width ; KEY[0] ; Rise       ; sec[3]~13|datac  ;
; 0.500  ; 0.500        ; 0.000          ; Low Pulse Width  ; KEY[0] ; Rise       ; sec[3]~13|datac  ;
; 0.500  ; 0.500        ; 0.000          ; High Pulse Width ; KEY[0] ; Rise       ; sec[4]~21        ;
; 0.500  ; 0.500        ; 0.000          ; Low Pulse Width  ; KEY[0] ; Rise       ; sec[4]~21        ;
; 0.500  ; 0.500        ; 0.000          ; High Pulse Width ; KEY[0] ; Rise       ; sec[4]~21|datac  ;
; 0.500  ; 0.500        ; 0.000          ; Low Pulse Width  ; KEY[0] ; Rise       ; sec[4]~21|datac  ;
; 0.500  ; 0.500        ; 0.000          ; High Pulse Width ; KEY[0] ; Rise       ; sec[5]~17        ;
; 0.500  ; 0.500        ; 0.000          ; Low Pulse Width  ; KEY[0] ; Rise       ; sec[5]~17        ;
; 0.500  ; 0.500        ; 0.000          ; High Pulse Width ; KEY[0] ; Rise       ; sec[5]~17|datac  ;
; 0.500  ; 0.500        ; 0.000          ; Low Pulse Width  ; KEY[0] ; Rise       ; sec[5]~17|datac  ;
+--------+--------------+----------------+------------------+--------+------------+------------------+


+-------------------------------------------------------------------------+
; Setup Times                                                             ;
+-----------+------------+--------+--------+------------+-----------------+
; Data Port ; Clock Port ; Rise   ; Fall   ; Clock Edge ; Clock Reference ;
+-----------+------------+--------+--------+------------+-----------------+
; KEY[*]    ; CLK        ; 3.082  ; 3.082  ; Rise       ; CLK             ;
;  KEY[0]   ; CLK        ; 3.082  ; 3.082  ; Rise       ; CLK             ;
; SW[*]     ; CLK        ; 11.728 ; 11.728 ; Rise       ; CLK             ;
;  SW[0]    ; CLK        ; 4.865  ; 4.865  ; Rise       ; CLK             ;
;  SW[1]    ; CLK        ; 3.741  ; 3.741  ; Rise       ; CLK             ;
;  SW[2]    ; CLK        ; 7.414  ; 7.414  ; Rise       ; CLK             ;
;  SW[3]    ; CLK        ; 8.903  ; 8.903  ; Rise       ; CLK             ;
;  SW[4]    ; CLK        ; 8.723  ; 8.723  ; Rise       ; CLK             ;
;  SW[5]    ; CLK        ; 8.918  ; 8.918  ; Rise       ; CLK             ;
;  SW[6]    ; CLK        ; 5.011  ; 5.011  ; Rise       ; CLK             ;
;  SW[7]    ; CLK        ; 5.128  ; 5.128  ; Rise       ; CLK             ;
;  SW[8]    ; CLK        ; 7.931  ; 7.931  ; Rise       ; CLK             ;
;  SW[9]    ; CLK        ; 8.317  ; 8.317  ; Rise       ; CLK             ;
;  SW[10]   ; CLK        ; 8.529  ; 8.529  ; Rise       ; CLK             ;
;  SW[11]   ; CLK        ; 9.016  ; 9.016  ; Rise       ; CLK             ;
;  SW[12]   ; CLK        ; 4.327  ; 4.327  ; Rise       ; CLK             ;
;  SW[13]   ; CLK        ; 9.491  ; 9.491  ; Rise       ; CLK             ;
;  SW[14]   ; CLK        ; 9.127  ; 9.127  ; Rise       ; CLK             ;
;  SW[15]   ; CLK        ; 11.728 ; 11.728 ; Rise       ; CLK             ;
;  SW[16]   ; CLK        ; 10.643 ; 10.643 ; Rise       ; CLK             ;
; KEY[*]    ; KEY[0]     ; 4.260  ; 4.260  ; Rise       ; KEY[0]          ;
;  KEY[0]   ; KEY[0]     ; 4.260  ; 4.260  ; Rise       ; KEY[0]          ;
; SW[*]     ; KEY[0]     ; 8.665  ; 8.665  ; Rise       ; KEY[0]          ;
;  SW[0]    ; KEY[0]     ; 1.460  ; 1.460  ; Rise       ; KEY[0]          ;
;  SW[1]    ; KEY[0]     ; 1.288  ; 1.288  ; Rise       ; KEY[0]          ;
;  SW[2]    ; KEY[0]     ; 4.351  ; 4.351  ; Rise       ; KEY[0]          ;
;  SW[3]    ; KEY[0]     ; 5.840  ; 5.840  ; Rise       ; KEY[0]          ;
;  SW[4]    ; KEY[0]     ; 5.660  ; 5.660  ; Rise       ; KEY[0]          ;
;  SW[5]    ; KEY[0]     ; 5.855  ; 5.855  ; Rise       ; KEY[0]          ;
;  SW[6]    ; KEY[0]     ; 2.530  ; 2.530  ; Rise       ; KEY[0]          ;
;  SW[7]    ; KEY[0]     ; 2.425  ; 2.425  ; Rise       ; KEY[0]          ;
;  SW[8]    ; KEY[0]     ; 4.868  ; 4.868  ; Rise       ; KEY[0]          ;
;  SW[9]    ; KEY[0]     ; 5.254  ; 5.254  ; Rise       ; KEY[0]          ;
;  SW[10]   ; KEY[0]     ; 5.466  ; 5.466  ; Rise       ; KEY[0]          ;
;  SW[11]   ; KEY[0]     ; 5.953  ; 5.953  ; Rise       ; KEY[0]          ;
;  SW[12]   ; KEY[0]     ; 2.556  ; 2.556  ; Rise       ; KEY[0]          ;
;  SW[13]   ; KEY[0]     ; 6.945  ; 6.945  ; Rise       ; KEY[0]          ;
;  SW[14]   ; KEY[0]     ; 7.269  ; 7.269  ; Rise       ; KEY[0]          ;
;  SW[15]   ; KEY[0]     ; 8.665  ; 8.665  ; Rise       ; KEY[0]          ;
;  SW[16]   ; KEY[0]     ; 7.580  ; 7.580  ; Rise       ; KEY[0]          ;
+-----------+------------+--------+--------+------------+-----------------+


+-------------------------------------------------------------------------+
; Hold Times                                                              ;
+-----------+------------+--------+--------+------------+-----------------+
; Data Port ; Clock Port ; Rise   ; Fall   ; Clock Edge ; Clock Reference ;
+-----------+------------+--------+--------+------------+-----------------+
; KEY[*]    ; CLK        ; -1.504 ; -1.504 ; Rise       ; CLK             ;
;  KEY[0]   ; CLK        ; -1.504 ; -1.504 ; Rise       ; CLK             ;
; SW[*]     ; CLK        ; -2.688 ; -2.688 ; Rise       ; CLK             ;
;  SW[0]    ; CLK        ; -3.624 ; -3.624 ; Rise       ; CLK             ;
;  SW[1]    ; CLK        ; -2.688 ; -2.688 ; Rise       ; CLK             ;
;  SW[2]    ; CLK        ; -3.019 ; -3.019 ; Rise       ; CLK             ;
;  SW[3]    ; CLK        ; -4.504 ; -4.504 ; Rise       ; CLK             ;
;  SW[4]    ; CLK        ; -4.224 ; -4.224 ; Rise       ; CLK             ;
;  SW[5]    ; CLK        ; -4.056 ; -4.056 ; Rise       ; CLK             ;
;  SW[6]    ; CLK        ; -3.568 ; -3.568 ; Rise       ; CLK             ;
;  SW[7]    ; CLK        ; -3.915 ; -3.915 ; Rise       ; CLK             ;
;  SW[8]    ; CLK        ; -3.760 ; -3.760 ; Rise       ; CLK             ;
;  SW[9]    ; CLK        ; -3.899 ; -3.899 ; Rise       ; CLK             ;
;  SW[10]   ; CLK        ; -4.248 ; -4.248 ; Rise       ; CLK             ;
;  SW[11]   ; CLK        ; -4.578 ; -4.578 ; Rise       ; CLK             ;
;  SW[12]   ; CLK        ; -3.816 ; -3.816 ; Rise       ; CLK             ;
;  SW[13]   ; CLK        ; -8.864 ; -8.864 ; Rise       ; CLK             ;
;  SW[14]   ; CLK        ; -8.487 ; -8.487 ; Rise       ; CLK             ;
;  SW[15]   ; CLK        ; -8.475 ; -8.475 ; Rise       ; CLK             ;
;  SW[16]   ; CLK        ; -7.615 ; -7.615 ; Rise       ; CLK             ;
; KEY[*]    ; KEY[0]     ; -0.680 ; -0.680 ; Rise       ; KEY[0]          ;
;  KEY[0]   ; KEY[0]     ; -0.680 ; -0.680 ; Rise       ; KEY[0]          ;
; SW[*]     ; KEY[0]     ; -0.328 ; -0.328 ; Rise       ; KEY[0]          ;
;  SW[0]    ; KEY[0]     ; -0.500 ; -0.500 ; Rise       ; KEY[0]          ;
;  SW[1]    ; KEY[0]     ; -0.328 ; -0.328 ; Rise       ; KEY[0]          ;
;  SW[2]    ; KEY[0]     ; -0.739 ; -0.739 ; Rise       ; KEY[0]          ;
;  SW[3]    ; KEY[0]     ; -1.646 ; -1.646 ; Rise       ; KEY[0]          ;
;  SW[4]    ; KEY[0]     ; -1.611 ; -1.611 ; Rise       ; KEY[0]          ;
;  SW[5]    ; KEY[0]     ; -1.719 ; -1.719 ; Rise       ; KEY[0]          ;
;  SW[6]    ; KEY[0]     ; -1.567 ; -1.567 ; Rise       ; KEY[0]          ;
;  SW[7]    ; KEY[0]     ; -1.462 ; -1.462 ; Rise       ; KEY[0]          ;
;  SW[8]    ; KEY[0]     ; -1.540 ; -1.540 ; Rise       ; KEY[0]          ;
;  SW[9]    ; KEY[0]     ; -1.792 ; -1.792 ; Rise       ; KEY[0]          ;
;  SW[10]   ; KEY[0]     ; -1.985 ; -1.985 ; Rise       ; KEY[0]          ;
;  SW[11]   ; KEY[0]     ; -2.090 ; -2.090 ; Rise       ; KEY[0]          ;
;  SW[12]   ; KEY[0]     ; -1.566 ; -1.566 ; Rise       ; KEY[0]          ;
;  SW[13]   ; KEY[0]     ; -5.794 ; -5.794 ; Rise       ; KEY[0]          ;
;  SW[14]   ; KEY[0]     ; -6.128 ; -6.128 ; Rise       ; KEY[0]          ;
;  SW[15]   ; KEY[0]     ; -5.995 ; -5.995 ; Rise       ; KEY[0]          ;
;  SW[16]   ; KEY[0]     ; -5.304 ; -5.304 ; Rise       ; KEY[0]          ;
+-----------+------------+--------+--------+------------+-----------------+


+-------------------------------------------------------------------------+
; Clock to Output Times                                                   ;
+-----------+------------+--------+--------+------------+-----------------+
; Data Port ; Clock Port ; Rise   ; Fall   ; Clock Edge ; Clock Reference ;
+-----------+------------+--------+--------+------------+-----------------+
; H2[*]     ; CLK        ; 16.273 ; 16.273 ; Rise       ; CLK             ;
;  H2[0]    ; CLK        ; 16.231 ; 16.231 ; Rise       ; CLK             ;
;  H2[1]    ; CLK        ; 16.194 ; 16.194 ; Rise       ; CLK             ;
;  H2[2]    ; CLK        ; 16.273 ; 16.273 ; Rise       ; CLK             ;
;  H2[3]    ; CLK        ; 16.242 ; 16.242 ; Rise       ; CLK             ;
;  H2[4]    ; CLK        ; 15.987 ; 15.987 ; Rise       ; CLK             ;
;  H2[5]    ; CLK        ; 15.941 ; 15.941 ; Rise       ; CLK             ;
;  H2[6]    ; CLK        ; 15.967 ; 15.967 ; Rise       ; CLK             ;
; H3[*]     ; CLK        ; 16.150 ; 16.150 ; Rise       ; CLK             ;
;  H3[0]    ; CLK        ; 16.077 ; 16.077 ; Rise       ; CLK             ;
;  H3[1]    ; CLK        ; 16.128 ; 16.128 ; Rise       ; CLK             ;
;  H3[2]    ; CLK        ; 16.119 ; 16.119 ; Rise       ; CLK             ;
;  H3[3]    ; CLK        ; 16.134 ; 16.134 ; Rise       ; CLK             ;
;  H3[4]    ; CLK        ; 16.150 ; 16.150 ; Rise       ; CLK             ;
;  H3[5]    ; CLK        ; 16.140 ; 16.140 ; Rise       ; CLK             ;
;  H3[6]    ; CLK        ; 16.135 ; 16.135 ; Rise       ; CLK             ;
; H4[*]     ; CLK        ; 19.054 ; 19.054 ; Rise       ; CLK             ;
;  H4[0]    ; CLK        ; 19.054 ; 19.054 ; Rise       ; CLK             ;
;  H4[1]    ; CLK        ; 19.050 ; 19.050 ; Rise       ; CLK             ;
;  H4[2]    ; CLK        ; 18.934 ; 18.934 ; Rise       ; CLK             ;
;  H4[3]    ; CLK        ; 18.763 ; 18.763 ; Rise       ; CLK             ;
;  H4[4]    ; CLK        ; 18.770 ; 18.770 ; Rise       ; CLK             ;
;  H4[5]    ; CLK        ; 18.784 ; 18.784 ; Rise       ; CLK             ;
;  H4[6]    ; CLK        ; 18.942 ; 18.942 ; Rise       ; CLK             ;
; H5[*]     ; CLK        ; 19.123 ; 19.123 ; Rise       ; CLK             ;
;  H5[0]    ; CLK        ; 18.848 ; 18.848 ; Rise       ; CLK             ;
;  H5[1]    ; CLK        ; 18.980 ; 18.980 ; Rise       ; CLK             ;
;  H5[2]    ; CLK        ; 17.887 ; 17.887 ; Rise       ; CLK             ;
;  H5[3]    ; CLK        ; 19.123 ; 19.123 ; Rise       ; CLK             ;
;  H5[4]    ; CLK        ; 17.929 ; 17.929 ; Rise       ; CLK             ;
;  H5[5]    ; CLK        ; 18.563 ; 18.563 ; Rise       ; CLK             ;
;  H5[6]    ; CLK        ; 17.625 ; 17.625 ; Rise       ; CLK             ;
; H6[*]     ; CLK        ; 16.514 ; 16.514 ; Rise       ; CLK             ;
;  H6[0]    ; CLK        ; 16.504 ; 16.504 ; Rise       ; CLK             ;
;  H6[1]    ; CLK        ; 16.513 ; 16.513 ; Rise       ; CLK             ;
;  H6[2]    ; CLK        ; 16.514 ; 16.514 ; Rise       ; CLK             ;
;  H6[3]    ; CLK        ; 15.923 ; 15.923 ; Rise       ; CLK             ;
;  H6[4]    ; CLK        ; 15.914 ; 15.914 ; Rise       ; CLK             ;
;  H6[5]    ; CLK        ; 15.901 ; 15.901 ; Rise       ; CLK             ;
;  H6[6]    ; CLK        ; 15.902 ; 15.902 ; Rise       ; CLK             ;
; H7[*]     ; CLK        ; 15.508 ; 15.508 ; Rise       ; CLK             ;
;  H7[0]    ; CLK        ; 15.221 ; 15.221 ; Rise       ; CLK             ;
;  H7[2]    ; CLK        ; 15.203 ; 15.203 ; Rise       ; CLK             ;
;  H7[3]    ; CLK        ; 15.191 ; 15.191 ; Rise       ; CLK             ;
;  H7[4]    ; CLK        ; 14.585 ; 14.585 ; Rise       ; CLK             ;
;  H7[5]    ; CLK        ; 15.508 ; 15.508 ; Rise       ; CLK             ;
;  H7[6]    ; CLK        ; 12.619 ; 12.619 ; Rise       ; CLK             ;
; H2[*]     ; KEY[0]     ; 15.878 ; 15.878 ; Rise       ; KEY[0]          ;
;  H2[0]    ; KEY[0]     ; 15.836 ; 15.836 ; Rise       ; KEY[0]          ;
;  H2[1]    ; KEY[0]     ; 15.799 ; 15.799 ; Rise       ; KEY[0]          ;
;  H2[2]    ; KEY[0]     ; 15.878 ; 15.878 ; Rise       ; KEY[0]          ;
;  H2[3]    ; KEY[0]     ; 15.847 ; 15.847 ; Rise       ; KEY[0]          ;
;  H2[4]    ; KEY[0]     ; 15.592 ; 15.592 ; Rise       ; KEY[0]          ;
;  H2[5]    ; KEY[0]     ; 15.546 ; 15.546 ; Rise       ; KEY[0]          ;
;  H2[6]    ; KEY[0]     ; 15.572 ; 15.572 ; Rise       ; KEY[0]          ;
; H3[*]     ; KEY[0]     ; 15.755 ; 15.755 ; Rise       ; KEY[0]          ;
;  H3[0]    ; KEY[0]     ; 15.682 ; 15.682 ; Rise       ; KEY[0]          ;
;  H3[1]    ; KEY[0]     ; 15.733 ; 15.733 ; Rise       ; KEY[0]          ;
;  H3[2]    ; KEY[0]     ; 15.724 ; 15.724 ; Rise       ; KEY[0]          ;
;  H3[3]    ; KEY[0]     ; 15.739 ; 15.739 ; Rise       ; KEY[0]          ;
;  H3[4]    ; KEY[0]     ; 15.755 ; 15.755 ; Rise       ; KEY[0]          ;
;  H3[5]    ; KEY[0]     ; 15.745 ; 15.745 ; Rise       ; KEY[0]          ;
;  H3[6]    ; KEY[0]     ; 15.740 ; 15.740 ; Rise       ; KEY[0]          ;
; H4[*]     ; KEY[0]     ; 18.261 ; 18.261 ; Rise       ; KEY[0]          ;
;  H4[0]    ; KEY[0]     ; 18.261 ; 18.261 ; Rise       ; KEY[0]          ;
;  H4[1]    ; KEY[0]     ; 18.257 ; 18.257 ; Rise       ; KEY[0]          ;
;  H4[2]    ; KEY[0]     ; 18.141 ; 18.141 ; Rise       ; KEY[0]          ;
;  H4[3]    ; KEY[0]     ; 17.970 ; 17.970 ; Rise       ; KEY[0]          ;
;  H4[4]    ; KEY[0]     ; 17.977 ; 17.977 ; Rise       ; KEY[0]          ;
;  H4[5]    ; KEY[0]     ; 17.991 ; 17.991 ; Rise       ; KEY[0]          ;
;  H4[6]    ; KEY[0]     ; 18.149 ; 18.149 ; Rise       ; KEY[0]          ;
; H5[*]     ; KEY[0]     ; 18.380 ; 18.380 ; Rise       ; KEY[0]          ;
;  H5[0]    ; KEY[0]     ; 18.105 ; 18.105 ; Rise       ; KEY[0]          ;
;  H5[1]    ; KEY[0]     ; 18.237 ; 18.237 ; Rise       ; KEY[0]          ;
;  H5[2]    ; KEY[0]     ; 17.144 ; 17.144 ; Rise       ; KEY[0]          ;
;  H5[3]    ; KEY[0]     ; 18.380 ; 18.380 ; Rise       ; KEY[0]          ;
;  H5[4]    ; KEY[0]     ; 17.186 ; 17.186 ; Rise       ; KEY[0]          ;
;  H5[5]    ; KEY[0]     ; 17.820 ; 17.820 ; Rise       ; KEY[0]          ;
;  H5[6]    ; KEY[0]     ; 16.882 ; 16.882 ; Rise       ; KEY[0]          ;
; H6[*]     ; KEY[0]     ; 15.833 ; 15.833 ; Rise       ; KEY[0]          ;
;  H6[0]    ; KEY[0]     ; 15.823 ; 15.823 ; Rise       ; KEY[0]          ;
;  H6[1]    ; KEY[0]     ; 15.832 ; 15.832 ; Rise       ; KEY[0]          ;
;  H6[2]    ; KEY[0]     ; 15.833 ; 15.833 ; Rise       ; KEY[0]          ;
;  H6[3]    ; KEY[0]     ; 15.242 ; 15.242 ; Rise       ; KEY[0]          ;
;  H6[4]    ; KEY[0]     ; 15.233 ; 15.233 ; Rise       ; KEY[0]          ;
;  H6[5]    ; KEY[0]     ; 15.220 ; 15.220 ; Rise       ; KEY[0]          ;
;  H6[6]    ; KEY[0]     ; 15.221 ; 15.221 ; Rise       ; KEY[0]          ;
; H7[*]     ; KEY[0]     ; 14.827 ; 14.827 ; Rise       ; KEY[0]          ;
;  H7[0]    ; KEY[0]     ; 14.540 ; 14.540 ; Rise       ; KEY[0]          ;
;  H7[2]    ; KEY[0]     ; 14.522 ; 14.522 ; Rise       ; KEY[0]          ;
;  H7[3]    ; KEY[0]     ; 14.510 ; 14.510 ; Rise       ; KEY[0]          ;
;  H7[4]    ; KEY[0]     ; 13.904 ; 13.904 ; Rise       ; KEY[0]          ;
;  H7[5]    ; KEY[0]     ; 14.827 ; 14.827 ; Rise       ; KEY[0]          ;
;  H7[6]    ; KEY[0]     ; 11.938 ; 11.938 ; Rise       ; KEY[0]          ;
; H2[*]     ; KEY[0]     ; 15.035 ; 15.035 ; Fall       ; KEY[0]          ;
;  H2[0]    ; KEY[0]     ; 14.993 ; 14.993 ; Fall       ; KEY[0]          ;
;  H2[1]    ; KEY[0]     ; 14.956 ; 14.956 ; Fall       ; KEY[0]          ;
;  H2[2]    ; KEY[0]     ; 15.035 ; 15.035 ; Fall       ; KEY[0]          ;
;  H2[3]    ; KEY[0]     ; 15.004 ; 15.004 ; Fall       ; KEY[0]          ;
;  H2[4]    ; KEY[0]     ; 14.749 ; 14.749 ; Fall       ; KEY[0]          ;
;  H2[5]    ; KEY[0]     ; 14.703 ; 14.703 ; Fall       ; KEY[0]          ;
;  H2[6]    ; KEY[0]     ; 14.729 ; 14.729 ; Fall       ; KEY[0]          ;
; H3[*]     ; KEY[0]     ; 14.912 ; 14.912 ; Fall       ; KEY[0]          ;
;  H3[0]    ; KEY[0]     ; 14.839 ; 14.839 ; Fall       ; KEY[0]          ;
;  H3[1]    ; KEY[0]     ; 14.890 ; 14.890 ; Fall       ; KEY[0]          ;
;  H3[2]    ; KEY[0]     ; 14.881 ; 14.881 ; Fall       ; KEY[0]          ;
;  H3[3]    ; KEY[0]     ; 14.896 ; 14.896 ; Fall       ; KEY[0]          ;
;  H3[4]    ; KEY[0]     ; 14.912 ; 14.912 ; Fall       ; KEY[0]          ;
;  H3[5]    ; KEY[0]     ; 14.902 ; 14.902 ; Fall       ; KEY[0]          ;
;  H3[6]    ; KEY[0]     ; 14.897 ; 14.897 ; Fall       ; KEY[0]          ;
; H4[*]     ; KEY[0]     ; 17.833 ; 17.833 ; Fall       ; KEY[0]          ;
;  H4[0]    ; KEY[0]     ; 17.833 ; 17.833 ; Fall       ; KEY[0]          ;
;  H4[1]    ; KEY[0]     ; 17.829 ; 17.829 ; Fall       ; KEY[0]          ;
;  H4[2]    ; KEY[0]     ; 17.713 ; 17.713 ; Fall       ; KEY[0]          ;
;  H4[3]    ; KEY[0]     ; 17.542 ; 17.542 ; Fall       ; KEY[0]          ;
;  H4[4]    ; KEY[0]     ; 17.549 ; 17.549 ; Fall       ; KEY[0]          ;
;  H4[5]    ; KEY[0]     ; 17.563 ; 17.563 ; Fall       ; KEY[0]          ;
;  H4[6]    ; KEY[0]     ; 17.721 ; 17.721 ; Fall       ; KEY[0]          ;
; H5[*]     ; KEY[0]     ; 17.902 ; 17.902 ; Fall       ; KEY[0]          ;
;  H5[0]    ; KEY[0]     ; 17.627 ; 17.627 ; Fall       ; KEY[0]          ;
;  H5[1]    ; KEY[0]     ; 17.759 ; 17.759 ; Fall       ; KEY[0]          ;
;  H5[2]    ; KEY[0]     ; 16.666 ; 16.666 ; Fall       ; KEY[0]          ;
;  H5[3]    ; KEY[0]     ; 17.902 ; 17.902 ; Fall       ; KEY[0]          ;
;  H5[4]    ; KEY[0]     ; 16.708 ; 16.708 ; Fall       ; KEY[0]          ;
;  H5[5]    ; KEY[0]     ; 17.342 ; 17.342 ; Fall       ; KEY[0]          ;
;  H5[6]    ; KEY[0]     ; 16.404 ; 16.404 ; Fall       ; KEY[0]          ;
; H6[*]     ; KEY[0]     ; 15.558 ; 15.558 ; Fall       ; KEY[0]          ;
;  H6[0]    ; KEY[0]     ; 15.548 ; 15.548 ; Fall       ; KEY[0]          ;
;  H6[1]    ; KEY[0]     ; 15.557 ; 15.557 ; Fall       ; KEY[0]          ;
;  H6[2]    ; KEY[0]     ; 15.558 ; 15.558 ; Fall       ; KEY[0]          ;
;  H6[3]    ; KEY[0]     ; 14.967 ; 14.967 ; Fall       ; KEY[0]          ;
;  H6[4]    ; KEY[0]     ; 14.958 ; 14.958 ; Fall       ; KEY[0]          ;
;  H6[5]    ; KEY[0]     ; 14.945 ; 14.945 ; Fall       ; KEY[0]          ;
;  H6[6]    ; KEY[0]     ; 14.946 ; 14.946 ; Fall       ; KEY[0]          ;
; H7[*]     ; KEY[0]     ; 14.552 ; 14.552 ; Fall       ; KEY[0]          ;
;  H7[0]    ; KEY[0]     ; 14.265 ; 14.265 ; Fall       ; KEY[0]          ;
;  H7[2]    ; KEY[0]     ; 14.247 ; 14.247 ; Fall       ; KEY[0]          ;
;  H7[3]    ; KEY[0]     ; 14.235 ; 14.235 ; Fall       ; KEY[0]          ;
;  H7[4]    ; KEY[0]     ; 13.629 ; 13.629 ; Fall       ; KEY[0]          ;
;  H7[5]    ; KEY[0]     ; 14.552 ; 14.552 ; Fall       ; KEY[0]          ;
;  H7[6]    ; KEY[0]     ; 11.663 ; 11.663 ; Fall       ; KEY[0]          ;
+-----------+------------+--------+--------+------------+-----------------+


+-------------------------------------------------------------------------+
; Minimum Clock to Output Times                                           ;
+-----------+------------+--------+--------+------------+-----------------+
; Data Port ; Clock Port ; Rise   ; Fall   ; Clock Edge ; Clock Reference ;
+-----------+------------+--------+--------+------------+-----------------+
; H2[*]     ; CLK        ; 8.927  ; 8.927  ; Rise       ; CLK             ;
;  H2[0]    ; CLK        ; 9.225  ; 9.225  ; Rise       ; CLK             ;
;  H2[1]    ; CLK        ; 9.178  ; 9.178  ; Rise       ; CLK             ;
;  H2[2]    ; CLK        ; 9.264  ; 9.264  ; Rise       ; CLK             ;
;  H2[3]    ; CLK        ; 9.226  ; 9.226  ; Rise       ; CLK             ;
;  H2[4]    ; CLK        ; 8.941  ; 8.941  ; Rise       ; CLK             ;
;  H2[5]    ; CLK        ; 8.927  ; 8.927  ; Rise       ; CLK             ;
;  H2[6]    ; CLK        ; 8.965  ; 8.965  ; Rise       ; CLK             ;
; H3[*]     ; CLK        ; 10.406 ; 10.406 ; Rise       ; CLK             ;
;  H3[0]    ; CLK        ; 10.406 ; 10.406 ; Rise       ; CLK             ;
;  H3[1]    ; CLK        ; 10.420 ; 10.420 ; Rise       ; CLK             ;
;  H3[2]    ; CLK        ; 10.412 ; 10.412 ; Rise       ; CLK             ;
;  H3[3]    ; CLK        ; 10.464 ; 10.464 ; Rise       ; CLK             ;
;  H3[4]    ; CLK        ; 10.470 ; 10.470 ; Rise       ; CLK             ;
;  H3[5]    ; CLK        ; 10.439 ; 10.439 ; Rise       ; CLK             ;
;  H3[6]    ; CLK        ; 10.430 ; 10.430 ; Rise       ; CLK             ;
; H4[*]     ; CLK        ; 12.125 ; 12.125 ; Rise       ; CLK             ;
;  H4[0]    ; CLK        ; 12.439 ; 12.439 ; Rise       ; CLK             ;
;  H4[1]    ; CLK        ; 12.435 ; 12.435 ; Rise       ; CLK             ;
;  H4[2]    ; CLK        ; 12.316 ; 12.316 ; Rise       ; CLK             ;
;  H4[3]    ; CLK        ; 12.148 ; 12.148 ; Rise       ; CLK             ;
;  H4[4]    ; CLK        ; 12.125 ; 12.125 ; Rise       ; CLK             ;
;  H4[5]    ; CLK        ; 12.167 ; 12.167 ; Rise       ; CLK             ;
;  H4[6]    ; CLK        ; 12.328 ; 12.328 ; Rise       ; CLK             ;
; H5[*]     ; CLK        ; 11.748 ; 11.748 ; Rise       ; CLK             ;
;  H5[0]    ; CLK        ; 12.967 ; 12.967 ; Rise       ; CLK             ;
;  H5[1]    ; CLK        ; 13.098 ; 13.098 ; Rise       ; CLK             ;
;  H5[2]    ; CLK        ; 12.010 ; 12.010 ; Rise       ; CLK             ;
;  H5[3]    ; CLK        ; 13.243 ; 13.243 ; Rise       ; CLK             ;
;  H5[4]    ; CLK        ; 12.047 ; 12.047 ; Rise       ; CLK             ;
;  H5[5]    ; CLK        ; 12.686 ; 12.686 ; Rise       ; CLK             ;
;  H5[6]    ; CLK        ; 11.748 ; 11.748 ; Rise       ; CLK             ;
; H6[*]     ; CLK        ; 10.459 ; 10.459 ; Rise       ; CLK             ;
;  H6[0]    ; CLK        ; 11.075 ; 11.075 ; Rise       ; CLK             ;
;  H6[1]    ; CLK        ; 11.076 ; 11.076 ; Rise       ; CLK             ;
;  H6[2]    ; CLK        ; 11.073 ; 11.073 ; Rise       ; CLK             ;
;  H6[3]    ; CLK        ; 10.490 ; 10.490 ; Rise       ; CLK             ;
;  H6[4]    ; CLK        ; 10.477 ; 10.477 ; Rise       ; CLK             ;
;  H6[5]    ; CLK        ; 10.472 ; 10.472 ; Rise       ; CLK             ;
;  H6[6]    ; CLK        ; 10.459 ; 10.459 ; Rise       ; CLK             ;
; H7[*]     ; CLK        ; 11.038 ; 11.038 ; Rise       ; CLK             ;
;  H7[0]    ; CLK        ; 11.674 ; 11.674 ; Rise       ; CLK             ;
;  H7[2]    ; CLK        ; 11.656 ; 11.656 ; Rise       ; CLK             ;
;  H7[3]    ; CLK        ; 11.644 ; 11.644 ; Rise       ; CLK             ;
;  H7[4]    ; CLK        ; 11.038 ; 11.038 ; Rise       ; CLK             ;
;  H7[5]    ; CLK        ; 11.961 ; 11.961 ; Rise       ; CLK             ;
;  H7[6]    ; CLK        ; 12.186 ; 12.186 ; Rise       ; CLK             ;
; H2[*]     ; KEY[0]     ; 7.496  ; 7.496  ; Rise       ; KEY[0]          ;
;  H2[0]    ; KEY[0]     ; 7.794  ; 7.794  ; Rise       ; KEY[0]          ;
;  H2[1]    ; KEY[0]     ; 7.747  ; 7.747  ; Rise       ; KEY[0]          ;
;  H2[2]    ; KEY[0]     ; 7.833  ; 7.833  ; Rise       ; KEY[0]          ;
;  H2[3]    ; KEY[0]     ; 7.795  ; 7.795  ; Rise       ; KEY[0]          ;
;  H2[4]    ; KEY[0]     ; 7.510  ; 7.510  ; Rise       ; KEY[0]          ;
;  H2[5]    ; KEY[0]     ; 7.496  ; 7.496  ; Rise       ; KEY[0]          ;
;  H2[6]    ; KEY[0]     ; 7.534  ; 7.534  ; Rise       ; KEY[0]          ;
; H3[*]     ; KEY[0]     ; 9.031  ; 9.031  ; Rise       ; KEY[0]          ;
;  H3[0]    ; KEY[0]     ; 9.031  ; 9.031  ; Rise       ; KEY[0]          ;
;  H3[1]    ; KEY[0]     ; 9.045  ; 9.045  ; Rise       ; KEY[0]          ;
;  H3[2]    ; KEY[0]     ; 9.037  ; 9.037  ; Rise       ; KEY[0]          ;
;  H3[3]    ; KEY[0]     ; 9.089  ; 9.089  ; Rise       ; KEY[0]          ;
;  H3[4]    ; KEY[0]     ; 9.095  ; 9.095  ; Rise       ; KEY[0]          ;
;  H3[5]    ; KEY[0]     ; 9.064  ; 9.064  ; Rise       ; KEY[0]          ;
;  H3[6]    ; KEY[0]     ; 9.055  ; 9.055  ; Rise       ; KEY[0]          ;
; H4[*]     ; KEY[0]     ; 10.995 ; 10.995 ; Rise       ; KEY[0]          ;
;  H4[0]    ; KEY[0]     ; 11.309 ; 11.309 ; Rise       ; KEY[0]          ;
;  H4[1]    ; KEY[0]     ; 11.305 ; 11.305 ; Rise       ; KEY[0]          ;
;  H4[2]    ; KEY[0]     ; 11.186 ; 11.186 ; Rise       ; KEY[0]          ;
;  H4[3]    ; KEY[0]     ; 11.018 ; 11.018 ; Rise       ; KEY[0]          ;
;  H4[4]    ; KEY[0]     ; 10.995 ; 10.995 ; Rise       ; KEY[0]          ;
;  H4[5]    ; KEY[0]     ; 11.037 ; 11.037 ; Rise       ; KEY[0]          ;
;  H4[6]    ; KEY[0]     ; 11.198 ; 11.198 ; Rise       ; KEY[0]          ;
; H5[*]     ; KEY[0]     ; 10.655 ; 10.655 ; Rise       ; KEY[0]          ;
;  H5[0]    ; KEY[0]     ; 11.874 ; 11.874 ; Rise       ; KEY[0]          ;
;  H5[1]    ; KEY[0]     ; 12.005 ; 12.005 ; Rise       ; KEY[0]          ;
;  H5[2]    ; KEY[0]     ; 10.917 ; 10.917 ; Rise       ; KEY[0]          ;
;  H5[3]    ; KEY[0]     ; 12.150 ; 12.150 ; Rise       ; KEY[0]          ;
;  H5[4]    ; KEY[0]     ; 10.954 ; 10.954 ; Rise       ; KEY[0]          ;
;  H5[5]    ; KEY[0]     ; 11.593 ; 11.593 ; Rise       ; KEY[0]          ;
;  H5[6]    ; KEY[0]     ; 10.655 ; 10.655 ; Rise       ; KEY[0]          ;
; H6[*]     ; KEY[0]     ; 9.212  ; 9.212  ; Rise       ; KEY[0]          ;
;  H6[0]    ; KEY[0]     ; 9.828  ; 9.828  ; Rise       ; KEY[0]          ;
;  H6[1]    ; KEY[0]     ; 9.829  ; 9.829  ; Rise       ; KEY[0]          ;
;  H6[2]    ; KEY[0]     ; 9.826  ; 9.826  ; Rise       ; KEY[0]          ;
;  H6[3]    ; KEY[0]     ; 9.243  ; 9.243  ; Rise       ; KEY[0]          ;
;  H6[4]    ; KEY[0]     ; 9.230  ; 9.230  ; Rise       ; KEY[0]          ;
;  H6[5]    ; KEY[0]     ; 9.225  ; 9.225  ; Rise       ; KEY[0]          ;
;  H6[6]    ; KEY[0]     ; 9.212  ; 9.212  ; Rise       ; KEY[0]          ;
; H7[*]     ; KEY[0]     ; 9.791  ; 9.791  ; Rise       ; KEY[0]          ;
;  H7[0]    ; KEY[0]     ; 10.427 ; 10.427 ; Rise       ; KEY[0]          ;
;  H7[2]    ; KEY[0]     ; 10.409 ; 10.409 ; Rise       ; KEY[0]          ;
;  H7[3]    ; KEY[0]     ; 10.397 ; 10.397 ; Rise       ; KEY[0]          ;
;  H7[4]    ; KEY[0]     ; 9.791  ; 9.791  ; Rise       ; KEY[0]          ;
;  H7[5]    ; KEY[0]     ; 10.714 ; 10.714 ; Rise       ; KEY[0]          ;
;  H7[6]    ; KEY[0]     ; 10.806 ; 10.806 ; Rise       ; KEY[0]          ;
; H2[*]     ; KEY[0]     ; 7.496  ; 7.496  ; Fall       ; KEY[0]          ;
;  H2[0]    ; KEY[0]     ; 7.794  ; 7.794  ; Fall       ; KEY[0]          ;
;  H2[1]    ; KEY[0]     ; 7.747  ; 7.747  ; Fall       ; KEY[0]          ;
;  H2[2]    ; KEY[0]     ; 7.833  ; 7.833  ; Fall       ; KEY[0]          ;
;  H2[3]    ; KEY[0]     ; 7.795  ; 7.795  ; Fall       ; KEY[0]          ;
;  H2[4]    ; KEY[0]     ; 7.510  ; 7.510  ; Fall       ; KEY[0]          ;
;  H2[5]    ; KEY[0]     ; 7.496  ; 7.496  ; Fall       ; KEY[0]          ;
;  H2[6]    ; KEY[0]     ; 7.534  ; 7.534  ; Fall       ; KEY[0]          ;
; H3[*]     ; KEY[0]     ; 9.031  ; 9.031  ; Fall       ; KEY[0]          ;
;  H3[0]    ; KEY[0]     ; 9.031  ; 9.031  ; Fall       ; KEY[0]          ;
;  H3[1]    ; KEY[0]     ; 9.045  ; 9.045  ; Fall       ; KEY[0]          ;
;  H3[2]    ; KEY[0]     ; 9.037  ; 9.037  ; Fall       ; KEY[0]          ;
;  H3[3]    ; KEY[0]     ; 9.089  ; 9.089  ; Fall       ; KEY[0]          ;
;  H3[4]    ; KEY[0]     ; 9.095  ; 9.095  ; Fall       ; KEY[0]          ;
;  H3[5]    ; KEY[0]     ; 9.064  ; 9.064  ; Fall       ; KEY[0]          ;
;  H3[6]    ; KEY[0]     ; 9.055  ; 9.055  ; Fall       ; KEY[0]          ;
; H4[*]     ; KEY[0]     ; 10.995 ; 10.995 ; Fall       ; KEY[0]          ;
;  H4[0]    ; KEY[0]     ; 11.309 ; 11.309 ; Fall       ; KEY[0]          ;
;  H4[1]    ; KEY[0]     ; 11.305 ; 11.305 ; Fall       ; KEY[0]          ;
;  H4[2]    ; KEY[0]     ; 11.186 ; 11.186 ; Fall       ; KEY[0]          ;
;  H4[3]    ; KEY[0]     ; 11.018 ; 11.018 ; Fall       ; KEY[0]          ;
;  H4[4]    ; KEY[0]     ; 10.995 ; 10.995 ; Fall       ; KEY[0]          ;
;  H4[5]    ; KEY[0]     ; 11.037 ; 11.037 ; Fall       ; KEY[0]          ;
;  H4[6]    ; KEY[0]     ; 11.198 ; 11.198 ; Fall       ; KEY[0]          ;
; H5[*]     ; KEY[0]     ; 10.655 ; 10.655 ; Fall       ; KEY[0]          ;
;  H5[0]    ; KEY[0]     ; 11.874 ; 11.874 ; Fall       ; KEY[0]          ;
;  H5[1]    ; KEY[0]     ; 12.005 ; 12.005 ; Fall       ; KEY[0]          ;
;  H5[2]    ; KEY[0]     ; 10.917 ; 10.917 ; Fall       ; KEY[0]          ;
;  H5[3]    ; KEY[0]     ; 12.150 ; 12.150 ; Fall       ; KEY[0]          ;
;  H5[4]    ; KEY[0]     ; 10.954 ; 10.954 ; Fall       ; KEY[0]          ;
;  H5[5]    ; KEY[0]     ; 11.593 ; 11.593 ; Fall       ; KEY[0]          ;
;  H5[6]    ; KEY[0]     ; 10.655 ; 10.655 ; Fall       ; KEY[0]          ;
; H6[*]     ; KEY[0]     ; 9.212  ; 9.212  ; Fall       ; KEY[0]          ;
;  H6[0]    ; KEY[0]     ; 9.828  ; 9.828  ; Fall       ; KEY[0]          ;
;  H6[1]    ; KEY[0]     ; 9.829  ; 9.829  ; Fall       ; KEY[0]          ;
;  H6[2]    ; KEY[0]     ; 9.826  ; 9.826  ; Fall       ; KEY[0]          ;
;  H6[3]    ; KEY[0]     ; 9.243  ; 9.243  ; Fall       ; KEY[0]          ;
;  H6[4]    ; KEY[0]     ; 9.230  ; 9.230  ; Fall       ; KEY[0]          ;
;  H6[5]    ; KEY[0]     ; 9.225  ; 9.225  ; Fall       ; KEY[0]          ;
;  H6[6]    ; KEY[0]     ; 9.212  ; 9.212  ; Fall       ; KEY[0]          ;
; H7[*]     ; KEY[0]     ; 9.791  ; 9.791  ; Fall       ; KEY[0]          ;
;  H7[0]    ; KEY[0]     ; 10.427 ; 10.427 ; Fall       ; KEY[0]          ;
;  H7[2]    ; KEY[0]     ; 10.409 ; 10.409 ; Fall       ; KEY[0]          ;
;  H7[3]    ; KEY[0]     ; 10.397 ; 10.397 ; Fall       ; KEY[0]          ;
;  H7[4]    ; KEY[0]     ; 9.791  ; 9.791  ; Fall       ; KEY[0]          ;
;  H7[5]    ; KEY[0]     ; 10.714 ; 10.714 ; Fall       ; KEY[0]          ;
;  H7[6]    ; KEY[0]     ; 10.806 ; 10.806 ; Fall       ; KEY[0]          ;
+-----------+------------+--------+--------+------------+-----------------+


+--------------------------------------------------------------+
; Propagation Delay                                            ;
+------------+-------------+--------+--------+--------+--------+
; Input Port ; Output Port ; RR     ; RF     ; FR     ; FF     ;
+------------+-------------+--------+--------+--------+--------+
; SW[0]      ; H2[0]       ; 9.727  ; 9.727  ; 9.727  ; 9.727  ;
; SW[0]      ; H2[1]       ; 9.680  ; 9.680  ; 9.680  ; 9.680  ;
; SW[0]      ; H2[2]       ;        ; 9.766  ; 9.766  ;        ;
; SW[0]      ; H2[3]       ; 9.728  ; 9.728  ; 9.728  ; 9.728  ;
; SW[0]      ; H2[4]       ; 9.443  ;        ;        ; 9.443  ;
; SW[0]      ; H2[5]       ; 9.429  ;        ;        ; 9.429  ;
; SW[0]      ; H2[6]       ; 9.467  ;        ;        ; 9.467  ;
; SW[1]      ; H2[0]       ; 11.617 ; 11.617 ; 11.617 ; 11.617 ;
; SW[1]      ; H2[1]       ; 11.580 ; 11.580 ; 11.580 ; 11.580 ;
; SW[1]      ; H2[2]       ; 11.659 ; 11.659 ; 11.659 ; 11.659 ;
; SW[1]      ; H2[3]       ; 11.628 ; 11.628 ; 11.628 ; 11.628 ;
; SW[1]      ; H2[4]       ; 11.373 ; 11.373 ; 11.373 ; 11.373 ;
; SW[1]      ; H2[5]       ; 11.327 ; 11.327 ; 11.327 ; 11.327 ;
; SW[1]      ; H2[6]       ; 11.353 ; 11.353 ; 11.353 ; 11.353 ;
; SW[1]      ; H3[0]       ; 10.679 ; 10.679 ; 10.679 ; 10.679 ;
; SW[1]      ; H3[1]       ; 10.730 ; 10.730 ; 10.730 ; 10.730 ;
; SW[1]      ; H3[2]       ;        ; 10.721 ; 10.721 ;        ;
; SW[1]      ; H3[3]       ; 10.736 ; 10.736 ; 10.736 ; 10.736 ;
; SW[1]      ; H3[4]       ; 10.752 ;        ;        ; 10.752 ;
; SW[1]      ; H3[5]       ; 10.742 ;        ;        ; 10.742 ;
; SW[1]      ; H3[6]       ; 10.737 ;        ;        ; 10.737 ;
; SW[2]      ; H2[0]       ; 18.670 ; 18.670 ; 18.670 ; 18.670 ;
; SW[2]      ; H2[1]       ; 18.633 ; 18.633 ; 18.633 ; 18.633 ;
; SW[2]      ; H2[2]       ; 18.712 ; 18.712 ; 18.712 ; 18.712 ;
; SW[2]      ; H2[3]       ; 18.681 ; 18.681 ; 18.681 ; 18.681 ;
; SW[2]      ; H2[4]       ; 18.426 ; 18.426 ; 18.426 ; 18.426 ;
; SW[2]      ; H2[5]       ; 18.380 ; 18.380 ; 18.380 ; 18.380 ;
; SW[2]      ; H2[6]       ; 18.406 ; 18.406 ; 18.406 ; 18.406 ;
; SW[2]      ; H3[0]       ; 18.516 ; 18.516 ; 18.516 ; 18.516 ;
; SW[2]      ; H3[1]       ; 18.567 ; 18.567 ; 18.567 ; 18.567 ;
; SW[2]      ; H3[2]       ; 18.558 ; 18.558 ; 18.558 ; 18.558 ;
; SW[2]      ; H3[3]       ; 18.573 ; 18.573 ; 18.573 ; 18.573 ;
; SW[2]      ; H3[4]       ; 18.589 ; 18.589 ; 18.589 ; 18.589 ;
; SW[2]      ; H3[5]       ; 18.579 ; 18.579 ; 18.579 ; 18.579 ;
; SW[2]      ; H3[6]       ; 18.574 ; 18.574 ; 18.574 ; 18.574 ;
; SW[2]      ; H4[0]       ; 21.647 ; 21.647 ; 21.647 ; 21.647 ;
; SW[2]      ; H4[1]       ; 21.643 ; 21.643 ; 21.643 ; 21.643 ;
; SW[2]      ; H4[2]       ; 21.527 ; 21.527 ; 21.527 ; 21.527 ;
; SW[2]      ; H4[3]       ; 21.356 ; 21.356 ; 21.356 ; 21.356 ;
; SW[2]      ; H4[4]       ; 21.363 ; 21.363 ; 21.363 ; 21.363 ;
; SW[2]      ; H4[5]       ; 21.377 ; 21.377 ; 21.377 ; 21.377 ;
; SW[2]      ; H4[6]       ; 21.535 ; 21.535 ; 21.535 ; 21.535 ;
; SW[2]      ; H5[0]       ; 21.441 ; 21.441 ; 21.441 ; 21.441 ;
; SW[2]      ; H5[1]       ; 21.573 ; 21.573 ; 21.573 ; 21.573 ;
; SW[2]      ; H5[2]       ; 20.480 ; 20.480 ; 20.480 ; 20.480 ;
; SW[2]      ; H5[3]       ; 21.716 ; 21.716 ; 21.716 ; 21.716 ;
; SW[2]      ; H5[4]       ; 20.522 ; 20.522 ; 20.522 ; 20.522 ;
; SW[2]      ; H5[5]       ; 21.156 ; 21.156 ; 21.156 ; 21.156 ;
; SW[2]      ; H5[6]       ; 20.218 ; 20.218 ; 20.218 ; 20.218 ;
; SW[2]      ; H6[0]       ; 18.791 ; 18.791 ; 18.791 ; 18.791 ;
; SW[2]      ; H6[1]       ; 18.800 ; 18.800 ; 18.800 ; 18.800 ;
; SW[2]      ; H6[2]       ; 18.801 ; 18.801 ; 18.801 ; 18.801 ;
; SW[2]      ; H6[3]       ; 18.210 ; 18.210 ; 18.210 ; 18.210 ;
; SW[2]      ; H6[4]       ; 18.201 ; 18.201 ; 18.201 ; 18.201 ;
; SW[2]      ; H6[5]       ; 18.188 ; 18.188 ; 18.188 ; 18.188 ;
; SW[2]      ; H6[6]       ; 18.189 ; 18.189 ; 18.189 ; 18.189 ;
; SW[2]      ; H7[0]       ; 17.427 ; 17.427 ; 17.427 ; 17.427 ;
; SW[2]      ; H7[2]       ; 17.409 ; 17.409 ; 17.409 ; 17.409 ;
; SW[2]      ; H7[3]       ; 17.397 ; 17.397 ; 17.397 ; 17.397 ;
; SW[2]      ; H7[4]       ; 16.791 ; 16.791 ; 16.791 ; 16.791 ;
; SW[2]      ; H7[5]       ; 17.714 ; 17.714 ; 17.714 ; 17.714 ;
; SW[2]      ; H7[6]       ; 14.825 ; 14.825 ; 14.825 ; 14.825 ;
; SW[2]      ; LEDR[0]     ; 9.042  ;        ;        ; 9.042  ;
; SW[3]      ; H2[0]       ; 20.159 ; 20.159 ; 20.159 ; 20.159 ;
; SW[3]      ; H2[1]       ; 20.122 ; 20.122 ; 20.122 ; 20.122 ;
; SW[3]      ; H2[2]       ; 20.201 ; 20.201 ; 20.201 ; 20.201 ;
; SW[3]      ; H2[3]       ; 20.170 ; 20.170 ; 20.170 ; 20.170 ;
; SW[3]      ; H2[4]       ; 19.915 ; 19.915 ; 19.915 ; 19.915 ;
; SW[3]      ; H2[5]       ; 19.869 ; 19.869 ; 19.869 ; 19.869 ;
; SW[3]      ; H2[6]       ; 19.895 ; 19.895 ; 19.895 ; 19.895 ;
; SW[3]      ; H3[0]       ; 20.005 ; 20.005 ; 20.005 ; 20.005 ;
; SW[3]      ; H3[1]       ; 20.056 ; 20.056 ; 20.056 ; 20.056 ;
; SW[3]      ; H3[2]       ; 20.047 ; 20.047 ; 20.047 ; 20.047 ;
; SW[3]      ; H3[3]       ; 20.062 ; 20.062 ; 20.062 ; 20.062 ;
; SW[3]      ; H3[4]       ; 20.078 ; 20.078 ; 20.078 ; 20.078 ;
; SW[3]      ; H3[5]       ; 20.068 ; 20.068 ; 20.068 ; 20.068 ;
; SW[3]      ; H3[6]       ; 20.063 ; 20.063 ; 20.063 ; 20.063 ;
; SW[3]      ; H4[0]       ; 23.136 ; 23.136 ; 23.136 ; 23.136 ;
; SW[3]      ; H4[1]       ; 23.132 ; 23.132 ; 23.132 ; 23.132 ;
; SW[3]      ; H4[2]       ; 23.016 ; 23.016 ; 23.016 ; 23.016 ;
; SW[3]      ; H4[3]       ; 22.845 ; 22.845 ; 22.845 ; 22.845 ;
; SW[3]      ; H4[4]       ; 22.852 ; 22.852 ; 22.852 ; 22.852 ;
; SW[3]      ; H4[5]       ; 22.866 ; 22.866 ; 22.866 ; 22.866 ;
; SW[3]      ; H4[6]       ; 23.024 ; 23.024 ; 23.024 ; 23.024 ;
; SW[3]      ; H5[0]       ; 22.930 ; 22.930 ; 22.930 ; 22.930 ;
; SW[3]      ; H5[1]       ; 23.062 ; 23.062 ; 23.062 ; 23.062 ;
; SW[3]      ; H5[2]       ; 21.969 ; 21.969 ; 21.969 ; 21.969 ;
; SW[3]      ; H5[3]       ; 23.205 ; 23.205 ; 23.205 ; 23.205 ;
; SW[3]      ; H5[4]       ; 22.011 ; 22.011 ; 22.011 ; 22.011 ;
; SW[3]      ; H5[5]       ; 22.645 ; 22.645 ; 22.645 ; 22.645 ;
; SW[3]      ; H5[6]       ; 21.707 ; 21.707 ; 21.707 ; 21.707 ;
; SW[3]      ; H6[0]       ; 20.280 ; 20.280 ; 20.280 ; 20.280 ;
; SW[3]      ; H6[1]       ; 20.289 ; 20.289 ; 20.289 ; 20.289 ;
; SW[3]      ; H6[2]       ; 20.290 ; 20.290 ; 20.290 ; 20.290 ;
; SW[3]      ; H6[3]       ; 19.699 ; 19.699 ; 19.699 ; 19.699 ;
; SW[3]      ; H6[4]       ; 19.690 ; 19.690 ; 19.690 ; 19.690 ;
; SW[3]      ; H6[5]       ; 19.677 ; 19.677 ; 19.677 ; 19.677 ;
; SW[3]      ; H6[6]       ; 19.678 ; 19.678 ; 19.678 ; 19.678 ;
; SW[3]      ; H7[0]       ; 18.916 ; 18.916 ; 18.916 ; 18.916 ;
; SW[3]      ; H7[2]       ; 18.898 ; 18.898 ; 18.898 ; 18.898 ;
; SW[3]      ; H7[3]       ; 18.886 ; 18.886 ; 18.886 ; 18.886 ;
; SW[3]      ; H7[4]       ; 18.280 ; 18.280 ; 18.280 ; 18.280 ;
; SW[3]      ; H7[5]       ; 19.203 ; 19.203 ; 19.203 ; 19.203 ;
; SW[3]      ; H7[6]       ; 16.314 ; 16.314 ; 16.314 ; 16.314 ;
; SW[3]      ; LEDR[0]     ; 10.531 ;        ;        ; 10.531 ;
; SW[4]      ; H2[0]       ; 19.979 ; 19.979 ; 19.979 ; 19.979 ;
; SW[4]      ; H2[1]       ; 19.942 ; 19.942 ; 19.942 ; 19.942 ;
; SW[4]      ; H2[2]       ; 20.021 ; 20.021 ; 20.021 ; 20.021 ;
; SW[4]      ; H2[3]       ; 19.990 ; 19.990 ; 19.990 ; 19.990 ;
; SW[4]      ; H2[4]       ; 19.735 ; 19.735 ; 19.735 ; 19.735 ;
; SW[4]      ; H2[5]       ; 19.689 ; 19.689 ; 19.689 ; 19.689 ;
; SW[4]      ; H2[6]       ; 19.715 ; 19.715 ; 19.715 ; 19.715 ;
; SW[4]      ; H3[0]       ; 19.825 ; 19.825 ; 19.825 ; 19.825 ;
; SW[4]      ; H3[1]       ; 19.876 ; 19.876 ; 19.876 ; 19.876 ;
; SW[4]      ; H3[2]       ; 19.867 ; 19.867 ; 19.867 ; 19.867 ;
; SW[4]      ; H3[3]       ; 19.882 ; 19.882 ; 19.882 ; 19.882 ;
; SW[4]      ; H3[4]       ; 19.898 ; 19.898 ; 19.898 ; 19.898 ;
; SW[4]      ; H3[5]       ; 19.888 ; 19.888 ; 19.888 ; 19.888 ;
; SW[4]      ; H3[6]       ; 19.883 ; 19.883 ; 19.883 ; 19.883 ;
; SW[4]      ; H4[0]       ; 22.956 ; 22.956 ; 22.956 ; 22.956 ;
; SW[4]      ; H4[1]       ; 22.952 ; 22.952 ; 22.952 ; 22.952 ;
; SW[4]      ; H4[2]       ; 22.836 ; 22.836 ; 22.836 ; 22.836 ;
; SW[4]      ; H4[3]       ; 22.665 ; 22.665 ; 22.665 ; 22.665 ;
; SW[4]      ; H4[4]       ; 22.672 ; 22.672 ; 22.672 ; 22.672 ;
; SW[4]      ; H4[5]       ; 22.686 ; 22.686 ; 22.686 ; 22.686 ;
; SW[4]      ; H4[6]       ; 22.844 ; 22.844 ; 22.844 ; 22.844 ;
; SW[4]      ; H5[0]       ; 22.750 ; 22.750 ; 22.750 ; 22.750 ;
; SW[4]      ; H5[1]       ; 22.882 ; 22.882 ; 22.882 ; 22.882 ;
; SW[4]      ; H5[2]       ; 21.789 ; 21.789 ; 21.789 ; 21.789 ;
; SW[4]      ; H5[3]       ; 23.025 ; 23.025 ; 23.025 ; 23.025 ;
; SW[4]      ; H5[4]       ; 21.831 ; 21.831 ; 21.831 ; 21.831 ;
; SW[4]      ; H5[5]       ; 22.465 ; 22.465 ; 22.465 ; 22.465 ;
; SW[4]      ; H5[6]       ; 21.527 ; 21.527 ; 21.527 ; 21.527 ;
; SW[4]      ; H6[0]       ; 20.100 ; 20.100 ; 20.100 ; 20.100 ;
; SW[4]      ; H6[1]       ; 20.109 ; 20.109 ; 20.109 ; 20.109 ;
; SW[4]      ; H6[2]       ; 20.110 ; 20.110 ; 20.110 ; 20.110 ;
; SW[4]      ; H6[3]       ; 19.519 ; 19.519 ; 19.519 ; 19.519 ;
; SW[4]      ; H6[4]       ; 19.510 ; 19.510 ; 19.510 ; 19.510 ;
; SW[4]      ; H6[5]       ; 19.497 ; 19.497 ; 19.497 ; 19.497 ;
; SW[4]      ; H6[6]       ; 19.498 ; 19.498 ; 19.498 ; 19.498 ;
; SW[4]      ; H7[0]       ; 18.736 ; 18.736 ; 18.736 ; 18.736 ;
; SW[4]      ; H7[2]       ; 18.718 ; 18.718 ; 18.718 ; 18.718 ;
; SW[4]      ; H7[3]       ; 18.706 ; 18.706 ; 18.706 ; 18.706 ;
; SW[4]      ; H7[4]       ; 18.100 ; 18.100 ; 18.100 ; 18.100 ;
; SW[4]      ; H7[5]       ; 19.023 ; 19.023 ; 19.023 ; 19.023 ;
; SW[4]      ; H7[6]       ; 16.134 ; 16.134 ; 16.134 ; 16.134 ;
; SW[4]      ; LEDR[0]     ; 10.351 ;        ;        ; 10.351 ;
; SW[5]      ; H2[0]       ; 20.174 ; 20.174 ; 20.174 ; 20.174 ;
; SW[5]      ; H2[1]       ; 20.137 ; 20.137 ; 20.137 ; 20.137 ;
; SW[5]      ; H2[2]       ; 20.216 ; 20.216 ; 20.216 ; 20.216 ;
; SW[5]      ; H2[3]       ; 20.185 ; 20.185 ; 20.185 ; 20.185 ;
; SW[5]      ; H2[4]       ; 19.930 ; 19.930 ; 19.930 ; 19.930 ;
; SW[5]      ; H2[5]       ; 19.884 ; 19.884 ; 19.884 ; 19.884 ;
; SW[5]      ; H2[6]       ; 19.910 ; 19.910 ; 19.910 ; 19.910 ;
; SW[5]      ; H3[0]       ; 20.020 ; 20.020 ; 20.020 ; 20.020 ;
; SW[5]      ; H3[1]       ; 20.071 ; 20.071 ; 20.071 ; 20.071 ;
; SW[5]      ; H3[2]       ; 20.062 ; 20.062 ; 20.062 ; 20.062 ;
; SW[5]      ; H3[3]       ; 20.077 ; 20.077 ; 20.077 ; 20.077 ;
; SW[5]      ; H3[4]       ; 20.093 ; 20.093 ; 20.093 ; 20.093 ;
; SW[5]      ; H3[5]       ; 20.083 ; 20.083 ; 20.083 ; 20.083 ;
; SW[5]      ; H3[6]       ; 20.078 ; 20.078 ; 20.078 ; 20.078 ;
; SW[5]      ; H4[0]       ; 23.151 ; 23.151 ; 23.151 ; 23.151 ;
; SW[5]      ; H4[1]       ; 23.147 ; 23.147 ; 23.147 ; 23.147 ;
; SW[5]      ; H4[2]       ; 23.031 ; 23.031 ; 23.031 ; 23.031 ;
; SW[5]      ; H4[3]       ; 22.860 ; 22.860 ; 22.860 ; 22.860 ;
; SW[5]      ; H4[4]       ; 22.867 ; 22.867 ; 22.867 ; 22.867 ;
; SW[5]      ; H4[5]       ; 22.881 ; 22.881 ; 22.881 ; 22.881 ;
; SW[5]      ; H4[6]       ; 23.039 ; 23.039 ; 23.039 ; 23.039 ;
; SW[5]      ; H5[0]       ; 22.945 ; 22.945 ; 22.945 ; 22.945 ;
; SW[5]      ; H5[1]       ; 23.077 ; 23.077 ; 23.077 ; 23.077 ;
; SW[5]      ; H5[2]       ; 21.984 ; 21.984 ; 21.984 ; 21.984 ;
; SW[5]      ; H5[3]       ; 23.220 ; 23.220 ; 23.220 ; 23.220 ;
; SW[5]      ; H5[4]       ; 22.026 ; 22.026 ; 22.026 ; 22.026 ;
; SW[5]      ; H5[5]       ; 22.660 ; 22.660 ; 22.660 ; 22.660 ;
; SW[5]      ; H5[6]       ; 21.722 ; 21.722 ; 21.722 ; 21.722 ;
; SW[5]      ; H6[0]       ; 20.295 ; 20.295 ; 20.295 ; 20.295 ;
; SW[5]      ; H6[1]       ; 20.304 ; 20.304 ; 20.304 ; 20.304 ;
; SW[5]      ; H6[2]       ; 20.305 ; 20.305 ; 20.305 ; 20.305 ;
; SW[5]      ; H6[3]       ; 19.714 ; 19.714 ; 19.714 ; 19.714 ;
; SW[5]      ; H6[4]       ; 19.705 ; 19.705 ; 19.705 ; 19.705 ;
; SW[5]      ; H6[5]       ; 19.692 ; 19.692 ; 19.692 ; 19.692 ;
; SW[5]      ; H6[6]       ; 19.693 ; 19.693 ; 19.693 ; 19.693 ;
; SW[5]      ; H7[0]       ; 18.931 ; 18.931 ; 18.931 ; 18.931 ;
; SW[5]      ; H7[2]       ; 18.913 ; 18.913 ; 18.913 ; 18.913 ;
; SW[5]      ; H7[3]       ; 18.901 ; 18.901 ; 18.901 ; 18.901 ;
; SW[5]      ; H7[4]       ; 18.295 ; 18.295 ; 18.295 ; 18.295 ;
; SW[5]      ; H7[5]       ; 19.218 ; 19.218 ; 19.218 ; 19.218 ;
; SW[5]      ; H7[6]       ; 16.329 ; 16.329 ; 16.329 ; 16.329 ;
; SW[5]      ; LEDR[0]     ; 10.546 ;        ;        ; 10.546 ;
; SW[6]      ; H4[0]       ; 13.238 ; 13.238 ; 13.238 ; 13.238 ;
; SW[6]      ; H4[1]       ; 13.234 ; 13.234 ; 13.234 ; 13.234 ;
; SW[6]      ; H4[2]       ;        ; 13.115 ; 13.115 ;        ;
; SW[6]      ; H4[3]       ; 12.947 ; 12.947 ; 12.947 ; 12.947 ;
; SW[6]      ; H4[4]       ; 12.924 ;        ;        ; 12.924 ;
; SW[6]      ; H4[5]       ; 12.966 ;        ;        ; 12.966 ;
; SW[6]      ; H4[6]       ; 13.127 ;        ;        ; 13.127 ;
; SW[7]      ; H4[0]       ; 16.369 ; 16.369 ; 16.369 ; 16.369 ;
; SW[7]      ; H4[1]       ; 16.365 ; 16.365 ; 16.365 ; 16.365 ;
; SW[7]      ; H4[2]       ; 16.249 ; 16.249 ; 16.249 ; 16.249 ;
; SW[7]      ; H4[3]       ; 16.078 ; 16.078 ; 16.078 ; 16.078 ;
; SW[7]      ; H4[4]       ; 16.085 ; 16.085 ; 16.085 ; 16.085 ;
; SW[7]      ; H4[5]       ; 16.099 ; 16.099 ; 16.099 ; 16.099 ;
; SW[7]      ; H4[6]       ; 16.257 ; 16.257 ; 16.257 ; 16.257 ;
; SW[7]      ; H5[0]       ; 15.131 ; 15.131 ; 15.131 ; 15.131 ;
; SW[7]      ; H5[1]       ; 15.263 ; 15.263 ; 15.263 ; 15.263 ;
; SW[7]      ; H5[2]       ;        ; 14.170 ; 14.170 ;        ;
; SW[7]      ; H5[3]       ; 15.406 ; 15.406 ; 15.406 ; 15.406 ;
; SW[7]      ; H5[4]       ; 14.212 ;        ;        ; 14.212 ;
; SW[7]      ; H5[5]       ; 14.846 ;        ;        ; 14.846 ;
; SW[7]      ; H5[6]       ; 13.908 ;        ;        ; 13.908 ;
; SW[8]      ; H2[0]       ; 19.187 ; 19.187 ; 19.187 ; 19.187 ;
; SW[8]      ; H2[1]       ; 19.150 ; 19.150 ; 19.150 ; 19.150 ;
; SW[8]      ; H2[2]       ; 19.229 ; 19.229 ; 19.229 ; 19.229 ;
; SW[8]      ; H2[3]       ; 19.198 ; 19.198 ; 19.198 ; 19.198 ;
; SW[8]      ; H2[4]       ; 18.943 ; 18.943 ; 18.943 ; 18.943 ;
; SW[8]      ; H2[5]       ; 18.897 ; 18.897 ; 18.897 ; 18.897 ;
; SW[8]      ; H2[6]       ; 18.923 ; 18.923 ; 18.923 ; 18.923 ;
; SW[8]      ; H3[0]       ; 19.033 ; 19.033 ; 19.033 ; 19.033 ;
; SW[8]      ; H3[1]       ; 19.084 ; 19.084 ; 19.084 ; 19.084 ;
; SW[8]      ; H3[2]       ; 19.075 ; 19.075 ; 19.075 ; 19.075 ;
; SW[8]      ; H3[3]       ; 19.090 ; 19.090 ; 19.090 ; 19.090 ;
; SW[8]      ; H3[4]       ; 19.106 ; 19.106 ; 19.106 ; 19.106 ;
; SW[8]      ; H3[5]       ; 19.096 ; 19.096 ; 19.096 ; 19.096 ;
; SW[8]      ; H3[6]       ; 19.091 ; 19.091 ; 19.091 ; 19.091 ;
; SW[8]      ; H4[0]       ; 22.164 ; 22.164 ; 22.164 ; 22.164 ;
; SW[8]      ; H4[1]       ; 22.160 ; 22.160 ; 22.160 ; 22.160 ;
; SW[8]      ; H4[2]       ; 22.044 ; 22.044 ; 22.044 ; 22.044 ;
; SW[8]      ; H4[3]       ; 21.873 ; 21.873 ; 21.873 ; 21.873 ;
; SW[8]      ; H4[4]       ; 21.880 ; 21.880 ; 21.880 ; 21.880 ;
; SW[8]      ; H4[5]       ; 21.894 ; 21.894 ; 21.894 ; 21.894 ;
; SW[8]      ; H4[6]       ; 22.052 ; 22.052 ; 22.052 ; 22.052 ;
; SW[8]      ; H5[0]       ; 21.958 ; 21.958 ; 21.958 ; 21.958 ;
; SW[8]      ; H5[1]       ; 22.090 ; 22.090 ; 22.090 ; 22.090 ;
; SW[8]      ; H5[2]       ; 20.997 ; 20.997 ; 20.997 ; 20.997 ;
; SW[8]      ; H5[3]       ; 22.233 ; 22.233 ; 22.233 ; 22.233 ;
; SW[8]      ; H5[4]       ; 21.039 ; 21.039 ; 21.039 ; 21.039 ;
; SW[8]      ; H5[5]       ; 21.673 ; 21.673 ; 21.673 ; 21.673 ;
; SW[8]      ; H5[6]       ; 20.735 ; 20.735 ; 20.735 ; 20.735 ;
; SW[8]      ; H6[0]       ; 19.308 ; 19.308 ; 19.308 ; 19.308 ;
; SW[8]      ; H6[1]       ; 19.317 ; 19.317 ; 19.317 ; 19.317 ;
; SW[8]      ; H6[2]       ; 19.318 ; 19.318 ; 19.318 ; 19.318 ;
; SW[8]      ; H6[3]       ; 18.727 ; 18.727 ; 18.727 ; 18.727 ;
; SW[8]      ; H6[4]       ; 18.718 ; 18.718 ; 18.718 ; 18.718 ;
; SW[8]      ; H6[5]       ; 18.705 ; 18.705 ; 18.705 ; 18.705 ;
; SW[8]      ; H6[6]       ; 18.706 ; 18.706 ; 18.706 ; 18.706 ;
; SW[8]      ; H7[0]       ; 17.944 ; 17.944 ; 17.944 ; 17.944 ;
; SW[8]      ; H7[2]       ; 17.926 ; 17.926 ; 17.926 ; 17.926 ;
; SW[8]      ; H7[3]       ; 17.914 ; 17.914 ; 17.914 ; 17.914 ;
; SW[8]      ; H7[4]       ; 17.308 ; 17.308 ; 17.308 ; 17.308 ;
; SW[8]      ; H7[5]       ; 18.231 ; 18.231 ; 18.231 ; 18.231 ;
; SW[8]      ; H7[6]       ; 15.342 ; 15.342 ; 15.342 ; 15.342 ;
; SW[8]      ; LEDR[0]     ; 9.559  ;        ;        ; 9.559  ;
; SW[9]      ; H2[0]       ; 19.573 ; 19.573 ; 19.573 ; 19.573 ;
; SW[9]      ; H2[1]       ; 19.536 ; 19.536 ; 19.536 ; 19.536 ;
; SW[9]      ; H2[2]       ; 19.615 ; 19.615 ; 19.615 ; 19.615 ;
; SW[9]      ; H2[3]       ; 19.584 ; 19.584 ; 19.584 ; 19.584 ;
; SW[9]      ; H2[4]       ; 19.329 ; 19.329 ; 19.329 ; 19.329 ;
; SW[9]      ; H2[5]       ; 19.283 ; 19.283 ; 19.283 ; 19.283 ;
; SW[9]      ; H2[6]       ; 19.309 ; 19.309 ; 19.309 ; 19.309 ;
; SW[9]      ; H3[0]       ; 19.419 ; 19.419 ; 19.419 ; 19.419 ;
; SW[9]      ; H3[1]       ; 19.470 ; 19.470 ; 19.470 ; 19.470 ;
; SW[9]      ; H3[2]       ; 19.461 ; 19.461 ; 19.461 ; 19.461 ;
; SW[9]      ; H3[3]       ; 19.476 ; 19.476 ; 19.476 ; 19.476 ;
; SW[9]      ; H3[4]       ; 19.492 ; 19.492 ; 19.492 ; 19.492 ;
; SW[9]      ; H3[5]       ; 19.482 ; 19.482 ; 19.482 ; 19.482 ;
; SW[9]      ; H3[6]       ; 19.477 ; 19.477 ; 19.477 ; 19.477 ;
; SW[9]      ; H4[0]       ; 22.550 ; 22.550 ; 22.550 ; 22.550 ;
; SW[9]      ; H4[1]       ; 22.546 ; 22.546 ; 22.546 ; 22.546 ;
; SW[9]      ; H4[2]       ; 22.430 ; 22.430 ; 22.430 ; 22.430 ;
; SW[9]      ; H4[3]       ; 22.259 ; 22.259 ; 22.259 ; 22.259 ;
; SW[9]      ; H4[4]       ; 22.266 ; 22.266 ; 22.266 ; 22.266 ;
; SW[9]      ; H4[5]       ; 22.280 ; 22.280 ; 22.280 ; 22.280 ;
; SW[9]      ; H4[6]       ; 22.438 ; 22.438 ; 22.438 ; 22.438 ;
; SW[9]      ; H5[0]       ; 22.344 ; 22.344 ; 22.344 ; 22.344 ;
; SW[9]      ; H5[1]       ; 22.476 ; 22.476 ; 22.476 ; 22.476 ;
; SW[9]      ; H5[2]       ; 21.383 ; 21.383 ; 21.383 ; 21.383 ;
; SW[9]      ; H5[3]       ; 22.619 ; 22.619 ; 22.619 ; 22.619 ;
; SW[9]      ; H5[4]       ; 21.425 ; 21.425 ; 21.425 ; 21.425 ;
; SW[9]      ; H5[5]       ; 22.059 ; 22.059 ; 22.059 ; 22.059 ;
; SW[9]      ; H5[6]       ; 21.121 ; 21.121 ; 21.121 ; 21.121 ;
; SW[9]      ; H6[0]       ; 19.694 ; 19.694 ; 19.694 ; 19.694 ;
; SW[9]      ; H6[1]       ; 19.703 ; 19.703 ; 19.703 ; 19.703 ;
; SW[9]      ; H6[2]       ; 19.704 ; 19.704 ; 19.704 ; 19.704 ;
; SW[9]      ; H6[3]       ; 19.113 ; 19.113 ; 19.113 ; 19.113 ;
; SW[9]      ; H6[4]       ; 19.104 ; 19.104 ; 19.104 ; 19.104 ;
; SW[9]      ; H6[5]       ; 19.091 ; 19.091 ; 19.091 ; 19.091 ;
; SW[9]      ; H6[6]       ; 19.092 ; 19.092 ; 19.092 ; 19.092 ;
; SW[9]      ; H7[0]       ; 18.330 ; 18.330 ; 18.330 ; 18.330 ;
; SW[9]      ; H7[2]       ; 18.312 ; 18.312 ; 18.312 ; 18.312 ;
; SW[9]      ; H7[3]       ; 18.300 ; 18.300 ; 18.300 ; 18.300 ;
; SW[9]      ; H7[4]       ; 17.694 ; 17.694 ; 17.694 ; 17.694 ;
; SW[9]      ; H7[5]       ; 18.617 ; 18.617 ; 18.617 ; 18.617 ;
; SW[9]      ; H7[6]       ; 15.728 ; 15.728 ; 15.728 ; 15.728 ;
; SW[9]      ; LEDR[0]     ; 9.945  ;        ;        ; 9.945  ;
; SW[10]     ; H2[0]       ; 19.785 ; 19.785 ; 19.785 ; 19.785 ;
; SW[10]     ; H2[1]       ; 19.748 ; 19.748 ; 19.748 ; 19.748 ;
; SW[10]     ; H2[2]       ; 19.827 ; 19.827 ; 19.827 ; 19.827 ;
; SW[10]     ; H2[3]       ; 19.796 ; 19.796 ; 19.796 ; 19.796 ;
; SW[10]     ; H2[4]       ; 19.541 ; 19.541 ; 19.541 ; 19.541 ;
; SW[10]     ; H2[5]       ; 19.495 ; 19.495 ; 19.495 ; 19.495 ;
; SW[10]     ; H2[6]       ; 19.521 ; 19.521 ; 19.521 ; 19.521 ;
; SW[10]     ; H3[0]       ; 19.631 ; 19.631 ; 19.631 ; 19.631 ;
; SW[10]     ; H3[1]       ; 19.682 ; 19.682 ; 19.682 ; 19.682 ;
; SW[10]     ; H3[2]       ; 19.673 ; 19.673 ; 19.673 ; 19.673 ;
; SW[10]     ; H3[3]       ; 19.688 ; 19.688 ; 19.688 ; 19.688 ;
; SW[10]     ; H3[4]       ; 19.704 ; 19.704 ; 19.704 ; 19.704 ;
; SW[10]     ; H3[5]       ; 19.694 ; 19.694 ; 19.694 ; 19.694 ;
; SW[10]     ; H3[6]       ; 19.689 ; 19.689 ; 19.689 ; 19.689 ;
; SW[10]     ; H4[0]       ; 22.762 ; 22.762 ; 22.762 ; 22.762 ;
; SW[10]     ; H4[1]       ; 22.758 ; 22.758 ; 22.758 ; 22.758 ;
; SW[10]     ; H4[2]       ; 22.642 ; 22.642 ; 22.642 ; 22.642 ;
; SW[10]     ; H4[3]       ; 22.471 ; 22.471 ; 22.471 ; 22.471 ;
; SW[10]     ; H4[4]       ; 22.478 ; 22.478 ; 22.478 ; 22.478 ;
; SW[10]     ; H4[5]       ; 22.492 ; 22.492 ; 22.492 ; 22.492 ;
; SW[10]     ; H4[6]       ; 22.650 ; 22.650 ; 22.650 ; 22.650 ;
; SW[10]     ; H5[0]       ; 22.556 ; 22.556 ; 22.556 ; 22.556 ;
; SW[10]     ; H5[1]       ; 22.688 ; 22.688 ; 22.688 ; 22.688 ;
; SW[10]     ; H5[2]       ; 21.595 ; 21.595 ; 21.595 ; 21.595 ;
; SW[10]     ; H5[3]       ; 22.831 ; 22.831 ; 22.831 ; 22.831 ;
; SW[10]     ; H5[4]       ; 21.637 ; 21.637 ; 21.637 ; 21.637 ;
; SW[10]     ; H5[5]       ; 22.271 ; 22.271 ; 22.271 ; 22.271 ;
; SW[10]     ; H5[6]       ; 21.333 ; 21.333 ; 21.333 ; 21.333 ;
; SW[10]     ; H6[0]       ; 19.906 ; 19.906 ; 19.906 ; 19.906 ;
; SW[10]     ; H6[1]       ; 19.915 ; 19.915 ; 19.915 ; 19.915 ;
; SW[10]     ; H6[2]       ; 19.916 ; 19.916 ; 19.916 ; 19.916 ;
; SW[10]     ; H6[3]       ; 19.325 ; 19.325 ; 19.325 ; 19.325 ;
; SW[10]     ; H6[4]       ; 19.316 ; 19.316 ; 19.316 ; 19.316 ;
; SW[10]     ; H6[5]       ; 19.303 ; 19.303 ; 19.303 ; 19.303 ;
; SW[10]     ; H6[6]       ; 19.304 ; 19.304 ; 19.304 ; 19.304 ;
; SW[10]     ; H7[0]       ; 18.542 ; 18.542 ; 18.542 ; 18.542 ;
; SW[10]     ; H7[2]       ; 18.524 ; 18.524 ; 18.524 ; 18.524 ;
; SW[10]     ; H7[3]       ; 18.512 ; 18.512 ; 18.512 ; 18.512 ;
; SW[10]     ; H7[4]       ; 17.906 ; 17.906 ; 17.906 ; 17.906 ;
; SW[10]     ; H7[5]       ; 18.829 ; 18.829 ; 18.829 ; 18.829 ;
; SW[10]     ; H7[6]       ; 15.940 ; 15.940 ; 15.940 ; 15.940 ;
; SW[10]     ; LEDR[0]     ; 10.157 ;        ;        ; 10.157 ;
; SW[11]     ; H2[0]       ; 20.272 ; 20.272 ; 20.272 ; 20.272 ;
; SW[11]     ; H2[1]       ; 20.235 ; 20.235 ; 20.235 ; 20.235 ;
; SW[11]     ; H2[2]       ; 20.314 ; 20.314 ; 20.314 ; 20.314 ;
; SW[11]     ; H2[3]       ; 20.283 ; 20.283 ; 20.283 ; 20.283 ;
; SW[11]     ; H2[4]       ; 20.028 ; 20.028 ; 20.028 ; 20.028 ;
; SW[11]     ; H2[5]       ; 19.982 ; 19.982 ; 19.982 ; 19.982 ;
; SW[11]     ; H2[6]       ; 20.008 ; 20.008 ; 20.008 ; 20.008 ;
; SW[11]     ; H3[0]       ; 20.118 ; 20.118 ; 20.118 ; 20.118 ;
; SW[11]     ; H3[1]       ; 20.169 ; 20.169 ; 20.169 ; 20.169 ;
; SW[11]     ; H3[2]       ; 20.160 ; 20.160 ; 20.160 ; 20.160 ;
; SW[11]     ; H3[3]       ; 20.175 ; 20.175 ; 20.175 ; 20.175 ;
; SW[11]     ; H3[4]       ; 20.191 ; 20.191 ; 20.191 ; 20.191 ;
; SW[11]     ; H3[5]       ; 20.181 ; 20.181 ; 20.181 ; 20.181 ;
; SW[11]     ; H3[6]       ; 20.176 ; 20.176 ; 20.176 ; 20.176 ;
; SW[11]     ; H4[0]       ; 23.249 ; 23.249 ; 23.249 ; 23.249 ;
; SW[11]     ; H4[1]       ; 23.245 ; 23.245 ; 23.245 ; 23.245 ;
; SW[11]     ; H4[2]       ; 23.129 ; 23.129 ; 23.129 ; 23.129 ;
; SW[11]     ; H4[3]       ; 22.958 ; 22.958 ; 22.958 ; 22.958 ;
; SW[11]     ; H4[4]       ; 22.965 ; 22.965 ; 22.965 ; 22.965 ;
; SW[11]     ; H4[5]       ; 22.979 ; 22.979 ; 22.979 ; 22.979 ;
; SW[11]     ; H4[6]       ; 23.137 ; 23.137 ; 23.137 ; 23.137 ;
; SW[11]     ; H5[0]       ; 23.043 ; 23.043 ; 23.043 ; 23.043 ;
; SW[11]     ; H5[1]       ; 23.175 ; 23.175 ; 23.175 ; 23.175 ;
; SW[11]     ; H5[2]       ; 22.082 ; 22.082 ; 22.082 ; 22.082 ;
; SW[11]     ; H5[3]       ; 23.318 ; 23.318 ; 23.318 ; 23.318 ;
; SW[11]     ; H5[4]       ; 22.124 ; 22.124 ; 22.124 ; 22.124 ;
; SW[11]     ; H5[5]       ; 22.758 ; 22.758 ; 22.758 ; 22.758 ;
; SW[11]     ; H5[6]       ; 21.820 ; 21.820 ; 21.820 ; 21.820 ;
; SW[11]     ; H6[0]       ; 20.393 ; 20.393 ; 20.393 ; 20.393 ;
; SW[11]     ; H6[1]       ; 20.402 ; 20.402 ; 20.402 ; 20.402 ;
; SW[11]     ; H6[2]       ; 20.403 ; 20.403 ; 20.403 ; 20.403 ;
; SW[11]     ; H6[3]       ; 19.812 ; 19.812 ; 19.812 ; 19.812 ;
; SW[11]     ; H6[4]       ; 19.803 ; 19.803 ; 19.803 ; 19.803 ;
; SW[11]     ; H6[5]       ; 19.790 ; 19.790 ; 19.790 ; 19.790 ;
; SW[11]     ; H6[6]       ; 19.791 ; 19.791 ; 19.791 ; 19.791 ;
; SW[11]     ; H7[0]       ; 19.029 ; 19.029 ; 19.029 ; 19.029 ;
; SW[11]     ; H7[2]       ; 19.011 ; 19.011 ; 19.011 ; 19.011 ;
; SW[11]     ; H7[3]       ; 18.999 ; 18.999 ; 18.999 ; 18.999 ;
; SW[11]     ; H7[4]       ; 18.393 ; 18.393 ; 18.393 ; 18.393 ;
; SW[11]     ; H7[5]       ; 19.316 ; 19.316 ; 19.316 ; 19.316 ;
; SW[11]     ; H7[6]       ; 16.427 ; 16.427 ; 16.427 ; 16.427 ;
; SW[11]     ; LEDR[0]     ; 10.644 ;        ;        ; 10.644 ;
; SW[12]     ; H6[0]       ; 12.998 ; 12.998 ; 12.998 ; 12.998 ;
; SW[12]     ; H6[1]       ; 12.999 ; 12.999 ; 12.999 ; 12.999 ;
; SW[12]     ; H6[2]       ;        ; 12.996 ; 12.996 ;        ;
; SW[12]     ; H6[3]       ; 12.413 ; 12.413 ; 12.413 ; 12.413 ;
; SW[12]     ; H6[4]       ; 12.400 ;        ;        ; 12.400 ;
; SW[12]     ; H6[5]       ; 12.395 ;        ;        ; 12.395 ;
; SW[12]     ; H6[6]       ; 12.381 ;        ;        ; 12.381 ;
; SW[13]     ; H6[0]       ; 18.937 ; 18.937 ; 18.937 ; 18.937 ;
; SW[13]     ; H6[1]       ; 18.946 ; 18.946 ; 18.946 ; 18.946 ;
; SW[13]     ; H6[2]       ; 18.947 ; 18.947 ; 18.947 ; 18.947 ;
; SW[13]     ; H6[3]       ; 18.356 ; 18.356 ; 18.356 ; 18.356 ;
; SW[13]     ; H6[4]       ; 18.347 ; 18.347 ; 18.347 ; 18.347 ;
; SW[13]     ; H6[5]       ; 18.334 ; 18.334 ; 18.334 ; 18.334 ;
; SW[13]     ; H6[6]       ; 18.335 ; 18.335 ; 18.335 ; 18.335 ;
; SW[13]     ; H7[0]       ; 17.819 ;        ;        ; 17.819 ;
; SW[13]     ; H7[2]       ;        ; 17.801 ; 17.801 ;        ;
; SW[13]     ; H7[3]       ; 17.789 ;        ;        ; 17.789 ;
; SW[13]     ; H7[4]       ; 17.183 ;        ;        ; 17.183 ;
; SW[13]     ; H7[5]       ; 18.106 ;        ;        ; 18.106 ;
; SW[14]     ; H6[0]       ; 21.723 ; 21.723 ; 21.723 ; 21.723 ;
; SW[14]     ; H6[1]       ; 21.732 ; 21.732 ; 21.732 ; 21.732 ;
; SW[14]     ; H6[2]       ; 21.733 ; 21.733 ; 21.733 ; 21.733 ;
; SW[14]     ; H6[3]       ; 21.142 ; 21.142 ; 21.142 ; 21.142 ;
; SW[14]     ; H6[4]       ; 21.133 ; 21.133 ; 21.133 ; 21.133 ;
; SW[14]     ; H6[5]       ; 21.120 ; 21.120 ; 21.120 ; 21.120 ;
; SW[14]     ; H6[6]       ; 21.121 ; 21.121 ; 21.121 ; 21.121 ;
; SW[14]     ; H7[0]       ; 20.359 ; 20.312 ; 20.312 ; 20.359 ;
; SW[14]     ; H7[2]       ; 20.294 ; 20.341 ; 20.341 ; 20.294 ;
; SW[14]     ; H7[3]       ; 20.329 ; 20.282 ; 20.282 ; 20.329 ;
; SW[14]     ; H7[4]       ; 19.723 ; 19.676 ; 19.676 ; 19.723 ;
; SW[14]     ; H7[5]       ; 20.646 ; 20.599 ; 20.599 ; 20.646 ;
; SW[14]     ; H7[6]       ;        ; 17.757 ; 17.757 ;        ;
; SW[15]     ; H2[0]       ; 22.984 ; 22.984 ; 22.984 ; 22.984 ;
; SW[15]     ; H2[1]       ; 22.947 ; 22.947 ; 22.947 ; 22.947 ;
; SW[15]     ; H2[2]       ; 23.026 ; 23.026 ; 23.026 ; 23.026 ;
; SW[15]     ; H2[3]       ; 22.995 ; 22.995 ; 22.995 ; 22.995 ;
; SW[15]     ; H2[4]       ; 22.740 ; 22.740 ; 22.740 ; 22.740 ;
; SW[15]     ; H2[5]       ; 22.694 ; 22.694 ; 22.694 ; 22.694 ;
; SW[15]     ; H2[6]       ; 22.720 ; 22.720 ; 22.720 ; 22.720 ;
; SW[15]     ; H3[0]       ; 22.830 ; 22.830 ; 22.830 ; 22.830 ;
; SW[15]     ; H3[1]       ; 22.881 ; 22.881 ; 22.881 ; 22.881 ;
; SW[15]     ; H3[2]       ; 22.872 ; 22.872 ; 22.872 ; 22.872 ;
; SW[15]     ; H3[3]       ; 22.887 ; 22.887 ; 22.887 ; 22.887 ;
; SW[15]     ; H3[4]       ; 22.903 ; 22.903 ; 22.903 ; 22.903 ;
; SW[15]     ; H3[5]       ; 22.893 ; 22.893 ; 22.893 ; 22.893 ;
; SW[15]     ; H3[6]       ; 22.888 ; 22.888 ; 22.888 ; 22.888 ;
; SW[15]     ; H4[0]       ; 25.961 ; 25.961 ; 25.961 ; 25.961 ;
; SW[15]     ; H4[1]       ; 25.957 ; 25.957 ; 25.957 ; 25.957 ;
; SW[15]     ; H4[2]       ; 25.841 ; 25.841 ; 25.841 ; 25.841 ;
; SW[15]     ; H4[3]       ; 25.670 ; 25.670 ; 25.670 ; 25.670 ;
; SW[15]     ; H4[4]       ; 25.677 ; 25.677 ; 25.677 ; 25.677 ;
; SW[15]     ; H4[5]       ; 25.691 ; 25.691 ; 25.691 ; 25.691 ;
; SW[15]     ; H4[6]       ; 25.849 ; 25.849 ; 25.849 ; 25.849 ;
; SW[15]     ; H5[0]       ; 25.755 ; 25.755 ; 25.755 ; 25.755 ;
; SW[15]     ; H5[1]       ; 25.887 ; 25.887 ; 25.887 ; 25.887 ;
; SW[15]     ; H5[2]       ; 24.794 ; 24.794 ; 24.794 ; 24.794 ;
; SW[15]     ; H5[3]       ; 26.030 ; 26.030 ; 26.030 ; 26.030 ;
; SW[15]     ; H5[4]       ; 24.836 ; 24.836 ; 24.836 ; 24.836 ;
; SW[15]     ; H5[5]       ; 25.470 ; 25.470 ; 25.470 ; 25.470 ;
; SW[15]     ; H5[6]       ; 24.532 ; 24.532 ; 24.532 ; 24.532 ;
; SW[15]     ; H6[0]       ; 23.105 ; 23.105 ; 23.105 ; 23.105 ;
; SW[15]     ; H6[1]       ; 23.114 ; 23.114 ; 23.114 ; 23.114 ;
; SW[15]     ; H6[2]       ; 23.115 ; 23.115 ; 23.115 ; 23.115 ;
; SW[15]     ; H6[3]       ; 22.524 ; 22.524 ; 22.524 ; 22.524 ;
; SW[15]     ; H6[4]       ; 22.515 ; 22.515 ; 22.515 ; 22.515 ;
; SW[15]     ; H6[5]       ; 22.502 ; 22.502 ; 22.502 ; 22.502 ;
; SW[15]     ; H6[6]       ; 22.503 ; 22.503 ; 22.503 ; 22.503 ;
; SW[15]     ; H7[0]       ; 21.741 ; 21.741 ; 21.741 ; 21.741 ;
; SW[15]     ; H7[2]       ; 21.723 ; 21.723 ; 21.723 ; 21.723 ;
; SW[15]     ; H7[3]       ; 21.711 ; 21.711 ; 21.711 ; 21.711 ;
; SW[15]     ; H7[4]       ; 21.105 ; 21.105 ; 21.105 ; 21.105 ;
; SW[15]     ; H7[5]       ; 22.028 ; 22.028 ; 22.028 ; 22.028 ;
; SW[15]     ; H7[6]       ; 19.139 ; 19.139 ; 19.139 ; 19.139 ;
; SW[15]     ; LEDR[0]     ; 13.356 ;        ;        ; 13.356 ;
; SW[16]     ; H2[0]       ; 21.899 ; 21.899 ; 21.899 ; 21.899 ;
; SW[16]     ; H2[1]       ; 21.862 ; 21.862 ; 21.862 ; 21.862 ;
; SW[16]     ; H2[2]       ; 21.941 ; 21.941 ; 21.941 ; 21.941 ;
; SW[16]     ; H2[3]       ; 21.910 ; 21.910 ; 21.910 ; 21.910 ;
; SW[16]     ; H2[4]       ; 21.655 ; 21.655 ; 21.655 ; 21.655 ;
; SW[16]     ; H2[5]       ; 21.609 ; 21.609 ; 21.609 ; 21.609 ;
; SW[16]     ; H2[6]       ; 21.635 ; 21.635 ; 21.635 ; 21.635 ;
; SW[16]     ; H3[0]       ; 21.745 ; 21.745 ; 21.745 ; 21.745 ;
; SW[16]     ; H3[1]       ; 21.796 ; 21.796 ; 21.796 ; 21.796 ;
; SW[16]     ; H3[2]       ; 21.787 ; 21.787 ; 21.787 ; 21.787 ;
; SW[16]     ; H3[3]       ; 21.802 ; 21.802 ; 21.802 ; 21.802 ;
; SW[16]     ; H3[4]       ; 21.818 ; 21.818 ; 21.818 ; 21.818 ;
; SW[16]     ; H3[5]       ; 21.808 ; 21.808 ; 21.808 ; 21.808 ;
; SW[16]     ; H3[6]       ; 21.803 ; 21.803 ; 21.803 ; 21.803 ;
; SW[16]     ; H4[0]       ; 24.876 ; 24.876 ; 24.876 ; 24.876 ;
; SW[16]     ; H4[1]       ; 24.872 ; 24.872 ; 24.872 ; 24.872 ;
; SW[16]     ; H4[2]       ; 24.756 ; 24.756 ; 24.756 ; 24.756 ;
; SW[16]     ; H4[3]       ; 24.585 ; 24.585 ; 24.585 ; 24.585 ;
; SW[16]     ; H4[4]       ; 24.592 ; 24.592 ; 24.592 ; 24.592 ;
; SW[16]     ; H4[5]       ; 24.606 ; 24.606 ; 24.606 ; 24.606 ;
; SW[16]     ; H4[6]       ; 24.764 ; 24.764 ; 24.764 ; 24.764 ;
; SW[16]     ; H5[0]       ; 24.670 ; 24.670 ; 24.670 ; 24.670 ;
; SW[16]     ; H5[1]       ; 24.802 ; 24.802 ; 24.802 ; 24.802 ;
; SW[16]     ; H5[2]       ; 23.709 ; 23.709 ; 23.709 ; 23.709 ;
; SW[16]     ; H5[3]       ; 24.945 ; 24.945 ; 24.945 ; 24.945 ;
; SW[16]     ; H5[4]       ; 23.751 ; 23.751 ; 23.751 ; 23.751 ;
; SW[16]     ; H5[5]       ; 24.385 ; 24.385 ; 24.385 ; 24.385 ;
; SW[16]     ; H5[6]       ; 23.447 ; 23.447 ; 23.447 ; 23.447 ;
; SW[16]     ; H6[0]       ; 22.020 ; 22.020 ; 22.020 ; 22.020 ;
; SW[16]     ; H6[1]       ; 22.029 ; 22.029 ; 22.029 ; 22.029 ;
; SW[16]     ; H6[2]       ; 22.030 ; 22.030 ; 22.030 ; 22.030 ;
; SW[16]     ; H6[3]       ; 21.439 ; 21.439 ; 21.439 ; 21.439 ;
; SW[16]     ; H6[4]       ; 21.430 ; 21.430 ; 21.430 ; 21.430 ;
; SW[16]     ; H6[5]       ; 21.417 ; 21.417 ; 21.417 ; 21.417 ;
; SW[16]     ; H6[6]       ; 21.418 ; 21.418 ; 21.418 ; 21.418 ;
; SW[16]     ; H7[0]       ; 20.656 ; 20.656 ; 20.656 ; 20.656 ;
; SW[16]     ; H7[2]       ; 20.638 ; 20.638 ; 20.638 ; 20.638 ;
; SW[16]     ; H7[3]       ; 20.626 ; 20.626 ; 20.626 ; 20.626 ;
; SW[16]     ; H7[4]       ; 20.020 ; 20.020 ; 20.020 ; 20.020 ;
; SW[16]     ; H7[5]       ; 20.943 ; 20.943 ; 20.943 ; 20.943 ;
; SW[16]     ; H7[6]       ; 18.054 ; 18.054 ; 18.054 ; 18.054 ;
; SW[16]     ; LEDR[0]     ; 12.271 ;        ;        ; 12.271 ;
+------------+-------------+--------+--------+--------+--------+


+--------------------------------------------------------------+
; Minimum Propagation Delay                                    ;
+------------+-------------+--------+--------+--------+--------+
; Input Port ; Output Port ; RR     ; RF     ; FR     ; FF     ;
+------------+-------------+--------+--------+--------+--------+
; SW[0]      ; H2[0]       ; 9.727  ; 9.727  ; 9.727  ; 9.727  ;
; SW[0]      ; H2[1]       ; 9.680  ; 9.680  ; 9.680  ; 9.680  ;
; SW[0]      ; H2[2]       ;        ; 9.766  ; 9.766  ;        ;
; SW[0]      ; H2[3]       ; 9.728  ; 9.728  ; 9.728  ; 9.728  ;
; SW[0]      ; H2[4]       ; 9.443  ;        ;        ; 9.443  ;
; SW[0]      ; H2[5]       ; 9.429  ;        ;        ; 9.429  ;
; SW[0]      ; H2[6]       ; 9.467  ;        ;        ; 9.467  ;
; SW[1]      ; H2[0]       ; 9.446  ; 9.446  ; 9.446  ; 9.446  ;
; SW[1]      ; H2[1]       ; 9.401  ; 9.401  ; 9.401  ; 9.401  ;
; SW[1]      ; H2[2]       ; 9.486  ; 10.413 ; 10.413 ; 9.486  ;
; SW[1]      ; H2[3]       ; 9.449  ; 9.449  ; 9.449  ; 9.449  ;
; SW[1]      ; H2[4]       ; 9.193  ; 9.193  ; 9.193  ; 9.193  ;
; SW[1]      ; H2[5]       ; 9.152  ; 10.079 ; 10.079 ; 9.152  ;
; SW[1]      ; H2[6]       ; 9.186  ; 9.186  ; 9.186  ; 9.186  ;
; SW[1]      ; H3[0]       ; 10.650 ; 10.650 ; 10.650 ; 10.650 ;
; SW[1]      ; H3[1]       ; 10.701 ; 10.701 ; 10.701 ; 10.701 ;
; SW[1]      ; H3[2]       ;        ; 10.692 ; 10.692 ;        ;
; SW[1]      ; H3[3]       ; 10.707 ; 10.707 ; 10.707 ; 10.707 ;
; SW[1]      ; H3[4]       ; 10.723 ;        ;        ; 10.723 ;
; SW[1]      ; H3[5]       ; 10.713 ;        ;        ; 10.713 ;
; SW[1]      ; H3[6]       ; 10.708 ;        ;        ; 10.708 ;
; SW[2]      ; H2[0]       ; 10.871 ; 10.871 ; 10.871 ; 10.871 ;
; SW[2]      ; H2[1]       ; 10.821 ; 11.331 ; 11.331 ; 10.821 ;
; SW[2]      ; H2[2]       ; 10.910 ; 10.910 ; 10.910 ; 10.910 ;
; SW[2]      ; H2[3]       ; 10.867 ; 10.867 ; 10.867 ; 10.867 ;
; SW[2]      ; H2[4]       ; 10.611 ; 11.121 ; 11.121 ; 10.611 ;
; SW[2]      ; H2[5]       ; 10.575 ; 10.575 ; 10.575 ; 10.575 ;
; SW[2]      ; H2[6]       ; 10.604 ; 10.604 ; 10.604 ; 10.604 ;
; SW[2]      ; H3[0]       ; 11.458 ; 11.025 ; 11.025 ; 11.458 ;
; SW[2]      ; H3[1]       ; 11.049 ; 11.049 ; 11.049 ; 11.049 ;
; SW[2]      ; H3[2]       ; 11.041 ; 11.500 ; 11.500 ; 11.041 ;
; SW[2]      ; H3[3]       ; 11.081 ; 11.081 ; 11.081 ; 11.081 ;
; SW[2]      ; H3[4]       ; 11.531 ; 11.099 ; 11.099 ; 11.531 ;
; SW[2]      ; H3[5]       ; 11.055 ; 12.220 ; 12.220 ; 11.055 ;
; SW[2]      ; H3[6]       ; 11.057 ; 11.057 ; 11.057 ; 11.057 ;
; SW[2]      ; H4[0]       ; 14.626 ; 14.626 ; 14.626 ; 14.626 ;
; SW[2]      ; H4[1]       ; 14.622 ; 14.622 ; 14.622 ; 14.622 ;
; SW[2]      ; H4[2]       ; 14.503 ; 14.503 ; 14.503 ; 14.503 ;
; SW[2]      ; H4[3]       ; 14.335 ; 14.335 ; 14.335 ; 14.335 ;
; SW[2]      ; H4[4]       ; 14.312 ; 14.312 ; 14.312 ; 14.312 ;
; SW[2]      ; H4[5]       ; 14.354 ; 14.354 ; 14.354 ; 14.354 ;
; SW[2]      ; H4[6]       ; 14.515 ; 14.515 ; 14.515 ; 14.515 ;
; SW[2]      ; H5[0]       ; 15.301 ; 15.301 ; 15.301 ; 15.301 ;
; SW[2]      ; H5[1]       ; 15.432 ; 15.432 ; 15.432 ; 15.432 ;
; SW[2]      ; H5[2]       ; 14.344 ; 14.344 ; 14.344 ; 14.344 ;
; SW[2]      ; H5[3]       ; 15.577 ; 15.577 ; 15.577 ; 15.577 ;
; SW[2]      ; H5[4]       ; 14.381 ; 14.381 ; 14.381 ; 14.381 ;
; SW[2]      ; H5[5]       ; 15.020 ; 15.020 ; 15.020 ; 15.020 ;
; SW[2]      ; H5[6]       ; 14.082 ; 14.082 ; 14.082 ; 14.082 ;
; SW[2]      ; H6[0]       ; 14.211 ; 14.211 ; 14.211 ; 14.211 ;
; SW[2]      ; H6[1]       ; 14.212 ; 14.212 ; 14.212 ; 14.212 ;
; SW[2]      ; H6[2]       ; 14.209 ; 14.209 ; 14.209 ; 14.209 ;
; SW[2]      ; H6[3]       ; 13.626 ; 13.626 ; 13.626 ; 13.626 ;
; SW[2]      ; H6[4]       ; 13.613 ; 13.613 ; 13.613 ; 13.613 ;
; SW[2]      ; H6[5]       ; 13.608 ; 13.608 ; 13.608 ; 13.608 ;
; SW[2]      ; H6[6]       ; 13.594 ; 13.594 ; 13.594 ; 13.594 ;
; SW[2]      ; H7[0]       ; 14.583 ; 14.583 ; 14.583 ; 14.583 ;
; SW[2]      ; H7[2]       ; 14.526 ; 14.526 ; 14.526 ; 14.526 ;
; SW[2]      ; H7[3]       ; 14.553 ; 14.553 ; 14.553 ; 14.553 ;
; SW[2]      ; H7[4]       ; 14.365 ; 14.365 ; 14.365 ; 14.365 ;
; SW[2]      ; H7[5]       ; 14.873 ; 14.873 ; 14.873 ; 14.873 ;
; SW[2]      ; H7[6]       ; 14.138 ; 14.138 ; 14.138 ; 14.138 ;
; SW[2]      ; LEDR[0]     ; 9.042  ;        ;        ; 9.042  ;
; SW[3]      ; H2[0]       ; 12.481 ; 12.481 ; 12.481 ; 12.481 ;
; SW[3]      ; H2[1]       ; 12.444 ; 12.993 ; 12.993 ; 12.444 ;
; SW[3]      ; H2[2]       ; 12.523 ; 13.072 ; 13.072 ; 12.523 ;
; SW[3]      ; H2[3]       ; 12.492 ; 12.492 ; 12.492 ; 12.492 ;
; SW[3]      ; H2[4]       ; 12.237 ; 12.786 ; 12.786 ; 12.237 ;
; SW[3]      ; H2[5]       ; 12.191 ; 12.191 ; 12.191 ; 12.191 ;
; SW[3]      ; H2[6]       ; 12.217 ; 12.217 ; 12.217 ; 12.217 ;
; SW[3]      ; H3[0]       ; 11.624 ; 11.624 ; 11.624 ; 11.624 ;
; SW[3]      ; H3[1]       ; 11.638 ; 12.335 ; 12.335 ; 11.638 ;
; SW[3]      ; H3[2]       ; 12.451 ; 11.630 ; 11.630 ; 12.451 ;
; SW[3]      ; H3[3]       ; 11.682 ; 11.682 ; 11.682 ; 11.682 ;
; SW[3]      ; H3[4]       ; 11.688 ; 12.509 ; 12.509 ; 11.688 ;
; SW[3]      ; H3[5]       ; 12.347 ; 11.657 ; 11.657 ; 12.347 ;
; SW[3]      ; H3[6]       ; 11.648 ; 11.648 ; 11.648 ; 11.648 ;
; SW[3]      ; H4[0]       ; 16.115 ; 16.115 ; 16.115 ; 16.115 ;
; SW[3]      ; H4[1]       ; 16.111 ; 16.111 ; 16.111 ; 16.111 ;
; SW[3]      ; H4[2]       ; 15.992 ; 15.992 ; 15.992 ; 15.992 ;
; SW[3]      ; H4[3]       ; 15.824 ; 15.824 ; 15.824 ; 15.824 ;
; SW[3]      ; H4[4]       ; 15.801 ; 15.801 ; 15.801 ; 15.801 ;
; SW[3]      ; H4[5]       ; 15.843 ; 15.843 ; 15.843 ; 15.843 ;
; SW[3]      ; H4[6]       ; 16.004 ; 16.004 ; 16.004 ; 16.004 ;
; SW[3]      ; H5[0]       ; 16.790 ; 16.790 ; 16.790 ; 16.790 ;
; SW[3]      ; H5[1]       ; 16.921 ; 16.921 ; 16.921 ; 16.921 ;
; SW[3]      ; H5[2]       ; 15.833 ; 15.833 ; 15.833 ; 15.833 ;
; SW[3]      ; H5[3]       ; 17.066 ; 17.066 ; 17.066 ; 17.066 ;
; SW[3]      ; H5[4]       ; 15.870 ; 15.870 ; 15.870 ; 15.870 ;
; SW[3]      ; H5[5]       ; 16.509 ; 16.509 ; 16.509 ; 16.509 ;
; SW[3]      ; H5[6]       ; 15.571 ; 15.571 ; 15.571 ; 15.571 ;
; SW[3]      ; H6[0]       ; 15.700 ; 15.700 ; 15.700 ; 15.700 ;
; SW[3]      ; H6[1]       ; 15.701 ; 15.701 ; 15.701 ; 15.701 ;
; SW[3]      ; H6[2]       ; 15.698 ; 15.698 ; 15.698 ; 15.698 ;
; SW[3]      ; H6[3]       ; 15.115 ; 15.115 ; 15.115 ; 15.115 ;
; SW[3]      ; H6[4]       ; 15.102 ; 15.102 ; 15.102 ; 15.102 ;
; SW[3]      ; H6[5]       ; 15.097 ; 15.097 ; 15.097 ; 15.097 ;
; SW[3]      ; H6[6]       ; 15.083 ; 15.083 ; 15.083 ; 15.083 ;
; SW[3]      ; H7[0]       ; 16.072 ; 16.072 ; 16.072 ; 16.072 ;
; SW[3]      ; H7[2]       ; 16.015 ; 16.015 ; 16.015 ; 16.015 ;
; SW[3]      ; H7[3]       ; 16.042 ; 16.042 ; 16.042 ; 16.042 ;
; SW[3]      ; H7[4]       ; 15.854 ; 15.854 ; 15.854 ; 15.854 ;
; SW[3]      ; H7[5]       ; 16.362 ; 16.362 ; 16.362 ; 16.362 ;
; SW[3]      ; H7[6]       ; 15.627 ; 15.627 ; 15.627 ; 15.627 ;
; SW[3]      ; LEDR[0]     ; 10.531 ;        ;        ; 10.531 ;
; SW[4]      ; H2[0]       ; 13.307 ; 13.307 ; 13.307 ; 13.307 ;
; SW[4]      ; H2[1]       ; 13.262 ; 13.262 ; 13.262 ; 13.262 ;
; SW[4]      ; H2[2]       ; 13.347 ; 13.347 ; 13.347 ; 13.347 ;
; SW[4]      ; H2[3]       ; 13.310 ; 13.310 ; 13.310 ; 13.310 ;
; SW[4]      ; H2[4]       ; 13.054 ; 13.054 ; 13.054 ; 13.054 ;
; SW[4]      ; H2[5]       ; 13.013 ; 13.013 ; 13.013 ; 13.013 ;
; SW[4]      ; H2[6]       ; 13.047 ; 13.047 ; 13.047 ; 13.047 ;
; SW[4]      ; H3[0]       ; 12.457 ; 12.457 ; 12.457 ; 12.457 ;
; SW[4]      ; H3[1]       ; 12.471 ; 13.137 ; 13.137 ; 12.471 ;
; SW[4]      ; H3[2]       ; 13.193 ; 12.463 ; 12.463 ; 13.193 ;
; SW[4]      ; H3[3]       ; 12.515 ; 12.515 ; 12.515 ; 12.515 ;
; SW[4]      ; H3[4]       ; 12.521 ; 13.251 ; 13.251 ; 12.521 ;
; SW[4]      ; H3[5]       ; 13.149 ; 12.490 ; 12.490 ; 13.149 ;
; SW[4]      ; H3[6]       ; 12.481 ; 12.481 ; 12.481 ; 12.481 ;
; SW[4]      ; H4[0]       ; 15.935 ; 15.935 ; 15.935 ; 15.935 ;
; SW[4]      ; H4[1]       ; 15.931 ; 15.931 ; 15.931 ; 15.931 ;
; SW[4]      ; H4[2]       ; 15.812 ; 15.812 ; 15.812 ; 15.812 ;
; SW[4]      ; H4[3]       ; 15.644 ; 15.644 ; 15.644 ; 15.644 ;
; SW[4]      ; H4[4]       ; 15.621 ; 15.621 ; 15.621 ; 15.621 ;
; SW[4]      ; H4[5]       ; 15.663 ; 15.663 ; 15.663 ; 15.663 ;
; SW[4]      ; H4[6]       ; 15.824 ; 15.824 ; 15.824 ; 15.824 ;
; SW[4]      ; H5[0]       ; 16.610 ; 16.610 ; 16.610 ; 16.610 ;
; SW[4]      ; H5[1]       ; 16.741 ; 16.741 ; 16.741 ; 16.741 ;
; SW[4]      ; H5[2]       ; 15.653 ; 15.653 ; 15.653 ; 15.653 ;
; SW[4]      ; H5[3]       ; 16.886 ; 16.886 ; 16.886 ; 16.886 ;
; SW[4]      ; H5[4]       ; 15.690 ; 15.690 ; 15.690 ; 15.690 ;
; SW[4]      ; H5[5]       ; 16.329 ; 16.329 ; 16.329 ; 16.329 ;
; SW[4]      ; H5[6]       ; 15.391 ; 15.391 ; 15.391 ; 15.391 ;
; SW[4]      ; H6[0]       ; 15.520 ; 15.520 ; 15.520 ; 15.520 ;
; SW[4]      ; H6[1]       ; 15.521 ; 15.521 ; 15.521 ; 15.521 ;
; SW[4]      ; H6[2]       ; 15.518 ; 15.518 ; 15.518 ; 15.518 ;
; SW[4]      ; H6[3]       ; 14.935 ; 14.935 ; 14.935 ; 14.935 ;
; SW[4]      ; H6[4]       ; 14.922 ; 14.922 ; 14.922 ; 14.922 ;
; SW[4]      ; H6[5]       ; 14.917 ; 14.917 ; 14.917 ; 14.917 ;
; SW[4]      ; H6[6]       ; 14.903 ; 14.903 ; 14.903 ; 14.903 ;
; SW[4]      ; H7[0]       ; 15.892 ; 15.892 ; 15.892 ; 15.892 ;
; SW[4]      ; H7[2]       ; 15.835 ; 15.835 ; 15.835 ; 15.835 ;
; SW[4]      ; H7[3]       ; 15.862 ; 15.862 ; 15.862 ; 15.862 ;
; SW[4]      ; H7[4]       ; 15.674 ; 15.674 ; 15.674 ; 15.674 ;
; SW[4]      ; H7[5]       ; 16.182 ; 16.182 ; 16.182 ; 16.182 ;
; SW[4]      ; H7[6]       ; 15.447 ; 15.447 ; 15.447 ; 15.447 ;
; SW[4]      ; LEDR[0]     ; 10.351 ;        ;        ; 10.351 ;
; SW[5]      ; H2[0]       ; 13.502 ; 13.502 ; 13.502 ; 13.502 ;
; SW[5]      ; H2[1]       ; 13.457 ; 13.457 ; 13.457 ; 13.457 ;
; SW[5]      ; H2[2]       ; 13.542 ; 13.542 ; 13.542 ; 13.542 ;
; SW[5]      ; H2[3]       ; 13.505 ; 13.505 ; 13.505 ; 13.505 ;
; SW[5]      ; H2[4]       ; 13.249 ; 13.249 ; 13.249 ; 13.249 ;
; SW[5]      ; H2[5]       ; 13.208 ; 13.208 ; 13.208 ; 13.208 ;
; SW[5]      ; H2[6]       ; 13.242 ; 13.242 ; 13.242 ; 13.242 ;
; SW[5]      ; H3[0]       ; 11.553 ; 11.553 ; 11.553 ; 11.553 ;
; SW[5]      ; H3[1]       ; 11.567 ; 12.138 ; 12.138 ; 11.567 ;
; SW[5]      ; H3[2]       ; 12.130 ; 11.559 ; 11.559 ; 12.130 ;
; SW[5]      ; H3[3]       ; 11.611 ; 11.611 ; 11.611 ; 11.611 ;
; SW[5]      ; H3[4]       ; 11.617 ; 12.188 ; 12.188 ; 11.617 ;
; SW[5]      ; H3[5]       ; 12.144 ; 11.586 ; 11.586 ; 12.144 ;
; SW[5]      ; H3[6]       ; 11.577 ; 11.577 ; 11.577 ; 11.577 ;
; SW[5]      ; H4[0]       ; 16.130 ; 16.130 ; 16.130 ; 16.130 ;
; SW[5]      ; H4[1]       ; 16.126 ; 16.126 ; 16.126 ; 16.126 ;
; SW[5]      ; H4[2]       ; 16.007 ; 16.007 ; 16.007 ; 16.007 ;
; SW[5]      ; H4[3]       ; 15.839 ; 15.839 ; 15.839 ; 15.839 ;
; SW[5]      ; H4[4]       ; 15.816 ; 15.816 ; 15.816 ; 15.816 ;
; SW[5]      ; H4[5]       ; 15.858 ; 15.858 ; 15.858 ; 15.858 ;
; SW[5]      ; H4[6]       ; 16.019 ; 16.019 ; 16.019 ; 16.019 ;
; SW[5]      ; H5[0]       ; 16.805 ; 16.805 ; 16.805 ; 16.805 ;
; SW[5]      ; H5[1]       ; 16.936 ; 16.936 ; 16.936 ; 16.936 ;
; SW[5]      ; H5[2]       ; 15.848 ; 15.848 ; 15.848 ; 15.848 ;
; SW[5]      ; H5[3]       ; 17.081 ; 17.081 ; 17.081 ; 17.081 ;
; SW[5]      ; H5[4]       ; 15.885 ; 15.885 ; 15.885 ; 15.885 ;
; SW[5]      ; H5[5]       ; 16.524 ; 16.524 ; 16.524 ; 16.524 ;
; SW[5]      ; H5[6]       ; 15.586 ; 15.586 ; 15.586 ; 15.586 ;
; SW[5]      ; H6[0]       ; 15.715 ; 15.715 ; 15.715 ; 15.715 ;
; SW[5]      ; H6[1]       ; 15.716 ; 15.716 ; 15.716 ; 15.716 ;
; SW[5]      ; H6[2]       ; 15.713 ; 15.713 ; 15.713 ; 15.713 ;
; SW[5]      ; H6[3]       ; 15.130 ; 15.130 ; 15.130 ; 15.130 ;
; SW[5]      ; H6[4]       ; 15.117 ; 15.117 ; 15.117 ; 15.117 ;
; SW[5]      ; H6[5]       ; 15.112 ; 15.112 ; 15.112 ; 15.112 ;
; SW[5]      ; H6[6]       ; 15.098 ; 15.098 ; 15.098 ; 15.098 ;
; SW[5]      ; H7[0]       ; 16.087 ; 16.087 ; 16.087 ; 16.087 ;
; SW[5]      ; H7[2]       ; 16.030 ; 16.030 ; 16.030 ; 16.030 ;
; SW[5]      ; H7[3]       ; 16.057 ; 16.057 ; 16.057 ; 16.057 ;
; SW[5]      ; H7[4]       ; 15.869 ; 15.869 ; 15.869 ; 15.869 ;
; SW[5]      ; H7[5]       ; 16.377 ; 16.377 ; 16.377 ; 16.377 ;
; SW[5]      ; H7[6]       ; 15.642 ; 15.642 ; 15.642 ; 15.642 ;
; SW[5]      ; LEDR[0]     ; 10.546 ;        ;        ; 10.546 ;
; SW[6]      ; H4[0]       ; 13.238 ; 13.238 ; 13.238 ; 13.238 ;
; SW[6]      ; H4[1]       ; 13.234 ; 13.234 ; 13.234 ; 13.234 ;
; SW[6]      ; H4[2]       ;        ; 13.115 ; 13.115 ;        ;
; SW[6]      ; H4[3]       ; 12.947 ; 12.947 ; 12.947 ; 12.947 ;
; SW[6]      ; H4[4]       ; 12.924 ;        ;        ; 12.924 ;
; SW[6]      ; H4[5]       ; 12.966 ;        ;        ; 12.966 ;
; SW[6]      ; H4[6]       ; 13.127 ;        ;        ; 13.127 ;
; SW[7]      ; H4[0]       ; 14.523 ; 14.523 ; 14.523 ; 14.523 ;
; SW[7]      ; H4[1]       ; 14.527 ; 14.527 ; 14.527 ; 14.527 ;
; SW[7]      ; H4[2]       ; 14.411 ; 15.463 ; 15.463 ; 14.411 ;
; SW[7]      ; H4[3]       ; 14.236 ; 14.236 ; 14.236 ; 14.236 ;
; SW[7]      ; H4[4]       ; 14.243 ; 14.243 ; 14.243 ; 14.243 ;
; SW[7]      ; H4[5]       ; 14.255 ; 15.307 ; 15.307 ; 14.255 ;
; SW[7]      ; H4[6]       ; 14.414 ; 14.414 ; 14.414 ; 14.414 ;
; SW[7]      ; H5[0]       ; 15.067 ; 15.067 ; 15.067 ; 15.067 ;
; SW[7]      ; H5[1]       ; 15.199 ; 15.199 ; 15.199 ; 15.199 ;
; SW[7]      ; H5[2]       ;        ; 14.106 ; 14.106 ;        ;
; SW[7]      ; H5[3]       ; 15.342 ; 15.342 ; 15.342 ; 15.342 ;
; SW[7]      ; H5[4]       ; 14.148 ;        ;        ; 14.148 ;
; SW[7]      ; H5[5]       ; 14.782 ;        ;        ; 14.782 ;
; SW[7]      ; H5[6]       ; 13.844 ;        ;        ; 13.844 ;
; SW[8]      ; H2[0]       ; 12.515 ; 12.515 ; 12.515 ; 12.515 ;
; SW[8]      ; H2[1]       ; 12.470 ; 12.470 ; 12.470 ; 12.470 ;
; SW[8]      ; H2[2]       ; 12.555 ; 12.555 ; 12.555 ; 12.555 ;
; SW[8]      ; H2[3]       ; 12.518 ; 12.518 ; 12.518 ; 12.518 ;
; SW[8]      ; H2[4]       ; 12.262 ; 12.262 ; 12.262 ; 12.262 ;
; SW[8]      ; H2[5]       ; 12.221 ; 12.221 ; 12.221 ; 12.221 ;
; SW[8]      ; H2[6]       ; 12.255 ; 12.255 ; 12.255 ; 12.255 ;
; SW[8]      ; H3[0]       ; 13.201 ; 13.201 ; 13.201 ; 13.201 ;
; SW[8]      ; H3[1]       ; 13.215 ; 13.215 ; 13.215 ; 13.215 ;
; SW[8]      ; H3[2]       ; 13.207 ; 13.207 ; 13.207 ; 13.207 ;
; SW[8]      ; H3[3]       ; 13.259 ; 13.259 ; 13.259 ; 13.259 ;
; SW[8]      ; H3[4]       ; 13.265 ; 13.265 ; 13.265 ; 13.265 ;
; SW[8]      ; H3[5]       ; 13.234 ; 13.234 ; 13.234 ; 13.234 ;
; SW[8]      ; H3[6]       ; 13.225 ; 13.225 ; 13.225 ; 13.225 ;
; SW[8]      ; H4[0]       ; 14.910 ; 14.910 ; 14.910 ; 14.910 ;
; SW[8]      ; H4[1]       ; 14.906 ; 15.139 ; 15.139 ; 14.906 ;
; SW[8]      ; H4[2]       ; 14.790 ; 14.790 ; 14.790 ; 14.790 ;
; SW[8]      ; H4[3]       ; 14.619 ; 14.619 ; 14.619 ; 14.619 ;
; SW[8]      ; H4[4]       ; 14.626 ; 14.829 ; 14.829 ; 14.626 ;
; SW[8]      ; H4[5]       ; 14.640 ; 14.640 ; 14.640 ; 14.640 ;
; SW[8]      ; H4[6]       ; 14.798 ; 14.798 ; 14.798 ; 14.798 ;
; SW[8]      ; H5[0]       ; 14.914 ; 14.681 ; 14.681 ; 14.914 ;
; SW[8]      ; H5[1]       ; 14.815 ; 14.815 ; 14.815 ; 14.815 ;
; SW[8]      ; H5[2]       ; 13.672 ; 13.953 ; 13.953 ; 13.672 ;
; SW[8]      ; H5[3]       ; 14.957 ; 14.957 ; 14.957 ; 14.957 ;
; SW[8]      ; H5[4]       ; 13.995 ; 13.763 ; 13.763 ; 13.995 ;
; SW[8]      ; H5[5]       ; 14.366 ; 15.537 ; 15.537 ; 14.366 ;
; SW[8]      ; H5[6]       ; 13.457 ; 13.457 ; 13.457 ; 13.457 ;
; SW[8]      ; H6[0]       ; 14.728 ; 14.728 ; 14.728 ; 14.728 ;
; SW[8]      ; H6[1]       ; 14.729 ; 14.729 ; 14.729 ; 14.729 ;
; SW[8]      ; H6[2]       ; 14.726 ; 14.726 ; 14.726 ; 14.726 ;
; SW[8]      ; H6[3]       ; 14.143 ; 14.143 ; 14.143 ; 14.143 ;
; SW[8]      ; H6[4]       ; 14.130 ; 14.130 ; 14.130 ; 14.130 ;
; SW[8]      ; H6[5]       ; 14.125 ; 14.125 ; 14.125 ; 14.125 ;
; SW[8]      ; H6[6]       ; 14.111 ; 14.111 ; 14.111 ; 14.111 ;
; SW[8]      ; H7[0]       ; 15.100 ; 15.100 ; 15.100 ; 15.100 ;
; SW[8]      ; H7[2]       ; 15.043 ; 15.043 ; 15.043 ; 15.043 ;
; SW[8]      ; H7[3]       ; 15.070 ; 15.070 ; 15.070 ; 15.070 ;
; SW[8]      ; H7[4]       ; 14.882 ; 14.882 ; 14.882 ; 14.882 ;
; SW[8]      ; H7[5]       ; 15.390 ; 15.390 ; 15.390 ; 15.390 ;
; SW[8]      ; H7[6]       ; 14.655 ; 14.655 ; 14.655 ; 14.655 ;
; SW[8]      ; LEDR[0]     ; 9.559  ;        ;        ; 9.559  ;
; SW[9]      ; H2[0]       ; 12.901 ; 12.901 ; 12.901 ; 12.901 ;
; SW[9]      ; H2[1]       ; 12.856 ; 12.856 ; 12.856 ; 12.856 ;
; SW[9]      ; H2[2]       ; 12.941 ; 12.941 ; 12.941 ; 12.941 ;
; SW[9]      ; H2[3]       ; 12.904 ; 12.904 ; 12.904 ; 12.904 ;
; SW[9]      ; H2[4]       ; 12.648 ; 12.648 ; 12.648 ; 12.648 ;
; SW[9]      ; H2[5]       ; 12.607 ; 12.607 ; 12.607 ; 12.607 ;
; SW[9]      ; H2[6]       ; 12.641 ; 12.641 ; 12.641 ; 12.641 ;
; SW[9]      ; H3[0]       ; 13.587 ; 13.587 ; 13.587 ; 13.587 ;
; SW[9]      ; H3[1]       ; 13.601 ; 13.601 ; 13.601 ; 13.601 ;
; SW[9]      ; H3[2]       ; 13.593 ; 13.593 ; 13.593 ; 13.593 ;
; SW[9]      ; H3[3]       ; 13.645 ; 13.645 ; 13.645 ; 13.645 ;
; SW[9]      ; H3[4]       ; 13.651 ; 13.651 ; 13.651 ; 13.651 ;
; SW[9]      ; H3[5]       ; 13.620 ; 13.620 ; 13.620 ; 13.620 ;
; SW[9]      ; H3[6]       ; 13.611 ; 13.611 ; 13.611 ; 13.611 ;
; SW[9]      ; H4[0]       ; 15.063 ; 15.063 ; 15.063 ; 15.063 ;
; SW[9]      ; H4[1]       ; 15.072 ; 15.525 ; 15.525 ; 15.072 ;
; SW[9]      ; H4[2]       ; 14.957 ; 15.406 ; 15.406 ; 14.957 ;
; SW[9]      ; H4[3]       ; 14.779 ; 14.779 ; 14.779 ; 14.779 ;
; SW[9]      ; H4[4]       ; 14.787 ; 15.215 ; 15.215 ; 14.787 ;
; SW[9]      ; H4[5]       ; 14.796 ; 14.796 ; 14.796 ; 14.796 ;
; SW[9]      ; H4[6]       ; 14.939 ; 14.939 ; 14.939 ; 14.939 ;
; SW[9]      ; H5[0]       ; 13.988 ; 13.988 ; 13.988 ; 13.988 ;
; SW[9]      ; H5[1]       ; 14.119 ; 15.007 ; 15.007 ; 14.119 ;
; SW[9]      ; H5[2]       ; 13.864 ; 13.031 ; 13.031 ; 13.864 ;
; SW[9]      ; H5[3]       ; 14.264 ; 14.264 ; 14.264 ; 14.264 ;
; SW[9]      ; H5[4]       ; 13.068 ; 13.955 ; 13.955 ; 13.068 ;
; SW[9]      ; H5[5]       ; 14.558 ; 13.707 ; 13.707 ; 14.558 ;
; SW[9]      ; H5[6]       ; 12.769 ; 12.769 ; 12.769 ; 12.769 ;
; SW[9]      ; H6[0]       ; 15.114 ; 15.114 ; 15.114 ; 15.114 ;
; SW[9]      ; H6[1]       ; 15.115 ; 15.115 ; 15.115 ; 15.115 ;
; SW[9]      ; H6[2]       ; 15.112 ; 15.112 ; 15.112 ; 15.112 ;
; SW[9]      ; H6[3]       ; 14.529 ; 14.529 ; 14.529 ; 14.529 ;
; SW[9]      ; H6[4]       ; 14.516 ; 14.516 ; 14.516 ; 14.516 ;
; SW[9]      ; H6[5]       ; 14.511 ; 14.511 ; 14.511 ; 14.511 ;
; SW[9]      ; H6[6]       ; 14.497 ; 14.497 ; 14.497 ; 14.497 ;
; SW[9]      ; H7[0]       ; 15.486 ; 15.486 ; 15.486 ; 15.486 ;
; SW[9]      ; H7[2]       ; 15.429 ; 15.429 ; 15.429 ; 15.429 ;
; SW[9]      ; H7[3]       ; 15.456 ; 15.456 ; 15.456 ; 15.456 ;
; SW[9]      ; H7[4]       ; 15.268 ; 15.268 ; 15.268 ; 15.268 ;
; SW[9]      ; H7[5]       ; 15.776 ; 15.776 ; 15.776 ; 15.776 ;
; SW[9]      ; H7[6]       ; 15.041 ; 15.041 ; 15.041 ; 15.041 ;
; SW[9]      ; LEDR[0]     ; 9.945  ;        ;        ; 9.945  ;
; SW[10]     ; H2[0]       ; 13.113 ; 13.113 ; 13.113 ; 13.113 ;
; SW[10]     ; H2[1]       ; 13.068 ; 13.068 ; 13.068 ; 13.068 ;
; SW[10]     ; H2[2]       ; 13.153 ; 13.153 ; 13.153 ; 13.153 ;
; SW[10]     ; H2[3]       ; 13.116 ; 13.116 ; 13.116 ; 13.116 ;
; SW[10]     ; H2[4]       ; 12.860 ; 12.860 ; 12.860 ; 12.860 ;
; SW[10]     ; H2[5]       ; 12.819 ; 12.819 ; 12.819 ; 12.819 ;
; SW[10]     ; H2[6]       ; 12.853 ; 12.853 ; 12.853 ; 12.853 ;
; SW[10]     ; H3[0]       ; 13.799 ; 13.799 ; 13.799 ; 13.799 ;
; SW[10]     ; H3[1]       ; 13.813 ; 13.813 ; 13.813 ; 13.813 ;
; SW[10]     ; H3[2]       ; 13.805 ; 13.805 ; 13.805 ; 13.805 ;
; SW[10]     ; H3[3]       ; 13.857 ; 13.857 ; 13.857 ; 13.857 ;
; SW[10]     ; H3[4]       ; 13.863 ; 13.863 ; 13.863 ; 13.863 ;
; SW[10]     ; H3[5]       ; 13.832 ; 13.832 ; 13.832 ; 13.832 ;
; SW[10]     ; H3[6]       ; 13.823 ; 13.823 ; 13.823 ; 13.823 ;
; SW[10]     ; H4[0]       ; 15.741 ; 15.741 ; 15.741 ; 15.741 ;
; SW[10]     ; H4[1]       ; 15.737 ; 15.737 ; 15.737 ; 15.737 ;
; SW[10]     ; H4[2]       ; 15.618 ; 15.618 ; 15.618 ; 15.618 ;
; SW[10]     ; H4[3]       ; 15.450 ; 15.450 ; 15.450 ; 15.450 ;
; SW[10]     ; H4[4]       ; 15.427 ; 15.427 ; 15.427 ; 15.427 ;
; SW[10]     ; H4[5]       ; 15.469 ; 15.469 ; 15.469 ; 15.469 ;
; SW[10]     ; H4[6]       ; 15.630 ; 15.630 ; 15.630 ; 15.630 ;
; SW[10]     ; H5[0]       ; 14.657 ; 14.657 ; 14.657 ; 14.657 ;
; SW[10]     ; H5[1]       ; 14.788 ; 15.769 ; 15.769 ; 14.788 ;
; SW[10]     ; H5[2]       ; 14.731 ; 13.700 ; 13.700 ; 14.731 ;
; SW[10]     ; H5[3]       ; 14.933 ; 14.933 ; 14.933 ; 14.933 ;
; SW[10]     ; H5[4]       ; 13.737 ; 14.822 ; 14.822 ; 13.737 ;
; SW[10]     ; H5[5]       ; 15.352 ; 14.376 ; 14.376 ; 15.352 ;
; SW[10]     ; H5[6]       ; 13.438 ; 13.438 ; 13.438 ; 13.438 ;
; SW[10]     ; H6[0]       ; 15.326 ; 15.326 ; 15.326 ; 15.326 ;
; SW[10]     ; H6[1]       ; 15.327 ; 15.327 ; 15.327 ; 15.327 ;
; SW[10]     ; H6[2]       ; 15.324 ; 15.324 ; 15.324 ; 15.324 ;
; SW[10]     ; H6[3]       ; 14.741 ; 14.741 ; 14.741 ; 14.741 ;
; SW[10]     ; H6[4]       ; 14.728 ; 14.728 ; 14.728 ; 14.728 ;
; SW[10]     ; H6[5]       ; 14.723 ; 14.723 ; 14.723 ; 14.723 ;
; SW[10]     ; H6[6]       ; 14.709 ; 14.709 ; 14.709 ; 14.709 ;
; SW[10]     ; H7[0]       ; 15.698 ; 15.698 ; 15.698 ; 15.698 ;
; SW[10]     ; H7[2]       ; 15.641 ; 15.641 ; 15.641 ; 15.641 ;
; SW[10]     ; H7[3]       ; 15.668 ; 15.668 ; 15.668 ; 15.668 ;
; SW[10]     ; H7[4]       ; 15.480 ; 15.480 ; 15.480 ; 15.480 ;
; SW[10]     ; H7[5]       ; 15.988 ; 15.988 ; 15.988 ; 15.988 ;
; SW[10]     ; H7[6]       ; 15.253 ; 15.253 ; 15.253 ; 15.253 ;
; SW[10]     ; LEDR[0]     ; 10.157 ;        ;        ; 10.157 ;
; SW[11]     ; H2[0]       ; 13.600 ; 13.600 ; 13.600 ; 13.600 ;
; SW[11]     ; H2[1]       ; 13.555 ; 13.555 ; 13.555 ; 13.555 ;
; SW[11]     ; H2[2]       ; 13.640 ; 13.640 ; 13.640 ; 13.640 ;
; SW[11]     ; H2[3]       ; 13.603 ; 13.603 ; 13.603 ; 13.603 ;
; SW[11]     ; H2[4]       ; 13.347 ; 13.347 ; 13.347 ; 13.347 ;
; SW[11]     ; H2[5]       ; 13.306 ; 13.306 ; 13.306 ; 13.306 ;
; SW[11]     ; H2[6]       ; 13.340 ; 13.340 ; 13.340 ; 13.340 ;
; SW[11]     ; H3[0]       ; 14.286 ; 14.286 ; 14.286 ; 14.286 ;
; SW[11]     ; H3[1]       ; 14.300 ; 14.300 ; 14.300 ; 14.300 ;
; SW[11]     ; H3[2]       ; 14.292 ; 14.292 ; 14.292 ; 14.292 ;
; SW[11]     ; H3[3]       ; 14.344 ; 14.344 ; 14.344 ; 14.344 ;
; SW[11]     ; H3[4]       ; 14.350 ; 14.350 ; 14.350 ; 14.350 ;
; SW[11]     ; H3[5]       ; 14.319 ; 14.319 ; 14.319 ; 14.319 ;
; SW[11]     ; H3[6]       ; 14.310 ; 14.310 ; 14.310 ; 14.310 ;
; SW[11]     ; H4[0]       ; 16.228 ; 16.228 ; 16.228 ; 16.228 ;
; SW[11]     ; H4[1]       ; 16.224 ; 16.224 ; 16.224 ; 16.224 ;
; SW[11]     ; H4[2]       ; 16.105 ; 16.105 ; 16.105 ; 16.105 ;
; SW[11]     ; H4[3]       ; 15.937 ; 15.937 ; 15.937 ; 15.937 ;
; SW[11]     ; H4[4]       ; 15.914 ; 15.914 ; 15.914 ; 15.914 ;
; SW[11]     ; H4[5]       ; 15.956 ; 15.956 ; 15.956 ; 15.956 ;
; SW[11]     ; H4[6]       ; 16.117 ; 16.117 ; 16.117 ; 16.117 ;
; SW[11]     ; H5[0]       ; 15.034 ; 15.034 ; 15.034 ; 15.034 ;
; SW[11]     ; H5[1]       ; 15.165 ; 15.844 ; 15.844 ; 15.165 ;
; SW[11]     ; H5[2]       ; 14.701 ; 14.077 ; 14.077 ; 14.701 ;
; SW[11]     ; H5[3]       ; 15.310 ; 15.310 ; 15.310 ; 15.310 ;
; SW[11]     ; H5[4]       ; 14.114 ; 14.792 ; 14.792 ; 14.114 ;
; SW[11]     ; H5[5]       ; 15.395 ; 14.753 ; 14.753 ; 15.395 ;
; SW[11]     ; H5[6]       ; 13.815 ; 13.815 ; 13.815 ; 13.815 ;
; SW[11]     ; H6[0]       ; 15.813 ; 15.813 ; 15.813 ; 15.813 ;
; SW[11]     ; H6[1]       ; 15.814 ; 15.814 ; 15.814 ; 15.814 ;
; SW[11]     ; H6[2]       ; 15.811 ; 15.811 ; 15.811 ; 15.811 ;
; SW[11]     ; H6[3]       ; 15.228 ; 15.228 ; 15.228 ; 15.228 ;
; SW[11]     ; H6[4]       ; 15.215 ; 15.215 ; 15.215 ; 15.215 ;
; SW[11]     ; H6[5]       ; 15.210 ; 15.210 ; 15.210 ; 15.210 ;
; SW[11]     ; H6[6]       ; 15.196 ; 15.196 ; 15.196 ; 15.196 ;
; SW[11]     ; H7[0]       ; 16.185 ; 16.185 ; 16.185 ; 16.185 ;
; SW[11]     ; H7[2]       ; 16.128 ; 16.128 ; 16.128 ; 16.128 ;
; SW[11]     ; H7[3]       ; 16.155 ; 16.155 ; 16.155 ; 16.155 ;
; SW[11]     ; H7[4]       ; 15.967 ; 15.967 ; 15.967 ; 15.967 ;
; SW[11]     ; H7[5]       ; 16.475 ; 16.475 ; 16.475 ; 16.475 ;
; SW[11]     ; H7[6]       ; 15.740 ; 15.740 ; 15.740 ; 15.740 ;
; SW[11]     ; LEDR[0]     ; 10.644 ;        ;        ; 10.644 ;
; SW[12]     ; H6[0]       ; 12.998 ; 12.998 ; 12.998 ; 12.998 ;
; SW[12]     ; H6[1]       ; 12.999 ; 12.999 ; 12.999 ; 12.999 ;
; SW[12]     ; H6[2]       ;        ; 12.996 ; 12.996 ;        ;
; SW[12]     ; H6[3]       ; 12.413 ; 12.413 ; 12.413 ; 12.413 ;
; SW[12]     ; H6[4]       ; 12.400 ;        ;        ; 12.400 ;
; SW[12]     ; H6[5]       ; 12.395 ;        ;        ; 12.395 ;
; SW[12]     ; H6[6]       ; 12.381 ;        ;        ; 12.381 ;
; SW[13]     ; H6[0]       ; 16.996 ; 16.996 ; 16.996 ; 16.996 ;
; SW[13]     ; H6[1]       ; 16.997 ; 16.997 ; 16.997 ; 16.997 ;
; SW[13]     ; H6[2]       ; 16.994 ; 17.911 ; 17.911 ; 16.994 ;
; SW[13]     ; H6[3]       ; 16.411 ; 16.411 ; 16.411 ; 16.411 ;
; SW[13]     ; H6[4]       ; 16.398 ; 16.398 ; 16.398 ; 16.398 ;
; SW[13]     ; H6[5]       ; 16.393 ; 17.310 ; 17.310 ; 16.393 ;
; SW[13]     ; H6[6]       ; 16.380 ; 16.380 ; 16.380 ; 16.380 ;
; SW[13]     ; H7[0]       ; 17.595 ;        ;        ; 17.595 ;
; SW[13]     ; H7[2]       ;        ; 17.577 ; 17.577 ;        ;
; SW[13]     ; H7[3]       ; 17.565 ;        ;        ; 17.565 ;
; SW[13]     ; H7[4]       ; 16.959 ;        ;        ; 16.959 ;
; SW[13]     ; H7[5]       ; 17.882 ;        ;        ; 17.882 ;
; SW[14]     ; H6[0]       ; 18.727 ; 18.727 ; 18.727 ; 18.727 ;
; SW[14]     ; H6[1]       ; 18.736 ; 19.109 ; 19.109 ; 18.736 ;
; SW[14]     ; H6[2]       ; 18.739 ; 18.739 ; 18.739 ; 18.739 ;
; SW[14]     ; H6[3]       ; 18.147 ; 18.147 ; 18.147 ; 18.147 ;
; SW[14]     ; H6[4]       ; 18.136 ; 18.509 ; 18.509 ; 18.136 ;
; SW[14]     ; H6[5]       ; 18.126 ; 18.126 ; 18.126 ; 18.126 ;
; SW[14]     ; H6[6]       ; 18.126 ; 18.126 ; 18.126 ; 18.126 ;
; SW[14]     ; H7[0]       ; 18.501 ; 18.202 ; 18.202 ; 18.501 ;
; SW[14]     ; H7[2]       ; 18.145 ; 18.483 ; 18.483 ; 18.145 ;
; SW[14]     ; H7[3]       ; 18.471 ; 18.172 ; 18.172 ; 18.471 ;
; SW[14]     ; H7[4]       ; 17.865 ; 19.032 ; 19.032 ; 17.865 ;
; SW[14]     ; H7[5]       ; 18.492 ; 19.955 ; 19.955 ; 18.492 ;
; SW[14]     ; H7[6]       ;        ; 17.757 ; 17.757 ;        ;
; SW[15]     ; H2[0]       ; 16.312 ; 16.312 ; 16.312 ; 16.312 ;
; SW[15]     ; H2[1]       ; 16.267 ; 16.267 ; 16.267 ; 16.267 ;
; SW[15]     ; H2[2]       ; 16.352 ; 16.352 ; 16.352 ; 16.352 ;
; SW[15]     ; H2[3]       ; 16.315 ; 16.315 ; 16.315 ; 16.315 ;
; SW[15]     ; H2[4]       ; 16.059 ; 16.059 ; 16.059 ; 16.059 ;
; SW[15]     ; H2[5]       ; 16.018 ; 16.018 ; 16.018 ; 16.018 ;
; SW[15]     ; H2[6]       ; 16.052 ; 16.052 ; 16.052 ; 16.052 ;
; SW[15]     ; H3[0]       ; 16.998 ; 16.998 ; 16.998 ; 16.998 ;
; SW[15]     ; H3[1]       ; 17.012 ; 17.012 ; 17.012 ; 17.012 ;
; SW[15]     ; H3[2]       ; 17.004 ; 17.004 ; 17.004 ; 17.004 ;
; SW[15]     ; H3[3]       ; 17.056 ; 17.056 ; 17.056 ; 17.056 ;
; SW[15]     ; H3[4]       ; 17.062 ; 17.062 ; 17.062 ; 17.062 ;
; SW[15]     ; H3[5]       ; 17.031 ; 17.031 ; 17.031 ; 17.031 ;
; SW[15]     ; H3[6]       ; 17.022 ; 17.022 ; 17.022 ; 17.022 ;
; SW[15]     ; H4[0]       ; 18.940 ; 18.940 ; 18.940 ; 18.940 ;
; SW[15]     ; H4[1]       ; 18.936 ; 18.936 ; 18.936 ; 18.936 ;
; SW[15]     ; H4[2]       ; 18.817 ; 18.817 ; 18.817 ; 18.817 ;
; SW[15]     ; H4[3]       ; 18.649 ; 18.649 ; 18.649 ; 18.649 ;
; SW[15]     ; H4[4]       ; 18.626 ; 18.626 ; 18.626 ; 18.626 ;
; SW[15]     ; H4[5]       ; 18.668 ; 18.668 ; 18.668 ; 18.668 ;
; SW[15]     ; H4[6]       ; 18.829 ; 18.829 ; 18.829 ; 18.829 ;
; SW[15]     ; H5[0]       ; 19.615 ; 19.615 ; 19.615 ; 19.615 ;
; SW[15]     ; H5[1]       ; 19.746 ; 19.746 ; 19.746 ; 19.746 ;
; SW[15]     ; H5[2]       ; 18.658 ; 18.658 ; 18.658 ; 18.658 ;
; SW[15]     ; H5[3]       ; 19.891 ; 19.891 ; 19.891 ; 19.891 ;
; SW[15]     ; H5[4]       ; 18.695 ; 18.695 ; 18.695 ; 18.695 ;
; SW[15]     ; H5[5]       ; 19.334 ; 19.334 ; 19.334 ; 19.334 ;
; SW[15]     ; H5[6]       ; 18.396 ; 18.396 ; 18.396 ; 18.396 ;
; SW[15]     ; H6[0]       ; 18.525 ; 18.525 ; 18.525 ; 18.525 ;
; SW[15]     ; H6[1]       ; 18.526 ; 18.526 ; 18.526 ; 18.526 ;
; SW[15]     ; H6[2]       ; 18.523 ; 18.523 ; 18.523 ; 18.523 ;
; SW[15]     ; H6[3]       ; 17.940 ; 17.940 ; 17.940 ; 17.940 ;
; SW[15]     ; H6[4]       ; 17.927 ; 17.927 ; 17.927 ; 17.927 ;
; SW[15]     ; H6[5]       ; 17.922 ; 17.922 ; 17.922 ; 17.922 ;
; SW[15]     ; H6[6]       ; 17.908 ; 17.908 ; 17.908 ; 17.908 ;
; SW[15]     ; H7[0]       ; 18.568 ; 17.909 ; 17.909 ; 18.568 ;
; SW[15]     ; H7[2]       ; 17.852 ; 18.550 ; 18.550 ; 17.852 ;
; SW[15]     ; H7[3]       ; 18.538 ; 17.879 ; 17.879 ; 18.538 ;
; SW[15]     ; H7[4]       ; 17.932 ; 18.408 ; 18.408 ; 17.932 ;
; SW[15]     ; H7[5]       ; 18.199 ; 19.187 ; 19.187 ; 18.199 ;
; SW[15]     ; H7[6]       ; 18.452 ; 17.464 ; 17.464 ; 18.452 ;
; SW[15]     ; LEDR[0]     ; 13.356 ;        ;        ; 13.356 ;
; SW[16]     ; H2[0]       ; 15.227 ; 15.227 ; 15.227 ; 15.227 ;
; SW[16]     ; H2[1]       ; 15.182 ; 15.182 ; 15.182 ; 15.182 ;
; SW[16]     ; H2[2]       ; 15.267 ; 15.267 ; 15.267 ; 15.267 ;
; SW[16]     ; H2[3]       ; 15.230 ; 15.230 ; 15.230 ; 15.230 ;
; SW[16]     ; H2[4]       ; 14.974 ; 14.974 ; 14.974 ; 14.974 ;
; SW[16]     ; H2[5]       ; 14.933 ; 14.933 ; 14.933 ; 14.933 ;
; SW[16]     ; H2[6]       ; 14.967 ; 14.967 ; 14.967 ; 14.967 ;
; SW[16]     ; H3[0]       ; 15.913 ; 15.913 ; 15.913 ; 15.913 ;
; SW[16]     ; H3[1]       ; 15.927 ; 15.927 ; 15.927 ; 15.927 ;
; SW[16]     ; H3[2]       ; 15.919 ; 15.919 ; 15.919 ; 15.919 ;
; SW[16]     ; H3[3]       ; 15.971 ; 15.971 ; 15.971 ; 15.971 ;
; SW[16]     ; H3[4]       ; 15.977 ; 15.977 ; 15.977 ; 15.977 ;
; SW[16]     ; H3[5]       ; 15.946 ; 15.946 ; 15.946 ; 15.946 ;
; SW[16]     ; H3[6]       ; 15.937 ; 15.937 ; 15.937 ; 15.937 ;
; SW[16]     ; H4[0]       ; 17.855 ; 17.855 ; 17.855 ; 17.855 ;
; SW[16]     ; H4[1]       ; 17.851 ; 17.851 ; 17.851 ; 17.851 ;
; SW[16]     ; H4[2]       ; 17.732 ; 17.732 ; 17.732 ; 17.732 ;
; SW[16]     ; H4[3]       ; 17.564 ; 17.564 ; 17.564 ; 17.564 ;
; SW[16]     ; H4[4]       ; 17.541 ; 17.541 ; 17.541 ; 17.541 ;
; SW[16]     ; H4[5]       ; 17.583 ; 17.583 ; 17.583 ; 17.583 ;
; SW[16]     ; H4[6]       ; 17.744 ; 17.744 ; 17.744 ; 17.744 ;
; SW[16]     ; H5[0]       ; 18.530 ; 18.530 ; 18.530 ; 18.530 ;
; SW[16]     ; H5[1]       ; 18.661 ; 18.661 ; 18.661 ; 18.661 ;
; SW[16]     ; H5[2]       ; 17.573 ; 17.573 ; 17.573 ; 17.573 ;
; SW[16]     ; H5[3]       ; 18.806 ; 18.806 ; 18.806 ; 18.806 ;
; SW[16]     ; H5[4]       ; 17.610 ; 17.610 ; 17.610 ; 17.610 ;
; SW[16]     ; H5[5]       ; 18.249 ; 18.249 ; 18.249 ; 18.249 ;
; SW[16]     ; H5[6]       ; 17.311 ; 17.311 ; 17.311 ; 17.311 ;
; SW[16]     ; H6[0]       ; 17.440 ; 17.440 ; 17.440 ; 17.440 ;
; SW[16]     ; H6[1]       ; 17.441 ; 17.441 ; 17.441 ; 17.441 ;
; SW[16]     ; H6[2]       ; 17.438 ; 17.438 ; 17.438 ; 17.438 ;
; SW[16]     ; H6[3]       ; 16.855 ; 16.855 ; 16.855 ; 16.855 ;
; SW[16]     ; H6[4]       ; 16.842 ; 16.842 ; 16.842 ; 16.842 ;
; SW[16]     ; H6[5]       ; 16.837 ; 16.837 ; 16.837 ; 16.837 ;
; SW[16]     ; H6[6]       ; 16.823 ; 16.823 ; 16.823 ; 16.823 ;
; SW[16]     ; H7[0]       ; 17.812 ; 17.774 ; 17.774 ; 17.812 ;
; SW[16]     ; H7[2]       ; 17.717 ; 17.755 ; 17.755 ; 17.717 ;
; SW[16]     ; H7[3]       ; 17.782 ; 17.744 ; 17.744 ; 17.782 ;
; SW[16]     ; H7[4]       ; 17.594 ; 17.594 ; 17.594 ; 17.594 ;
; SW[16]     ; H7[5]       ; 18.064 ; 18.102 ; 18.102 ; 18.064 ;
; SW[16]     ; H7[6]       ; 17.367 ; 17.329 ; 17.329 ; 17.367 ;
; SW[16]     ; LEDR[0]     ; 12.271 ;        ;        ; 12.271 ;
+------------+-------------+--------+--------+--------+--------+


+---------------------------------+
; Fast Model Setup Summary        ;
+--------+--------+---------------+
; Clock  ; Slack  ; End Point TNS ;
+--------+--------+---------------+
; KEY[0] ; -1.766 ; -16.370       ;
; CLK    ; -1.028 ; -23.806       ;
+--------+--------+---------------+


+---------------------------------+
; Fast Model Hold Summary         ;
+--------+--------+---------------+
; Clock  ; Slack  ; End Point TNS ;
+--------+--------+---------------+
; CLK    ; -0.398 ; -4.027        ;
; KEY[0] ; 0.286  ; 0.000         ;
+--------+--------+---------------+


+-------------------------------+
; Fast Model Recovery Summary   ;
+-------+-------+---------------+
; Clock ; Slack ; End Point TNS ;
+-------+-------+---------------+
; CLK   ; 0.463 ; 0.000         ;
+-------+-------+---------------+


+--------------------------------+
; Fast Model Removal Summary     ;
+-------+--------+---------------+
; Clock ; Slack  ; End Point TNS ;
+-------+--------+---------------+
; CLK   ; -0.140 ; -4.906        ;
+-------+--------+---------------+


+----------------------------------------+
; Fast Model Minimum Pulse Width Summary ;
+--------+--------+----------------------+
; Clock  ; Slack  ; End Point TNS        ;
+--------+--------+----------------------+
; CLK    ; -1.380 ; -44.380              ;
; KEY[0] ; -1.222 ; -1.222               ;
+--------+--------+----------------------+


+---------------------------------------------------------------------------------------------------------------+
; Fast Model Setup: 'KEY[0]'                                                                                    ;
+--------+-------------------+------------+--------------+-------------+--------------+------------+------------+
; Slack  ; From Node         ; To Node    ; Launch Clock ; Latch Clock ; Relationship ; Clock Skew ; Data Delay ;
+--------+-------------------+------------+--------------+-------------+--------------+------------+------------+
; -1.766 ; hour[2]~_emulated ; hour[2]~9  ; CLK          ; KEY[0]      ; 1.000        ; -0.456     ; 1.833      ;
; -1.524 ; hour[4]~_emulated ; hour[4]~17 ; CLK          ; KEY[0]      ; 1.000        ; -0.428     ; 1.702      ;
; -1.376 ; KEY[0]            ; hour[2]~9  ; KEY[0]       ; KEY[0]      ; 0.500        ; 1.173      ; 2.572      ;
; -1.267 ; KEY[0]            ; hour[4]~17 ; KEY[0]       ; KEY[0]      ; 0.500        ; 1.222      ; 2.595      ;
; -1.168 ; min[4]~_emulated  ; min[4]~21  ; CLK          ; KEY[0]      ; 1.000        ; -0.452     ; 1.322      ;
; -1.123 ; hour[3]~_emulated ; hour[3]~13 ; CLK          ; KEY[0]      ; 1.000        ; -0.412     ; 1.316      ;
; -1.080 ; hour[2]~9         ; hour[2]~9  ; KEY[0]       ; KEY[0]      ; 1.000        ; 0.000      ; 1.603      ;
; -0.996 ; sec[3]~_emulated  ; sec[3]~13  ; CLK          ; KEY[0]      ; 1.000        ; -0.409     ; 1.184      ;
; -0.984 ; sec[4]~_emulated  ; sec[4]~21  ; CLK          ; KEY[0]      ; 1.000        ; -0.409     ; 1.184      ;
; -0.984 ; hour[1]~_emulated ; hour[1]~5  ; CLK          ; KEY[0]      ; 1.000        ; -0.456     ; 1.046      ;
; -0.966 ; sec[1]~_emulated  ; sec[1]~5   ; CLK          ; KEY[0]      ; 1.000        ; -0.517     ; 1.053      ;
; -0.935 ; hour[0]~_emulated ; hour[0]~1  ; CLK          ; KEY[0]      ; 1.000        ; -0.427     ; 1.100      ;
; -0.882 ; sec[0]~_emulated  ; sec[0]~1   ; CLK          ; KEY[0]      ; 1.000        ; -0.517     ; 0.969      ;
; -0.876 ; KEY[0]            ; hour[2]~9  ; KEY[0]       ; KEY[0]      ; 1.000        ; 1.173      ; 2.572      ;
; -0.868 ; hour[4]~17        ; hour[4]~17 ; KEY[0]       ; KEY[0]      ; 1.000        ; 0.000      ; 1.474      ;
; -0.800 ; min[5]~_emulated  ; min[5]~17  ; CLK          ; KEY[0]      ; 1.000        ; -0.465     ; 0.861      ;
; -0.775 ; KEY[0]            ; min[4]~21  ; KEY[0]       ; KEY[0]      ; 0.500        ; 1.177      ; 2.058      ;
; -0.769 ; min[0]~_emulated  ; min[0]~1   ; CLK          ; KEY[0]      ; 1.000        ; -0.471     ; 0.897      ;
; -0.767 ; KEY[0]            ; hour[4]~17 ; KEY[0]       ; KEY[0]      ; 1.000        ; 1.222      ; 2.595      ;
; -0.761 ; sec[2]~_emulated  ; sec[2]~9   ; CLK          ; KEY[0]      ; 1.000        ; -0.515     ; 0.853      ;
; -0.760 ; min[2]~_emulated  ; min[2]~9   ; CLK          ; KEY[0]      ; 1.000        ; -0.456     ; 0.910      ;
; -0.701 ; min[1]~_emulated  ; min[1]~5   ; CLK          ; KEY[0]      ; 1.000        ; -0.471     ; 0.828      ;
; -0.680 ; min[3]~_emulated  ; min[3]~13  ; CLK          ; KEY[0]      ; 1.000        ; -0.467     ; 0.811      ;
; -0.671 ; KEY[0]            ; hour[3]~13 ; KEY[0]       ; KEY[0]      ; 0.500        ; 1.238      ; 2.014      ;
; -0.597 ; KEY[0]            ; sec[4]~21  ; KEY[0]       ; KEY[0]      ; 0.500        ; 1.242      ; 1.948      ;
; -0.597 ; KEY[0]            ; hour[1]~5  ; KEY[0]       ; KEY[0]      ; 0.500        ; 1.173      ; 1.788      ;
; -0.571 ; sec[5]~_emulated  ; sec[5]~17  ; CLK          ; KEY[0]      ; 1.000        ; -0.433     ; 0.743      ;
; -0.544 ; KEY[0]            ; sec[3]~13  ; KEY[0]       ; KEY[0]      ; 0.500        ; 1.242      ; 1.883      ;
; -0.537 ; hour[3]~13        ; hour[3]~13 ; KEY[0]       ; KEY[0]      ; 1.000        ; 0.000      ; 1.142      ;
; -0.495 ; KEY[0]            ; sec[1]~5   ; KEY[0]       ; KEY[0]      ; 0.500        ; 1.134      ; 1.733      ;
; -0.490 ; min[4]~21         ; min[4]~21  ; KEY[0]       ; KEY[0]      ; 1.000        ; 0.000      ; 1.096      ;
; -0.470 ; KEY[0]            ; hour[0]~1  ; KEY[0]       ; KEY[0]      ; 0.500        ; 1.223      ; 1.785      ;
; -0.457 ; sec[4]~21         ; sec[4]~21  ; KEY[0]       ; KEY[0]      ; 1.000        ; 0.000      ; 1.066      ;
; -0.430 ; KEY[0]            ; min[5]~17  ; KEY[0]       ; KEY[0]      ; 0.500        ; 1.164      ; 1.620      ;
; -0.420 ; KEY[0]            ; sec[0]~1   ; KEY[0]       ; KEY[0]      ; 0.500        ; 1.134      ; 1.658      ;
; -0.417 ; KEY[0]            ; min[0]~1   ; KEY[0]       ; KEY[0]      ; 0.500        ; 1.158      ; 1.674      ;
; -0.373 ; KEY[0]            ; min[2]~9   ; KEY[0]       ; KEY[0]      ; 0.500        ; 1.173      ; 1.652      ;
; -0.356 ; KEY[0]            ; min[3]~13  ; KEY[0]       ; KEY[0]      ; 0.500        ; 1.162      ; 1.616      ;
; -0.342 ; sec[3]~13         ; sec[3]~13  ; KEY[0]       ; KEY[0]      ; 1.000        ; 0.000      ; 0.939      ;
; -0.332 ; sec[1]~5          ; sec[1]~5   ; KEY[0]       ; KEY[0]      ; 1.000        ; 0.000      ; 0.936      ;
; -0.300 ; hour[1]~5         ; hour[1]~5  ; KEY[0]       ; KEY[0]      ; 1.000        ; 0.000      ; 0.818      ;
; -0.295 ; KEY[0]            ; sec[2]~9   ; KEY[0]       ; KEY[0]      ; 0.500        ; 1.136      ; 1.538      ;
; -0.275 ; KEY[0]            ; min[4]~21  ; KEY[0]       ; KEY[0]      ; 1.000        ; 1.177      ; 2.058      ;
; -0.268 ; KEY[0]            ; min[1]~5   ; KEY[0]       ; KEY[0]      ; 0.500        ; 1.158      ; 1.524      ;
; -0.254 ; sec[0]~1          ; sec[0]~1   ; KEY[0]       ; KEY[0]      ; 1.000        ; 0.000      ; 0.858      ;
; -0.247 ; hour[0]~1         ; hour[0]~1  ; KEY[0]       ; KEY[0]      ; 1.000        ; 0.000      ; 0.839      ;
; -0.181 ; KEY[0]            ; sec[5]~17  ; KEY[0]       ; KEY[0]      ; 0.500        ; 1.218      ; 1.504      ;
; -0.176 ; min[0]~1          ; min[0]~1   ; KEY[0]       ; KEY[0]      ; 1.000        ; 0.000      ; 0.775      ;
; -0.171 ; KEY[0]            ; hour[3]~13 ; KEY[0]       ; KEY[0]      ; 1.000        ; 1.238      ; 2.014      ;
; -0.131 ; sec[2]~9          ; sec[2]~9   ; KEY[0]       ; KEY[0]      ; 1.000        ; 0.000      ; 0.738      ;
; -0.112 ; min[5]~17         ; min[5]~17  ; KEY[0]       ; KEY[0]      ; 1.000        ; 0.000      ; 0.638      ;
; -0.109 ; min[1]~5          ; min[1]~5   ; KEY[0]       ; KEY[0]      ; 1.000        ; 0.000      ; 0.707      ;
; -0.097 ; KEY[0]            ; sec[4]~21  ; KEY[0]       ; KEY[0]      ; 1.000        ; 1.242      ; 1.948      ;
; -0.097 ; KEY[0]            ; hour[1]~5  ; KEY[0]       ; KEY[0]      ; 1.000        ; 1.173      ; 1.788      ;
; -0.088 ; min[2]~9          ; min[2]~9   ; KEY[0]       ; KEY[0]      ; 1.000        ; 0.000      ; 0.694      ;
; -0.084 ; min[3]~13         ; min[3]~13  ; KEY[0]       ; KEY[0]      ; 1.000        ; 0.000      ; 0.682      ;
; -0.044 ; KEY[0]            ; sec[3]~13  ; KEY[0]       ; KEY[0]      ; 1.000        ; 1.242      ; 1.883      ;
; -0.023 ; sec[5]~17         ; sec[5]~17  ; KEY[0]       ; KEY[0]      ; 1.000        ; 0.000      ; 0.628      ;
; 0.005  ; KEY[0]            ; sec[1]~5   ; KEY[0]       ; KEY[0]      ; 1.000        ; 1.134      ; 1.733      ;
; 0.030  ; KEY[0]            ; hour[0]~1  ; KEY[0]       ; KEY[0]      ; 1.000        ; 1.223      ; 1.785      ;
; 0.070  ; KEY[0]            ; min[5]~17  ; KEY[0]       ; KEY[0]      ; 1.000        ; 1.164      ; 1.620      ;
; 0.080  ; KEY[0]            ; sec[0]~1   ; KEY[0]       ; KEY[0]      ; 1.000        ; 1.134      ; 1.658      ;
; 0.083  ; KEY[0]            ; min[0]~1   ; KEY[0]       ; KEY[0]      ; 1.000        ; 1.158      ; 1.674      ;
; 0.127  ; KEY[0]            ; min[2]~9   ; KEY[0]       ; KEY[0]      ; 1.000        ; 1.173      ; 1.652      ;
; 0.144  ; KEY[0]            ; min[3]~13  ; KEY[0]       ; KEY[0]      ; 1.000        ; 1.162      ; 1.616      ;
; 0.205  ; KEY[0]            ; sec[2]~9   ; KEY[0]       ; KEY[0]      ; 1.000        ; 1.136      ; 1.538      ;
; 0.232  ; KEY[0]            ; min[1]~5   ; KEY[0]       ; KEY[0]      ; 1.000        ; 1.158      ; 1.524      ;
; 0.319  ; KEY[0]            ; sec[5]~17  ; KEY[0]       ; KEY[0]      ; 1.000        ; 1.218      ; 1.504      ;
+--------+-------------------+------------+--------------+-------------+--------------+------------+------------+


+----------------------------------------------------------------------------------------------------------------------------------+
; Fast Model Setup: 'CLK'                                                                                                          ;
+--------+-------------------------+-------------------------+--------------+-------------+--------------+------------+------------+
; Slack  ; From Node               ; To Node                 ; Launch Clock ; Latch Clock ; Relationship ; Clock Skew ; Data Delay ;
+--------+-------------------------+-------------------------+--------------+-------------+--------------+------------+------------+
; -1.028 ; delay_1s:d1|counter[23] ; hour[0]~_emulated       ; CLK          ; CLK         ; 1.000        ; 0.013      ; 2.073      ;
; -1.028 ; delay_1s:d1|counter[23] ; hour[4]~_emulated       ; CLK          ; CLK         ; 1.000        ; 0.013      ; 2.073      ;
; -1.028 ; delay_1s:d1|counter[23] ; hour[3]~_emulated       ; CLK          ; CLK         ; 1.000        ; 0.013      ; 2.073      ;
; -1.022 ; sec[0]~_emulated        ; hour[0]~_emulated       ; CLK          ; CLK         ; 1.000        ; -0.001     ; 2.053      ;
; -1.022 ; sec[0]~_emulated        ; hour[4]~_emulated       ; CLK          ; CLK         ; 1.000        ; -0.001     ; 2.053      ;
; -1.022 ; sec[0]~_emulated        ; hour[3]~_emulated       ; CLK          ; CLK         ; 1.000        ; -0.001     ; 2.053      ;
; -1.011 ; delay_1s:d1|counter[14] ; hour[0]~_emulated       ; CLK          ; CLK         ; 1.000        ; 0.013      ; 2.056      ;
; -1.011 ; delay_1s:d1|counter[14] ; hour[4]~_emulated       ; CLK          ; CLK         ; 1.000        ; 0.013      ; 2.056      ;
; -1.011 ; delay_1s:d1|counter[14] ; hour[3]~_emulated       ; CLK          ; CLK         ; 1.000        ; 0.013      ; 2.056      ;
; -1.007 ; sec[2]~_emulated        ; hour[0]~_emulated       ; CLK          ; CLK         ; 1.000        ; -0.001     ; 2.038      ;
; -1.007 ; sec[2]~_emulated        ; hour[4]~_emulated       ; CLK          ; CLK         ; 1.000        ; -0.001     ; 2.038      ;
; -1.007 ; sec[2]~_emulated        ; hour[3]~_emulated       ; CLK          ; CLK         ; 1.000        ; -0.001     ; 2.038      ;
; -1.005 ; delay_1s:d1|counter[16] ; hour[0]~_emulated       ; CLK          ; CLK         ; 1.000        ; 0.013      ; 2.050      ;
; -1.005 ; delay_1s:d1|counter[16] ; hour[4]~_emulated       ; CLK          ; CLK         ; 1.000        ; 0.013      ; 2.050      ;
; -1.005 ; delay_1s:d1|counter[16] ; hour[3]~_emulated       ; CLK          ; CLK         ; 1.000        ; 0.013      ; 2.050      ;
; -0.996 ; delay_1s:d1|counter[17] ; hour[0]~_emulated       ; CLK          ; CLK         ; 1.000        ; 0.013      ; 2.041      ;
; -0.996 ; delay_1s:d1|counter[17] ; hour[4]~_emulated       ; CLK          ; CLK         ; 1.000        ; 0.013      ; 2.041      ;
; -0.996 ; delay_1s:d1|counter[17] ; hour[3]~_emulated       ; CLK          ; CLK         ; 1.000        ; 0.013      ; 2.041      ;
; -0.981 ; sec[3]~_emulated        ; hour[0]~_emulated       ; CLK          ; CLK         ; 1.000        ; -0.001     ; 2.012      ;
; -0.981 ; sec[3]~_emulated        ; hour[4]~_emulated       ; CLK          ; CLK         ; 1.000        ; -0.001     ; 2.012      ;
; -0.981 ; sec[3]~_emulated        ; hour[3]~_emulated       ; CLK          ; CLK         ; 1.000        ; -0.001     ; 2.012      ;
; -0.972 ; sec[1]~_emulated        ; hour[0]~_emulated       ; CLK          ; CLK         ; 1.000        ; -0.001     ; 2.003      ;
; -0.972 ; sec[1]~_emulated        ; hour[4]~_emulated       ; CLK          ; CLK         ; 1.000        ; -0.001     ; 2.003      ;
; -0.972 ; sec[1]~_emulated        ; hour[3]~_emulated       ; CLK          ; CLK         ; 1.000        ; -0.001     ; 2.003      ;
; -0.955 ; min[0]~_emulated        ; hour[0]~_emulated       ; CLK          ; CLK         ; 1.000        ; 0.021      ; 2.008      ;
; -0.955 ; min[0]~_emulated        ; hour[4]~_emulated       ; CLK          ; CLK         ; 1.000        ; 0.021      ; 2.008      ;
; -0.955 ; min[0]~_emulated        ; hour[3]~_emulated       ; CLK          ; CLK         ; 1.000        ; 0.021      ; 2.008      ;
; -0.938 ; delay_1s:d1|counter[19] ; hour[0]~_emulated       ; CLK          ; CLK         ; 1.000        ; 0.013      ; 1.983      ;
; -0.938 ; delay_1s:d1|counter[19] ; hour[4]~_emulated       ; CLK          ; CLK         ; 1.000        ; 0.013      ; 1.983      ;
; -0.938 ; delay_1s:d1|counter[19] ; hour[3]~_emulated       ; CLK          ; CLK         ; 1.000        ; 0.013      ; 1.983      ;
; -0.937 ; delay_1s:d1|counter[24] ; hour[0]~_emulated       ; CLK          ; CLK         ; 1.000        ; 0.013      ; 1.982      ;
; -0.937 ; delay_1s:d1|counter[24] ; hour[4]~_emulated       ; CLK          ; CLK         ; 1.000        ; 0.013      ; 1.982      ;
; -0.937 ; delay_1s:d1|counter[24] ; hour[3]~_emulated       ; CLK          ; CLK         ; 1.000        ; 0.013      ; 1.982      ;
; -0.931 ; delay_1s:d1|counter[22] ; hour[0]~_emulated       ; CLK          ; CLK         ; 1.000        ; 0.013      ; 1.976      ;
; -0.931 ; delay_1s:d1|counter[22] ; hour[4]~_emulated       ; CLK          ; CLK         ; 1.000        ; 0.013      ; 1.976      ;
; -0.931 ; delay_1s:d1|counter[22] ; hour[3]~_emulated       ; CLK          ; CLK         ; 1.000        ; 0.013      ; 1.976      ;
; -0.922 ; delay_1s:d1|counter[20] ; hour[0]~_emulated       ; CLK          ; CLK         ; 1.000        ; 0.013      ; 1.967      ;
; -0.922 ; delay_1s:d1|counter[20] ; hour[4]~_emulated       ; CLK          ; CLK         ; 1.000        ; 0.013      ; 1.967      ;
; -0.922 ; delay_1s:d1|counter[20] ; hour[3]~_emulated       ; CLK          ; CLK         ; 1.000        ; 0.013      ; 1.967      ;
; -0.916 ; delay_1s:d1|counter[2]  ; hour[0]~_emulated       ; CLK          ; CLK         ; 1.000        ; 0.022      ; 1.970      ;
; -0.916 ; delay_1s:d1|counter[2]  ; hour[4]~_emulated       ; CLK          ; CLK         ; 1.000        ; 0.022      ; 1.970      ;
; -0.916 ; delay_1s:d1|counter[2]  ; hour[3]~_emulated       ; CLK          ; CLK         ; 1.000        ; 0.022      ; 1.970      ;
; -0.909 ; delay_1s:d1|counter[10] ; hour[0]~_emulated       ; CLK          ; CLK         ; 1.000        ; 0.022      ; 1.963      ;
; -0.909 ; delay_1s:d1|counter[10] ; hour[4]~_emulated       ; CLK          ; CLK         ; 1.000        ; 0.022      ; 1.963      ;
; -0.909 ; delay_1s:d1|counter[10] ; hour[3]~_emulated       ; CLK          ; CLK         ; 1.000        ; 0.022      ; 1.963      ;
; -0.904 ; delay_1s:d1|counter[4]  ; hour[0]~_emulated       ; CLK          ; CLK         ; 1.000        ; 0.022      ; 1.958      ;
; -0.904 ; delay_1s:d1|counter[4]  ; hour[4]~_emulated       ; CLK          ; CLK         ; 1.000        ; 0.022      ; 1.958      ;
; -0.904 ; delay_1s:d1|counter[4]  ; hour[3]~_emulated       ; CLK          ; CLK         ; 1.000        ; 0.022      ; 1.958      ;
; -0.903 ; min[2]~_emulated        ; hour[0]~_emulated       ; CLK          ; CLK         ; 1.000        ; 0.021      ; 1.956      ;
; -0.903 ; min[2]~_emulated        ; hour[4]~_emulated       ; CLK          ; CLK         ; 1.000        ; 0.021      ; 1.956      ;
; -0.903 ; min[2]~_emulated        ; hour[3]~_emulated       ; CLK          ; CLK         ; 1.000        ; 0.021      ; 1.956      ;
; -0.902 ; min[4]~_emulated        ; hour[0]~_emulated       ; CLK          ; CLK         ; 1.000        ; 0.021      ; 1.955      ;
; -0.902 ; min[4]~_emulated        ; hour[4]~_emulated       ; CLK          ; CLK         ; 1.000        ; 0.021      ; 1.955      ;
; -0.902 ; min[4]~_emulated        ; hour[3]~_emulated       ; CLK          ; CLK         ; 1.000        ; 0.021      ; 1.955      ;
; -0.892 ; delay_1s:d1|counter[23] ; min[0]~_emulated        ; CLK          ; CLK         ; 1.000        ; -0.008     ; 1.916      ;
; -0.892 ; delay_1s:d1|counter[23] ; min[1]~_emulated        ; CLK          ; CLK         ; 1.000        ; -0.008     ; 1.916      ;
; -0.892 ; min[1]~_emulated        ; hour[0]~_emulated       ; CLK          ; CLK         ; 1.000        ; 0.021      ; 1.945      ;
; -0.892 ; min[1]~_emulated        ; hour[4]~_emulated       ; CLK          ; CLK         ; 1.000        ; 0.021      ; 1.945      ;
; -0.892 ; min[1]~_emulated        ; hour[3]~_emulated       ; CLK          ; CLK         ; 1.000        ; 0.021      ; 1.945      ;
; -0.888 ; delay_1s:d1|counter[0]  ; delay_1s:d1|counter[23] ; CLK          ; CLK         ; 1.000        ; 0.009      ; 1.929      ;
; -0.887 ; sec[0]~_emulated        ; min[0]~_emulated        ; CLK          ; CLK         ; 1.000        ; -0.022     ; 1.897      ;
; -0.887 ; sec[0]~_emulated        ; min[1]~_emulated        ; CLK          ; CLK         ; 1.000        ; -0.022     ; 1.897      ;
; -0.886 ; delay_1s:d1|counter[18] ; hour[0]~_emulated       ; CLK          ; CLK         ; 1.000        ; 0.013      ; 1.931      ;
; -0.886 ; delay_1s:d1|counter[18] ; hour[4]~_emulated       ; CLK          ; CLK         ; 1.000        ; 0.013      ; 1.931      ;
; -0.886 ; delay_1s:d1|counter[18] ; hour[3]~_emulated       ; CLK          ; CLK         ; 1.000        ; 0.013      ; 1.931      ;
; -0.876 ; delay_1s:d1|counter[21] ; hour[0]~_emulated       ; CLK          ; CLK         ; 1.000        ; 0.013      ; 1.921      ;
; -0.876 ; delay_1s:d1|counter[21] ; hour[4]~_emulated       ; CLK          ; CLK         ; 1.000        ; 0.013      ; 1.921      ;
; -0.876 ; delay_1s:d1|counter[21] ; hour[3]~_emulated       ; CLK          ; CLK         ; 1.000        ; 0.013      ; 1.921      ;
; -0.875 ; delay_1s:d1|counter[15] ; hour[0]~_emulated       ; CLK          ; CLK         ; 1.000        ; 0.013      ; 1.920      ;
; -0.875 ; delay_1s:d1|counter[15] ; hour[4]~_emulated       ; CLK          ; CLK         ; 1.000        ; 0.013      ; 1.920      ;
; -0.875 ; delay_1s:d1|counter[15] ; hour[3]~_emulated       ; CLK          ; CLK         ; 1.000        ; 0.013      ; 1.920      ;
; -0.875 ; delay_1s:d1|counter[14] ; min[0]~_emulated        ; CLK          ; CLK         ; 1.000        ; -0.008     ; 1.899      ;
; -0.875 ; delay_1s:d1|counter[14] ; min[1]~_emulated        ; CLK          ; CLK         ; 1.000        ; -0.008     ; 1.899      ;
; -0.874 ; delay_1s:d1|counter[0]  ; delay_1s:d1|counter[25] ; CLK          ; CLK         ; 1.000        ; 0.009      ; 1.915      ;
; -0.872 ; sec[2]~_emulated        ; min[0]~_emulated        ; CLK          ; CLK         ; 1.000        ; -0.022     ; 1.882      ;
; -0.872 ; sec[2]~_emulated        ; min[1]~_emulated        ; CLK          ; CLK         ; 1.000        ; -0.022     ; 1.882      ;
; -0.869 ; delay_1s:d1|counter[16] ; min[0]~_emulated        ; CLK          ; CLK         ; 1.000        ; -0.008     ; 1.893      ;
; -0.869 ; delay_1s:d1|counter[16] ; min[1]~_emulated        ; CLK          ; CLK         ; 1.000        ; -0.008     ; 1.893      ;
; -0.868 ; delay_1s:d1|counter[11] ; hour[0]~_emulated       ; CLK          ; CLK         ; 1.000        ; 0.022      ; 1.922      ;
; -0.868 ; delay_1s:d1|counter[11] ; hour[4]~_emulated       ; CLK          ; CLK         ; 1.000        ; 0.022      ; 1.922      ;
; -0.868 ; delay_1s:d1|counter[11] ; hour[3]~_emulated       ; CLK          ; CLK         ; 1.000        ; 0.022      ; 1.922      ;
; -0.861 ; min[3]~_emulated        ; hour[0]~_emulated       ; CLK          ; CLK         ; 1.000        ; 0.021      ; 1.914      ;
; -0.861 ; min[3]~_emulated        ; hour[4]~_emulated       ; CLK          ; CLK         ; 1.000        ; 0.021      ; 1.914      ;
; -0.861 ; min[3]~_emulated        ; hour[3]~_emulated       ; CLK          ; CLK         ; 1.000        ; 0.021      ; 1.914      ;
; -0.861 ; delay_1s:d1|counter[5]  ; hour[0]~_emulated       ; CLK          ; CLK         ; 1.000        ; 0.022      ; 1.915      ;
; -0.861 ; delay_1s:d1|counter[5]  ; hour[4]~_emulated       ; CLK          ; CLK         ; 1.000        ; 0.022      ; 1.915      ;
; -0.861 ; delay_1s:d1|counter[5]  ; hour[3]~_emulated       ; CLK          ; CLK         ; 1.000        ; 0.022      ; 1.915      ;
; -0.860 ; delay_1s:d1|counter[17] ; min[0]~_emulated        ; CLK          ; CLK         ; 1.000        ; -0.008     ; 1.884      ;
; -0.860 ; delay_1s:d1|counter[17] ; min[1]~_emulated        ; CLK          ; CLK         ; 1.000        ; -0.008     ; 1.884      ;
; -0.856 ; delay_1s:d1|counter[2]  ; sec[4]~_emulated        ; CLK          ; CLK         ; 1.000        ; 0.023      ; 1.911      ;
; -0.856 ; delay_1s:d1|counter[2]  ; sec[5]~_emulated        ; CLK          ; CLK         ; 1.000        ; 0.023      ; 1.911      ;
; -0.856 ; delay_1s:d1|counter[2]  ; sec[3]~_emulated        ; CLK          ; CLK         ; 1.000        ; 0.023      ; 1.911      ;
; -0.847 ; delay_1s:d1|counter[2]  ; sec[0]~_emulated        ; CLK          ; CLK         ; 1.000        ; 0.023      ; 1.902      ;
; -0.847 ; delay_1s:d1|counter[2]  ; sec[1]~_emulated        ; CLK          ; CLK         ; 1.000        ; 0.023      ; 1.902      ;
; -0.847 ; delay_1s:d1|counter[2]  ; sec[2]~_emulated        ; CLK          ; CLK         ; 1.000        ; 0.023      ; 1.902      ;
; -0.847 ; sec[5]~_emulated        ; hour[0]~_emulated       ; CLK          ; CLK         ; 1.000        ; -0.001     ; 1.878      ;
; -0.847 ; sec[5]~_emulated        ; hour[4]~_emulated       ; CLK          ; CLK         ; 1.000        ; -0.001     ; 1.878      ;
; -0.847 ; sec[5]~_emulated        ; hour[3]~_emulated       ; CLK          ; CLK         ; 1.000        ; -0.001     ; 1.878      ;
; -0.846 ; sec[3]~_emulated        ; min[0]~_emulated        ; CLK          ; CLK         ; 1.000        ; -0.022     ; 1.856      ;
; -0.846 ; sec[3]~_emulated        ; min[1]~_emulated        ; CLK          ; CLK         ; 1.000        ; -0.022     ; 1.856      ;
+--------+-------------------------+-------------------------+--------------+-------------+--------------+------------+------------+


+----------------------------------------------------------------------------------------------------------------------------------+
; Fast Model Hold: 'CLK'                                                                                                           ;
+--------+-------------------------+-------------------------+--------------+-------------+--------------+------------+------------+
; Slack  ; From Node               ; To Node                 ; Launch Clock ; Latch Clock ; Relationship ; Clock Skew ; Data Delay ;
+--------+-------------------------+-------------------------+--------------+-------------+--------------+------------+------------+
; -0.398 ; min[5]~17               ; min[5]~_emulated        ; KEY[0]       ; CLK         ; 0.000        ; 0.465      ; 0.219      ;
; -0.354 ; min[1]~5                ; min[1]~_emulated        ; KEY[0]       ; CLK         ; 0.000        ; 0.471      ; 0.269      ;
; -0.315 ; hour[0]~1               ; hour[0]~_emulated       ; KEY[0]       ; CLK         ; 0.000        ; 0.427      ; 0.264      ;
; -0.286 ; sec[2]~9                ; sec[2]~_emulated        ; KEY[0]       ; CLK         ; 0.000        ; 0.515      ; 0.381      ;
; -0.284 ; min[0]~1                ; min[0]~_emulated        ; KEY[0]       ; CLK         ; 0.000        ; 0.471      ; 0.339      ;
; -0.263 ; hour[1]~5               ; hour[1]~_emulated       ; KEY[0]       ; CLK         ; 0.000        ; 0.456      ; 0.345      ;
; -0.246 ; sec[1]~5                ; sec[1]~_emulated        ; KEY[0]       ; CLK         ; 0.000        ; 0.517      ; 0.423      ;
; -0.242 ; sec[5]~17               ; sec[5]~_emulated        ; KEY[0]       ; CLK         ; 0.000        ; 0.433      ; 0.343      ;
; -0.239 ; hour[4]~17              ; hour[4]~_emulated       ; KEY[0]       ; CLK         ; 0.000        ; 0.428      ; 0.341      ;
; -0.217 ; sec[0]~1                ; sec[0]~_emulated        ; KEY[0]       ; CLK         ; 0.000        ; 0.517      ; 0.452      ;
; -0.216 ; sec[4]~21               ; sec[4]~_emulated        ; KEY[0]       ; CLK         ; 0.000        ; 0.409      ; 0.345      ;
; -0.214 ; min[2]~9                ; min[2]~_emulated        ; KEY[0]       ; CLK         ; 0.000        ; 0.456      ; 0.394      ;
; -0.211 ; hour[2]~9               ; hour[2]~_emulated       ; KEY[0]       ; CLK         ; 0.000        ; 0.456      ; 0.397      ;
; -0.196 ; min[3]~13               ; min[3]~_emulated        ; KEY[0]       ; CLK         ; 0.000        ; 0.467      ; 0.423      ;
; -0.167 ; min[4]~21               ; min[4]~_emulated        ; KEY[0]       ; CLK         ; 0.000        ; 0.452      ; 0.437      ;
; -0.109 ; sec[3]~13               ; sec[3]~_emulated        ; KEY[0]       ; CLK         ; 0.000        ; 0.409      ; 0.452      ;
; -0.070 ; hour[3]~13              ; hour[3]~_emulated       ; KEY[0]       ; CLK         ; 0.000        ; 0.412      ; 0.494      ;
; 0.315  ; KEY[0]                  ; min[1]~_emulated        ; KEY[0]       ; CLK         ; 0.000        ; 1.629      ; 2.096      ;
; 0.337  ; KEY[0]                  ; min[5]~_emulated        ; KEY[0]       ; CLK         ; 0.000        ; 1.629      ; 2.118      ;
; 0.358  ; delay_1s:d1|counter[10] ; delay_1s:d1|counter[10] ; CLK          ; CLK         ; 0.000        ; 0.000      ; 0.510      ;
; 0.358  ; delay_1s:d1|counter[11] ; delay_1s:d1|counter[11] ; CLK          ; CLK         ; 0.000        ; 0.000      ; 0.510      ;
; 0.358  ; delay_1s:d1|counter[24] ; delay_1s:d1|counter[24] ; CLK          ; CLK         ; 0.000        ; 0.000      ; 0.510      ;
; 0.361  ; delay_1s:d1|counter[6]  ; delay_1s:d1|counter[6]  ; CLK          ; CLK         ; 0.000        ; 0.000      ; 0.513      ;
; 0.362  ; KEY[0]                  ; min[0]~_emulated        ; KEY[0]       ; CLK         ; 0.000        ; 1.629      ; 2.143      ;
; 0.362  ; delay_1s:d1|counter[8]  ; delay_1s:d1|counter[8]  ; CLK          ; CLK         ; 0.000        ; 0.000      ; 0.514      ;
; 0.365  ; delay_1s:d1|counter[1]  ; delay_1s:d1|counter[1]  ; CLK          ; CLK         ; 0.000        ; 0.000      ; 0.517      ;
; 0.365  ; delay_1s:d1|counter[4]  ; delay_1s:d1|counter[4]  ; CLK          ; CLK         ; 0.000        ; 0.000      ; 0.517      ;
; 0.369  ; delay_1s:d1|counter[16] ; delay_1s:d1|counter[16] ; CLK          ; CLK         ; 0.000        ; 0.000      ; 0.521      ;
; 0.369  ; delay_1s:d1|counter[18] ; delay_1s:d1|counter[18] ; CLK          ; CLK         ; 0.000        ; 0.000      ; 0.521      ;
; 0.372  ; KEY[0]                  ; min[3]~_emulated        ; KEY[0]       ; CLK         ; 0.000        ; 1.629      ; 2.153      ;
; 0.374  ; delay_1s:d1|counter[5]  ; delay_1s:d1|counter[5]  ; CLK          ; CLK         ; 0.000        ; 0.000      ; 0.526      ;
; 0.375  ; delay_1s:d1|counter[9]  ; delay_1s:d1|counter[9]  ; CLK          ; CLK         ; 0.000        ; 0.000      ; 0.527      ;
; 0.376  ; delay_1s:d1|counter[0]  ; delay_1s:d1|counter[0]  ; CLK          ; CLK         ; 0.000        ; 0.000      ; 0.528      ;
; 0.376  ; delay_1s:d1|counter[2]  ; delay_1s:d1|counter[2]  ; CLK          ; CLK         ; 0.000        ; 0.000      ; 0.528      ;
; 0.376  ; delay_1s:d1|counter[3]  ; delay_1s:d1|counter[3]  ; CLK          ; CLK         ; 0.000        ; 0.000      ; 0.528      ;
; 0.380  ; KEY[0]                  ; min[2]~_emulated        ; KEY[0]       ; CLK         ; 0.000        ; 1.629      ; 2.161      ;
; 0.397  ; KEY[0]                  ; min[4]~_emulated        ; KEY[0]       ; CLK         ; 0.000        ; 1.629      ; 2.178      ;
; 0.402  ; KEY[0]                  ; sec[0]~_emulated        ; KEY[0]       ; CLK         ; 0.000        ; 1.651      ; 2.205      ;
; 0.409  ; KEY[0]                  ; sec[1]~_emulated        ; KEY[0]       ; CLK         ; 0.000        ; 1.651      ; 2.212      ;
; 0.410  ; KEY[0]                  ; hour[1]~_emulated       ; KEY[0]       ; CLK         ; 0.000        ; 1.629      ; 2.191      ;
; 0.414  ; KEY[0]                  ; sec[5]~_emulated        ; KEY[0]       ; CLK         ; 0.000        ; 1.651      ; 2.217      ;
; 0.428  ; KEY[0]                  ; sec[3]~_emulated        ; KEY[0]       ; CLK         ; 0.000        ; 1.651      ; 2.231      ;
; 0.431  ; KEY[0]                  ; sec[2]~_emulated        ; KEY[0]       ; CLK         ; 0.000        ; 1.651      ; 2.234      ;
; 0.431  ; KEY[0]                  ; sec[4]~_emulated        ; KEY[0]       ; CLK         ; 0.000        ; 1.651      ; 2.234      ;
; 0.438  ; KEY[0]                  ; hour[0]~_emulated       ; KEY[0]       ; CLK         ; 0.000        ; 1.650      ; 2.240      ;
; 0.451  ; KEY[0]                  ; hour[4]~_emulated       ; KEY[0]       ; CLK         ; 0.000        ; 1.650      ; 2.253      ;
; 0.454  ; KEY[0]                  ; hour[3]~_emulated       ; KEY[0]       ; CLK         ; 0.000        ; 1.650      ; 2.256      ;
; 0.467  ; KEY[0]                  ; hour[2]~_emulated       ; KEY[0]       ; CLK         ; 0.000        ; 1.629      ; 2.248      ;
; 0.496  ; delay_1s:d1|counter[10] ; delay_1s:d1|counter[11] ; CLK          ; CLK         ; 0.000        ; 0.000      ; 0.648      ;
; 0.500  ; delay_1s:d1|counter[8]  ; delay_1s:d1|counter[9]  ; CLK          ; CLK         ; 0.000        ; 0.000      ; 0.652      ;
; 0.503  ; delay_1s:d1|counter[1]  ; delay_1s:d1|counter[2]  ; CLK          ; CLK         ; 0.000        ; 0.000      ; 0.655      ;
; 0.508  ; delay_1s:d1|counter[7]  ; delay_1s:d1|counter[8]  ; CLK          ; CLK         ; 0.000        ; 0.000      ; 0.660      ;
; 0.514  ; delay_1s:d1|counter[5]  ; delay_1s:d1|counter[6]  ; CLK          ; CLK         ; 0.000        ; 0.000      ; 0.666      ;
; 0.515  ; delay_1s:d1|counter[9]  ; delay_1s:d1|counter[10] ; CLK          ; CLK         ; 0.000        ; 0.000      ; 0.667      ;
; 0.516  ; delay_1s:d1|counter[0]  ; delay_1s:d1|counter[1]  ; CLK          ; CLK         ; 0.000        ; 0.000      ; 0.668      ;
; 0.516  ; delay_1s:d1|counter[3]  ; delay_1s:d1|counter[4]  ; CLK          ; CLK         ; 0.000        ; 0.000      ; 0.668      ;
; 0.516  ; delay_1s:d1|counter[2]  ; delay_1s:d1|counter[3]  ; CLK          ; CLK         ; 0.000        ; 0.000      ; 0.668      ;
; 0.524  ; delay_1s:d1|counter[22] ; delay_1s:d1|counter[22] ; CLK          ; CLK         ; 0.000        ; 0.000      ; 0.676      ;
; 0.534  ; delay_1s:d1|counter[22] ; delay_1s:d1|counter[24] ; CLK          ; CLK         ; 0.000        ; 0.000      ; 0.686      ;
; 0.534  ; delay_1s:d1|counter[6]  ; delay_1s:d1|counter[8]  ; CLK          ; CLK         ; 0.000        ; 0.000      ; 0.686      ;
; 0.535  ; delay_1s:d1|counter[8]  ; delay_1s:d1|counter[10] ; CLK          ; CLK         ; 0.000        ; 0.000      ; 0.687      ;
; 0.538  ; delay_1s:d1|counter[1]  ; delay_1s:d1|counter[3]  ; CLK          ; CLK         ; 0.000        ; 0.000      ; 0.690      ;
; 0.543  ; delay_1s:d1|counter[7]  ; delay_1s:d1|counter[9]  ; CLK          ; CLK         ; 0.000        ; 0.000      ; 0.695      ;
; 0.544  ; delay_1s:d1|counter[16] ; delay_1s:d1|counter[18] ; CLK          ; CLK         ; 0.000        ; 0.000      ; 0.696      ;
; 0.550  ; delay_1s:d1|counter[9]  ; delay_1s:d1|counter[11] ; CLK          ; CLK         ; 0.000        ; 0.000      ; 0.702      ;
; 0.551  ; delay_1s:d1|counter[0]  ; delay_1s:d1|counter[2]  ; CLK          ; CLK         ; 0.000        ; 0.000      ; 0.703      ;
; 0.551  ; delay_1s:d1|counter[2]  ; delay_1s:d1|counter[4]  ; CLK          ; CLK         ; 0.000        ; 0.000      ; 0.703      ;
; 0.558  ; delay_1s:d1|counter[4]  ; delay_1s:d1|counter[5]  ; CLK          ; CLK         ; 0.000        ; 0.000      ; 0.710      ;
; 0.569  ; delay_1s:d1|counter[6]  ; delay_1s:d1|counter[9]  ; CLK          ; CLK         ; 0.000        ; 0.000      ; 0.721      ;
; 0.570  ; delay_1s:d1|counter[8]  ; delay_1s:d1|counter[11] ; CLK          ; CLK         ; 0.000        ; 0.000      ; 0.722      ;
; 0.573  ; delay_1s:d1|counter[1]  ; delay_1s:d1|counter[4]  ; CLK          ; CLK         ; 0.000        ; 0.000      ; 0.725      ;
; 0.578  ; delay_1s:d1|counter[7]  ; delay_1s:d1|counter[10] ; CLK          ; CLK         ; 0.000        ; 0.000      ; 0.730      ;
; 0.578  ; delay_1s:d1|counter[17] ; delay_1s:d1|counter[18] ; CLK          ; CLK         ; 0.000        ; 0.000      ; 0.730      ;
; 0.579  ; delay_1s:d1|counter[15] ; delay_1s:d1|counter[16] ; CLK          ; CLK         ; 0.000        ; 0.000      ; 0.731      ;
; 0.584  ; delay_1s:d1|counter[5]  ; delay_1s:d1|counter[8]  ; CLK          ; CLK         ; 0.000        ; 0.000      ; 0.736      ;
; 0.586  ; delay_1s:d1|counter[0]  ; delay_1s:d1|counter[3]  ; CLK          ; CLK         ; 0.000        ; 0.000      ; 0.738      ;
; 0.593  ; delay_1s:d1|counter[4]  ; delay_1s:d1|counter[6]  ; CLK          ; CLK         ; 0.000        ; 0.000      ; 0.745      ;
; 0.596  ; delay_1s:d1|counter[23] ; delay_1s:d1|counter[24] ; CLK          ; CLK         ; 0.000        ; 0.000      ; 0.748      ;
; 0.604  ; delay_1s:d1|counter[6]  ; delay_1s:d1|counter[10] ; CLK          ; CLK         ; 0.000        ; 0.000      ; 0.756      ;
; 0.609  ; min[2]~9                ; min[5]~_emulated        ; KEY[0]       ; CLK         ; 0.000        ; 0.456      ; 1.217      ;
; 0.610  ; delay_1s:d1|counter[3]  ; delay_1s:d1|counter[5]  ; CLK          ; CLK         ; 0.000        ; 0.000      ; 0.762      ;
; 0.613  ; delay_1s:d1|counter[7]  ; delay_1s:d1|counter[11] ; CLK          ; CLK         ; 0.000        ; 0.000      ; 0.765      ;
; 0.619  ; delay_1s:d1|counter[5]  ; delay_1s:d1|counter[9]  ; CLK          ; CLK         ; 0.000        ; 0.000      ; 0.771      ;
; 0.620  ; delay_1s:d1|counter[7]  ; delay_1s:d1|counter[7]  ; CLK          ; CLK         ; 0.000        ; 0.000      ; 0.772      ;
; 0.621  ; delay_1s:d1|counter[0]  ; delay_1s:d1|counter[4]  ; CLK          ; CLK         ; 0.000        ; 0.000      ; 0.773      ;
; 0.634  ; delay_1s:d1|counter[14] ; delay_1s:d1|counter[16] ; CLK          ; CLK         ; 0.000        ; 0.000      ; 0.786      ;
; 0.637  ; min[5]~17               ; min[4]~_emulated        ; KEY[0]       ; CLK         ; 0.000        ; 0.465      ; 1.254      ;
; 0.639  ; delay_1s:d1|counter[6]  ; delay_1s:d1|counter[11] ; CLK          ; CLK         ; 0.000        ; 0.000      ; 0.791      ;
; 0.643  ; min[3]~13               ; min[5]~_emulated        ; KEY[0]       ; CLK         ; 0.000        ; 0.467      ; 1.262      ;
; 0.643  ; min[4]~21               ; min[2]~_emulated        ; KEY[0]       ; CLK         ; 0.000        ; 0.452      ; 1.247      ;
; 0.644  ; min[2]~9                ; min[3]~_emulated        ; KEY[0]       ; CLK         ; 0.000        ; 0.456      ; 1.252      ;
; 0.645  ; delay_1s:d1|counter[3]  ; delay_1s:d1|counter[6]  ; CLK          ; CLK         ; 0.000        ; 0.000      ; 0.797      ;
; 0.645  ; delay_1s:d1|counter[2]  ; delay_1s:d1|counter[5]  ; CLK          ; CLK         ; 0.000        ; 0.000      ; 0.797      ;
; 0.647  ; hour[4]~17              ; hour[3]~_emulated       ; KEY[0]       ; CLK         ; 0.000        ; 0.428      ; 1.227      ;
; 0.648  ; min[5]~17               ; min[2]~_emulated        ; KEY[0]       ; CLK         ; 0.000        ; 0.465      ; 1.265      ;
; 0.648  ; delay_1s:d1|counter[21] ; delay_1s:d1|counter[24] ; CLK          ; CLK         ; 0.000        ; 0.000      ; 0.800      ;
; 0.649  ; delay_1s:d1|counter[15] ; delay_1s:d1|counter[18] ; CLK          ; CLK         ; 0.000        ; 0.000      ; 0.801      ;
; 0.654  ; delay_1s:d1|counter[5]  ; delay_1s:d1|counter[10] ; CLK          ; CLK         ; 0.000        ; 0.000      ; 0.806      ;
; 0.659  ; delay_1s:d1|counter[13] ; delay_1s:d1|counter[16] ; CLK          ; CLK         ; 0.000        ; 0.000      ; 0.811      ;
; 0.663  ; delay_1s:d1|counter[4]  ; delay_1s:d1|counter[8]  ; CLK          ; CLK         ; 0.000        ; 0.000      ; 0.815      ;
+--------+-------------------------+-------------------------+--------------+-------------+--------------+------------+------------+


+--------------------------------------------------------------------------------------------------------------+
; Fast Model Hold: 'KEY[0]'                                                                                    ;
+-------+-------------------+------------+--------------+-------------+--------------+------------+------------+
; Slack ; From Node         ; To Node    ; Launch Clock ; Latch Clock ; Relationship ; Clock Skew ; Data Delay ;
+-------+-------------------+------------+--------------+-------------+--------------+------------+------------+
; 0.286 ; KEY[0]            ; sec[5]~17  ; KEY[0]       ; KEY[0]      ; 0.000        ; 1.218      ; 1.504      ;
; 0.366 ; KEY[0]            ; min[1]~5   ; KEY[0]       ; KEY[0]      ; 0.000        ; 1.158      ; 1.524      ;
; 0.402 ; KEY[0]            ; sec[2]~9   ; KEY[0]       ; KEY[0]      ; 0.000        ; 1.136      ; 1.538      ;
; 0.454 ; KEY[0]            ; min[3]~13  ; KEY[0]       ; KEY[0]      ; 0.000        ; 1.162      ; 1.616      ;
; 0.456 ; KEY[0]            ; min[5]~17  ; KEY[0]       ; KEY[0]      ; 0.000        ; 1.164      ; 1.620      ;
; 0.479 ; KEY[0]            ; min[2]~9   ; KEY[0]       ; KEY[0]      ; 0.000        ; 1.173      ; 1.652      ;
; 0.516 ; KEY[0]            ; min[0]~1   ; KEY[0]       ; KEY[0]      ; 0.000        ; 1.158      ; 1.674      ;
; 0.524 ; KEY[0]            ; sec[0]~1   ; KEY[0]       ; KEY[0]      ; 0.000        ; 1.134      ; 1.658      ;
; 0.562 ; KEY[0]            ; hour[0]~1  ; KEY[0]       ; KEY[0]      ; 0.000        ; 1.223      ; 1.785      ;
; 0.599 ; KEY[0]            ; sec[1]~5   ; KEY[0]       ; KEY[0]      ; 0.000        ; 1.134      ; 1.733      ;
; 0.615 ; KEY[0]            ; hour[1]~5  ; KEY[0]       ; KEY[0]      ; 0.000        ; 1.173      ; 1.788      ;
; 0.628 ; sec[5]~17         ; sec[5]~17  ; KEY[0]       ; KEY[0]      ; 0.000        ; 0.000      ; 0.628      ;
; 0.638 ; min[5]~17         ; min[5]~17  ; KEY[0]       ; KEY[0]      ; 0.000        ; 0.000      ; 0.638      ;
; 0.641 ; KEY[0]            ; sec[3]~13  ; KEY[0]       ; KEY[0]      ; 0.000        ; 1.242      ; 1.883      ;
; 0.682 ; min[3]~13         ; min[3]~13  ; KEY[0]       ; KEY[0]      ; 0.000        ; 0.000      ; 0.682      ;
; 0.694 ; min[2]~9          ; min[2]~9   ; KEY[0]       ; KEY[0]      ; 0.000        ; 0.000      ; 0.694      ;
; 0.706 ; KEY[0]            ; sec[4]~21  ; KEY[0]       ; KEY[0]      ; 0.000        ; 1.242      ; 1.948      ;
; 0.707 ; min[1]~5          ; min[1]~5   ; KEY[0]       ; KEY[0]      ; 0.000        ; 0.000      ; 0.707      ;
; 0.738 ; sec[2]~9          ; sec[2]~9   ; KEY[0]       ; KEY[0]      ; 0.000        ; 0.000      ; 0.738      ;
; 0.775 ; min[0]~1          ; min[0]~1   ; KEY[0]       ; KEY[0]      ; 0.000        ; 0.000      ; 0.775      ;
; 0.776 ; KEY[0]            ; hour[3]~13 ; KEY[0]       ; KEY[0]      ; 0.000        ; 1.238      ; 2.014      ;
; 0.786 ; KEY[0]            ; sec[5]~17  ; KEY[0]       ; KEY[0]      ; -0.500       ; 1.218      ; 1.504      ;
; 0.818 ; hour[1]~5         ; hour[1]~5  ; KEY[0]       ; KEY[0]      ; 0.000        ; 0.000      ; 0.818      ;
; 0.839 ; hour[0]~1         ; hour[0]~1  ; KEY[0]       ; KEY[0]      ; 0.000        ; 0.000      ; 0.839      ;
; 0.858 ; sec[0]~1          ; sec[0]~1   ; KEY[0]       ; KEY[0]      ; 0.000        ; 0.000      ; 0.858      ;
; 0.866 ; KEY[0]            ; min[1]~5   ; KEY[0]       ; KEY[0]      ; -0.500       ; 1.158      ; 1.524      ;
; 0.881 ; KEY[0]            ; min[4]~21  ; KEY[0]       ; KEY[0]      ; 0.000        ; 1.177      ; 2.058      ;
; 0.902 ; KEY[0]            ; sec[2]~9   ; KEY[0]       ; KEY[0]      ; -0.500       ; 1.136      ; 1.538      ;
; 0.936 ; sec[1]~5          ; sec[1]~5   ; KEY[0]       ; KEY[0]      ; 0.000        ; 0.000      ; 0.936      ;
; 0.939 ; sec[3]~13         ; sec[3]~13  ; KEY[0]       ; KEY[0]      ; 0.000        ; 0.000      ; 0.939      ;
; 0.954 ; KEY[0]            ; min[3]~13  ; KEY[0]       ; KEY[0]      ; -0.500       ; 1.162      ; 1.616      ;
; 0.956 ; KEY[0]            ; min[5]~17  ; KEY[0]       ; KEY[0]      ; -0.500       ; 1.164      ; 1.620      ;
; 0.979 ; KEY[0]            ; min[2]~9   ; KEY[0]       ; KEY[0]      ; -0.500       ; 1.173      ; 1.652      ;
; 1.016 ; KEY[0]            ; min[0]~1   ; KEY[0]       ; KEY[0]      ; -0.500       ; 1.158      ; 1.674      ;
; 1.024 ; KEY[0]            ; sec[0]~1   ; KEY[0]       ; KEY[0]      ; -0.500       ; 1.134      ; 1.658      ;
; 1.062 ; KEY[0]            ; hour[0]~1  ; KEY[0]       ; KEY[0]      ; -0.500       ; 1.223      ; 1.785      ;
; 1.066 ; sec[4]~21         ; sec[4]~21  ; KEY[0]       ; KEY[0]      ; 0.000        ; 0.000      ; 1.066      ;
; 1.096 ; min[4]~21         ; min[4]~21  ; KEY[0]       ; KEY[0]      ; 0.000        ; 0.000      ; 1.096      ;
; 1.099 ; KEY[0]            ; sec[1]~5   ; KEY[0]       ; KEY[0]      ; -0.500       ; 1.134      ; 1.733      ;
; 1.115 ; KEY[0]            ; hour[1]~5  ; KEY[0]       ; KEY[0]      ; -0.500       ; 1.173      ; 1.788      ;
; 1.141 ; KEY[0]            ; sec[3]~13  ; KEY[0]       ; KEY[0]      ; -0.500       ; 1.242      ; 1.883      ;
; 1.142 ; hour[3]~13        ; hour[3]~13 ; KEY[0]       ; KEY[0]      ; 0.000        ; 0.000      ; 1.142      ;
; 1.176 ; sec[5]~_emulated  ; sec[5]~17  ; CLK          ; KEY[0]      ; 0.000        ; -0.433     ; 0.743      ;
; 1.206 ; KEY[0]            ; sec[4]~21  ; KEY[0]       ; KEY[0]      ; -0.500       ; 1.242      ; 1.948      ;
; 1.276 ; KEY[0]            ; hour[3]~13 ; KEY[0]       ; KEY[0]      ; -0.500       ; 1.238      ; 2.014      ;
; 1.278 ; min[3]~_emulated  ; min[3]~13  ; CLK          ; KEY[0]      ; 0.000        ; -0.467     ; 0.811      ;
; 1.299 ; min[1]~_emulated  ; min[1]~5   ; CLK          ; KEY[0]      ; 0.000        ; -0.471     ; 0.828      ;
; 1.326 ; min[5]~_emulated  ; min[5]~17  ; CLK          ; KEY[0]      ; 0.000        ; -0.465     ; 0.861      ;
; 1.366 ; min[2]~_emulated  ; min[2]~9   ; CLK          ; KEY[0]      ; 0.000        ; -0.456     ; 0.910      ;
; 1.368 ; sec[2]~_emulated  ; sec[2]~9   ; CLK          ; KEY[0]      ; 0.000        ; -0.515     ; 0.853      ;
; 1.368 ; min[0]~_emulated  ; min[0]~1   ; CLK          ; KEY[0]      ; 0.000        ; -0.471     ; 0.897      ;
; 1.373 ; KEY[0]            ; hour[4]~17 ; KEY[0]       ; KEY[0]      ; 0.000        ; 1.222      ; 2.595      ;
; 1.381 ; KEY[0]            ; min[4]~21  ; KEY[0]       ; KEY[0]      ; -0.500       ; 1.177      ; 2.058      ;
; 1.399 ; KEY[0]            ; hour[2]~9  ; KEY[0]       ; KEY[0]      ; 0.000        ; 1.173      ; 2.572      ;
; 1.474 ; hour[4]~17        ; hour[4]~17 ; KEY[0]       ; KEY[0]      ; 0.000        ; 0.000      ; 1.474      ;
; 1.486 ; sec[0]~_emulated  ; sec[0]~1   ; CLK          ; KEY[0]      ; 0.000        ; -0.517     ; 0.969      ;
; 1.502 ; hour[1]~_emulated ; hour[1]~5  ; CLK          ; KEY[0]      ; 0.000        ; -0.456     ; 1.046      ;
; 1.527 ; hour[0]~_emulated ; hour[0]~1  ; CLK          ; KEY[0]      ; 0.000        ; -0.427     ; 1.100      ;
; 1.570 ; sec[1]~_emulated  ; sec[1]~5   ; CLK          ; KEY[0]      ; 0.000        ; -0.517     ; 1.053      ;
; 1.593 ; sec[3]~_emulated  ; sec[3]~13  ; CLK          ; KEY[0]      ; 0.000        ; -0.409     ; 1.184      ;
; 1.593 ; sec[4]~_emulated  ; sec[4]~21  ; CLK          ; KEY[0]      ; 0.000        ; -0.409     ; 1.184      ;
; 1.603 ; hour[2]~9         ; hour[2]~9  ; KEY[0]       ; KEY[0]      ; 0.000        ; 0.000      ; 1.603      ;
; 1.728 ; hour[3]~_emulated ; hour[3]~13 ; CLK          ; KEY[0]      ; 0.000        ; -0.412     ; 1.316      ;
; 1.774 ; min[4]~_emulated  ; min[4]~21  ; CLK          ; KEY[0]      ; 0.000        ; -0.452     ; 1.322      ;
; 1.873 ; KEY[0]            ; hour[4]~17 ; KEY[0]       ; KEY[0]      ; -0.500       ; 1.222      ; 2.595      ;
; 1.899 ; KEY[0]            ; hour[2]~9  ; KEY[0]       ; KEY[0]      ; -0.500       ; 1.173      ; 2.572      ;
; 2.130 ; hour[4]~_emulated ; hour[4]~17 ; CLK          ; KEY[0]      ; 0.000        ; -0.428     ; 1.702      ;
; 2.289 ; hour[2]~_emulated ; hour[2]~9  ; CLK          ; KEY[0]      ; 0.000        ; -0.456     ; 1.833      ;
+-------+-------------------+------------+--------------+-------------+--------------+------------+------------+


+-------------------------------------------------------------------------------------------------------------------+
; Fast Model Recovery: 'CLK'                                                                                        ;
+-------+-----------+-------------------------+--------------+-------------+--------------+------------+------------+
; Slack ; From Node ; To Node                 ; Launch Clock ; Latch Clock ; Relationship ; Clock Skew ; Data Delay ;
+-------+-----------+-------------------------+--------------+-------------+--------------+------------+------------+
; 0.463 ; KEY[0]    ; min[4]~_emulated        ; KEY[0]       ; CLK         ; 0.500        ; 1.629      ; 1.698      ;
; 0.463 ; KEY[0]    ; min[5]~_emulated        ; KEY[0]       ; CLK         ; 0.500        ; 1.629      ; 1.698      ;
; 0.463 ; KEY[0]    ; min[2]~_emulated        ; KEY[0]       ; CLK         ; 0.500        ; 1.629      ; 1.698      ;
; 0.463 ; KEY[0]    ; min[3]~_emulated        ; KEY[0]       ; CLK         ; 0.500        ; 1.629      ; 1.698      ;
; 0.466 ; KEY[0]    ; hour[1]~_emulated       ; KEY[0]       ; CLK         ; 0.500        ; 1.629      ; 1.695      ;
; 0.466 ; KEY[0]    ; hour[2]~_emulated       ; KEY[0]       ; CLK         ; 0.500        ; 1.629      ; 1.695      ;
; 0.490 ; KEY[0]    ; delay_1s:d1|counter[16] ; KEY[0]       ; CLK         ; 0.500        ; 1.637      ; 1.679      ;
; 0.490 ; KEY[0]    ; delay_1s:d1|counter[18] ; KEY[0]       ; CLK         ; 0.500        ; 1.637      ; 1.679      ;
; 0.490 ; KEY[0]    ; delay_1s:d1|counter[22] ; KEY[0]       ; CLK         ; 0.500        ; 1.637      ; 1.679      ;
; 0.490 ; KEY[0]    ; delay_1s:d1|counter[24] ; KEY[0]       ; CLK         ; 0.500        ; 1.637      ; 1.679      ;
; 0.490 ; KEY[0]    ; delay_1s:d1|counter[25] ; KEY[0]       ; CLK         ; 0.500        ; 1.637      ; 1.679      ;
; 0.490 ; KEY[0]    ; hour[0]~_emulated       ; KEY[0]       ; CLK         ; 0.500        ; 1.650      ; 1.692      ;
; 0.490 ; KEY[0]    ; hour[4]~_emulated       ; KEY[0]       ; CLK         ; 0.500        ; 1.650      ; 1.692      ;
; 0.490 ; KEY[0]    ; hour[3]~_emulated       ; KEY[0]       ; CLK         ; 0.500        ; 1.650      ; 1.692      ;
; 0.498 ; KEY[0]    ; delay_1s:d1|counter[0]  ; KEY[0]       ; CLK         ; 0.500        ; 1.628      ; 1.662      ;
; 0.498 ; KEY[0]    ; delay_1s:d1|counter[1]  ; KEY[0]       ; CLK         ; 0.500        ; 1.628      ; 1.662      ;
; 0.498 ; KEY[0]    ; delay_1s:d1|counter[2]  ; KEY[0]       ; CLK         ; 0.500        ; 1.628      ; 1.662      ;
; 0.498 ; KEY[0]    ; delay_1s:d1|counter[3]  ; KEY[0]       ; CLK         ; 0.500        ; 1.628      ; 1.662      ;
; 0.498 ; KEY[0]    ; delay_1s:d1|counter[4]  ; KEY[0]       ; CLK         ; 0.500        ; 1.628      ; 1.662      ;
; 0.498 ; KEY[0]    ; delay_1s:d1|counter[5]  ; KEY[0]       ; CLK         ; 0.500        ; 1.628      ; 1.662      ;
; 0.498 ; KEY[0]    ; delay_1s:d1|counter[6]  ; KEY[0]       ; CLK         ; 0.500        ; 1.628      ; 1.662      ;
; 0.498 ; KEY[0]    ; delay_1s:d1|counter[8]  ; KEY[0]       ; CLK         ; 0.500        ; 1.628      ; 1.662      ;
; 0.498 ; KEY[0]    ; delay_1s:d1|counter[9]  ; KEY[0]       ; CLK         ; 0.500        ; 1.628      ; 1.662      ;
; 0.498 ; KEY[0]    ; delay_1s:d1|counter[7]  ; KEY[0]       ; CLK         ; 0.500        ; 1.628      ; 1.662      ;
; 0.498 ; KEY[0]    ; delay_1s:d1|counter[10] ; KEY[0]       ; CLK         ; 0.500        ; 1.628      ; 1.662      ;
; 0.498 ; KEY[0]    ; delay_1s:d1|counter[11] ; KEY[0]       ; CLK         ; 0.500        ; 1.628      ; 1.662      ;
; 0.499 ; KEY[0]    ; delay_1s:d1|counter[12] ; KEY[0]       ; CLK         ; 0.500        ; 1.637      ; 1.670      ;
; 0.499 ; KEY[0]    ; delay_1s:d1|counter[13] ; KEY[0]       ; CLK         ; 0.500        ; 1.637      ; 1.670      ;
; 0.499 ; KEY[0]    ; delay_1s:d1|counter[14] ; KEY[0]       ; CLK         ; 0.500        ; 1.637      ; 1.670      ;
; 0.499 ; KEY[0]    ; delay_1s:d1|counter[15] ; KEY[0]       ; CLK         ; 0.500        ; 1.637      ; 1.670      ;
; 0.499 ; KEY[0]    ; delay_1s:d1|counter[17] ; KEY[0]       ; CLK         ; 0.500        ; 1.637      ; 1.670      ;
; 0.499 ; KEY[0]    ; delay_1s:d1|counter[19] ; KEY[0]       ; CLK         ; 0.500        ; 1.637      ; 1.670      ;
; 0.499 ; KEY[0]    ; delay_1s:d1|counter[20] ; KEY[0]       ; CLK         ; 0.500        ; 1.637      ; 1.670      ;
; 0.499 ; KEY[0]    ; delay_1s:d1|counter[21] ; KEY[0]       ; CLK         ; 0.500        ; 1.637      ; 1.670      ;
; 0.499 ; KEY[0]    ; delay_1s:d1|counter[23] ; KEY[0]       ; CLK         ; 0.500        ; 1.637      ; 1.670      ;
; 0.499 ; KEY[0]    ; sec[4]~_emulated        ; KEY[0]       ; CLK         ; 0.500        ; 1.651      ; 1.684      ;
; 0.499 ; KEY[0]    ; sec[5]~_emulated        ; KEY[0]       ; CLK         ; 0.500        ; 1.651      ; 1.684      ;
; 0.499 ; KEY[0]    ; sec[3]~_emulated        ; KEY[0]       ; CLK         ; 0.500        ; 1.651      ; 1.684      ;
; 0.509 ; KEY[0]    ; min[0]~_emulated        ; KEY[0]       ; CLK         ; 0.500        ; 1.629      ; 1.652      ;
; 0.509 ; KEY[0]    ; min[1]~_emulated        ; KEY[0]       ; CLK         ; 0.500        ; 1.629      ; 1.652      ;
; 0.520 ; KEY[0]    ; sec[0]~_emulated        ; KEY[0]       ; CLK         ; 0.500        ; 1.651      ; 1.663      ;
; 0.520 ; KEY[0]    ; sec[1]~_emulated        ; KEY[0]       ; CLK         ; 0.500        ; 1.651      ; 1.663      ;
; 0.520 ; KEY[0]    ; sec[2]~_emulated        ; KEY[0]       ; CLK         ; 0.500        ; 1.651      ; 1.663      ;
; 0.963 ; KEY[0]    ; min[4]~_emulated        ; KEY[0]       ; CLK         ; 1.000        ; 1.629      ; 1.698      ;
; 0.963 ; KEY[0]    ; min[5]~_emulated        ; KEY[0]       ; CLK         ; 1.000        ; 1.629      ; 1.698      ;
; 0.963 ; KEY[0]    ; min[2]~_emulated        ; KEY[0]       ; CLK         ; 1.000        ; 1.629      ; 1.698      ;
; 0.963 ; KEY[0]    ; min[3]~_emulated        ; KEY[0]       ; CLK         ; 1.000        ; 1.629      ; 1.698      ;
; 0.966 ; KEY[0]    ; hour[1]~_emulated       ; KEY[0]       ; CLK         ; 1.000        ; 1.629      ; 1.695      ;
; 0.966 ; KEY[0]    ; hour[2]~_emulated       ; KEY[0]       ; CLK         ; 1.000        ; 1.629      ; 1.695      ;
; 0.990 ; KEY[0]    ; delay_1s:d1|counter[16] ; KEY[0]       ; CLK         ; 1.000        ; 1.637      ; 1.679      ;
; 0.990 ; KEY[0]    ; delay_1s:d1|counter[18] ; KEY[0]       ; CLK         ; 1.000        ; 1.637      ; 1.679      ;
; 0.990 ; KEY[0]    ; delay_1s:d1|counter[22] ; KEY[0]       ; CLK         ; 1.000        ; 1.637      ; 1.679      ;
; 0.990 ; KEY[0]    ; delay_1s:d1|counter[24] ; KEY[0]       ; CLK         ; 1.000        ; 1.637      ; 1.679      ;
; 0.990 ; KEY[0]    ; delay_1s:d1|counter[25] ; KEY[0]       ; CLK         ; 1.000        ; 1.637      ; 1.679      ;
; 0.990 ; KEY[0]    ; hour[0]~_emulated       ; KEY[0]       ; CLK         ; 1.000        ; 1.650      ; 1.692      ;
; 0.990 ; KEY[0]    ; hour[4]~_emulated       ; KEY[0]       ; CLK         ; 1.000        ; 1.650      ; 1.692      ;
; 0.990 ; KEY[0]    ; hour[3]~_emulated       ; KEY[0]       ; CLK         ; 1.000        ; 1.650      ; 1.692      ;
; 0.998 ; KEY[0]    ; delay_1s:d1|counter[0]  ; KEY[0]       ; CLK         ; 1.000        ; 1.628      ; 1.662      ;
; 0.998 ; KEY[0]    ; delay_1s:d1|counter[1]  ; KEY[0]       ; CLK         ; 1.000        ; 1.628      ; 1.662      ;
; 0.998 ; KEY[0]    ; delay_1s:d1|counter[2]  ; KEY[0]       ; CLK         ; 1.000        ; 1.628      ; 1.662      ;
; 0.998 ; KEY[0]    ; delay_1s:d1|counter[3]  ; KEY[0]       ; CLK         ; 1.000        ; 1.628      ; 1.662      ;
; 0.998 ; KEY[0]    ; delay_1s:d1|counter[4]  ; KEY[0]       ; CLK         ; 1.000        ; 1.628      ; 1.662      ;
; 0.998 ; KEY[0]    ; delay_1s:d1|counter[5]  ; KEY[0]       ; CLK         ; 1.000        ; 1.628      ; 1.662      ;
; 0.998 ; KEY[0]    ; delay_1s:d1|counter[6]  ; KEY[0]       ; CLK         ; 1.000        ; 1.628      ; 1.662      ;
; 0.998 ; KEY[0]    ; delay_1s:d1|counter[8]  ; KEY[0]       ; CLK         ; 1.000        ; 1.628      ; 1.662      ;
; 0.998 ; KEY[0]    ; delay_1s:d1|counter[9]  ; KEY[0]       ; CLK         ; 1.000        ; 1.628      ; 1.662      ;
; 0.998 ; KEY[0]    ; delay_1s:d1|counter[7]  ; KEY[0]       ; CLK         ; 1.000        ; 1.628      ; 1.662      ;
; 0.998 ; KEY[0]    ; delay_1s:d1|counter[10] ; KEY[0]       ; CLK         ; 1.000        ; 1.628      ; 1.662      ;
; 0.998 ; KEY[0]    ; delay_1s:d1|counter[11] ; KEY[0]       ; CLK         ; 1.000        ; 1.628      ; 1.662      ;
; 0.999 ; KEY[0]    ; delay_1s:d1|counter[12] ; KEY[0]       ; CLK         ; 1.000        ; 1.637      ; 1.670      ;
; 0.999 ; KEY[0]    ; delay_1s:d1|counter[13] ; KEY[0]       ; CLK         ; 1.000        ; 1.637      ; 1.670      ;
; 0.999 ; KEY[0]    ; delay_1s:d1|counter[14] ; KEY[0]       ; CLK         ; 1.000        ; 1.637      ; 1.670      ;
; 0.999 ; KEY[0]    ; delay_1s:d1|counter[15] ; KEY[0]       ; CLK         ; 1.000        ; 1.637      ; 1.670      ;
; 0.999 ; KEY[0]    ; delay_1s:d1|counter[17] ; KEY[0]       ; CLK         ; 1.000        ; 1.637      ; 1.670      ;
; 0.999 ; KEY[0]    ; delay_1s:d1|counter[19] ; KEY[0]       ; CLK         ; 1.000        ; 1.637      ; 1.670      ;
; 0.999 ; KEY[0]    ; delay_1s:d1|counter[20] ; KEY[0]       ; CLK         ; 1.000        ; 1.637      ; 1.670      ;
; 0.999 ; KEY[0]    ; delay_1s:d1|counter[21] ; KEY[0]       ; CLK         ; 1.000        ; 1.637      ; 1.670      ;
; 0.999 ; KEY[0]    ; delay_1s:d1|counter[23] ; KEY[0]       ; CLK         ; 1.000        ; 1.637      ; 1.670      ;
; 0.999 ; KEY[0]    ; sec[4]~_emulated        ; KEY[0]       ; CLK         ; 1.000        ; 1.651      ; 1.684      ;
; 0.999 ; KEY[0]    ; sec[5]~_emulated        ; KEY[0]       ; CLK         ; 1.000        ; 1.651      ; 1.684      ;
; 0.999 ; KEY[0]    ; sec[3]~_emulated        ; KEY[0]       ; CLK         ; 1.000        ; 1.651      ; 1.684      ;
; 1.009 ; KEY[0]    ; min[0]~_emulated        ; KEY[0]       ; CLK         ; 1.000        ; 1.629      ; 1.652      ;
; 1.009 ; KEY[0]    ; min[1]~_emulated        ; KEY[0]       ; CLK         ; 1.000        ; 1.629      ; 1.652      ;
; 1.020 ; KEY[0]    ; sec[0]~_emulated        ; KEY[0]       ; CLK         ; 1.000        ; 1.651      ; 1.663      ;
; 1.020 ; KEY[0]    ; sec[1]~_emulated        ; KEY[0]       ; CLK         ; 1.000        ; 1.651      ; 1.663      ;
; 1.020 ; KEY[0]    ; sec[2]~_emulated        ; KEY[0]       ; CLK         ; 1.000        ; 1.651      ; 1.663      ;
+-------+-----------+-------------------------+--------------+-------------+--------------+------------+------------+


+--------------------------------------------------------------------------------------------------------------------+
; Fast Model Removal: 'CLK'                                                                                          ;
+--------+-----------+-------------------------+--------------+-------------+--------------+------------+------------+
; Slack  ; From Node ; To Node                 ; Launch Clock ; Latch Clock ; Relationship ; Clock Skew ; Data Delay ;
+--------+-----------+-------------------------+--------------+-------------+--------------+------------+------------+
; -0.140 ; KEY[0]    ; sec[0]~_emulated        ; KEY[0]       ; CLK         ; 0.000        ; 1.651      ; 1.663      ;
; -0.140 ; KEY[0]    ; sec[1]~_emulated        ; KEY[0]       ; CLK         ; 0.000        ; 1.651      ; 1.663      ;
; -0.140 ; KEY[0]    ; sec[2]~_emulated        ; KEY[0]       ; CLK         ; 0.000        ; 1.651      ; 1.663      ;
; -0.129 ; KEY[0]    ; min[0]~_emulated        ; KEY[0]       ; CLK         ; 0.000        ; 1.629      ; 1.652      ;
; -0.129 ; KEY[0]    ; min[1]~_emulated        ; KEY[0]       ; CLK         ; 0.000        ; 1.629      ; 1.652      ;
; -0.119 ; KEY[0]    ; delay_1s:d1|counter[12] ; KEY[0]       ; CLK         ; 0.000        ; 1.637      ; 1.670      ;
; -0.119 ; KEY[0]    ; delay_1s:d1|counter[13] ; KEY[0]       ; CLK         ; 0.000        ; 1.637      ; 1.670      ;
; -0.119 ; KEY[0]    ; delay_1s:d1|counter[14] ; KEY[0]       ; CLK         ; 0.000        ; 1.637      ; 1.670      ;
; -0.119 ; KEY[0]    ; delay_1s:d1|counter[15] ; KEY[0]       ; CLK         ; 0.000        ; 1.637      ; 1.670      ;
; -0.119 ; KEY[0]    ; delay_1s:d1|counter[17] ; KEY[0]       ; CLK         ; 0.000        ; 1.637      ; 1.670      ;
; -0.119 ; KEY[0]    ; delay_1s:d1|counter[19] ; KEY[0]       ; CLK         ; 0.000        ; 1.637      ; 1.670      ;
; -0.119 ; KEY[0]    ; delay_1s:d1|counter[20] ; KEY[0]       ; CLK         ; 0.000        ; 1.637      ; 1.670      ;
; -0.119 ; KEY[0]    ; delay_1s:d1|counter[21] ; KEY[0]       ; CLK         ; 0.000        ; 1.637      ; 1.670      ;
; -0.119 ; KEY[0]    ; delay_1s:d1|counter[23] ; KEY[0]       ; CLK         ; 0.000        ; 1.637      ; 1.670      ;
; -0.119 ; KEY[0]    ; sec[4]~_emulated        ; KEY[0]       ; CLK         ; 0.000        ; 1.651      ; 1.684      ;
; -0.119 ; KEY[0]    ; sec[5]~_emulated        ; KEY[0]       ; CLK         ; 0.000        ; 1.651      ; 1.684      ;
; -0.119 ; KEY[0]    ; sec[3]~_emulated        ; KEY[0]       ; CLK         ; 0.000        ; 1.651      ; 1.684      ;
; -0.118 ; KEY[0]    ; delay_1s:d1|counter[0]  ; KEY[0]       ; CLK         ; 0.000        ; 1.628      ; 1.662      ;
; -0.118 ; KEY[0]    ; delay_1s:d1|counter[1]  ; KEY[0]       ; CLK         ; 0.000        ; 1.628      ; 1.662      ;
; -0.118 ; KEY[0]    ; delay_1s:d1|counter[2]  ; KEY[0]       ; CLK         ; 0.000        ; 1.628      ; 1.662      ;
; -0.118 ; KEY[0]    ; delay_1s:d1|counter[3]  ; KEY[0]       ; CLK         ; 0.000        ; 1.628      ; 1.662      ;
; -0.118 ; KEY[0]    ; delay_1s:d1|counter[4]  ; KEY[0]       ; CLK         ; 0.000        ; 1.628      ; 1.662      ;
; -0.118 ; KEY[0]    ; delay_1s:d1|counter[5]  ; KEY[0]       ; CLK         ; 0.000        ; 1.628      ; 1.662      ;
; -0.118 ; KEY[0]    ; delay_1s:d1|counter[6]  ; KEY[0]       ; CLK         ; 0.000        ; 1.628      ; 1.662      ;
; -0.118 ; KEY[0]    ; delay_1s:d1|counter[8]  ; KEY[0]       ; CLK         ; 0.000        ; 1.628      ; 1.662      ;
; -0.118 ; KEY[0]    ; delay_1s:d1|counter[9]  ; KEY[0]       ; CLK         ; 0.000        ; 1.628      ; 1.662      ;
; -0.118 ; KEY[0]    ; delay_1s:d1|counter[7]  ; KEY[0]       ; CLK         ; 0.000        ; 1.628      ; 1.662      ;
; -0.118 ; KEY[0]    ; delay_1s:d1|counter[10] ; KEY[0]       ; CLK         ; 0.000        ; 1.628      ; 1.662      ;
; -0.118 ; KEY[0]    ; delay_1s:d1|counter[11] ; KEY[0]       ; CLK         ; 0.000        ; 1.628      ; 1.662      ;
; -0.110 ; KEY[0]    ; delay_1s:d1|counter[16] ; KEY[0]       ; CLK         ; 0.000        ; 1.637      ; 1.679      ;
; -0.110 ; KEY[0]    ; delay_1s:d1|counter[18] ; KEY[0]       ; CLK         ; 0.000        ; 1.637      ; 1.679      ;
; -0.110 ; KEY[0]    ; delay_1s:d1|counter[22] ; KEY[0]       ; CLK         ; 0.000        ; 1.637      ; 1.679      ;
; -0.110 ; KEY[0]    ; delay_1s:d1|counter[24] ; KEY[0]       ; CLK         ; 0.000        ; 1.637      ; 1.679      ;
; -0.110 ; KEY[0]    ; delay_1s:d1|counter[25] ; KEY[0]       ; CLK         ; 0.000        ; 1.637      ; 1.679      ;
; -0.110 ; KEY[0]    ; hour[0]~_emulated       ; KEY[0]       ; CLK         ; 0.000        ; 1.650      ; 1.692      ;
; -0.110 ; KEY[0]    ; hour[4]~_emulated       ; KEY[0]       ; CLK         ; 0.000        ; 1.650      ; 1.692      ;
; -0.110 ; KEY[0]    ; hour[3]~_emulated       ; KEY[0]       ; CLK         ; 0.000        ; 1.650      ; 1.692      ;
; -0.086 ; KEY[0]    ; hour[1]~_emulated       ; KEY[0]       ; CLK         ; 0.000        ; 1.629      ; 1.695      ;
; -0.086 ; KEY[0]    ; hour[2]~_emulated       ; KEY[0]       ; CLK         ; 0.000        ; 1.629      ; 1.695      ;
; -0.083 ; KEY[0]    ; min[4]~_emulated        ; KEY[0]       ; CLK         ; 0.000        ; 1.629      ; 1.698      ;
; -0.083 ; KEY[0]    ; min[5]~_emulated        ; KEY[0]       ; CLK         ; 0.000        ; 1.629      ; 1.698      ;
; -0.083 ; KEY[0]    ; min[2]~_emulated        ; KEY[0]       ; CLK         ; 0.000        ; 1.629      ; 1.698      ;
; -0.083 ; KEY[0]    ; min[3]~_emulated        ; KEY[0]       ; CLK         ; 0.000        ; 1.629      ; 1.698      ;
; 0.360  ; KEY[0]    ; sec[0]~_emulated        ; KEY[0]       ; CLK         ; -0.500       ; 1.651      ; 1.663      ;
; 0.360  ; KEY[0]    ; sec[1]~_emulated        ; KEY[0]       ; CLK         ; -0.500       ; 1.651      ; 1.663      ;
; 0.360  ; KEY[0]    ; sec[2]~_emulated        ; KEY[0]       ; CLK         ; -0.500       ; 1.651      ; 1.663      ;
; 0.371  ; KEY[0]    ; min[0]~_emulated        ; KEY[0]       ; CLK         ; -0.500       ; 1.629      ; 1.652      ;
; 0.371  ; KEY[0]    ; min[1]~_emulated        ; KEY[0]       ; CLK         ; -0.500       ; 1.629      ; 1.652      ;
; 0.381  ; KEY[0]    ; delay_1s:d1|counter[12] ; KEY[0]       ; CLK         ; -0.500       ; 1.637      ; 1.670      ;
; 0.381  ; KEY[0]    ; delay_1s:d1|counter[13] ; KEY[0]       ; CLK         ; -0.500       ; 1.637      ; 1.670      ;
; 0.381  ; KEY[0]    ; delay_1s:d1|counter[14] ; KEY[0]       ; CLK         ; -0.500       ; 1.637      ; 1.670      ;
; 0.381  ; KEY[0]    ; delay_1s:d1|counter[15] ; KEY[0]       ; CLK         ; -0.500       ; 1.637      ; 1.670      ;
; 0.381  ; KEY[0]    ; delay_1s:d1|counter[17] ; KEY[0]       ; CLK         ; -0.500       ; 1.637      ; 1.670      ;
; 0.381  ; KEY[0]    ; delay_1s:d1|counter[19] ; KEY[0]       ; CLK         ; -0.500       ; 1.637      ; 1.670      ;
; 0.381  ; KEY[0]    ; delay_1s:d1|counter[20] ; KEY[0]       ; CLK         ; -0.500       ; 1.637      ; 1.670      ;
; 0.381  ; KEY[0]    ; delay_1s:d1|counter[21] ; KEY[0]       ; CLK         ; -0.500       ; 1.637      ; 1.670      ;
; 0.381  ; KEY[0]    ; delay_1s:d1|counter[23] ; KEY[0]       ; CLK         ; -0.500       ; 1.637      ; 1.670      ;
; 0.381  ; KEY[0]    ; sec[4]~_emulated        ; KEY[0]       ; CLK         ; -0.500       ; 1.651      ; 1.684      ;
; 0.381  ; KEY[0]    ; sec[5]~_emulated        ; KEY[0]       ; CLK         ; -0.500       ; 1.651      ; 1.684      ;
; 0.381  ; KEY[0]    ; sec[3]~_emulated        ; KEY[0]       ; CLK         ; -0.500       ; 1.651      ; 1.684      ;
; 0.382  ; KEY[0]    ; delay_1s:d1|counter[0]  ; KEY[0]       ; CLK         ; -0.500       ; 1.628      ; 1.662      ;
; 0.382  ; KEY[0]    ; delay_1s:d1|counter[1]  ; KEY[0]       ; CLK         ; -0.500       ; 1.628      ; 1.662      ;
; 0.382  ; KEY[0]    ; delay_1s:d1|counter[2]  ; KEY[0]       ; CLK         ; -0.500       ; 1.628      ; 1.662      ;
; 0.382  ; KEY[0]    ; delay_1s:d1|counter[3]  ; KEY[0]       ; CLK         ; -0.500       ; 1.628      ; 1.662      ;
; 0.382  ; KEY[0]    ; delay_1s:d1|counter[4]  ; KEY[0]       ; CLK         ; -0.500       ; 1.628      ; 1.662      ;
; 0.382  ; KEY[0]    ; delay_1s:d1|counter[5]  ; KEY[0]       ; CLK         ; -0.500       ; 1.628      ; 1.662      ;
; 0.382  ; KEY[0]    ; delay_1s:d1|counter[6]  ; KEY[0]       ; CLK         ; -0.500       ; 1.628      ; 1.662      ;
; 0.382  ; KEY[0]    ; delay_1s:d1|counter[8]  ; KEY[0]       ; CLK         ; -0.500       ; 1.628      ; 1.662      ;
; 0.382  ; KEY[0]    ; delay_1s:d1|counter[9]  ; KEY[0]       ; CLK         ; -0.500       ; 1.628      ; 1.662      ;
; 0.382  ; KEY[0]    ; delay_1s:d1|counter[7]  ; KEY[0]       ; CLK         ; -0.500       ; 1.628      ; 1.662      ;
; 0.382  ; KEY[0]    ; delay_1s:d1|counter[10] ; KEY[0]       ; CLK         ; -0.500       ; 1.628      ; 1.662      ;
; 0.382  ; KEY[0]    ; delay_1s:d1|counter[11] ; KEY[0]       ; CLK         ; -0.500       ; 1.628      ; 1.662      ;
; 0.390  ; KEY[0]    ; delay_1s:d1|counter[16] ; KEY[0]       ; CLK         ; -0.500       ; 1.637      ; 1.679      ;
; 0.390  ; KEY[0]    ; delay_1s:d1|counter[18] ; KEY[0]       ; CLK         ; -0.500       ; 1.637      ; 1.679      ;
; 0.390  ; KEY[0]    ; delay_1s:d1|counter[22] ; KEY[0]       ; CLK         ; -0.500       ; 1.637      ; 1.679      ;
; 0.390  ; KEY[0]    ; delay_1s:d1|counter[24] ; KEY[0]       ; CLK         ; -0.500       ; 1.637      ; 1.679      ;
; 0.390  ; KEY[0]    ; delay_1s:d1|counter[25] ; KEY[0]       ; CLK         ; -0.500       ; 1.637      ; 1.679      ;
; 0.390  ; KEY[0]    ; hour[0]~_emulated       ; KEY[0]       ; CLK         ; -0.500       ; 1.650      ; 1.692      ;
; 0.390  ; KEY[0]    ; hour[4]~_emulated       ; KEY[0]       ; CLK         ; -0.500       ; 1.650      ; 1.692      ;
; 0.390  ; KEY[0]    ; hour[3]~_emulated       ; KEY[0]       ; CLK         ; -0.500       ; 1.650      ; 1.692      ;
; 0.414  ; KEY[0]    ; hour[1]~_emulated       ; KEY[0]       ; CLK         ; -0.500       ; 1.629      ; 1.695      ;
; 0.414  ; KEY[0]    ; hour[2]~_emulated       ; KEY[0]       ; CLK         ; -0.500       ; 1.629      ; 1.695      ;
; 0.417  ; KEY[0]    ; min[4]~_emulated        ; KEY[0]       ; CLK         ; -0.500       ; 1.629      ; 1.698      ;
; 0.417  ; KEY[0]    ; min[5]~_emulated        ; KEY[0]       ; CLK         ; -0.500       ; 1.629      ; 1.698      ;
; 0.417  ; KEY[0]    ; min[2]~_emulated        ; KEY[0]       ; CLK         ; -0.500       ; 1.629      ; 1.698      ;
; 0.417  ; KEY[0]    ; min[3]~_emulated        ; KEY[0]       ; CLK         ; -0.500       ; 1.629      ; 1.698      ;
+--------+-----------+-------------------------+--------------+-------------+--------------+------------+------------+


+----------------------------------------------------------------------------------------------------------+
; Fast Model Minimum Pulse Width: 'CLK'                                                                    ;
+--------+--------------+----------------+------------------+-------+------------+-------------------------+
; Slack  ; Actual Width ; Required Width ; Type             ; Clock ; Clock Edge ; Target                  ;
+--------+--------------+----------------+------------------+-------+------------+-------------------------+
; -1.380 ; 1.000        ; 2.380          ; Port Rate        ; CLK   ; Rise       ; CLK                     ;
; -0.500 ; 0.500        ; 1.000          ; High Pulse Width ; CLK   ; Rise       ; delay_1s:d1|counter[0]  ;
; -0.500 ; 0.500        ; 1.000          ; Low Pulse Width  ; CLK   ; Rise       ; delay_1s:d1|counter[0]  ;
; -0.500 ; 0.500        ; 1.000          ; High Pulse Width ; CLK   ; Rise       ; delay_1s:d1|counter[10] ;
; -0.500 ; 0.500        ; 1.000          ; Low Pulse Width  ; CLK   ; Rise       ; delay_1s:d1|counter[10] ;
; -0.500 ; 0.500        ; 1.000          ; High Pulse Width ; CLK   ; Rise       ; delay_1s:d1|counter[11] ;
; -0.500 ; 0.500        ; 1.000          ; Low Pulse Width  ; CLK   ; Rise       ; delay_1s:d1|counter[11] ;
; -0.500 ; 0.500        ; 1.000          ; High Pulse Width ; CLK   ; Rise       ; delay_1s:d1|counter[12] ;
; -0.500 ; 0.500        ; 1.000          ; Low Pulse Width  ; CLK   ; Rise       ; delay_1s:d1|counter[12] ;
; -0.500 ; 0.500        ; 1.000          ; High Pulse Width ; CLK   ; Rise       ; delay_1s:d1|counter[13] ;
; -0.500 ; 0.500        ; 1.000          ; Low Pulse Width  ; CLK   ; Rise       ; delay_1s:d1|counter[13] ;
; -0.500 ; 0.500        ; 1.000          ; High Pulse Width ; CLK   ; Rise       ; delay_1s:d1|counter[14] ;
; -0.500 ; 0.500        ; 1.000          ; Low Pulse Width  ; CLK   ; Rise       ; delay_1s:d1|counter[14] ;
; -0.500 ; 0.500        ; 1.000          ; High Pulse Width ; CLK   ; Rise       ; delay_1s:d1|counter[15] ;
; -0.500 ; 0.500        ; 1.000          ; Low Pulse Width  ; CLK   ; Rise       ; delay_1s:d1|counter[15] ;
; -0.500 ; 0.500        ; 1.000          ; High Pulse Width ; CLK   ; Rise       ; delay_1s:d1|counter[16] ;
; -0.500 ; 0.500        ; 1.000          ; Low Pulse Width  ; CLK   ; Rise       ; delay_1s:d1|counter[16] ;
; -0.500 ; 0.500        ; 1.000          ; High Pulse Width ; CLK   ; Rise       ; delay_1s:d1|counter[17] ;
; -0.500 ; 0.500        ; 1.000          ; Low Pulse Width  ; CLK   ; Rise       ; delay_1s:d1|counter[17] ;
; -0.500 ; 0.500        ; 1.000          ; High Pulse Width ; CLK   ; Rise       ; delay_1s:d1|counter[18] ;
; -0.500 ; 0.500        ; 1.000          ; Low Pulse Width  ; CLK   ; Rise       ; delay_1s:d1|counter[18] ;
; -0.500 ; 0.500        ; 1.000          ; High Pulse Width ; CLK   ; Rise       ; delay_1s:d1|counter[19] ;
; -0.500 ; 0.500        ; 1.000          ; Low Pulse Width  ; CLK   ; Rise       ; delay_1s:d1|counter[19] ;
; -0.500 ; 0.500        ; 1.000          ; High Pulse Width ; CLK   ; Rise       ; delay_1s:d1|counter[1]  ;
; -0.500 ; 0.500        ; 1.000          ; Low Pulse Width  ; CLK   ; Rise       ; delay_1s:d1|counter[1]  ;
; -0.500 ; 0.500        ; 1.000          ; High Pulse Width ; CLK   ; Rise       ; delay_1s:d1|counter[20] ;
; -0.500 ; 0.500        ; 1.000          ; Low Pulse Width  ; CLK   ; Rise       ; delay_1s:d1|counter[20] ;
; -0.500 ; 0.500        ; 1.000          ; High Pulse Width ; CLK   ; Rise       ; delay_1s:d1|counter[21] ;
; -0.500 ; 0.500        ; 1.000          ; Low Pulse Width  ; CLK   ; Rise       ; delay_1s:d1|counter[21] ;
; -0.500 ; 0.500        ; 1.000          ; High Pulse Width ; CLK   ; Rise       ; delay_1s:d1|counter[22] ;
; -0.500 ; 0.500        ; 1.000          ; Low Pulse Width  ; CLK   ; Rise       ; delay_1s:d1|counter[22] ;
; -0.500 ; 0.500        ; 1.000          ; High Pulse Width ; CLK   ; Rise       ; delay_1s:d1|counter[23] ;
; -0.500 ; 0.500        ; 1.000          ; Low Pulse Width  ; CLK   ; Rise       ; delay_1s:d1|counter[23] ;
; -0.500 ; 0.500        ; 1.000          ; High Pulse Width ; CLK   ; Rise       ; delay_1s:d1|counter[24] ;
; -0.500 ; 0.500        ; 1.000          ; Low Pulse Width  ; CLK   ; Rise       ; delay_1s:d1|counter[24] ;
; -0.500 ; 0.500        ; 1.000          ; High Pulse Width ; CLK   ; Rise       ; delay_1s:d1|counter[25] ;
; -0.500 ; 0.500        ; 1.000          ; Low Pulse Width  ; CLK   ; Rise       ; delay_1s:d1|counter[25] ;
; -0.500 ; 0.500        ; 1.000          ; High Pulse Width ; CLK   ; Rise       ; delay_1s:d1|counter[2]  ;
; -0.500 ; 0.500        ; 1.000          ; Low Pulse Width  ; CLK   ; Rise       ; delay_1s:d1|counter[2]  ;
; -0.500 ; 0.500        ; 1.000          ; High Pulse Width ; CLK   ; Rise       ; delay_1s:d1|counter[3]  ;
; -0.500 ; 0.500        ; 1.000          ; Low Pulse Width  ; CLK   ; Rise       ; delay_1s:d1|counter[3]  ;
; -0.500 ; 0.500        ; 1.000          ; High Pulse Width ; CLK   ; Rise       ; delay_1s:d1|counter[4]  ;
; -0.500 ; 0.500        ; 1.000          ; Low Pulse Width  ; CLK   ; Rise       ; delay_1s:d1|counter[4]  ;
; -0.500 ; 0.500        ; 1.000          ; High Pulse Width ; CLK   ; Rise       ; delay_1s:d1|counter[5]  ;
; -0.500 ; 0.500        ; 1.000          ; Low Pulse Width  ; CLK   ; Rise       ; delay_1s:d1|counter[5]  ;
; -0.500 ; 0.500        ; 1.000          ; High Pulse Width ; CLK   ; Rise       ; delay_1s:d1|counter[6]  ;
; -0.500 ; 0.500        ; 1.000          ; Low Pulse Width  ; CLK   ; Rise       ; delay_1s:d1|counter[6]  ;
; -0.500 ; 0.500        ; 1.000          ; High Pulse Width ; CLK   ; Rise       ; delay_1s:d1|counter[7]  ;
; -0.500 ; 0.500        ; 1.000          ; Low Pulse Width  ; CLK   ; Rise       ; delay_1s:d1|counter[7]  ;
; -0.500 ; 0.500        ; 1.000          ; High Pulse Width ; CLK   ; Rise       ; delay_1s:d1|counter[8]  ;
; -0.500 ; 0.500        ; 1.000          ; Low Pulse Width  ; CLK   ; Rise       ; delay_1s:d1|counter[8]  ;
; -0.500 ; 0.500        ; 1.000          ; High Pulse Width ; CLK   ; Rise       ; delay_1s:d1|counter[9]  ;
; -0.500 ; 0.500        ; 1.000          ; Low Pulse Width  ; CLK   ; Rise       ; delay_1s:d1|counter[9]  ;
; -0.500 ; 0.500        ; 1.000          ; High Pulse Width ; CLK   ; Rise       ; hour[0]~_emulated       ;
; -0.500 ; 0.500        ; 1.000          ; Low Pulse Width  ; CLK   ; Rise       ; hour[0]~_emulated       ;
; -0.500 ; 0.500        ; 1.000          ; High Pulse Width ; CLK   ; Rise       ; hour[1]~_emulated       ;
; -0.500 ; 0.500        ; 1.000          ; Low Pulse Width  ; CLK   ; Rise       ; hour[1]~_emulated       ;
; -0.500 ; 0.500        ; 1.000          ; High Pulse Width ; CLK   ; Rise       ; hour[2]~_emulated       ;
; -0.500 ; 0.500        ; 1.000          ; Low Pulse Width  ; CLK   ; Rise       ; hour[2]~_emulated       ;
; -0.500 ; 0.500        ; 1.000          ; High Pulse Width ; CLK   ; Rise       ; hour[3]~_emulated       ;
; -0.500 ; 0.500        ; 1.000          ; Low Pulse Width  ; CLK   ; Rise       ; hour[3]~_emulated       ;
; -0.500 ; 0.500        ; 1.000          ; High Pulse Width ; CLK   ; Rise       ; hour[4]~_emulated       ;
; -0.500 ; 0.500        ; 1.000          ; Low Pulse Width  ; CLK   ; Rise       ; hour[4]~_emulated       ;
; -0.500 ; 0.500        ; 1.000          ; High Pulse Width ; CLK   ; Rise       ; min[0]~_emulated        ;
; -0.500 ; 0.500        ; 1.000          ; Low Pulse Width  ; CLK   ; Rise       ; min[0]~_emulated        ;
; -0.500 ; 0.500        ; 1.000          ; High Pulse Width ; CLK   ; Rise       ; min[1]~_emulated        ;
; -0.500 ; 0.500        ; 1.000          ; Low Pulse Width  ; CLK   ; Rise       ; min[1]~_emulated        ;
; -0.500 ; 0.500        ; 1.000          ; High Pulse Width ; CLK   ; Rise       ; min[2]~_emulated        ;
; -0.500 ; 0.500        ; 1.000          ; Low Pulse Width  ; CLK   ; Rise       ; min[2]~_emulated        ;
; -0.500 ; 0.500        ; 1.000          ; High Pulse Width ; CLK   ; Rise       ; min[3]~_emulated        ;
; -0.500 ; 0.500        ; 1.000          ; Low Pulse Width  ; CLK   ; Rise       ; min[3]~_emulated        ;
; -0.500 ; 0.500        ; 1.000          ; High Pulse Width ; CLK   ; Rise       ; min[4]~_emulated        ;
; -0.500 ; 0.500        ; 1.000          ; Low Pulse Width  ; CLK   ; Rise       ; min[4]~_emulated        ;
; -0.500 ; 0.500        ; 1.000          ; High Pulse Width ; CLK   ; Rise       ; min[5]~_emulated        ;
; -0.500 ; 0.500        ; 1.000          ; Low Pulse Width  ; CLK   ; Rise       ; min[5]~_emulated        ;
; -0.500 ; 0.500        ; 1.000          ; High Pulse Width ; CLK   ; Rise       ; sec[0]~_emulated        ;
; -0.500 ; 0.500        ; 1.000          ; Low Pulse Width  ; CLK   ; Rise       ; sec[0]~_emulated        ;
; -0.500 ; 0.500        ; 1.000          ; High Pulse Width ; CLK   ; Rise       ; sec[1]~_emulated        ;
; -0.500 ; 0.500        ; 1.000          ; Low Pulse Width  ; CLK   ; Rise       ; sec[1]~_emulated        ;
; -0.500 ; 0.500        ; 1.000          ; High Pulse Width ; CLK   ; Rise       ; sec[2]~_emulated        ;
; -0.500 ; 0.500        ; 1.000          ; Low Pulse Width  ; CLK   ; Rise       ; sec[2]~_emulated        ;
; -0.500 ; 0.500        ; 1.000          ; High Pulse Width ; CLK   ; Rise       ; sec[3]~_emulated        ;
; -0.500 ; 0.500        ; 1.000          ; Low Pulse Width  ; CLK   ; Rise       ; sec[3]~_emulated        ;
; -0.500 ; 0.500        ; 1.000          ; High Pulse Width ; CLK   ; Rise       ; sec[4]~_emulated        ;
; -0.500 ; 0.500        ; 1.000          ; Low Pulse Width  ; CLK   ; Rise       ; sec[4]~_emulated        ;
; -0.500 ; 0.500        ; 1.000          ; High Pulse Width ; CLK   ; Rise       ; sec[5]~_emulated        ;
; -0.500 ; 0.500        ; 1.000          ; Low Pulse Width  ; CLK   ; Rise       ; sec[5]~_emulated        ;
; 0.500  ; 0.500        ; 0.000          ; High Pulse Width ; CLK   ; Rise       ; CLK|combout             ;
; 0.500  ; 0.500        ; 0.000          ; Low Pulse Width  ; CLK   ; Rise       ; CLK|combout             ;
; 0.500  ; 0.500        ; 0.000          ; High Pulse Width ; CLK   ; Rise       ; CLK~clkctrl|inclk[0]    ;
; 0.500  ; 0.500        ; 0.000          ; Low Pulse Width  ; CLK   ; Rise       ; CLK~clkctrl|inclk[0]    ;
; 0.500  ; 0.500        ; 0.000          ; High Pulse Width ; CLK   ; Rise       ; CLK~clkctrl|outclk      ;
; 0.500  ; 0.500        ; 0.000          ; Low Pulse Width  ; CLK   ; Rise       ; CLK~clkctrl|outclk      ;
; 0.500  ; 0.500        ; 0.000          ; High Pulse Width ; CLK   ; Rise       ; d1|counter[0]|clk       ;
; 0.500  ; 0.500        ; 0.000          ; Low Pulse Width  ; CLK   ; Rise       ; d1|counter[0]|clk       ;
; 0.500  ; 0.500        ; 0.000          ; High Pulse Width ; CLK   ; Rise       ; d1|counter[10]|clk      ;
; 0.500  ; 0.500        ; 0.000          ; Low Pulse Width  ; CLK   ; Rise       ; d1|counter[10]|clk      ;
; 0.500  ; 0.500        ; 0.000          ; High Pulse Width ; CLK   ; Rise       ; d1|counter[11]|clk      ;
; 0.500  ; 0.500        ; 0.000          ; Low Pulse Width  ; CLK   ; Rise       ; d1|counter[11]|clk      ;
; 0.500  ; 0.500        ; 0.000          ; High Pulse Width ; CLK   ; Rise       ; d1|counter[12]|clk      ;
+--------+--------------+----------------+------------------+-------+------------+-------------------------+


+----------------------------------------------------------------------------------------------------+
; Fast Model Minimum Pulse Width: 'KEY[0]'                                                           ;
+--------+--------------+----------------+------------------+--------+------------+------------------+
; Slack  ; Actual Width ; Required Width ; Type             ; Clock  ; Clock Edge ; Target           ;
+--------+--------------+----------------+------------------+--------+------------+------------------+
; -1.222 ; 1.000        ; 2.222          ; Port Rate        ; KEY[0] ; Rise       ; KEY[0]           ;
; 0.500  ; 0.500        ; 0.000          ; High Pulse Width ; KEY[0] ; Rise       ; KEY[0]|combout   ;
; 0.500  ; 0.500        ; 0.000          ; Low Pulse Width  ; KEY[0] ; Rise       ; KEY[0]|combout   ;
; 0.500  ; 0.500        ; 0.000          ; High Pulse Width ; KEY[0] ; Rise       ; hour[0]~1        ;
; 0.500  ; 0.500        ; 0.000          ; Low Pulse Width  ; KEY[0] ; Rise       ; hour[0]~1        ;
; 0.500  ; 0.500        ; 0.000          ; High Pulse Width ; KEY[0] ; Rise       ; hour[0]~1|datac  ;
; 0.500  ; 0.500        ; 0.000          ; Low Pulse Width  ; KEY[0] ; Rise       ; hour[0]~1|datac  ;
; 0.500  ; 0.500        ; 0.000          ; High Pulse Width ; KEY[0] ; Rise       ; hour[1]~5        ;
; 0.500  ; 0.500        ; 0.000          ; Low Pulse Width  ; KEY[0] ; Rise       ; hour[1]~5        ;
; 0.500  ; 0.500        ; 0.000          ; High Pulse Width ; KEY[0] ; Rise       ; hour[1]~5|datab  ;
; 0.500  ; 0.500        ; 0.000          ; Low Pulse Width  ; KEY[0] ; Rise       ; hour[1]~5|datab  ;
; 0.500  ; 0.500        ; 0.000          ; High Pulse Width ; KEY[0] ; Rise       ; hour[2]~9        ;
; 0.500  ; 0.500        ; 0.000          ; Low Pulse Width  ; KEY[0] ; Rise       ; hour[2]~9        ;
; 0.500  ; 0.500        ; 0.000          ; High Pulse Width ; KEY[0] ; Rise       ; hour[2]~9|datab  ;
; 0.500  ; 0.500        ; 0.000          ; Low Pulse Width  ; KEY[0] ; Rise       ; hour[2]~9|datab  ;
; 0.500  ; 0.500        ; 0.000          ; High Pulse Width ; KEY[0] ; Rise       ; hour[3]~13       ;
; 0.500  ; 0.500        ; 0.000          ; Low Pulse Width  ; KEY[0] ; Rise       ; hour[3]~13       ;
; 0.500  ; 0.500        ; 0.000          ; High Pulse Width ; KEY[0] ; Rise       ; hour[3]~13|datac ;
; 0.500  ; 0.500        ; 0.000          ; Low Pulse Width  ; KEY[0] ; Rise       ; hour[3]~13|datac ;
; 0.500  ; 0.500        ; 0.000          ; High Pulse Width ; KEY[0] ; Rise       ; hour[4]~17       ;
; 0.500  ; 0.500        ; 0.000          ; Low Pulse Width  ; KEY[0] ; Rise       ; hour[4]~17       ;
; 0.500  ; 0.500        ; 0.000          ; High Pulse Width ; KEY[0] ; Rise       ; hour[4]~17|datac ;
; 0.500  ; 0.500        ; 0.000          ; Low Pulse Width  ; KEY[0] ; Rise       ; hour[4]~17|datac ;
; 0.500  ; 0.500        ; 0.000          ; High Pulse Width ; KEY[0] ; Rise       ; min[0]~1         ;
; 0.500  ; 0.500        ; 0.000          ; Low Pulse Width  ; KEY[0] ; Rise       ; min[0]~1         ;
; 0.500  ; 0.500        ; 0.000          ; High Pulse Width ; KEY[0] ; Rise       ; min[0]~1|datab   ;
; 0.500  ; 0.500        ; 0.000          ; Low Pulse Width  ; KEY[0] ; Rise       ; min[0]~1|datab   ;
; 0.500  ; 0.500        ; 0.000          ; High Pulse Width ; KEY[0] ; Rise       ; min[1]~5         ;
; 0.500  ; 0.500        ; 0.000          ; Low Pulse Width  ; KEY[0] ; Rise       ; min[1]~5         ;
; 0.500  ; 0.500        ; 0.000          ; High Pulse Width ; KEY[0] ; Rise       ; min[1]~5|datab   ;
; 0.500  ; 0.500        ; 0.000          ; Low Pulse Width  ; KEY[0] ; Rise       ; min[1]~5|datab   ;
; 0.500  ; 0.500        ; 0.000          ; High Pulse Width ; KEY[0] ; Rise       ; min[2]~9         ;
; 0.500  ; 0.500        ; 0.000          ; Low Pulse Width  ; KEY[0] ; Rise       ; min[2]~9         ;
; 0.500  ; 0.500        ; 0.000          ; High Pulse Width ; KEY[0] ; Rise       ; min[2]~9|datab   ;
; 0.500  ; 0.500        ; 0.000          ; Low Pulse Width  ; KEY[0] ; Rise       ; min[2]~9|datab   ;
; 0.500  ; 0.500        ; 0.000          ; High Pulse Width ; KEY[0] ; Rise       ; min[3]~13        ;
; 0.500  ; 0.500        ; 0.000          ; Low Pulse Width  ; KEY[0] ; Rise       ; min[3]~13        ;
; 0.500  ; 0.500        ; 0.000          ; High Pulse Width ; KEY[0] ; Rise       ; min[3]~13|dataa  ;
; 0.500  ; 0.500        ; 0.000          ; Low Pulse Width  ; KEY[0] ; Rise       ; min[3]~13|dataa  ;
; 0.500  ; 0.500        ; 0.000          ; High Pulse Width ; KEY[0] ; Rise       ; min[4]~21        ;
; 0.500  ; 0.500        ; 0.000          ; Low Pulse Width  ; KEY[0] ; Rise       ; min[4]~21        ;
; 0.500  ; 0.500        ; 0.000          ; High Pulse Width ; KEY[0] ; Rise       ; min[4]~21|datab  ;
; 0.500  ; 0.500        ; 0.000          ; Low Pulse Width  ; KEY[0] ; Rise       ; min[4]~21|datab  ;
; 0.500  ; 0.500        ; 0.000          ; High Pulse Width ; KEY[0] ; Rise       ; min[5]~17        ;
; 0.500  ; 0.500        ; 0.000          ; Low Pulse Width  ; KEY[0] ; Rise       ; min[5]~17        ;
; 0.500  ; 0.500        ; 0.000          ; High Pulse Width ; KEY[0] ; Rise       ; min[5]~17|dataa  ;
; 0.500  ; 0.500        ; 0.000          ; Low Pulse Width  ; KEY[0] ; Rise       ; min[5]~17|dataa  ;
; 0.500  ; 0.500        ; 0.000          ; High Pulse Width ; KEY[0] ; Rise       ; sec[0]~1         ;
; 0.500  ; 0.500        ; 0.000          ; Low Pulse Width  ; KEY[0] ; Rise       ; sec[0]~1         ;
; 0.500  ; 0.500        ; 0.000          ; High Pulse Width ; KEY[0] ; Rise       ; sec[0]~1|datac   ;
; 0.500  ; 0.500        ; 0.000          ; Low Pulse Width  ; KEY[0] ; Rise       ; sec[0]~1|datac   ;
; 0.500  ; 0.500        ; 0.000          ; High Pulse Width ; KEY[0] ; Rise       ; sec[1]~5         ;
; 0.500  ; 0.500        ; 0.000          ; Low Pulse Width  ; KEY[0] ; Rise       ; sec[1]~5         ;
; 0.500  ; 0.500        ; 0.000          ; High Pulse Width ; KEY[0] ; Rise       ; sec[1]~5|datac   ;
; 0.500  ; 0.500        ; 0.000          ; Low Pulse Width  ; KEY[0] ; Rise       ; sec[1]~5|datac   ;
; 0.500  ; 0.500        ; 0.000          ; High Pulse Width ; KEY[0] ; Rise       ; sec[2]~9         ;
; 0.500  ; 0.500        ; 0.000          ; Low Pulse Width  ; KEY[0] ; Rise       ; sec[2]~9         ;
; 0.500  ; 0.500        ; 0.000          ; High Pulse Width ; KEY[0] ; Rise       ; sec[2]~9|datac   ;
; 0.500  ; 0.500        ; 0.000          ; Low Pulse Width  ; KEY[0] ; Rise       ; sec[2]~9|datac   ;
; 0.500  ; 0.500        ; 0.000          ; High Pulse Width ; KEY[0] ; Rise       ; sec[3]~13        ;
; 0.500  ; 0.500        ; 0.000          ; Low Pulse Width  ; KEY[0] ; Rise       ; sec[3]~13        ;
; 0.500  ; 0.500        ; 0.000          ; High Pulse Width ; KEY[0] ; Rise       ; sec[3]~13|datac  ;
; 0.500  ; 0.500        ; 0.000          ; Low Pulse Width  ; KEY[0] ; Rise       ; sec[3]~13|datac  ;
; 0.500  ; 0.500        ; 0.000          ; High Pulse Width ; KEY[0] ; Rise       ; sec[4]~21        ;
; 0.500  ; 0.500        ; 0.000          ; Low Pulse Width  ; KEY[0] ; Rise       ; sec[4]~21        ;
; 0.500  ; 0.500        ; 0.000          ; High Pulse Width ; KEY[0] ; Rise       ; sec[4]~21|datac  ;
; 0.500  ; 0.500        ; 0.000          ; Low Pulse Width  ; KEY[0] ; Rise       ; sec[4]~21|datac  ;
; 0.500  ; 0.500        ; 0.000          ; High Pulse Width ; KEY[0] ; Rise       ; sec[5]~17        ;
; 0.500  ; 0.500        ; 0.000          ; Low Pulse Width  ; KEY[0] ; Rise       ; sec[5]~17        ;
; 0.500  ; 0.500        ; 0.000          ; High Pulse Width ; KEY[0] ; Rise       ; sec[5]~17|datac  ;
; 0.500  ; 0.500        ; 0.000          ; Low Pulse Width  ; KEY[0] ; Rise       ; sec[5]~17|datac  ;
+--------+--------------+----------------+------------------+--------+------------+------------------+


+-----------------------------------------------------------------------+
; Setup Times                                                           ;
+-----------+------------+-------+-------+------------+-----------------+
; Data Port ; Clock Port ; Rise  ; Fall  ; Clock Edge ; Clock Reference ;
+-----------+------------+-------+-------+------------+-----------------+
; KEY[*]    ; CLK        ; 1.103 ; 1.103 ; Rise       ; CLK             ;
;  KEY[0]   ; CLK        ; 1.103 ; 1.103 ; Rise       ; CLK             ;
; SW[*]     ; CLK        ; 5.728 ; 5.728 ; Rise       ; CLK             ;
;  SW[0]    ; CLK        ; 1.881 ; 1.881 ; Rise       ; CLK             ;
;  SW[1]    ; CLK        ; 1.390 ; 1.390 ; Rise       ; CLK             ;
;  SW[2]    ; CLK        ; 3.002 ; 3.002 ; Rise       ; CLK             ;
;  SW[3]    ; CLK        ; 3.828 ; 3.828 ; Rise       ; CLK             ;
;  SW[4]    ; CLK        ; 3.773 ; 3.773 ; Rise       ; CLK             ;
;  SW[5]    ; CLK        ; 3.841 ; 3.841 ; Rise       ; CLK             ;
;  SW[6]    ; CLK        ; 2.055 ; 2.055 ; Rise       ; CLK             ;
;  SW[7]    ; CLK        ; 2.105 ; 2.105 ; Rise       ; CLK             ;
;  SW[8]    ; CLK        ; 3.301 ; 3.301 ; Rise       ; CLK             ;
;  SW[9]    ; CLK        ; 3.541 ; 3.541 ; Rise       ; CLK             ;
;  SW[10]   ; CLK        ; 3.634 ; 3.634 ; Rise       ; CLK             ;
;  SW[11]   ; CLK        ; 3.904 ; 3.904 ; Rise       ; CLK             ;
;  SW[12]   ; CLK        ; 1.624 ; 1.624 ; Rise       ; CLK             ;
;  SW[13]   ; CLK        ; 4.655 ; 4.655 ; Rise       ; CLK             ;
;  SW[14]   ; CLK        ; 4.509 ; 4.509 ; Rise       ; CLK             ;
;  SW[15]   ; CLK        ; 5.728 ; 5.728 ; Rise       ; CLK             ;
;  SW[16]   ; CLK        ; 5.186 ; 5.186 ; Rise       ; CLK             ;
; KEY[*]    ; KEY[0]     ; 1.876 ; 1.876 ; Rise       ; KEY[0]          ;
;  KEY[0]   ; KEY[0]     ; 1.876 ; 1.876 ; Rise       ; KEY[0]          ;
; SW[*]     ; KEY[0]     ; 4.603 ; 4.603 ; Rise       ; KEY[0]          ;
;  SW[0]    ; KEY[0]     ; 0.582 ; 0.582 ; Rise       ; KEY[0]          ;
;  SW[1]    ; KEY[0]     ; 0.520 ; 0.520 ; Rise       ; KEY[0]          ;
;  SW[2]    ; KEY[0]     ; 1.877 ; 1.877 ; Rise       ; KEY[0]          ;
;  SW[3]    ; KEY[0]     ; 2.703 ; 2.703 ; Rise       ; KEY[0]          ;
;  SW[4]    ; KEY[0]     ; 2.648 ; 2.648 ; Rise       ; KEY[0]          ;
;  SW[5]    ; KEY[0]     ; 2.716 ; 2.716 ; Rise       ; KEY[0]          ;
;  SW[6]    ; KEY[0]     ; 1.192 ; 1.192 ; Rise       ; KEY[0]          ;
;  SW[7]    ; KEY[0]     ; 1.107 ; 1.107 ; Rise       ; KEY[0]          ;
;  SW[8]    ; KEY[0]     ; 2.176 ; 2.176 ; Rise       ; KEY[0]          ;
;  SW[9]    ; KEY[0]     ; 2.416 ; 2.416 ; Rise       ; KEY[0]          ;
;  SW[10]   ; KEY[0]     ; 2.509 ; 2.509 ; Rise       ; KEY[0]          ;
;  SW[11]   ; KEY[0]     ; 2.779 ; 2.779 ; Rise       ; KEY[0]          ;
;  SW[12]   ; KEY[0]     ; 1.192 ; 1.192 ; Rise       ; KEY[0]          ;
;  SW[13]   ; KEY[0]     ; 3.860 ; 3.860 ; Rise       ; KEY[0]          ;
;  SW[14]   ; KEY[0]     ; 4.031 ; 4.031 ; Rise       ; KEY[0]          ;
;  SW[15]   ; KEY[0]     ; 4.603 ; 4.603 ; Rise       ; KEY[0]          ;
;  SW[16]   ; KEY[0]     ; 4.061 ; 4.061 ; Rise       ; KEY[0]          ;
+-----------+------------+-------+-------+------------+-----------------+


+-------------------------------------------------------------------------+
; Hold Times                                                              ;
+-----------+------------+--------+--------+------------+-----------------+
; Data Port ; Clock Port ; Rise   ; Fall   ; Clock Edge ; Clock Reference ;
+-----------+------------+--------+--------+------------+-----------------+
; KEY[*]    ; CLK        ; -0.315 ; -0.315 ; Rise       ; CLK             ;
;  KEY[0]   ; CLK        ; -0.315 ; -0.315 ; Rise       ; CLK             ;
; SW[*]     ; CLK        ; -0.798 ; -0.798 ; Rise       ; CLK             ;
;  SW[0]    ; CLK        ; -1.223 ; -1.223 ; Rise       ; CLK             ;
;  SW[1]    ; CLK        ; -0.798 ; -0.798 ; Rise       ; CLK             ;
;  SW[2]    ; CLK        ; -0.927 ; -0.927 ; Rise       ; CLK             ;
;  SW[3]    ; CLK        ; -1.745 ; -1.745 ; Rise       ; CLK             ;
;  SW[4]    ; CLK        ; -1.662 ; -1.662 ; Rise       ; CLK             ;
;  SW[5]    ; CLK        ; -1.574 ; -1.574 ; Rise       ; CLK             ;
;  SW[6]    ; CLK        ; -1.314 ; -1.314 ; Rise       ; CLK             ;
;  SW[7]    ; CLK        ; -1.461 ; -1.461 ; Rise       ; CLK             ;
;  SW[8]    ; CLK        ; -1.320 ; -1.320 ; Rise       ; CLK             ;
;  SW[9]    ; CLK        ; -1.444 ; -1.444 ; Rise       ; CLK             ;
;  SW[10]   ; CLK        ; -1.607 ; -1.607 ; Rise       ; CLK             ;
;  SW[11]   ; CLK        ; -1.817 ; -1.817 ; Rise       ; CLK             ;
;  SW[12]   ; CLK        ; -1.395 ; -1.395 ; Rise       ; CLK             ;
;  SW[13]   ; CLK        ; -4.411 ; -4.411 ; Rise       ; CLK             ;
;  SW[14]   ; CLK        ; -4.258 ; -4.258 ; Rise       ; CLK             ;
;  SW[15]   ; CLK        ; -4.173 ; -4.173 ; Rise       ; CLK             ;
;  SW[16]   ; CLK        ; -3.744 ; -3.744 ; Rise       ; CLK             ;
; KEY[*]    ; KEY[0]     ; -0.286 ; -0.286 ; Rise       ; KEY[0]          ;
;  KEY[0]   ; KEY[0]     ; -0.286 ; -0.286 ; Rise       ; KEY[0]          ;
; SW[*]     ; KEY[0]     ; -0.124 ; -0.124 ; Rise       ; KEY[0]          ;
;  SW[0]    ; KEY[0]     ; -0.186 ; -0.186 ; Rise       ; KEY[0]          ;
;  SW[1]    ; KEY[0]     ; -0.124 ; -0.124 ; Rise       ; KEY[0]          ;
;  SW[2]    ; KEY[0]     ; -0.300 ; -0.300 ; Rise       ; KEY[0]          ;
;  SW[3]    ; KEY[0]     ; -0.849 ; -0.849 ; Rise       ; KEY[0]          ;
;  SW[4]    ; KEY[0]     ; -0.854 ; -0.854 ; Rise       ; KEY[0]          ;
;  SW[5]    ; KEY[0]     ; -0.896 ; -0.896 ; Rise       ; KEY[0]          ;
;  SW[6]    ; KEY[0]     ; -0.791 ; -0.791 ; Rise       ; KEY[0]          ;
;  SW[7]    ; KEY[0]     ; -0.705 ; -0.705 ; Rise       ; KEY[0]          ;
;  SW[8]    ; KEY[0]     ; -0.723 ; -0.723 ; Rise       ; KEY[0]          ;
;  SW[9]    ; KEY[0]     ; -0.894 ; -0.894 ; Rise       ; KEY[0]          ;
;  SW[10]   ; KEY[0]     ; -0.978 ; -0.978 ; Rise       ; KEY[0]          ;
;  SW[11]   ; KEY[0]     ; -1.076 ; -1.076 ; Rise       ; KEY[0]          ;
;  SW[12]   ; KEY[0]     ; -0.784 ; -0.784 ; Rise       ; KEY[0]          ;
;  SW[13]   ; KEY[0]     ; -3.378 ; -3.378 ; Rise       ; KEY[0]          ;
;  SW[14]   ; KEY[0]     ; -3.554 ; -3.554 ; Rise       ; KEY[0]          ;
;  SW[15]   ; KEY[0]     ; -3.437 ; -3.437 ; Rise       ; KEY[0]          ;
;  SW[16]   ; KEY[0]     ; -3.074 ; -3.074 ; Rise       ; KEY[0]          ;
+-----------+------------+--------+--------+------------+-----------------+


+-----------------------------------------------------------------------+
; Clock to Output Times                                                 ;
+-----------+------------+-------+-------+------------+-----------------+
; Data Port ; Clock Port ; Rise  ; Fall  ; Clock Edge ; Clock Reference ;
+-----------+------------+-------+-------+------------+-----------------+
; H2[*]     ; CLK        ; 7.884 ; 7.884 ; Rise       ; CLK             ;
;  H2[0]    ; CLK        ; 7.867 ; 7.867 ; Rise       ; CLK             ;
;  H2[1]    ; CLK        ; 7.822 ; 7.822 ; Rise       ; CLK             ;
;  H2[2]    ; CLK        ; 7.884 ; 7.884 ; Rise       ; CLK             ;
;  H2[3]    ; CLK        ; 7.872 ; 7.872 ; Rise       ; CLK             ;
;  H2[4]    ; CLK        ; 7.752 ; 7.752 ; Rise       ; CLK             ;
;  H2[5]    ; CLK        ; 7.724 ; 7.724 ; Rise       ; CLK             ;
;  H2[6]    ; CLK        ; 7.731 ; 7.731 ; Rise       ; CLK             ;
; H3[*]     ; CLK        ; 7.867 ; 7.867 ; Rise       ; CLK             ;
;  H3[0]    ; CLK        ; 7.821 ; 7.821 ; Rise       ; CLK             ;
;  H3[1]    ; CLK        ; 7.840 ; 7.840 ; Rise       ; CLK             ;
;  H3[2]    ; CLK        ; 7.841 ; 7.841 ; Rise       ; CLK             ;
;  H3[3]    ; CLK        ; 7.859 ; 7.859 ; Rise       ; CLK             ;
;  H3[4]    ; CLK        ; 7.867 ; 7.867 ; Rise       ; CLK             ;
;  H3[5]    ; CLK        ; 7.828 ; 7.828 ; Rise       ; CLK             ;
;  H3[6]    ; CLK        ; 7.832 ; 7.832 ; Rise       ; CLK             ;
; H4[*]     ; CLK        ; 9.299 ; 9.299 ; Rise       ; CLK             ;
;  H4[0]    ; CLK        ; 9.294 ; 9.294 ; Rise       ; CLK             ;
;  H4[1]    ; CLK        ; 9.299 ; 9.299 ; Rise       ; CLK             ;
;  H4[2]    ; CLK        ; 9.248 ; 9.248 ; Rise       ; CLK             ;
;  H4[3]    ; CLK        ; 9.159 ; 9.159 ; Rise       ; CLK             ;
;  H4[4]    ; CLK        ; 9.175 ; 9.175 ; Rise       ; CLK             ;
;  H4[5]    ; CLK        ; 9.180 ; 9.180 ; Rise       ; CLK             ;
;  H4[6]    ; CLK        ; 9.252 ; 9.252 ; Rise       ; CLK             ;
; H5[*]     ; CLK        ; 9.383 ; 9.383 ; Rise       ; CLK             ;
;  H5[0]    ; CLK        ; 9.151 ; 9.151 ; Rise       ; CLK             ;
;  H5[1]    ; CLK        ; 9.379 ; 9.379 ; Rise       ; CLK             ;
;  H5[2]    ; CLK        ; 8.801 ; 8.801 ; Rise       ; CLK             ;
;  H5[3]    ; CLK        ; 9.383 ; 9.383 ; Rise       ; CLK             ;
;  H5[4]    ; CLK        ; 8.764 ; 8.764 ; Rise       ; CLK             ;
;  H5[5]    ; CLK        ; 9.161 ; 9.161 ; Rise       ; CLK             ;
;  H5[6]    ; CLK        ; 8.621 ; 8.621 ; Rise       ; CLK             ;
; H6[*]     ; CLK        ; 8.177 ; 8.177 ; Rise       ; CLK             ;
;  H6[0]    ; CLK        ; 8.176 ; 8.176 ; Rise       ; CLK             ;
;  H6[1]    ; CLK        ; 8.176 ; 8.176 ; Rise       ; CLK             ;
;  H6[2]    ; CLK        ; 8.177 ; 8.177 ; Rise       ; CLK             ;
;  H6[3]    ; CLK        ; 7.888 ; 7.888 ; Rise       ; CLK             ;
;  H6[4]    ; CLK        ; 7.886 ; 7.886 ; Rise       ; CLK             ;
;  H6[5]    ; CLK        ; 7.863 ; 7.863 ; Rise       ; CLK             ;
;  H6[6]    ; CLK        ; 7.865 ; 7.865 ; Rise       ; CLK             ;
; H7[*]     ; CLK        ; 7.663 ; 7.663 ; Rise       ; CLK             ;
;  H7[0]    ; CLK        ; 7.515 ; 7.515 ; Rise       ; CLK             ;
;  H7[2]    ; CLK        ; 7.489 ; 7.489 ; Rise       ; CLK             ;
;  H7[3]    ; CLK        ; 7.485 ; 7.485 ; Rise       ; CLK             ;
;  H7[4]    ; CLK        ; 7.231 ; 7.231 ; Rise       ; CLK             ;
;  H7[5]    ; CLK        ; 7.663 ; 7.663 ; Rise       ; CLK             ;
;  H7[6]    ; CLK        ; 6.424 ; 6.424 ; Rise       ; CLK             ;
; H2[*]     ; KEY[0]     ; 7.357 ; 7.357 ; Rise       ; KEY[0]          ;
;  H2[0]    ; KEY[0]     ; 7.340 ; 7.340 ; Rise       ; KEY[0]          ;
;  H2[1]    ; KEY[0]     ; 7.295 ; 7.295 ; Rise       ; KEY[0]          ;
;  H2[2]    ; KEY[0]     ; 7.357 ; 7.357 ; Rise       ; KEY[0]          ;
;  H2[3]    ; KEY[0]     ; 7.345 ; 7.345 ; Rise       ; KEY[0]          ;
;  H2[4]    ; KEY[0]     ; 7.225 ; 7.225 ; Rise       ; KEY[0]          ;
;  H2[5]    ; KEY[0]     ; 7.197 ; 7.197 ; Rise       ; KEY[0]          ;
;  H2[6]    ; KEY[0]     ; 7.204 ; 7.204 ; Rise       ; KEY[0]          ;
; H3[*]     ; KEY[0]     ; 7.340 ; 7.340 ; Rise       ; KEY[0]          ;
;  H3[0]    ; KEY[0]     ; 7.294 ; 7.294 ; Rise       ; KEY[0]          ;
;  H3[1]    ; KEY[0]     ; 7.313 ; 7.313 ; Rise       ; KEY[0]          ;
;  H3[2]    ; KEY[0]     ; 7.314 ; 7.314 ; Rise       ; KEY[0]          ;
;  H3[3]    ; KEY[0]     ; 7.332 ; 7.332 ; Rise       ; KEY[0]          ;
;  H3[4]    ; KEY[0]     ; 7.340 ; 7.340 ; Rise       ; KEY[0]          ;
;  H3[5]    ; KEY[0]     ; 7.301 ; 7.301 ; Rise       ; KEY[0]          ;
;  H3[6]    ; KEY[0]     ; 7.305 ; 7.305 ; Rise       ; KEY[0]          ;
; H4[*]     ; KEY[0]     ; 8.611 ; 8.611 ; Rise       ; KEY[0]          ;
;  H4[0]    ; KEY[0]     ; 8.606 ; 8.606 ; Rise       ; KEY[0]          ;
;  H4[1]    ; KEY[0]     ; 8.611 ; 8.611 ; Rise       ; KEY[0]          ;
;  H4[2]    ; KEY[0]     ; 8.560 ; 8.560 ; Rise       ; KEY[0]          ;
;  H4[3]    ; KEY[0]     ; 8.471 ; 8.471 ; Rise       ; KEY[0]          ;
;  H4[4]    ; KEY[0]     ; 8.487 ; 8.487 ; Rise       ; KEY[0]          ;
;  H4[5]    ; KEY[0]     ; 8.492 ; 8.492 ; Rise       ; KEY[0]          ;
;  H4[6]    ; KEY[0]     ; 8.564 ; 8.564 ; Rise       ; KEY[0]          ;
; H5[*]     ; KEY[0]     ; 8.695 ; 8.695 ; Rise       ; KEY[0]          ;
;  H5[0]    ; KEY[0]     ; 8.463 ; 8.463 ; Rise       ; KEY[0]          ;
;  H5[1]    ; KEY[0]     ; 8.691 ; 8.691 ; Rise       ; KEY[0]          ;
;  H5[2]    ; KEY[0]     ; 8.113 ; 8.113 ; Rise       ; KEY[0]          ;
;  H5[3]    ; KEY[0]     ; 8.695 ; 8.695 ; Rise       ; KEY[0]          ;
;  H5[4]    ; KEY[0]     ; 8.076 ; 8.076 ; Rise       ; KEY[0]          ;
;  H5[5]    ; KEY[0]     ; 8.473 ; 8.473 ; Rise       ; KEY[0]          ;
;  H5[6]    ; KEY[0]     ; 7.933 ; 7.933 ; Rise       ; KEY[0]          ;
; H6[*]     ; KEY[0]     ; 7.491 ; 7.491 ; Rise       ; KEY[0]          ;
;  H6[0]    ; KEY[0]     ; 7.490 ; 7.490 ; Rise       ; KEY[0]          ;
;  H6[1]    ; KEY[0]     ; 7.490 ; 7.490 ; Rise       ; KEY[0]          ;
;  H6[2]    ; KEY[0]     ; 7.491 ; 7.491 ; Rise       ; KEY[0]          ;
;  H6[3]    ; KEY[0]     ; 7.202 ; 7.202 ; Rise       ; KEY[0]          ;
;  H6[4]    ; KEY[0]     ; 7.200 ; 7.200 ; Rise       ; KEY[0]          ;
;  H6[5]    ; KEY[0]     ; 7.177 ; 7.177 ; Rise       ; KEY[0]          ;
;  H6[6]    ; KEY[0]     ; 7.179 ; 7.179 ; Rise       ; KEY[0]          ;
; H7[*]     ; KEY[0]     ; 6.991 ; 6.991 ; Rise       ; KEY[0]          ;
;  H7[0]    ; KEY[0]     ; 6.843 ; 6.843 ; Rise       ; KEY[0]          ;
;  H7[2]    ; KEY[0]     ; 6.817 ; 6.817 ; Rise       ; KEY[0]          ;
;  H7[3]    ; KEY[0]     ; 6.813 ; 6.813 ; Rise       ; KEY[0]          ;
;  H7[4]    ; KEY[0]     ; 6.559 ; 6.559 ; Rise       ; KEY[0]          ;
;  H7[5]    ; KEY[0]     ; 6.991 ; 6.991 ; Rise       ; KEY[0]          ;
;  H7[6]    ; KEY[0]     ; 5.752 ; 5.752 ; Rise       ; KEY[0]          ;
; H2[*]     ; KEY[0]     ; 6.997 ; 6.997 ; Fall       ; KEY[0]          ;
;  H2[0]    ; KEY[0]     ; 6.980 ; 6.980 ; Fall       ; KEY[0]          ;
;  H2[1]    ; KEY[0]     ; 6.935 ; 6.935 ; Fall       ; KEY[0]          ;
;  H2[2]    ; KEY[0]     ; 6.997 ; 6.997 ; Fall       ; KEY[0]          ;
;  H2[3]    ; KEY[0]     ; 6.985 ; 6.985 ; Fall       ; KEY[0]          ;
;  H2[4]    ; KEY[0]     ; 6.865 ; 6.865 ; Fall       ; KEY[0]          ;
;  H2[5]    ; KEY[0]     ; 6.837 ; 6.837 ; Fall       ; KEY[0]          ;
;  H2[6]    ; KEY[0]     ; 6.844 ; 6.844 ; Fall       ; KEY[0]          ;
; H3[*]     ; KEY[0]     ; 6.980 ; 6.980 ; Fall       ; KEY[0]          ;
;  H3[0]    ; KEY[0]     ; 6.934 ; 6.934 ; Fall       ; KEY[0]          ;
;  H3[1]    ; KEY[0]     ; 6.953 ; 6.953 ; Fall       ; KEY[0]          ;
;  H3[2]    ; KEY[0]     ; 6.954 ; 6.954 ; Fall       ; KEY[0]          ;
;  H3[3]    ; KEY[0]     ; 6.972 ; 6.972 ; Fall       ; KEY[0]          ;
;  H3[4]    ; KEY[0]     ; 6.980 ; 6.980 ; Fall       ; KEY[0]          ;
;  H3[5]    ; KEY[0]     ; 6.941 ; 6.941 ; Fall       ; KEY[0]          ;
;  H3[6]    ; KEY[0]     ; 6.945 ; 6.945 ; Fall       ; KEY[0]          ;
; H4[*]     ; KEY[0]     ; 8.429 ; 8.429 ; Fall       ; KEY[0]          ;
;  H4[0]    ; KEY[0]     ; 8.424 ; 8.424 ; Fall       ; KEY[0]          ;
;  H4[1]    ; KEY[0]     ; 8.429 ; 8.429 ; Fall       ; KEY[0]          ;
;  H4[2]    ; KEY[0]     ; 8.378 ; 8.378 ; Fall       ; KEY[0]          ;
;  H4[3]    ; KEY[0]     ; 8.289 ; 8.289 ; Fall       ; KEY[0]          ;
;  H4[4]    ; KEY[0]     ; 8.305 ; 8.305 ; Fall       ; KEY[0]          ;
;  H4[5]    ; KEY[0]     ; 8.310 ; 8.310 ; Fall       ; KEY[0]          ;
;  H4[6]    ; KEY[0]     ; 8.382 ; 8.382 ; Fall       ; KEY[0]          ;
; H5[*]     ; KEY[0]     ; 8.513 ; 8.513 ; Fall       ; KEY[0]          ;
;  H5[0]    ; KEY[0]     ; 8.281 ; 8.281 ; Fall       ; KEY[0]          ;
;  H5[1]    ; KEY[0]     ; 8.509 ; 8.509 ; Fall       ; KEY[0]          ;
;  H5[2]    ; KEY[0]     ; 7.931 ; 7.931 ; Fall       ; KEY[0]          ;
;  H5[3]    ; KEY[0]     ; 8.513 ; 8.513 ; Fall       ; KEY[0]          ;
;  H5[4]    ; KEY[0]     ; 7.894 ; 7.894 ; Fall       ; KEY[0]          ;
;  H5[5]    ; KEY[0]     ; 8.291 ; 8.291 ; Fall       ; KEY[0]          ;
;  H5[6]    ; KEY[0]     ; 7.751 ; 7.751 ; Fall       ; KEY[0]          ;
; H6[*]     ; KEY[0]     ; 7.352 ; 7.352 ; Fall       ; KEY[0]          ;
;  H6[0]    ; KEY[0]     ; 7.351 ; 7.351 ; Fall       ; KEY[0]          ;
;  H6[1]    ; KEY[0]     ; 7.351 ; 7.351 ; Fall       ; KEY[0]          ;
;  H6[2]    ; KEY[0]     ; 7.352 ; 7.352 ; Fall       ; KEY[0]          ;
;  H6[3]    ; KEY[0]     ; 7.063 ; 7.063 ; Fall       ; KEY[0]          ;
;  H6[4]    ; KEY[0]     ; 7.061 ; 7.061 ; Fall       ; KEY[0]          ;
;  H6[5]    ; KEY[0]     ; 7.038 ; 7.038 ; Fall       ; KEY[0]          ;
;  H6[6]    ; KEY[0]     ; 7.040 ; 7.040 ; Fall       ; KEY[0]          ;
; H7[*]     ; KEY[0]     ; 6.890 ; 6.890 ; Fall       ; KEY[0]          ;
;  H7[0]    ; KEY[0]     ; 6.742 ; 6.742 ; Fall       ; KEY[0]          ;
;  H7[2]    ; KEY[0]     ; 6.716 ; 6.716 ; Fall       ; KEY[0]          ;
;  H7[3]    ; KEY[0]     ; 6.712 ; 6.712 ; Fall       ; KEY[0]          ;
;  H7[4]    ; KEY[0]     ; 6.458 ; 6.458 ; Fall       ; KEY[0]          ;
;  H7[5]    ; KEY[0]     ; 6.890 ; 6.890 ; Fall       ; KEY[0]          ;
;  H7[6]    ; KEY[0]     ; 5.651 ; 5.651 ; Fall       ; KEY[0]          ;
+-----------+------------+-------+-------+------------+-----------------+


+-----------------------------------------------------------------------+
; Minimum Clock to Output Times                                         ;
+-----------+------------+-------+-------+------------+-----------------+
; Data Port ; Clock Port ; Rise  ; Fall  ; Clock Edge ; Clock Reference ;
+-----------+------------+-------+-------+------------+-----------------+
; H2[*]     ; CLK        ; 4.777 ; 4.777 ; Rise       ; CLK             ;
;  H2[0]    ; CLK        ; 4.916 ; 4.916 ; Rise       ; CLK             ;
;  H2[1]    ; CLK        ; 4.868 ; 4.868 ; Rise       ; CLK             ;
;  H2[2]    ; CLK        ; 4.937 ; 4.937 ; Rise       ; CLK             ;
;  H2[3]    ; CLK        ; 4.918 ; 4.918 ; Rise       ; CLK             ;
;  H2[4]    ; CLK        ; 4.799 ; 4.799 ; Rise       ; CLK             ;
;  H2[5]    ; CLK        ; 4.777 ; 4.777 ; Rise       ; CLK             ;
;  H2[6]    ; CLK        ; 4.792 ; 4.792 ; Rise       ; CLK             ;
; H3[*]     ; CLK        ; 5.375 ; 5.375 ; Rise       ; CLK             ;
;  H3[0]    ; CLK        ; 5.375 ; 5.375 ; Rise       ; CLK             ;
;  H3[1]    ; CLK        ; 5.388 ; 5.388 ; Rise       ; CLK             ;
;  H3[2]    ; CLK        ; 5.413 ; 5.413 ; Rise       ; CLK             ;
;  H3[3]    ; CLK        ; 5.415 ; 5.415 ; Rise       ; CLK             ;
;  H3[4]    ; CLK        ; 5.412 ; 5.412 ; Rise       ; CLK             ;
;  H3[5]    ; CLK        ; 5.387 ; 5.387 ; Rise       ; CLK             ;
;  H3[6]    ; CLK        ; 5.382 ; 5.382 ; Rise       ; CLK             ;
; H4[*]     ; CLK        ; 6.357 ; 6.357 ; Rise       ; CLK             ;
;  H4[0]    ; CLK        ; 6.494 ; 6.494 ; Rise       ; CLK             ;
;  H4[1]    ; CLK        ; 6.495 ; 6.495 ; Rise       ; CLK             ;
;  H4[2]    ; CLK        ; 6.440 ; 6.440 ; Rise       ; CLK             ;
;  H4[3]    ; CLK        ; 6.357 ; 6.357 ; Rise       ; CLK             ;
;  H4[4]    ; CLK        ; 6.373 ; 6.373 ; Rise       ; CLK             ;
;  H4[5]    ; CLK        ; 6.379 ; 6.379 ; Rise       ; CLK             ;
;  H4[6]    ; CLK        ; 6.451 ; 6.451 ; Rise       ; CLK             ;
; H5[*]     ; CLK        ; 6.042 ; 6.042 ; Rise       ; CLK             ;
;  H5[0]    ; CLK        ; 6.567 ; 6.567 ; Rise       ; CLK             ;
;  H5[1]    ; CLK        ; 6.791 ; 6.791 ; Rise       ; CLK             ;
;  H5[2]    ; CLK        ; 6.195 ; 6.195 ; Rise       ; CLK             ;
;  H5[3]    ; CLK        ; 6.798 ; 6.798 ; Rise       ; CLK             ;
;  H5[4]    ; CLK        ; 6.180 ; 6.180 ; Rise       ; CLK             ;
;  H5[5]    ; CLK        ; 6.580 ; 6.580 ; Rise       ; CLK             ;
;  H5[6]    ; CLK        ; 6.042 ; 6.042 ; Rise       ; CLK             ;
; H6[*]     ; CLK        ; 5.476 ; 5.476 ; Rise       ; CLK             ;
;  H6[0]    ; CLK        ; 5.794 ; 5.794 ; Rise       ; CLK             ;
;  H6[1]    ; CLK        ; 5.793 ; 5.793 ; Rise       ; CLK             ;
;  H6[2]    ; CLK        ; 5.790 ; 5.790 ; Rise       ; CLK             ;
;  H6[3]    ; CLK        ; 5.504 ; 5.504 ; Rise       ; CLK             ;
;  H6[4]    ; CLK        ; 5.500 ; 5.500 ; Rise       ; CLK             ;
;  H6[5]    ; CLK        ; 5.486 ; 5.486 ; Rise       ; CLK             ;
;  H6[6]    ; CLK        ; 5.476 ; 5.476 ; Rise       ; CLK             ;
; H7[*]     ; CLK        ; 5.710 ; 5.710 ; Rise       ; CLK             ;
;  H7[0]    ; CLK        ; 5.994 ; 5.994 ; Rise       ; CLK             ;
;  H7[2]    ; CLK        ; 5.968 ; 5.968 ; Rise       ; CLK             ;
;  H7[3]    ; CLK        ; 5.964 ; 5.964 ; Rise       ; CLK             ;
;  H7[4]    ; CLK        ; 5.710 ; 5.710 ; Rise       ; CLK             ;
;  H7[5]    ; CLK        ; 6.142 ; 6.142 ; Rise       ; CLK             ;
;  H7[6]    ; CLK        ; 6.179 ; 6.179 ; Rise       ; CLK             ;
; H2[*]     ; KEY[0]     ; 3.815 ; 3.815 ; Rise       ; KEY[0]          ;
;  H2[0]    ; KEY[0]     ; 3.954 ; 3.954 ; Rise       ; KEY[0]          ;
;  H2[1]    ; KEY[0]     ; 3.906 ; 3.906 ; Rise       ; KEY[0]          ;
;  H2[2]    ; KEY[0]     ; 3.975 ; 3.975 ; Rise       ; KEY[0]          ;
;  H2[3]    ; KEY[0]     ; 3.956 ; 3.956 ; Rise       ; KEY[0]          ;
;  H2[4]    ; KEY[0]     ; 3.837 ; 3.837 ; Rise       ; KEY[0]          ;
;  H2[5]    ; KEY[0]     ; 3.815 ; 3.815 ; Rise       ; KEY[0]          ;
;  H2[6]    ; KEY[0]     ; 3.830 ; 3.830 ; Rise       ; KEY[0]          ;
; H3[*]     ; KEY[0]     ; 4.423 ; 4.423 ; Rise       ; KEY[0]          ;
;  H3[0]    ; KEY[0]     ; 4.423 ; 4.423 ; Rise       ; KEY[0]          ;
;  H3[1]    ; KEY[0]     ; 4.436 ; 4.436 ; Rise       ; KEY[0]          ;
;  H3[2]    ; KEY[0]     ; 4.461 ; 4.461 ; Rise       ; KEY[0]          ;
;  H3[3]    ; KEY[0]     ; 4.463 ; 4.463 ; Rise       ; KEY[0]          ;
;  H3[4]    ; KEY[0]     ; 4.460 ; 4.460 ; Rise       ; KEY[0]          ;
;  H3[5]    ; KEY[0]     ; 4.435 ; 4.435 ; Rise       ; KEY[0]          ;
;  H3[6]    ; KEY[0]     ; 4.430 ; 4.430 ; Rise       ; KEY[0]          ;
; H4[*]     ; KEY[0]     ; 5.505 ; 5.505 ; Rise       ; KEY[0]          ;
;  H4[0]    ; KEY[0]     ; 5.642 ; 5.642 ; Rise       ; KEY[0]          ;
;  H4[1]    ; KEY[0]     ; 5.643 ; 5.643 ; Rise       ; KEY[0]          ;
;  H4[2]    ; KEY[0]     ; 5.588 ; 5.588 ; Rise       ; KEY[0]          ;
;  H4[3]    ; KEY[0]     ; 5.505 ; 5.505 ; Rise       ; KEY[0]          ;
;  H4[4]    ; KEY[0]     ; 5.521 ; 5.521 ; Rise       ; KEY[0]          ;
;  H4[5]    ; KEY[0]     ; 5.527 ; 5.527 ; Rise       ; KEY[0]          ;
;  H4[6]    ; KEY[0]     ; 5.599 ; 5.599 ; Rise       ; KEY[0]          ;
; H5[*]     ; KEY[0]     ; 5.218 ; 5.218 ; Rise       ; KEY[0]          ;
;  H5[0]    ; KEY[0]     ; 5.743 ; 5.743 ; Rise       ; KEY[0]          ;
;  H5[1]    ; KEY[0]     ; 5.967 ; 5.967 ; Rise       ; KEY[0]          ;
;  H5[2]    ; KEY[0]     ; 5.371 ; 5.371 ; Rise       ; KEY[0]          ;
;  H5[3]    ; KEY[0]     ; 5.974 ; 5.974 ; Rise       ; KEY[0]          ;
;  H5[4]    ; KEY[0]     ; 5.356 ; 5.356 ; Rise       ; KEY[0]          ;
;  H5[5]    ; KEY[0]     ; 5.756 ; 5.756 ; Rise       ; KEY[0]          ;
;  H5[6]    ; KEY[0]     ; 5.218 ; 5.218 ; Rise       ; KEY[0]          ;
; H6[*]     ; KEY[0]     ; 4.589 ; 4.589 ; Rise       ; KEY[0]          ;
;  H6[0]    ; KEY[0]     ; 4.907 ; 4.907 ; Rise       ; KEY[0]          ;
;  H6[1]    ; KEY[0]     ; 4.906 ; 4.906 ; Rise       ; KEY[0]          ;
;  H6[2]    ; KEY[0]     ; 4.903 ; 4.903 ; Rise       ; KEY[0]          ;
;  H6[3]    ; KEY[0]     ; 4.617 ; 4.617 ; Rise       ; KEY[0]          ;
;  H6[4]    ; KEY[0]     ; 4.613 ; 4.613 ; Rise       ; KEY[0]          ;
;  H6[5]    ; KEY[0]     ; 4.599 ; 4.599 ; Rise       ; KEY[0]          ;
;  H6[6]    ; KEY[0]     ; 4.589 ; 4.589 ; Rise       ; KEY[0]          ;
; H7[*]     ; KEY[0]     ; 4.823 ; 4.823 ; Rise       ; KEY[0]          ;
;  H7[0]    ; KEY[0]     ; 5.107 ; 5.107 ; Rise       ; KEY[0]          ;
;  H7[2]    ; KEY[0]     ; 5.081 ; 5.081 ; Rise       ; KEY[0]          ;
;  H7[3]    ; KEY[0]     ; 5.077 ; 5.077 ; Rise       ; KEY[0]          ;
;  H7[4]    ; KEY[0]     ; 4.823 ; 4.823 ; Rise       ; KEY[0]          ;
;  H7[5]    ; KEY[0]     ; 5.255 ; 5.255 ; Rise       ; KEY[0]          ;
;  H7[6]    ; KEY[0]     ; 5.227 ; 5.227 ; Rise       ; KEY[0]          ;
; H2[*]     ; KEY[0]     ; 3.815 ; 3.815 ; Fall       ; KEY[0]          ;
;  H2[0]    ; KEY[0]     ; 3.954 ; 3.954 ; Fall       ; KEY[0]          ;
;  H2[1]    ; KEY[0]     ; 3.906 ; 3.906 ; Fall       ; KEY[0]          ;
;  H2[2]    ; KEY[0]     ; 3.975 ; 3.975 ; Fall       ; KEY[0]          ;
;  H2[3]    ; KEY[0]     ; 3.956 ; 3.956 ; Fall       ; KEY[0]          ;
;  H2[4]    ; KEY[0]     ; 3.837 ; 3.837 ; Fall       ; KEY[0]          ;
;  H2[5]    ; KEY[0]     ; 3.815 ; 3.815 ; Fall       ; KEY[0]          ;
;  H2[6]    ; KEY[0]     ; 3.830 ; 3.830 ; Fall       ; KEY[0]          ;
; H3[*]     ; KEY[0]     ; 4.423 ; 4.423 ; Fall       ; KEY[0]          ;
;  H3[0]    ; KEY[0]     ; 4.423 ; 4.423 ; Fall       ; KEY[0]          ;
;  H3[1]    ; KEY[0]     ; 4.436 ; 4.436 ; Fall       ; KEY[0]          ;
;  H3[2]    ; KEY[0]     ; 4.461 ; 4.461 ; Fall       ; KEY[0]          ;
;  H3[3]    ; KEY[0]     ; 4.463 ; 4.463 ; Fall       ; KEY[0]          ;
;  H3[4]    ; KEY[0]     ; 4.460 ; 4.460 ; Fall       ; KEY[0]          ;
;  H3[5]    ; KEY[0]     ; 4.435 ; 4.435 ; Fall       ; KEY[0]          ;
;  H3[6]    ; KEY[0]     ; 4.430 ; 4.430 ; Fall       ; KEY[0]          ;
; H4[*]     ; KEY[0]     ; 5.505 ; 5.505 ; Fall       ; KEY[0]          ;
;  H4[0]    ; KEY[0]     ; 5.642 ; 5.642 ; Fall       ; KEY[0]          ;
;  H4[1]    ; KEY[0]     ; 5.643 ; 5.643 ; Fall       ; KEY[0]          ;
;  H4[2]    ; KEY[0]     ; 5.588 ; 5.588 ; Fall       ; KEY[0]          ;
;  H4[3]    ; KEY[0]     ; 5.505 ; 5.505 ; Fall       ; KEY[0]          ;
;  H4[4]    ; KEY[0]     ; 5.521 ; 5.521 ; Fall       ; KEY[0]          ;
;  H4[5]    ; KEY[0]     ; 5.527 ; 5.527 ; Fall       ; KEY[0]          ;
;  H4[6]    ; KEY[0]     ; 5.599 ; 5.599 ; Fall       ; KEY[0]          ;
; H5[*]     ; KEY[0]     ; 5.218 ; 5.218 ; Fall       ; KEY[0]          ;
;  H5[0]    ; KEY[0]     ; 5.743 ; 5.743 ; Fall       ; KEY[0]          ;
;  H5[1]    ; KEY[0]     ; 5.967 ; 5.967 ; Fall       ; KEY[0]          ;
;  H5[2]    ; KEY[0]     ; 5.371 ; 5.371 ; Fall       ; KEY[0]          ;
;  H5[3]    ; KEY[0]     ; 5.974 ; 5.974 ; Fall       ; KEY[0]          ;
;  H5[4]    ; KEY[0]     ; 5.356 ; 5.356 ; Fall       ; KEY[0]          ;
;  H5[5]    ; KEY[0]     ; 5.756 ; 5.756 ; Fall       ; KEY[0]          ;
;  H5[6]    ; KEY[0]     ; 5.218 ; 5.218 ; Fall       ; KEY[0]          ;
; H6[*]     ; KEY[0]     ; 4.589 ; 4.589 ; Fall       ; KEY[0]          ;
;  H6[0]    ; KEY[0]     ; 4.907 ; 4.907 ; Fall       ; KEY[0]          ;
;  H6[1]    ; KEY[0]     ; 4.906 ; 4.906 ; Fall       ; KEY[0]          ;
;  H6[2]    ; KEY[0]     ; 4.903 ; 4.903 ; Fall       ; KEY[0]          ;
;  H6[3]    ; KEY[0]     ; 4.617 ; 4.617 ; Fall       ; KEY[0]          ;
;  H6[4]    ; KEY[0]     ; 4.613 ; 4.613 ; Fall       ; KEY[0]          ;
;  H6[5]    ; KEY[0]     ; 4.599 ; 4.599 ; Fall       ; KEY[0]          ;
;  H6[6]    ; KEY[0]     ; 4.589 ; 4.589 ; Fall       ; KEY[0]          ;
; H7[*]     ; KEY[0]     ; 4.823 ; 4.823 ; Fall       ; KEY[0]          ;
;  H7[0]    ; KEY[0]     ; 5.107 ; 5.107 ; Fall       ; KEY[0]          ;
;  H7[2]    ; KEY[0]     ; 5.081 ; 5.081 ; Fall       ; KEY[0]          ;
;  H7[3]    ; KEY[0]     ; 5.077 ; 5.077 ; Fall       ; KEY[0]          ;
;  H7[4]    ; KEY[0]     ; 4.823 ; 4.823 ; Fall       ; KEY[0]          ;
;  H7[5]    ; KEY[0]     ; 5.255 ; 5.255 ; Fall       ; KEY[0]          ;
;  H7[6]    ; KEY[0]     ; 5.227 ; 5.227 ; Fall       ; KEY[0]          ;
+-----------+------------+-------+-------+------------+-----------------+


+--------------------------------------------------------------+
; Propagation Delay                                            ;
+------------+-------------+--------+--------+--------+--------+
; Input Port ; Output Port ; RR     ; RF     ; FR     ; FF     ;
+------------+-------------+--------+--------+--------+--------+
; SW[0]      ; H2[0]       ; 4.775  ; 4.775  ; 4.775  ; 4.775  ;
; SW[0]      ; H2[1]       ; 4.727  ; 4.727  ; 4.727  ; 4.727  ;
; SW[0]      ; H2[2]       ;        ; 4.796  ; 4.796  ;        ;
; SW[0]      ; H2[3]       ; 4.777  ; 4.777  ; 4.777  ; 4.777  ;
; SW[0]      ; H2[4]       ; 4.658  ;        ;        ; 4.658  ;
; SW[0]      ; H2[5]       ; 4.636  ;        ;        ; 4.636  ;
; SW[0]      ; H2[6]       ; 4.651  ;        ;        ; 4.651  ;
; SW[1]      ; H2[0]       ; 5.565  ; 5.565  ; 5.565  ; 5.565  ;
; SW[1]      ; H2[1]       ; 5.520  ; 5.520  ; 5.520  ; 5.520  ;
; SW[1]      ; H2[2]       ; 5.582  ; 5.582  ; 5.582  ; 5.582  ;
; SW[1]      ; H2[3]       ; 5.570  ; 5.570  ; 5.570  ; 5.570  ;
; SW[1]      ; H2[4]       ; 5.450  ; 5.450  ; 5.450  ; 5.450  ;
; SW[1]      ; H2[5]       ; 5.422  ; 5.422  ; 5.422  ; 5.422  ;
; SW[1]      ; H2[6]       ; 5.429  ; 5.429  ; 5.429  ; 5.429  ;
; SW[1]      ; H3[0]       ; 5.131  ; 5.131  ; 5.131  ; 5.131  ;
; SW[1]      ; H3[1]       ; 5.150  ; 5.150  ; 5.150  ; 5.150  ;
; SW[1]      ; H3[2]       ;        ; 5.151  ; 5.151  ;        ;
; SW[1]      ; H3[3]       ; 5.169  ; 5.169  ; 5.169  ; 5.169  ;
; SW[1]      ; H3[4]       ; 5.177  ;        ;        ; 5.177  ;
; SW[1]      ; H3[5]       ; 5.138  ;        ;        ; 5.138  ;
; SW[1]      ; H3[6]       ; 5.142  ;        ;        ; 5.142  ;
; SW[2]      ; H2[0]       ; 8.574  ; 8.574  ; 8.574  ; 8.574  ;
; SW[2]      ; H2[1]       ; 8.529  ; 8.529  ; 8.529  ; 8.529  ;
; SW[2]      ; H2[2]       ; 8.591  ; 8.591  ; 8.591  ; 8.591  ;
; SW[2]      ; H2[3]       ; 8.579  ; 8.579  ; 8.579  ; 8.579  ;
; SW[2]      ; H2[4]       ; 8.459  ; 8.459  ; 8.459  ; 8.459  ;
; SW[2]      ; H2[5]       ; 8.431  ; 8.431  ; 8.431  ; 8.431  ;
; SW[2]      ; H2[6]       ; 8.438  ; 8.438  ; 8.438  ; 8.438  ;
; SW[2]      ; H3[0]       ; 8.528  ; 8.528  ; 8.528  ; 8.528  ;
; SW[2]      ; H3[1]       ; 8.547  ; 8.547  ; 8.547  ; 8.547  ;
; SW[2]      ; H3[2]       ; 8.548  ; 8.548  ; 8.548  ; 8.548  ;
; SW[2]      ; H3[3]       ; 8.566  ; 8.566  ; 8.566  ; 8.566  ;
; SW[2]      ; H3[4]       ; 8.574  ; 8.574  ; 8.574  ; 8.574  ;
; SW[2]      ; H3[5]       ; 8.535  ; 8.535  ; 8.535  ; 8.535  ;
; SW[2]      ; H3[6]       ; 8.539  ; 8.539  ; 8.539  ; 8.539  ;
; SW[2]      ; H4[0]       ; 10.061 ; 10.061 ; 10.061 ; 10.061 ;
; SW[2]      ; H4[1]       ; 10.066 ; 10.066 ; 10.066 ; 10.066 ;
; SW[2]      ; H4[2]       ; 10.015 ; 10.015 ; 10.015 ; 10.015 ;
; SW[2]      ; H4[3]       ; 9.926  ; 9.926  ; 9.926  ; 9.926  ;
; SW[2]      ; H4[4]       ; 9.942  ; 9.942  ; 9.942  ; 9.942  ;
; SW[2]      ; H4[5]       ; 9.947  ; 9.947  ; 9.947  ; 9.947  ;
; SW[2]      ; H4[6]       ; 10.019 ; 10.019 ; 10.019 ; 10.019 ;
; SW[2]      ; H5[0]       ; 9.918  ; 9.918  ; 9.918  ; 9.918  ;
; SW[2]      ; H5[1]       ; 10.146 ; 10.146 ; 10.146 ; 10.146 ;
; SW[2]      ; H5[2]       ; 9.568  ; 9.568  ; 9.568  ; 9.568  ;
; SW[2]      ; H5[3]       ; 10.150 ; 10.150 ; 10.150 ; 10.150 ;
; SW[2]      ; H5[4]       ; 9.531  ; 9.531  ; 9.531  ; 9.531  ;
; SW[2]      ; H5[5]       ; 9.928  ; 9.928  ; 9.928  ; 9.928  ;
; SW[2]      ; H5[6]       ; 9.388  ; 9.388  ; 9.388  ; 9.388  ;
; SW[2]      ; H6[0]       ; 8.915  ; 8.915  ; 8.915  ; 8.915  ;
; SW[2]      ; H6[1]       ; 8.915  ; 8.915  ; 8.915  ; 8.915  ;
; SW[2]      ; H6[2]       ; 8.916  ; 8.916  ; 8.916  ; 8.916  ;
; SW[2]      ; H6[3]       ; 8.627  ; 8.627  ; 8.627  ; 8.627  ;
; SW[2]      ; H6[4]       ; 8.625  ; 8.625  ; 8.625  ; 8.625  ;
; SW[2]      ; H6[5]       ; 8.602  ; 8.602  ; 8.602  ; 8.602  ;
; SW[2]      ; H6[6]       ; 8.604  ; 8.604  ; 8.604  ; 8.604  ;
; SW[2]      ; H7[0]       ; 8.254  ; 8.254  ; 8.254  ; 8.254  ;
; SW[2]      ; H7[2]       ; 8.228  ; 8.228  ; 8.228  ; 8.228  ;
; SW[2]      ; H7[3]       ; 8.224  ; 8.224  ; 8.224  ; 8.224  ;
; SW[2]      ; H7[4]       ; 7.970  ; 7.970  ; 7.970  ; 7.970  ;
; SW[2]      ; H7[5]       ; 8.402  ; 8.402  ; 8.402  ; 8.402  ;
; SW[2]      ; H7[6]       ; 7.163  ; 7.163  ; 7.163  ; 7.163  ;
; SW[2]      ; LEDR[0]     ; 4.541  ;        ;        ; 4.541  ;
; SW[3]      ; H2[0]       ; 9.400  ; 9.400  ; 9.400  ; 9.400  ;
; SW[3]      ; H2[1]       ; 9.355  ; 9.355  ; 9.355  ; 9.355  ;
; SW[3]      ; H2[2]       ; 9.417  ; 9.417  ; 9.417  ; 9.417  ;
; SW[3]      ; H2[3]       ; 9.405  ; 9.405  ; 9.405  ; 9.405  ;
; SW[3]      ; H2[4]       ; 9.285  ; 9.285  ; 9.285  ; 9.285  ;
; SW[3]      ; H2[5]       ; 9.257  ; 9.257  ; 9.257  ; 9.257  ;
; SW[3]      ; H2[6]       ; 9.264  ; 9.264  ; 9.264  ; 9.264  ;
; SW[3]      ; H3[0]       ; 9.354  ; 9.354  ; 9.354  ; 9.354  ;
; SW[3]      ; H3[1]       ; 9.373  ; 9.373  ; 9.373  ; 9.373  ;
; SW[3]      ; H3[2]       ; 9.374  ; 9.374  ; 9.374  ; 9.374  ;
; SW[3]      ; H3[3]       ; 9.392  ; 9.392  ; 9.392  ; 9.392  ;
; SW[3]      ; H3[4]       ; 9.400  ; 9.400  ; 9.400  ; 9.400  ;
; SW[3]      ; H3[5]       ; 9.361  ; 9.361  ; 9.361  ; 9.361  ;
; SW[3]      ; H3[6]       ; 9.365  ; 9.365  ; 9.365  ; 9.365  ;
; SW[3]      ; H4[0]       ; 10.887 ; 10.887 ; 10.887 ; 10.887 ;
; SW[3]      ; H4[1]       ; 10.892 ; 10.892 ; 10.892 ; 10.892 ;
; SW[3]      ; H4[2]       ; 10.841 ; 10.841 ; 10.841 ; 10.841 ;
; SW[3]      ; H4[3]       ; 10.752 ; 10.752 ; 10.752 ; 10.752 ;
; SW[3]      ; H4[4]       ; 10.768 ; 10.768 ; 10.768 ; 10.768 ;
; SW[3]      ; H4[5]       ; 10.773 ; 10.773 ; 10.773 ; 10.773 ;
; SW[3]      ; H4[6]       ; 10.845 ; 10.845 ; 10.845 ; 10.845 ;
; SW[3]      ; H5[0]       ; 10.744 ; 10.744 ; 10.744 ; 10.744 ;
; SW[3]      ; H5[1]       ; 10.972 ; 10.972 ; 10.972 ; 10.972 ;
; SW[3]      ; H5[2]       ; 10.394 ; 10.394 ; 10.394 ; 10.394 ;
; SW[3]      ; H5[3]       ; 10.976 ; 10.976 ; 10.976 ; 10.976 ;
; SW[3]      ; H5[4]       ; 10.357 ; 10.357 ; 10.357 ; 10.357 ;
; SW[3]      ; H5[5]       ; 10.754 ; 10.754 ; 10.754 ; 10.754 ;
; SW[3]      ; H5[6]       ; 10.214 ; 10.214 ; 10.214 ; 10.214 ;
; SW[3]      ; H6[0]       ; 9.741  ; 9.741  ; 9.741  ; 9.741  ;
; SW[3]      ; H6[1]       ; 9.741  ; 9.741  ; 9.741  ; 9.741  ;
; SW[3]      ; H6[2]       ; 9.742  ; 9.742  ; 9.742  ; 9.742  ;
; SW[3]      ; H6[3]       ; 9.453  ; 9.453  ; 9.453  ; 9.453  ;
; SW[3]      ; H6[4]       ; 9.451  ; 9.451  ; 9.451  ; 9.451  ;
; SW[3]      ; H6[5]       ; 9.428  ; 9.428  ; 9.428  ; 9.428  ;
; SW[3]      ; H6[6]       ; 9.430  ; 9.430  ; 9.430  ; 9.430  ;
; SW[3]      ; H7[0]       ; 9.080  ; 9.080  ; 9.080  ; 9.080  ;
; SW[3]      ; H7[2]       ; 9.054  ; 9.054  ; 9.054  ; 9.054  ;
; SW[3]      ; H7[3]       ; 9.050  ; 9.050  ; 9.050  ; 9.050  ;
; SW[3]      ; H7[4]       ; 8.796  ; 8.796  ; 8.796  ; 8.796  ;
; SW[3]      ; H7[5]       ; 9.228  ; 9.228  ; 9.228  ; 9.228  ;
; SW[3]      ; H7[6]       ; 7.989  ; 7.989  ; 7.989  ; 7.989  ;
; SW[3]      ; LEDR[0]     ; 5.367  ;        ;        ; 5.367  ;
; SW[4]      ; H2[0]       ; 9.345  ; 9.345  ; 9.345  ; 9.345  ;
; SW[4]      ; H2[1]       ; 9.300  ; 9.300  ; 9.300  ; 9.300  ;
; SW[4]      ; H2[2]       ; 9.362  ; 9.362  ; 9.362  ; 9.362  ;
; SW[4]      ; H2[3]       ; 9.350  ; 9.350  ; 9.350  ; 9.350  ;
; SW[4]      ; H2[4]       ; 9.230  ; 9.230  ; 9.230  ; 9.230  ;
; SW[4]      ; H2[5]       ; 9.202  ; 9.202  ; 9.202  ; 9.202  ;
; SW[4]      ; H2[6]       ; 9.209  ; 9.209  ; 9.209  ; 9.209  ;
; SW[4]      ; H3[0]       ; 9.299  ; 9.299  ; 9.299  ; 9.299  ;
; SW[4]      ; H3[1]       ; 9.318  ; 9.318  ; 9.318  ; 9.318  ;
; SW[4]      ; H3[2]       ; 9.319  ; 9.319  ; 9.319  ; 9.319  ;
; SW[4]      ; H3[3]       ; 9.337  ; 9.337  ; 9.337  ; 9.337  ;
; SW[4]      ; H3[4]       ; 9.345  ; 9.345  ; 9.345  ; 9.345  ;
; SW[4]      ; H3[5]       ; 9.306  ; 9.306  ; 9.306  ; 9.306  ;
; SW[4]      ; H3[6]       ; 9.310  ; 9.310  ; 9.310  ; 9.310  ;
; SW[4]      ; H4[0]       ; 10.832 ; 10.832 ; 10.832 ; 10.832 ;
; SW[4]      ; H4[1]       ; 10.837 ; 10.837 ; 10.837 ; 10.837 ;
; SW[4]      ; H4[2]       ; 10.786 ; 10.786 ; 10.786 ; 10.786 ;
; SW[4]      ; H4[3]       ; 10.697 ; 10.697 ; 10.697 ; 10.697 ;
; SW[4]      ; H4[4]       ; 10.713 ; 10.713 ; 10.713 ; 10.713 ;
; SW[4]      ; H4[5]       ; 10.718 ; 10.718 ; 10.718 ; 10.718 ;
; SW[4]      ; H4[6]       ; 10.790 ; 10.790 ; 10.790 ; 10.790 ;
; SW[4]      ; H5[0]       ; 10.689 ; 10.689 ; 10.689 ; 10.689 ;
; SW[4]      ; H5[1]       ; 10.917 ; 10.917 ; 10.917 ; 10.917 ;
; SW[4]      ; H5[2]       ; 10.339 ; 10.339 ; 10.339 ; 10.339 ;
; SW[4]      ; H5[3]       ; 10.921 ; 10.921 ; 10.921 ; 10.921 ;
; SW[4]      ; H5[4]       ; 10.302 ; 10.302 ; 10.302 ; 10.302 ;
; SW[4]      ; H5[5]       ; 10.699 ; 10.699 ; 10.699 ; 10.699 ;
; SW[4]      ; H5[6]       ; 10.159 ; 10.159 ; 10.159 ; 10.159 ;
; SW[4]      ; H6[0]       ; 9.686  ; 9.686  ; 9.686  ; 9.686  ;
; SW[4]      ; H6[1]       ; 9.686  ; 9.686  ; 9.686  ; 9.686  ;
; SW[4]      ; H6[2]       ; 9.687  ; 9.687  ; 9.687  ; 9.687  ;
; SW[4]      ; H6[3]       ; 9.398  ; 9.398  ; 9.398  ; 9.398  ;
; SW[4]      ; H6[4]       ; 9.396  ; 9.396  ; 9.396  ; 9.396  ;
; SW[4]      ; H6[5]       ; 9.373  ; 9.373  ; 9.373  ; 9.373  ;
; SW[4]      ; H6[6]       ; 9.375  ; 9.375  ; 9.375  ; 9.375  ;
; SW[4]      ; H7[0]       ; 9.025  ; 9.025  ; 9.025  ; 9.025  ;
; SW[4]      ; H7[2]       ; 8.999  ; 8.999  ; 8.999  ; 8.999  ;
; SW[4]      ; H7[3]       ; 8.995  ; 8.995  ; 8.995  ; 8.995  ;
; SW[4]      ; H7[4]       ; 8.741  ; 8.741  ; 8.741  ; 8.741  ;
; SW[4]      ; H7[5]       ; 9.173  ; 9.173  ; 9.173  ; 9.173  ;
; SW[4]      ; H7[6]       ; 7.934  ; 7.934  ; 7.934  ; 7.934  ;
; SW[4]      ; LEDR[0]     ; 5.312  ;        ;        ; 5.312  ;
; SW[5]      ; H2[0]       ; 9.413  ; 9.413  ; 9.413  ; 9.413  ;
; SW[5]      ; H2[1]       ; 9.368  ; 9.368  ; 9.368  ; 9.368  ;
; SW[5]      ; H2[2]       ; 9.430  ; 9.430  ; 9.430  ; 9.430  ;
; SW[5]      ; H2[3]       ; 9.418  ; 9.418  ; 9.418  ; 9.418  ;
; SW[5]      ; H2[4]       ; 9.298  ; 9.298  ; 9.298  ; 9.298  ;
; SW[5]      ; H2[5]       ; 9.270  ; 9.270  ; 9.270  ; 9.270  ;
; SW[5]      ; H2[6]       ; 9.277  ; 9.277  ; 9.277  ; 9.277  ;
; SW[5]      ; H3[0]       ; 9.367  ; 9.367  ; 9.367  ; 9.367  ;
; SW[5]      ; H3[1]       ; 9.386  ; 9.386  ; 9.386  ; 9.386  ;
; SW[5]      ; H3[2]       ; 9.387  ; 9.387  ; 9.387  ; 9.387  ;
; SW[5]      ; H3[3]       ; 9.405  ; 9.405  ; 9.405  ; 9.405  ;
; SW[5]      ; H3[4]       ; 9.413  ; 9.413  ; 9.413  ; 9.413  ;
; SW[5]      ; H3[5]       ; 9.374  ; 9.374  ; 9.374  ; 9.374  ;
; SW[5]      ; H3[6]       ; 9.378  ; 9.378  ; 9.378  ; 9.378  ;
; SW[5]      ; H4[0]       ; 10.900 ; 10.900 ; 10.900 ; 10.900 ;
; SW[5]      ; H4[1]       ; 10.905 ; 10.905 ; 10.905 ; 10.905 ;
; SW[5]      ; H4[2]       ; 10.854 ; 10.854 ; 10.854 ; 10.854 ;
; SW[5]      ; H4[3]       ; 10.765 ; 10.765 ; 10.765 ; 10.765 ;
; SW[5]      ; H4[4]       ; 10.781 ; 10.781 ; 10.781 ; 10.781 ;
; SW[5]      ; H4[5]       ; 10.786 ; 10.786 ; 10.786 ; 10.786 ;
; SW[5]      ; H4[6]       ; 10.858 ; 10.858 ; 10.858 ; 10.858 ;
; SW[5]      ; H5[0]       ; 10.757 ; 10.757 ; 10.757 ; 10.757 ;
; SW[5]      ; H5[1]       ; 10.985 ; 10.985 ; 10.985 ; 10.985 ;
; SW[5]      ; H5[2]       ; 10.407 ; 10.407 ; 10.407 ; 10.407 ;
; SW[5]      ; H5[3]       ; 10.989 ; 10.989 ; 10.989 ; 10.989 ;
; SW[5]      ; H5[4]       ; 10.370 ; 10.370 ; 10.370 ; 10.370 ;
; SW[5]      ; H5[5]       ; 10.767 ; 10.767 ; 10.767 ; 10.767 ;
; SW[5]      ; H5[6]       ; 10.227 ; 10.227 ; 10.227 ; 10.227 ;
; SW[5]      ; H6[0]       ; 9.754  ; 9.754  ; 9.754  ; 9.754  ;
; SW[5]      ; H6[1]       ; 9.754  ; 9.754  ; 9.754  ; 9.754  ;
; SW[5]      ; H6[2]       ; 9.755  ; 9.755  ; 9.755  ; 9.755  ;
; SW[5]      ; H6[3]       ; 9.466  ; 9.466  ; 9.466  ; 9.466  ;
; SW[5]      ; H6[4]       ; 9.464  ; 9.464  ; 9.464  ; 9.464  ;
; SW[5]      ; H6[5]       ; 9.441  ; 9.441  ; 9.441  ; 9.441  ;
; SW[5]      ; H6[6]       ; 9.443  ; 9.443  ; 9.443  ; 9.443  ;
; SW[5]      ; H7[0]       ; 9.093  ; 9.093  ; 9.093  ; 9.093  ;
; SW[5]      ; H7[2]       ; 9.067  ; 9.067  ; 9.067  ; 9.067  ;
; SW[5]      ; H7[3]       ; 9.063  ; 9.063  ; 9.063  ; 9.063  ;
; SW[5]      ; H7[4]       ; 8.809  ; 8.809  ; 8.809  ; 8.809  ;
; SW[5]      ; H7[5]       ; 9.241  ; 9.241  ; 9.241  ; 9.241  ;
; SW[5]      ; H7[6]       ; 8.002  ; 8.002  ; 8.002  ; 8.002  ;
; SW[5]      ; LEDR[0]     ; 5.380  ;        ;        ; 5.380  ;
; SW[6]      ; H4[0]       ; 6.594  ; 6.594  ; 6.594  ; 6.594  ;
; SW[6]      ; H4[1]       ; 6.595  ; 6.595  ; 6.595  ; 6.595  ;
; SW[6]      ; H4[2]       ;        ; 6.540  ; 6.540  ;        ;
; SW[6]      ; H4[3]       ; 6.457  ; 6.457  ; 6.457  ; 6.457  ;
; SW[6]      ; H4[4]       ; 6.473  ;        ;        ; 6.473  ;
; SW[6]      ; H4[5]       ; 6.479  ;        ;        ; 6.479  ;
; SW[6]      ; H4[6]       ; 6.551  ;        ;        ; 6.551  ;
; SW[7]      ; H4[0]       ; 7.847  ; 7.847  ; 7.847  ; 7.847  ;
; SW[7]      ; H4[1]       ; 7.852  ; 7.852  ; 7.852  ; 7.852  ;
; SW[7]      ; H4[2]       ; 7.801  ; 7.801  ; 7.801  ; 7.801  ;
; SW[7]      ; H4[3]       ; 7.712  ; 7.712  ; 7.712  ; 7.712  ;
; SW[7]      ; H4[4]       ; 7.728  ; 7.728  ; 7.728  ; 7.728  ;
; SW[7]      ; H4[5]       ; 7.733  ; 7.733  ; 7.733  ; 7.733  ;
; SW[7]      ; H4[6]       ; 7.805  ; 7.805  ; 7.805  ; 7.805  ;
; SW[7]      ; H5[0]       ; 7.250  ; 7.250  ; 7.250  ; 7.250  ;
; SW[7]      ; H5[1]       ; 7.478  ; 7.478  ; 7.478  ; 7.478  ;
; SW[7]      ; H5[2]       ;        ; 6.900  ; 6.900  ;        ;
; SW[7]      ; H5[3]       ; 7.482  ; 7.482  ; 7.482  ; 7.482  ;
; SW[7]      ; H5[4]       ; 6.863  ;        ;        ; 6.863  ;
; SW[7]      ; H5[5]       ; 7.260  ;        ;        ; 7.260  ;
; SW[7]      ; H5[6]       ; 6.720  ;        ;        ; 6.720  ;
; SW[8]      ; H2[0]       ; 8.873  ; 8.873  ; 8.873  ; 8.873  ;
; SW[8]      ; H2[1]       ; 8.828  ; 8.828  ; 8.828  ; 8.828  ;
; SW[8]      ; H2[2]       ; 8.890  ; 8.890  ; 8.890  ; 8.890  ;
; SW[8]      ; H2[3]       ; 8.878  ; 8.878  ; 8.878  ; 8.878  ;
; SW[8]      ; H2[4]       ; 8.758  ; 8.758  ; 8.758  ; 8.758  ;
; SW[8]      ; H2[5]       ; 8.730  ; 8.730  ; 8.730  ; 8.730  ;
; SW[8]      ; H2[6]       ; 8.737  ; 8.737  ; 8.737  ; 8.737  ;
; SW[8]      ; H3[0]       ; 8.827  ; 8.827  ; 8.827  ; 8.827  ;
; SW[8]      ; H3[1]       ; 8.846  ; 8.846  ; 8.846  ; 8.846  ;
; SW[8]      ; H3[2]       ; 8.847  ; 8.847  ; 8.847  ; 8.847  ;
; SW[8]      ; H3[3]       ; 8.865  ; 8.865  ; 8.865  ; 8.865  ;
; SW[8]      ; H3[4]       ; 8.873  ; 8.873  ; 8.873  ; 8.873  ;
; SW[8]      ; H3[5]       ; 8.834  ; 8.834  ; 8.834  ; 8.834  ;
; SW[8]      ; H3[6]       ; 8.838  ; 8.838  ; 8.838  ; 8.838  ;
; SW[8]      ; H4[0]       ; 10.360 ; 10.360 ; 10.360 ; 10.360 ;
; SW[8]      ; H4[1]       ; 10.365 ; 10.365 ; 10.365 ; 10.365 ;
; SW[8]      ; H4[2]       ; 10.314 ; 10.314 ; 10.314 ; 10.314 ;
; SW[8]      ; H4[3]       ; 10.225 ; 10.225 ; 10.225 ; 10.225 ;
; SW[8]      ; H4[4]       ; 10.241 ; 10.241 ; 10.241 ; 10.241 ;
; SW[8]      ; H4[5]       ; 10.246 ; 10.246 ; 10.246 ; 10.246 ;
; SW[8]      ; H4[6]       ; 10.318 ; 10.318 ; 10.318 ; 10.318 ;
; SW[8]      ; H5[0]       ; 10.217 ; 10.217 ; 10.217 ; 10.217 ;
; SW[8]      ; H5[1]       ; 10.445 ; 10.445 ; 10.445 ; 10.445 ;
; SW[8]      ; H5[2]       ; 9.867  ; 9.867  ; 9.867  ; 9.867  ;
; SW[8]      ; H5[3]       ; 10.449 ; 10.449 ; 10.449 ; 10.449 ;
; SW[8]      ; H5[4]       ; 9.830  ; 9.830  ; 9.830  ; 9.830  ;
; SW[8]      ; H5[5]       ; 10.227 ; 10.227 ; 10.227 ; 10.227 ;
; SW[8]      ; H5[6]       ; 9.687  ; 9.687  ; 9.687  ; 9.687  ;
; SW[8]      ; H6[0]       ; 9.214  ; 9.214  ; 9.214  ; 9.214  ;
; SW[8]      ; H6[1]       ; 9.214  ; 9.214  ; 9.214  ; 9.214  ;
; SW[8]      ; H6[2]       ; 9.215  ; 9.215  ; 9.215  ; 9.215  ;
; SW[8]      ; H6[3]       ; 8.926  ; 8.926  ; 8.926  ; 8.926  ;
; SW[8]      ; H6[4]       ; 8.924  ; 8.924  ; 8.924  ; 8.924  ;
; SW[8]      ; H6[5]       ; 8.901  ; 8.901  ; 8.901  ; 8.901  ;
; SW[8]      ; H6[6]       ; 8.903  ; 8.903  ; 8.903  ; 8.903  ;
; SW[8]      ; H7[0]       ; 8.553  ; 8.553  ; 8.553  ; 8.553  ;
; SW[8]      ; H7[2]       ; 8.527  ; 8.527  ; 8.527  ; 8.527  ;
; SW[8]      ; H7[3]       ; 8.523  ; 8.523  ; 8.523  ; 8.523  ;
; SW[8]      ; H7[4]       ; 8.269  ; 8.269  ; 8.269  ; 8.269  ;
; SW[8]      ; H7[5]       ; 8.701  ; 8.701  ; 8.701  ; 8.701  ;
; SW[8]      ; H7[6]       ; 7.462  ; 7.462  ; 7.462  ; 7.462  ;
; SW[8]      ; LEDR[0]     ; 4.840  ;        ;        ; 4.840  ;
; SW[9]      ; H2[0]       ; 9.113  ; 9.113  ; 9.113  ; 9.113  ;
; SW[9]      ; H2[1]       ; 9.068  ; 9.068  ; 9.068  ; 9.068  ;
; SW[9]      ; H2[2]       ; 9.130  ; 9.130  ; 9.130  ; 9.130  ;
; SW[9]      ; H2[3]       ; 9.118  ; 9.118  ; 9.118  ; 9.118  ;
; SW[9]      ; H2[4]       ; 8.998  ; 8.998  ; 8.998  ; 8.998  ;
; SW[9]      ; H2[5]       ; 8.970  ; 8.970  ; 8.970  ; 8.970  ;
; SW[9]      ; H2[6]       ; 8.977  ; 8.977  ; 8.977  ; 8.977  ;
; SW[9]      ; H3[0]       ; 9.067  ; 9.067  ; 9.067  ; 9.067  ;
; SW[9]      ; H3[1]       ; 9.086  ; 9.086  ; 9.086  ; 9.086  ;
; SW[9]      ; H3[2]       ; 9.087  ; 9.087  ; 9.087  ; 9.087  ;
; SW[9]      ; H3[3]       ; 9.105  ; 9.105  ; 9.105  ; 9.105  ;
; SW[9]      ; H3[4]       ; 9.113  ; 9.113  ; 9.113  ; 9.113  ;
; SW[9]      ; H3[5]       ; 9.074  ; 9.074  ; 9.074  ; 9.074  ;
; SW[9]      ; H3[6]       ; 9.078  ; 9.078  ; 9.078  ; 9.078  ;
; SW[9]      ; H4[0]       ; 10.600 ; 10.600 ; 10.600 ; 10.600 ;
; SW[9]      ; H4[1]       ; 10.605 ; 10.605 ; 10.605 ; 10.605 ;
; SW[9]      ; H4[2]       ; 10.554 ; 10.554 ; 10.554 ; 10.554 ;
; SW[9]      ; H4[3]       ; 10.465 ; 10.465 ; 10.465 ; 10.465 ;
; SW[9]      ; H4[4]       ; 10.481 ; 10.481 ; 10.481 ; 10.481 ;
; SW[9]      ; H4[5]       ; 10.486 ; 10.486 ; 10.486 ; 10.486 ;
; SW[9]      ; H4[6]       ; 10.558 ; 10.558 ; 10.558 ; 10.558 ;
; SW[9]      ; H5[0]       ; 10.457 ; 10.457 ; 10.457 ; 10.457 ;
; SW[9]      ; H5[1]       ; 10.685 ; 10.685 ; 10.685 ; 10.685 ;
; SW[9]      ; H5[2]       ; 10.107 ; 10.107 ; 10.107 ; 10.107 ;
; SW[9]      ; H5[3]       ; 10.689 ; 10.689 ; 10.689 ; 10.689 ;
; SW[9]      ; H5[4]       ; 10.070 ; 10.070 ; 10.070 ; 10.070 ;
; SW[9]      ; H5[5]       ; 10.467 ; 10.467 ; 10.467 ; 10.467 ;
; SW[9]      ; H5[6]       ; 9.927  ; 9.927  ; 9.927  ; 9.927  ;
; SW[9]      ; H6[0]       ; 9.454  ; 9.454  ; 9.454  ; 9.454  ;
; SW[9]      ; H6[1]       ; 9.454  ; 9.454  ; 9.454  ; 9.454  ;
; SW[9]      ; H6[2]       ; 9.455  ; 9.455  ; 9.455  ; 9.455  ;
; SW[9]      ; H6[3]       ; 9.166  ; 9.166  ; 9.166  ; 9.166  ;
; SW[9]      ; H6[4]       ; 9.164  ; 9.164  ; 9.164  ; 9.164  ;
; SW[9]      ; H6[5]       ; 9.141  ; 9.141  ; 9.141  ; 9.141  ;
; SW[9]      ; H6[6]       ; 9.143  ; 9.143  ; 9.143  ; 9.143  ;
; SW[9]      ; H7[0]       ; 8.793  ; 8.793  ; 8.793  ; 8.793  ;
; SW[9]      ; H7[2]       ; 8.767  ; 8.767  ; 8.767  ; 8.767  ;
; SW[9]      ; H7[3]       ; 8.763  ; 8.763  ; 8.763  ; 8.763  ;
; SW[9]      ; H7[4]       ; 8.509  ; 8.509  ; 8.509  ; 8.509  ;
; SW[9]      ; H7[5]       ; 8.941  ; 8.941  ; 8.941  ; 8.941  ;
; SW[9]      ; H7[6]       ; 7.702  ; 7.702  ; 7.702  ; 7.702  ;
; SW[9]      ; LEDR[0]     ; 5.080  ;        ;        ; 5.080  ;
; SW[10]     ; H2[0]       ; 9.206  ; 9.206  ; 9.206  ; 9.206  ;
; SW[10]     ; H2[1]       ; 9.161  ; 9.161  ; 9.161  ; 9.161  ;
; SW[10]     ; H2[2]       ; 9.223  ; 9.223  ; 9.223  ; 9.223  ;
; SW[10]     ; H2[3]       ; 9.211  ; 9.211  ; 9.211  ; 9.211  ;
; SW[10]     ; H2[4]       ; 9.091  ; 9.091  ; 9.091  ; 9.091  ;
; SW[10]     ; H2[5]       ; 9.063  ; 9.063  ; 9.063  ; 9.063  ;
; SW[10]     ; H2[6]       ; 9.070  ; 9.070  ; 9.070  ; 9.070  ;
; SW[10]     ; H3[0]       ; 9.160  ; 9.160  ; 9.160  ; 9.160  ;
; SW[10]     ; H3[1]       ; 9.179  ; 9.179  ; 9.179  ; 9.179  ;
; SW[10]     ; H3[2]       ; 9.180  ; 9.180  ; 9.180  ; 9.180  ;
; SW[10]     ; H3[3]       ; 9.198  ; 9.198  ; 9.198  ; 9.198  ;
; SW[10]     ; H3[4]       ; 9.206  ; 9.206  ; 9.206  ; 9.206  ;
; SW[10]     ; H3[5]       ; 9.167  ; 9.167  ; 9.167  ; 9.167  ;
; SW[10]     ; H3[6]       ; 9.171  ; 9.171  ; 9.171  ; 9.171  ;
; SW[10]     ; H4[0]       ; 10.693 ; 10.693 ; 10.693 ; 10.693 ;
; SW[10]     ; H4[1]       ; 10.698 ; 10.698 ; 10.698 ; 10.698 ;
; SW[10]     ; H4[2]       ; 10.647 ; 10.647 ; 10.647 ; 10.647 ;
; SW[10]     ; H4[3]       ; 10.558 ; 10.558 ; 10.558 ; 10.558 ;
; SW[10]     ; H4[4]       ; 10.574 ; 10.574 ; 10.574 ; 10.574 ;
; SW[10]     ; H4[5]       ; 10.579 ; 10.579 ; 10.579 ; 10.579 ;
; SW[10]     ; H4[6]       ; 10.651 ; 10.651 ; 10.651 ; 10.651 ;
; SW[10]     ; H5[0]       ; 10.550 ; 10.550 ; 10.550 ; 10.550 ;
; SW[10]     ; H5[1]       ; 10.778 ; 10.778 ; 10.778 ; 10.778 ;
; SW[10]     ; H5[2]       ; 10.200 ; 10.200 ; 10.200 ; 10.200 ;
; SW[10]     ; H5[3]       ; 10.782 ; 10.782 ; 10.782 ; 10.782 ;
; SW[10]     ; H5[4]       ; 10.163 ; 10.163 ; 10.163 ; 10.163 ;
; SW[10]     ; H5[5]       ; 10.560 ; 10.560 ; 10.560 ; 10.560 ;
; SW[10]     ; H5[6]       ; 10.020 ; 10.020 ; 10.020 ; 10.020 ;
; SW[10]     ; H6[0]       ; 9.547  ; 9.547  ; 9.547  ; 9.547  ;
; SW[10]     ; H6[1]       ; 9.547  ; 9.547  ; 9.547  ; 9.547  ;
; SW[10]     ; H6[2]       ; 9.548  ; 9.548  ; 9.548  ; 9.548  ;
; SW[10]     ; H6[3]       ; 9.259  ; 9.259  ; 9.259  ; 9.259  ;
; SW[10]     ; H6[4]       ; 9.257  ; 9.257  ; 9.257  ; 9.257  ;
; SW[10]     ; H6[5]       ; 9.234  ; 9.234  ; 9.234  ; 9.234  ;
; SW[10]     ; H6[6]       ; 9.236  ; 9.236  ; 9.236  ; 9.236  ;
; SW[10]     ; H7[0]       ; 8.886  ; 8.886  ; 8.886  ; 8.886  ;
; SW[10]     ; H7[2]       ; 8.860  ; 8.860  ; 8.860  ; 8.860  ;
; SW[10]     ; H7[3]       ; 8.856  ; 8.856  ; 8.856  ; 8.856  ;
; SW[10]     ; H7[4]       ; 8.602  ; 8.602  ; 8.602  ; 8.602  ;
; SW[10]     ; H7[5]       ; 9.034  ; 9.034  ; 9.034  ; 9.034  ;
; SW[10]     ; H7[6]       ; 7.795  ; 7.795  ; 7.795  ; 7.795  ;
; SW[10]     ; LEDR[0]     ; 5.173  ;        ;        ; 5.173  ;
; SW[11]     ; H2[0]       ; 9.476  ; 9.476  ; 9.476  ; 9.476  ;
; SW[11]     ; H2[1]       ; 9.431  ; 9.431  ; 9.431  ; 9.431  ;
; SW[11]     ; H2[2]       ; 9.493  ; 9.493  ; 9.493  ; 9.493  ;
; SW[11]     ; H2[3]       ; 9.481  ; 9.481  ; 9.481  ; 9.481  ;
; SW[11]     ; H2[4]       ; 9.361  ; 9.361  ; 9.361  ; 9.361  ;
; SW[11]     ; H2[5]       ; 9.333  ; 9.333  ; 9.333  ; 9.333  ;
; SW[11]     ; H2[6]       ; 9.340  ; 9.340  ; 9.340  ; 9.340  ;
; SW[11]     ; H3[0]       ; 9.430  ; 9.430  ; 9.430  ; 9.430  ;
; SW[11]     ; H3[1]       ; 9.449  ; 9.449  ; 9.449  ; 9.449  ;
; SW[11]     ; H3[2]       ; 9.450  ; 9.450  ; 9.450  ; 9.450  ;
; SW[11]     ; H3[3]       ; 9.468  ; 9.468  ; 9.468  ; 9.468  ;
; SW[11]     ; H3[4]       ; 9.476  ; 9.476  ; 9.476  ; 9.476  ;
; SW[11]     ; H3[5]       ; 9.437  ; 9.437  ; 9.437  ; 9.437  ;
; SW[11]     ; H3[6]       ; 9.441  ; 9.441  ; 9.441  ; 9.441  ;
; SW[11]     ; H4[0]       ; 10.963 ; 10.963 ; 10.963 ; 10.963 ;
; SW[11]     ; H4[1]       ; 10.968 ; 10.968 ; 10.968 ; 10.968 ;
; SW[11]     ; H4[2]       ; 10.917 ; 10.917 ; 10.917 ; 10.917 ;
; SW[11]     ; H4[3]       ; 10.828 ; 10.828 ; 10.828 ; 10.828 ;
; SW[11]     ; H4[4]       ; 10.844 ; 10.844 ; 10.844 ; 10.844 ;
; SW[11]     ; H4[5]       ; 10.849 ; 10.849 ; 10.849 ; 10.849 ;
; SW[11]     ; H4[6]       ; 10.921 ; 10.921 ; 10.921 ; 10.921 ;
; SW[11]     ; H5[0]       ; 10.820 ; 10.820 ; 10.820 ; 10.820 ;
; SW[11]     ; H5[1]       ; 11.048 ; 11.048 ; 11.048 ; 11.048 ;
; SW[11]     ; H5[2]       ; 10.470 ; 10.470 ; 10.470 ; 10.470 ;
; SW[11]     ; H5[3]       ; 11.052 ; 11.052 ; 11.052 ; 11.052 ;
; SW[11]     ; H5[4]       ; 10.433 ; 10.433 ; 10.433 ; 10.433 ;
; SW[11]     ; H5[5]       ; 10.830 ; 10.830 ; 10.830 ; 10.830 ;
; SW[11]     ; H5[6]       ; 10.290 ; 10.290 ; 10.290 ; 10.290 ;
; SW[11]     ; H6[0]       ; 9.817  ; 9.817  ; 9.817  ; 9.817  ;
; SW[11]     ; H6[1]       ; 9.817  ; 9.817  ; 9.817  ; 9.817  ;
; SW[11]     ; H6[2]       ; 9.818  ; 9.818  ; 9.818  ; 9.818  ;
; SW[11]     ; H6[3]       ; 9.529  ; 9.529  ; 9.529  ; 9.529  ;
; SW[11]     ; H6[4]       ; 9.527  ; 9.527  ; 9.527  ; 9.527  ;
; SW[11]     ; H6[5]       ; 9.504  ; 9.504  ; 9.504  ; 9.504  ;
; SW[11]     ; H6[6]       ; 9.506  ; 9.506  ; 9.506  ; 9.506  ;
; SW[11]     ; H7[0]       ; 9.156  ; 9.156  ; 9.156  ; 9.156  ;
; SW[11]     ; H7[2]       ; 9.130  ; 9.130  ; 9.130  ; 9.130  ;
; SW[11]     ; H7[3]       ; 9.126  ; 9.126  ; 9.126  ; 9.126  ;
; SW[11]     ; H7[4]       ; 8.872  ; 8.872  ; 8.872  ; 8.872  ;
; SW[11]     ; H7[5]       ; 9.304  ; 9.304  ; 9.304  ; 9.304  ;
; SW[11]     ; H7[6]       ; 8.065  ; 8.065  ; 8.065  ; 8.065  ;
; SW[11]     ; LEDR[0]     ; 5.443  ;        ;        ; 5.443  ;
; SW[12]     ; H6[0]       ; 6.515  ; 6.515  ; 6.515  ; 6.515  ;
; SW[12]     ; H6[1]       ; 6.513  ; 6.513  ; 6.513  ; 6.513  ;
; SW[12]     ; H6[2]       ;        ; 6.510  ; 6.510  ;        ;
; SW[12]     ; H6[3]       ; 6.225  ; 6.225  ; 6.225  ; 6.225  ;
; SW[12]     ; H6[4]       ; 6.220  ;        ;        ; 6.220  ;
; SW[12]     ; H6[5]       ; 6.206  ;        ;        ; 6.206  ;
; SW[12]     ; H6[6]       ; 6.197  ;        ;        ; 6.197  ;
; SW[13]     ; H6[0]       ; 9.745  ; 9.745  ; 9.745  ; 9.745  ;
; SW[13]     ; H6[1]       ; 9.745  ; 9.745  ; 9.745  ; 9.745  ;
; SW[13]     ; H6[2]       ; 9.746  ; 9.746  ; 9.746  ; 9.746  ;
; SW[13]     ; H6[3]       ; 9.457  ; 9.457  ; 9.457  ; 9.457  ;
; SW[13]     ; H6[4]       ; 9.455  ; 9.455  ; 9.455  ; 9.455  ;
; SW[13]     ; H6[5]       ; 9.432  ; 9.432  ; 9.432  ; 9.432  ;
; SW[13]     ; H6[6]       ; 9.434  ; 9.434  ; 9.434  ; 9.434  ;
; SW[13]     ; H7[0]       ; 9.203  ;        ;        ; 9.203  ;
; SW[13]     ; H7[2]       ;        ; 9.177  ; 9.177  ;        ;
; SW[13]     ; H7[3]       ; 9.173  ;        ;        ; 9.173  ;
; SW[13]     ; H7[4]       ; 8.919  ;        ;        ; 8.919  ;
; SW[13]     ; H7[5]       ; 9.351  ;        ;        ; 9.351  ;
; SW[14]     ; H6[0]       ; 11.077 ; 11.077 ; 11.077 ; 11.077 ;
; SW[14]     ; H6[1]       ; 11.077 ; 11.077 ; 11.077 ; 11.077 ;
; SW[14]     ; H6[2]       ; 11.078 ; 11.078 ; 11.078 ; 11.078 ;
; SW[14]     ; H6[3]       ; 10.789 ; 10.789 ; 10.789 ; 10.789 ;
; SW[14]     ; H6[4]       ; 10.787 ; 10.787 ; 10.787 ; 10.787 ;
; SW[14]     ; H6[5]       ; 10.764 ; 10.764 ; 10.764 ; 10.764 ;
; SW[14]     ; H6[6]       ; 10.766 ; 10.766 ; 10.766 ; 10.766 ;
; SW[14]     ; H7[0]       ; 10.416 ; 10.395 ; 10.395 ; 10.416 ;
; SW[14]     ; H7[2]       ; 10.369 ; 10.390 ; 10.390 ; 10.369 ;
; SW[14]     ; H7[3]       ; 10.386 ; 10.365 ; 10.365 ; 10.386 ;
; SW[14]     ; H7[4]       ; 10.132 ; 10.111 ; 10.111 ; 10.132 ;
; SW[14]     ; H7[5]       ; 10.564 ; 10.543 ; 10.543 ; 10.564 ;
; SW[14]     ; H7[6]       ;        ; 9.325  ; 9.325  ;        ;
; SW[15]     ; H2[0]       ; 11.300 ; 11.300 ; 11.300 ; 11.300 ;
; SW[15]     ; H2[1]       ; 11.255 ; 11.255 ; 11.255 ; 11.255 ;
; SW[15]     ; H2[2]       ; 11.317 ; 11.317 ; 11.317 ; 11.317 ;
; SW[15]     ; H2[3]       ; 11.305 ; 11.305 ; 11.305 ; 11.305 ;
; SW[15]     ; H2[4]       ; 11.185 ; 11.185 ; 11.185 ; 11.185 ;
; SW[15]     ; H2[5]       ; 11.157 ; 11.157 ; 11.157 ; 11.157 ;
; SW[15]     ; H2[6]       ; 11.164 ; 11.164 ; 11.164 ; 11.164 ;
; SW[15]     ; H3[0]       ; 11.254 ; 11.254 ; 11.254 ; 11.254 ;
; SW[15]     ; H3[1]       ; 11.273 ; 11.273 ; 11.273 ; 11.273 ;
; SW[15]     ; H3[2]       ; 11.274 ; 11.274 ; 11.274 ; 11.274 ;
; SW[15]     ; H3[3]       ; 11.292 ; 11.292 ; 11.292 ; 11.292 ;
; SW[15]     ; H3[4]       ; 11.300 ; 11.300 ; 11.300 ; 11.300 ;
; SW[15]     ; H3[5]       ; 11.261 ; 11.261 ; 11.261 ; 11.261 ;
; SW[15]     ; H3[6]       ; 11.265 ; 11.265 ; 11.265 ; 11.265 ;
; SW[15]     ; H4[0]       ; 12.787 ; 12.787 ; 12.787 ; 12.787 ;
; SW[15]     ; H4[1]       ; 12.792 ; 12.792 ; 12.792 ; 12.792 ;
; SW[15]     ; H4[2]       ; 12.741 ; 12.741 ; 12.741 ; 12.741 ;
; SW[15]     ; H4[3]       ; 12.652 ; 12.652 ; 12.652 ; 12.652 ;
; SW[15]     ; H4[4]       ; 12.668 ; 12.668 ; 12.668 ; 12.668 ;
; SW[15]     ; H4[5]       ; 12.673 ; 12.673 ; 12.673 ; 12.673 ;
; SW[15]     ; H4[6]       ; 12.745 ; 12.745 ; 12.745 ; 12.745 ;
; SW[15]     ; H5[0]       ; 12.644 ; 12.644 ; 12.644 ; 12.644 ;
; SW[15]     ; H5[1]       ; 12.872 ; 12.872 ; 12.872 ; 12.872 ;
; SW[15]     ; H5[2]       ; 12.294 ; 12.294 ; 12.294 ; 12.294 ;
; SW[15]     ; H5[3]       ; 12.876 ; 12.876 ; 12.876 ; 12.876 ;
; SW[15]     ; H5[4]       ; 12.257 ; 12.257 ; 12.257 ; 12.257 ;
; SW[15]     ; H5[5]       ; 12.654 ; 12.654 ; 12.654 ; 12.654 ;
; SW[15]     ; H5[6]       ; 12.114 ; 12.114 ; 12.114 ; 12.114 ;
; SW[15]     ; H6[0]       ; 11.641 ; 11.641 ; 11.641 ; 11.641 ;
; SW[15]     ; H6[1]       ; 11.641 ; 11.641 ; 11.641 ; 11.641 ;
; SW[15]     ; H6[2]       ; 11.642 ; 11.642 ; 11.642 ; 11.642 ;
; SW[15]     ; H6[3]       ; 11.353 ; 11.353 ; 11.353 ; 11.353 ;
; SW[15]     ; H6[4]       ; 11.351 ; 11.351 ; 11.351 ; 11.351 ;
; SW[15]     ; H6[5]       ; 11.328 ; 11.328 ; 11.328 ; 11.328 ;
; SW[15]     ; H6[6]       ; 11.330 ; 11.330 ; 11.330 ; 11.330 ;
; SW[15]     ; H7[0]       ; 10.980 ; 10.980 ; 10.980 ; 10.980 ;
; SW[15]     ; H7[2]       ; 10.954 ; 10.954 ; 10.954 ; 10.954 ;
; SW[15]     ; H7[3]       ; 10.950 ; 10.950 ; 10.950 ; 10.950 ;
; SW[15]     ; H7[4]       ; 10.696 ; 10.696 ; 10.696 ; 10.696 ;
; SW[15]     ; H7[5]       ; 11.128 ; 11.128 ; 11.128 ; 11.128 ;
; SW[15]     ; H7[6]       ; 9.889  ; 9.889  ; 9.889  ; 9.889  ;
; SW[15]     ; LEDR[0]     ; 7.267  ;        ;        ; 7.267  ;
; SW[16]     ; H2[0]       ; 10.758 ; 10.758 ; 10.758 ; 10.758 ;
; SW[16]     ; H2[1]       ; 10.713 ; 10.713 ; 10.713 ; 10.713 ;
; SW[16]     ; H2[2]       ; 10.775 ; 10.775 ; 10.775 ; 10.775 ;
; SW[16]     ; H2[3]       ; 10.763 ; 10.763 ; 10.763 ; 10.763 ;
; SW[16]     ; H2[4]       ; 10.643 ; 10.643 ; 10.643 ; 10.643 ;
; SW[16]     ; H2[5]       ; 10.615 ; 10.615 ; 10.615 ; 10.615 ;
; SW[16]     ; H2[6]       ; 10.622 ; 10.622 ; 10.622 ; 10.622 ;
; SW[16]     ; H3[0]       ; 10.712 ; 10.712 ; 10.712 ; 10.712 ;
; SW[16]     ; H3[1]       ; 10.731 ; 10.731 ; 10.731 ; 10.731 ;
; SW[16]     ; H3[2]       ; 10.732 ; 10.732 ; 10.732 ; 10.732 ;
; SW[16]     ; H3[3]       ; 10.750 ; 10.750 ; 10.750 ; 10.750 ;
; SW[16]     ; H3[4]       ; 10.758 ; 10.758 ; 10.758 ; 10.758 ;
; SW[16]     ; H3[5]       ; 10.719 ; 10.719 ; 10.719 ; 10.719 ;
; SW[16]     ; H3[6]       ; 10.723 ; 10.723 ; 10.723 ; 10.723 ;
; SW[16]     ; H4[0]       ; 12.245 ; 12.245 ; 12.245 ; 12.245 ;
; SW[16]     ; H4[1]       ; 12.250 ; 12.250 ; 12.250 ; 12.250 ;
; SW[16]     ; H4[2]       ; 12.199 ; 12.199 ; 12.199 ; 12.199 ;
; SW[16]     ; H4[3]       ; 12.110 ; 12.110 ; 12.110 ; 12.110 ;
; SW[16]     ; H4[4]       ; 12.126 ; 12.126 ; 12.126 ; 12.126 ;
; SW[16]     ; H4[5]       ; 12.131 ; 12.131 ; 12.131 ; 12.131 ;
; SW[16]     ; H4[6]       ; 12.203 ; 12.203 ; 12.203 ; 12.203 ;
; SW[16]     ; H5[0]       ; 12.102 ; 12.102 ; 12.102 ; 12.102 ;
; SW[16]     ; H5[1]       ; 12.330 ; 12.330 ; 12.330 ; 12.330 ;
; SW[16]     ; H5[2]       ; 11.752 ; 11.752 ; 11.752 ; 11.752 ;
; SW[16]     ; H5[3]       ; 12.334 ; 12.334 ; 12.334 ; 12.334 ;
; SW[16]     ; H5[4]       ; 11.715 ; 11.715 ; 11.715 ; 11.715 ;
; SW[16]     ; H5[5]       ; 12.112 ; 12.112 ; 12.112 ; 12.112 ;
; SW[16]     ; H5[6]       ; 11.572 ; 11.572 ; 11.572 ; 11.572 ;
; SW[16]     ; H6[0]       ; 11.099 ; 11.099 ; 11.099 ; 11.099 ;
; SW[16]     ; H6[1]       ; 11.099 ; 11.099 ; 11.099 ; 11.099 ;
; SW[16]     ; H6[2]       ; 11.100 ; 11.100 ; 11.100 ; 11.100 ;
; SW[16]     ; H6[3]       ; 10.811 ; 10.811 ; 10.811 ; 10.811 ;
; SW[16]     ; H6[4]       ; 10.809 ; 10.809 ; 10.809 ; 10.809 ;
; SW[16]     ; H6[5]       ; 10.786 ; 10.786 ; 10.786 ; 10.786 ;
; SW[16]     ; H6[6]       ; 10.788 ; 10.788 ; 10.788 ; 10.788 ;
; SW[16]     ; H7[0]       ; 10.438 ; 10.438 ; 10.438 ; 10.438 ;
; SW[16]     ; H7[2]       ; 10.412 ; 10.412 ; 10.412 ; 10.412 ;
; SW[16]     ; H7[3]       ; 10.408 ; 10.408 ; 10.408 ; 10.408 ;
; SW[16]     ; H7[4]       ; 10.154 ; 10.154 ; 10.154 ; 10.154 ;
; SW[16]     ; H7[5]       ; 10.586 ; 10.586 ; 10.586 ; 10.586 ;
; SW[16]     ; H7[6]       ; 9.347  ; 9.347  ; 9.347  ; 9.347  ;
; SW[16]     ; LEDR[0]     ; 6.725  ;        ;        ; 6.725  ;
+------------+-------------+--------+--------+--------+--------+


+--------------------------------------------------------------+
; Minimum Propagation Delay                                    ;
+------------+-------------+--------+--------+--------+--------+
; Input Port ; Output Port ; RR     ; RF     ; FR     ; FF     ;
+------------+-------------+--------+--------+--------+--------+
; SW[0]      ; H2[0]       ; 4.775  ; 4.775  ; 4.775  ; 4.775  ;
; SW[0]      ; H2[1]       ; 4.727  ; 4.727  ; 4.727  ; 4.727  ;
; SW[0]      ; H2[2]       ;        ; 4.796  ; 4.796  ;        ;
; SW[0]      ; H2[3]       ; 4.777  ; 4.777  ; 4.777  ; 4.777  ;
; SW[0]      ; H2[4]       ; 4.658  ;        ;        ; 4.658  ;
; SW[0]      ; H2[5]       ; 4.636  ;        ;        ; 4.636  ;
; SW[0]      ; H2[6]       ; 4.651  ;        ;        ; 4.651  ;
; SW[1]      ; H2[0]       ; 4.635  ; 4.635  ; 4.635  ; 4.635  ;
; SW[1]      ; H2[1]       ; 4.588  ; 4.588  ; 4.588  ; 4.588  ;
; SW[1]      ; H2[2]       ; 4.655  ; 5.061  ; 5.061  ; 4.655  ;
; SW[1]      ; H2[3]       ; 4.638  ; 4.638  ; 4.638  ; 4.638  ;
; SW[1]      ; H2[4]       ; 4.518  ; 4.518  ; 4.518  ; 4.518  ;
; SW[1]      ; H2[5]       ; 4.495  ; 4.901  ; 4.901  ; 4.495  ;
; SW[1]      ; H2[6]       ; 4.510  ; 4.510  ; 4.510  ; 4.510  ;
; SW[1]      ; H3[0]       ; 5.121  ; 5.121  ; 5.121  ; 5.121  ;
; SW[1]      ; H3[1]       ; 5.140  ; 5.140  ; 5.140  ; 5.140  ;
; SW[1]      ; H3[2]       ;        ; 5.141  ; 5.141  ;        ;
; SW[1]      ; H3[3]       ; 5.159  ; 5.159  ; 5.159  ; 5.159  ;
; SW[1]      ; H3[4]       ; 5.167  ;        ;        ; 5.167  ;
; SW[1]      ; H3[5]       ; 5.128  ;        ;        ; 5.128  ;
; SW[1]      ; H3[6]       ; 5.132  ;        ;        ; 5.132  ;
; SW[2]      ; H2[0]       ; 5.272  ; 5.272  ; 5.272  ; 5.272  ;
; SW[2]      ; H2[1]       ; 5.222  ; 5.444  ; 5.444  ; 5.222  ;
; SW[2]      ; H2[2]       ; 5.289  ; 5.289  ; 5.289  ; 5.289  ;
; SW[2]      ; H2[3]       ; 5.269  ; 5.269  ; 5.269  ; 5.269  ;
; SW[2]      ; H2[4]       ; 5.146  ; 5.368  ; 5.368  ; 5.146  ;
; SW[2]      ; H2[5]       ; 5.129  ; 5.129  ; 5.129  ; 5.129  ;
; SW[2]      ; H2[6]       ; 5.144  ; 5.144  ; 5.144  ; 5.144  ;
; SW[2]      ; H3[0]       ; 5.462  ; 5.311  ; 5.311  ; 5.462  ;
; SW[2]      ; H3[1]       ; 5.334  ; 5.334  ; 5.334  ; 5.334  ;
; SW[2]      ; H3[2]       ; 5.330  ; 5.482  ; 5.482  ; 5.330  ;
; SW[2]      ; H3[3]       ; 5.348  ; 5.348  ; 5.348  ; 5.348  ;
; SW[2]      ; H3[4]       ; 5.508  ; 5.359  ; 5.359  ; 5.508  ;
; SW[2]      ; H3[5]       ; 5.315  ; 5.778  ; 5.778  ; 5.315  ;
; SW[2]      ; H3[6]       ; 5.325  ; 5.325  ; 5.325  ; 5.325  ;
; SW[2]      ; H4[0]       ; 7.089  ; 7.089  ; 7.089  ; 7.089  ;
; SW[2]      ; H4[1]       ; 7.090  ; 7.090  ; 7.090  ; 7.090  ;
; SW[2]      ; H4[2]       ; 7.035  ; 7.035  ; 7.035  ; 7.035  ;
; SW[2]      ; H4[3]       ; 6.952  ; 6.952  ; 6.952  ; 6.952  ;
; SW[2]      ; H4[4]       ; 6.968  ; 6.968  ; 6.968  ; 6.968  ;
; SW[2]      ; H4[5]       ; 6.974  ; 6.974  ; 6.974  ; 6.974  ;
; SW[2]      ; H4[6]       ; 7.046  ; 7.046  ; 7.046  ; 7.046  ;
; SW[2]      ; H5[0]       ; 7.220  ; 7.220  ; 7.220  ; 7.220  ;
; SW[2]      ; H5[1]       ; 7.444  ; 7.444  ; 7.444  ; 7.444  ;
; SW[2]      ; H5[2]       ; 6.848  ; 6.848  ; 6.848  ; 6.848  ;
; SW[2]      ; H5[3]       ; 7.451  ; 7.451  ; 7.451  ; 7.451  ;
; SW[2]      ; H5[4]       ; 6.833  ; 6.833  ; 6.833  ; 6.833  ;
; SW[2]      ; H5[5]       ; 7.233  ; 7.233  ; 7.233  ; 7.233  ;
; SW[2]      ; H5[6]       ; 6.695  ; 6.695  ; 6.695  ; 6.695  ;
; SW[2]      ; H6[0]       ; 6.925  ; 6.925  ; 6.925  ; 6.925  ;
; SW[2]      ; H6[1]       ; 6.924  ; 6.924  ; 6.924  ; 6.924  ;
; SW[2]      ; H6[2]       ; 6.921  ; 6.921  ; 6.921  ; 6.921  ;
; SW[2]      ; H6[3]       ; 6.635  ; 6.635  ; 6.635  ; 6.635  ;
; SW[2]      ; H6[4]       ; 6.631  ; 6.631  ; 6.631  ; 6.631  ;
; SW[2]      ; H6[5]       ; 6.617  ; 6.617  ; 6.617  ; 6.617  ;
; SW[2]      ; H6[6]       ; 6.607  ; 6.607  ; 6.607  ; 6.607  ;
; SW[2]      ; H7[0]       ; 6.834  ; 6.834  ; 6.834  ; 6.834  ;
; SW[2]      ; H7[2]       ; 6.802  ; 6.802  ; 6.802  ; 6.802  ;
; SW[2]      ; H7[3]       ; 6.804  ; 6.804  ; 6.804  ; 6.804  ;
; SW[2]      ; H7[4]       ; 6.841  ; 6.841  ; 6.841  ; 6.841  ;
; SW[2]      ; H7[5]       ; 6.956  ; 6.956  ; 6.956  ; 6.956  ;
; SW[2]      ; H7[6]       ; 6.649  ; 6.649  ; 6.649  ; 6.649  ;
; SW[2]      ; LEDR[0]     ; 4.541  ;        ;        ; 4.541  ;
; SW[3]      ; H2[0]       ; 6.119  ; 6.119  ; 6.119  ; 6.119  ;
; SW[3]      ; H2[1]       ; 6.074  ; 6.291  ; 6.291  ; 6.074  ;
; SW[3]      ; H2[2]       ; 6.136  ; 6.353  ; 6.353  ; 6.136  ;
; SW[3]      ; H2[3]       ; 6.124  ; 6.124  ; 6.124  ; 6.124  ;
; SW[3]      ; H2[4]       ; 6.004  ; 6.221  ; 6.221  ; 6.004  ;
; SW[3]      ; H2[5]       ; 5.976  ; 5.976  ; 5.976  ; 5.976  ;
; SW[3]      ; H2[6]       ; 5.983  ; 5.983  ; 5.983  ; 5.983  ;
; SW[3]      ; H3[0]       ; 5.695  ; 5.695  ; 5.695  ; 5.695  ;
; SW[3]      ; H3[1]       ; 5.708  ; 6.002  ; 6.002  ; 5.708  ;
; SW[3]      ; H3[2]       ; 6.095  ; 5.733  ; 5.733  ; 6.095  ;
; SW[3]      ; H3[3]       ; 5.735  ; 5.735  ; 5.735  ; 5.735  ;
; SW[3]      ; H3[4]       ; 5.732  ; 6.124  ; 6.124  ; 5.732  ;
; SW[3]      ; H3[5]       ; 5.990  ; 5.707  ; 5.707  ; 5.990  ;
; SW[3]      ; H3[6]       ; 5.702  ; 5.702  ; 5.702  ; 5.702  ;
; SW[3]      ; H4[0]       ; 7.915  ; 7.915  ; 7.915  ; 7.915  ;
; SW[3]      ; H4[1]       ; 7.916  ; 7.916  ; 7.916  ; 7.916  ;
; SW[3]      ; H4[2]       ; 7.861  ; 7.861  ; 7.861  ; 7.861  ;
; SW[3]      ; H4[3]       ; 7.778  ; 7.778  ; 7.778  ; 7.778  ;
; SW[3]      ; H4[4]       ; 7.794  ; 7.794  ; 7.794  ; 7.794  ;
; SW[3]      ; H4[5]       ; 7.800  ; 7.800  ; 7.800  ; 7.800  ;
; SW[3]      ; H4[6]       ; 7.872  ; 7.872  ; 7.872  ; 7.872  ;
; SW[3]      ; H5[0]       ; 8.046  ; 8.046  ; 8.046  ; 8.046  ;
; SW[3]      ; H5[1]       ; 8.270  ; 8.270  ; 8.270  ; 8.270  ;
; SW[3]      ; H5[2]       ; 7.674  ; 7.674  ; 7.674  ; 7.674  ;
; SW[3]      ; H5[3]       ; 8.277  ; 8.277  ; 8.277  ; 8.277  ;
; SW[3]      ; H5[4]       ; 7.659  ; 7.659  ; 7.659  ; 7.659  ;
; SW[3]      ; H5[5]       ; 8.059  ; 8.059  ; 8.059  ; 8.059  ;
; SW[3]      ; H5[6]       ; 7.521  ; 7.521  ; 7.521  ; 7.521  ;
; SW[3]      ; H6[0]       ; 7.751  ; 7.751  ; 7.751  ; 7.751  ;
; SW[3]      ; H6[1]       ; 7.750  ; 7.750  ; 7.750  ; 7.750  ;
; SW[3]      ; H6[2]       ; 7.747  ; 7.747  ; 7.747  ; 7.747  ;
; SW[3]      ; H6[3]       ; 7.461  ; 7.461  ; 7.461  ; 7.461  ;
; SW[3]      ; H6[4]       ; 7.457  ; 7.457  ; 7.457  ; 7.457  ;
; SW[3]      ; H6[5]       ; 7.443  ; 7.443  ; 7.443  ; 7.443  ;
; SW[3]      ; H6[6]       ; 7.433  ; 7.433  ; 7.433  ; 7.433  ;
; SW[3]      ; H7[0]       ; 7.660  ; 7.660  ; 7.660  ; 7.660  ;
; SW[3]      ; H7[2]       ; 7.628  ; 7.628  ; 7.628  ; 7.628  ;
; SW[3]      ; H7[3]       ; 7.630  ; 7.630  ; 7.630  ; 7.630  ;
; SW[3]      ; H7[4]       ; 7.667  ; 7.667  ; 7.667  ; 7.667  ;
; SW[3]      ; H7[5]       ; 7.782  ; 7.782  ; 7.782  ; 7.782  ;
; SW[3]      ; H7[6]       ; 7.475  ; 7.475  ; 7.475  ; 7.475  ;
; SW[3]      ; LEDR[0]     ; 5.367  ;        ;        ; 5.367  ;
; SW[4]      ; H2[0]       ; 6.477  ; 6.477  ; 6.477  ; 6.477  ;
; SW[4]      ; H2[1]       ; 6.430  ; 6.430  ; 6.430  ; 6.430  ;
; SW[4]      ; H2[2]       ; 6.497  ; 6.497  ; 6.497  ; 6.497  ;
; SW[4]      ; H2[3]       ; 6.480  ; 6.480  ; 6.480  ; 6.480  ;
; SW[4]      ; H2[4]       ; 6.360  ; 6.360  ; 6.360  ; 6.360  ;
; SW[4]      ; H2[5]       ; 6.337  ; 6.337  ; 6.337  ; 6.337  ;
; SW[4]      ; H2[6]       ; 6.352  ; 6.352  ; 6.352  ; 6.352  ;
; SW[4]      ; H3[0]       ; 6.078  ; 6.078  ; 6.078  ; 6.078  ;
; SW[4]      ; H3[1]       ; 6.091  ; 6.377  ; 6.377  ; 6.091  ;
; SW[4]      ; H3[2]       ; 6.431  ; 6.116  ; 6.116  ; 6.431  ;
; SW[4]      ; H3[3]       ; 6.118  ; 6.118  ; 6.118  ; 6.118  ;
; SW[4]      ; H3[4]       ; 6.115  ; 6.460  ; 6.460  ; 6.115  ;
; SW[4]      ; H3[5]       ; 6.365  ; 6.090  ; 6.090  ; 6.365  ;
; SW[4]      ; H3[6]       ; 6.085  ; 6.085  ; 6.085  ; 6.085  ;
; SW[4]      ; H4[0]       ; 7.860  ; 7.860  ; 7.860  ; 7.860  ;
; SW[4]      ; H4[1]       ; 7.861  ; 7.861  ; 7.861  ; 7.861  ;
; SW[4]      ; H4[2]       ; 7.806  ; 7.806  ; 7.806  ; 7.806  ;
; SW[4]      ; H4[3]       ; 7.723  ; 7.723  ; 7.723  ; 7.723  ;
; SW[4]      ; H4[4]       ; 7.739  ; 7.739  ; 7.739  ; 7.739  ;
; SW[4]      ; H4[5]       ; 7.745  ; 7.745  ; 7.745  ; 7.745  ;
; SW[4]      ; H4[6]       ; 7.817  ; 7.817  ; 7.817  ; 7.817  ;
; SW[4]      ; H5[0]       ; 7.991  ; 7.991  ; 7.991  ; 7.991  ;
; SW[4]      ; H5[1]       ; 8.215  ; 8.215  ; 8.215  ; 8.215  ;
; SW[4]      ; H5[2]       ; 7.619  ; 7.619  ; 7.619  ; 7.619  ;
; SW[4]      ; H5[3]       ; 8.222  ; 8.222  ; 8.222  ; 8.222  ;
; SW[4]      ; H5[4]       ; 7.604  ; 7.604  ; 7.604  ; 7.604  ;
; SW[4]      ; H5[5]       ; 8.004  ; 8.004  ; 8.004  ; 8.004  ;
; SW[4]      ; H5[6]       ; 7.466  ; 7.466  ; 7.466  ; 7.466  ;
; SW[4]      ; H6[0]       ; 7.696  ; 7.696  ; 7.696  ; 7.696  ;
; SW[4]      ; H6[1]       ; 7.695  ; 7.695  ; 7.695  ; 7.695  ;
; SW[4]      ; H6[2]       ; 7.692  ; 7.692  ; 7.692  ; 7.692  ;
; SW[4]      ; H6[3]       ; 7.406  ; 7.406  ; 7.406  ; 7.406  ;
; SW[4]      ; H6[4]       ; 7.402  ; 7.402  ; 7.402  ; 7.402  ;
; SW[4]      ; H6[5]       ; 7.388  ; 7.388  ; 7.388  ; 7.388  ;
; SW[4]      ; H6[6]       ; 7.378  ; 7.378  ; 7.378  ; 7.378  ;
; SW[4]      ; H7[0]       ; 7.605  ; 7.605  ; 7.605  ; 7.605  ;
; SW[4]      ; H7[2]       ; 7.573  ; 7.573  ; 7.573  ; 7.573  ;
; SW[4]      ; H7[3]       ; 7.575  ; 7.575  ; 7.575  ; 7.575  ;
; SW[4]      ; H7[4]       ; 7.612  ; 7.612  ; 7.612  ; 7.612  ;
; SW[4]      ; H7[5]       ; 7.727  ; 7.727  ; 7.727  ; 7.727  ;
; SW[4]      ; H7[6]       ; 7.420  ; 7.420  ; 7.420  ; 7.420  ;
; SW[4]      ; LEDR[0]     ; 5.312  ;        ;        ; 5.312  ;
; SW[5]      ; H2[0]       ; 6.578  ; 6.578  ; 6.578  ; 6.578  ;
; SW[5]      ; H2[1]       ; 6.531  ; 6.531  ; 6.531  ; 6.531  ;
; SW[5]      ; H2[2]       ; 6.598  ; 6.598  ; 6.598  ; 6.598  ;
; SW[5]      ; H2[3]       ; 6.581  ; 6.581  ; 6.581  ; 6.581  ;
; SW[5]      ; H2[4]       ; 6.461  ; 6.461  ; 6.461  ; 6.461  ;
; SW[5]      ; H2[5]       ; 6.438  ; 6.438  ; 6.438  ; 6.438  ;
; SW[5]      ; H2[6]       ; 6.453  ; 6.453  ; 6.453  ; 6.453  ;
; SW[5]      ; H3[0]       ; 5.658  ; 5.658  ; 5.658  ; 5.658  ;
; SW[5]      ; H3[1]       ; 5.671  ; 5.949  ; 5.949  ; 5.671  ;
; SW[5]      ; H3[2]       ; 5.945  ; 5.696  ; 5.696  ; 5.945  ;
; SW[5]      ; H3[3]       ; 5.698  ; 5.698  ; 5.698  ; 5.698  ;
; SW[5]      ; H3[4]       ; 5.695  ; 5.974  ; 5.974  ; 5.695  ;
; SW[5]      ; H3[5]       ; 5.930  ; 5.670  ; 5.670  ; 5.930  ;
; SW[5]      ; H3[6]       ; 5.665  ; 5.665  ; 5.665  ; 5.665  ;
; SW[5]      ; H4[0]       ; 7.928  ; 7.928  ; 7.928  ; 7.928  ;
; SW[5]      ; H4[1]       ; 7.929  ; 7.929  ; 7.929  ; 7.929  ;
; SW[5]      ; H4[2]       ; 7.874  ; 7.874  ; 7.874  ; 7.874  ;
; SW[5]      ; H4[3]       ; 7.791  ; 7.791  ; 7.791  ; 7.791  ;
; SW[5]      ; H4[4]       ; 7.807  ; 7.807  ; 7.807  ; 7.807  ;
; SW[5]      ; H4[5]       ; 7.813  ; 7.813  ; 7.813  ; 7.813  ;
; SW[5]      ; H4[6]       ; 7.885  ; 7.885  ; 7.885  ; 7.885  ;
; SW[5]      ; H5[0]       ; 8.059  ; 8.059  ; 8.059  ; 8.059  ;
; SW[5]      ; H5[1]       ; 8.283  ; 8.283  ; 8.283  ; 8.283  ;
; SW[5]      ; H5[2]       ; 7.687  ; 7.687  ; 7.687  ; 7.687  ;
; SW[5]      ; H5[3]       ; 8.290  ; 8.290  ; 8.290  ; 8.290  ;
; SW[5]      ; H5[4]       ; 7.672  ; 7.672  ; 7.672  ; 7.672  ;
; SW[5]      ; H5[5]       ; 8.072  ; 8.072  ; 8.072  ; 8.072  ;
; SW[5]      ; H5[6]       ; 7.534  ; 7.534  ; 7.534  ; 7.534  ;
; SW[5]      ; H6[0]       ; 7.764  ; 7.764  ; 7.764  ; 7.764  ;
; SW[5]      ; H6[1]       ; 7.763  ; 7.763  ; 7.763  ; 7.763  ;
; SW[5]      ; H6[2]       ; 7.760  ; 7.760  ; 7.760  ; 7.760  ;
; SW[5]      ; H6[3]       ; 7.474  ; 7.474  ; 7.474  ; 7.474  ;
; SW[5]      ; H6[4]       ; 7.470  ; 7.470  ; 7.470  ; 7.470  ;
; SW[5]      ; H6[5]       ; 7.456  ; 7.456  ; 7.456  ; 7.456  ;
; SW[5]      ; H6[6]       ; 7.446  ; 7.446  ; 7.446  ; 7.446  ;
; SW[5]      ; H7[0]       ; 7.673  ; 7.673  ; 7.673  ; 7.673  ;
; SW[5]      ; H7[2]       ; 7.641  ; 7.641  ; 7.641  ; 7.641  ;
; SW[5]      ; H7[3]       ; 7.643  ; 7.643  ; 7.643  ; 7.643  ;
; SW[5]      ; H7[4]       ; 7.680  ; 7.680  ; 7.680  ; 7.680  ;
; SW[5]      ; H7[5]       ; 7.795  ; 7.795  ; 7.795  ; 7.795  ;
; SW[5]      ; H7[6]       ; 7.488  ; 7.488  ; 7.488  ; 7.488  ;
; SW[5]      ; LEDR[0]     ; 5.380  ;        ;        ; 5.380  ;
; SW[6]      ; H4[0]       ; 6.594  ; 6.594  ; 6.594  ; 6.594  ;
; SW[6]      ; H4[1]       ; 6.595  ; 6.595  ; 6.595  ; 6.595  ;
; SW[6]      ; H4[2]       ;        ; 6.540  ; 6.540  ;        ;
; SW[6]      ; H4[3]       ; 6.457  ; 6.457  ; 6.457  ; 6.457  ;
; SW[6]      ; H4[4]       ; 6.473  ;        ;        ; 6.473  ;
; SW[6]      ; H4[5]       ; 6.479  ;        ;        ; 6.479  ;
; SW[6]      ; H4[6]       ; 6.551  ;        ;        ; 6.551  ;
; SW[7]      ; H4[0]       ; 7.187  ; 7.187  ; 7.187  ; 7.187  ;
; SW[7]      ; H4[1]       ; 7.192  ; 7.192  ; 7.192  ; 7.192  ;
; SW[7]      ; H4[2]       ; 7.141  ; 7.589  ; 7.589  ; 7.141  ;
; SW[7]      ; H4[3]       ; 7.052  ; 7.052  ; 7.052  ; 7.052  ;
; SW[7]      ; H4[4]       ; 7.068  ; 7.068  ; 7.068  ; 7.068  ;
; SW[7]      ; H4[5]       ; 7.073  ; 7.521  ; 7.521  ; 7.073  ;
; SW[7]      ; H4[6]       ; 7.145  ; 7.145  ; 7.145  ; 7.145  ;
; SW[7]      ; H5[0]       ; 7.234  ; 7.234  ; 7.234  ; 7.234  ;
; SW[7]      ; H5[1]       ; 7.462  ; 7.462  ; 7.462  ; 7.462  ;
; SW[7]      ; H5[2]       ;        ; 6.884  ; 6.884  ;        ;
; SW[7]      ; H5[3]       ; 7.466  ; 7.466  ; 7.466  ; 7.466  ;
; SW[7]      ; H5[4]       ; 6.847  ;        ;        ; 6.847  ;
; SW[7]      ; H5[5]       ; 7.244  ;        ;        ; 7.244  ;
; SW[7]      ; H5[6]       ; 6.704  ;        ;        ; 6.704  ;
; SW[8]      ; H2[0]       ; 6.038  ; 6.038  ; 6.038  ; 6.038  ;
; SW[8]      ; H2[1]       ; 5.991  ; 5.991  ; 5.991  ; 5.991  ;
; SW[8]      ; H2[2]       ; 6.058  ; 6.058  ; 6.058  ; 6.058  ;
; SW[8]      ; H2[3]       ; 6.041  ; 6.041  ; 6.041  ; 6.041  ;
; SW[8]      ; H2[4]       ; 5.921  ; 5.921  ; 5.921  ; 5.921  ;
; SW[8]      ; H2[5]       ; 5.898  ; 5.898  ; 5.898  ; 5.898  ;
; SW[8]      ; H2[6]       ; 5.913  ; 5.913  ; 5.913  ; 5.913  ;
; SW[8]      ; H3[0]       ; 6.299  ; 6.299  ; 6.299  ; 6.299  ;
; SW[8]      ; H3[1]       ; 6.312  ; 6.312  ; 6.312  ; 6.312  ;
; SW[8]      ; H3[2]       ; 6.337  ; 6.337  ; 6.337  ; 6.337  ;
; SW[8]      ; H3[3]       ; 6.339  ; 6.339  ; 6.339  ; 6.339  ;
; SW[8]      ; H3[4]       ; 6.336  ; 6.336  ; 6.336  ; 6.336  ;
; SW[8]      ; H3[5]       ; 6.311  ; 6.311  ; 6.311  ; 6.311  ;
; SW[8]      ; H3[6]       ; 6.306  ; 6.306  ; 6.306  ; 6.306  ;
; SW[8]      ; H4[0]       ; 7.149  ; 7.149  ; 7.149  ; 7.149  ;
; SW[8]      ; H4[1]       ; 7.152  ; 7.389  ; 7.389  ; 7.152  ;
; SW[8]      ; H4[2]       ; 7.100  ; 7.100  ; 7.100  ; 7.100  ;
; SW[8]      ; H4[3]       ; 7.013  ; 7.013  ; 7.013  ; 7.013  ;
; SW[8]      ; H4[4]       ; 7.029  ; 7.267  ; 7.267  ; 7.029  ;
; SW[8]      ; H4[5]       ; 7.034  ; 7.034  ; 7.034  ; 7.034  ;
; SW[8]      ; H4[6]       ; 7.107  ; 7.107  ; 7.107  ; 7.107  ;
; SW[8]      ; H5[0]       ; 7.138  ; 7.050  ; 7.050  ; 7.138  ;
; SW[8]      ; H5[1]       ; 7.275  ; 7.275  ; 7.275  ; 7.275  ;
; SW[8]      ; H5[2]       ; 6.669  ; 6.788  ; 6.788  ; 6.669  ;
; SW[8]      ; H5[3]       ; 7.282  ; 7.282  ; 7.282  ; 7.282  ;
; SW[8]      ; H5[4]       ; 6.751  ; 6.658  ; 6.658  ; 6.751  ;
; SW[8]      ; H5[5]       ; 7.055  ; 7.532  ; 7.532  ; 7.055  ;
; SW[8]      ; H5[6]       ; 6.514  ; 6.514  ; 6.514  ; 6.514  ;
; SW[8]      ; H6[0]       ; 7.224  ; 7.224  ; 7.224  ; 7.224  ;
; SW[8]      ; H6[1]       ; 7.223  ; 7.223  ; 7.223  ; 7.223  ;
; SW[8]      ; H6[2]       ; 7.220  ; 7.220  ; 7.220  ; 7.220  ;
; SW[8]      ; H6[3]       ; 6.934  ; 6.934  ; 6.934  ; 6.934  ;
; SW[8]      ; H6[4]       ; 6.930  ; 6.930  ; 6.930  ; 6.930  ;
; SW[8]      ; H6[5]       ; 6.916  ; 6.916  ; 6.916  ; 6.916  ;
; SW[8]      ; H6[6]       ; 6.906  ; 6.906  ; 6.906  ; 6.906  ;
; SW[8]      ; H7[0]       ; 7.133  ; 7.133  ; 7.133  ; 7.133  ;
; SW[8]      ; H7[2]       ; 7.101  ; 7.101  ; 7.101  ; 7.101  ;
; SW[8]      ; H7[3]       ; 7.103  ; 7.103  ; 7.103  ; 7.103  ;
; SW[8]      ; H7[4]       ; 7.140  ; 7.140  ; 7.140  ; 7.140  ;
; SW[8]      ; H7[5]       ; 7.255  ; 7.255  ; 7.255  ; 7.255  ;
; SW[8]      ; H7[6]       ; 6.948  ; 6.948  ; 6.948  ; 6.948  ;
; SW[8]      ; LEDR[0]     ; 4.840  ;        ;        ; 4.840  ;
; SW[9]      ; H2[0]       ; 6.278  ; 6.278  ; 6.278  ; 6.278  ;
; SW[9]      ; H2[1]       ; 6.231  ; 6.231  ; 6.231  ; 6.231  ;
; SW[9]      ; H2[2]       ; 6.298  ; 6.298  ; 6.298  ; 6.298  ;
; SW[9]      ; H2[3]       ; 6.281  ; 6.281  ; 6.281  ; 6.281  ;
; SW[9]      ; H2[4]       ; 6.161  ; 6.161  ; 6.161  ; 6.161  ;
; SW[9]      ; H2[5]       ; 6.138  ; 6.138  ; 6.138  ; 6.138  ;
; SW[9]      ; H2[6]       ; 6.153  ; 6.153  ; 6.153  ; 6.153  ;
; SW[9]      ; H3[0]       ; 6.539  ; 6.539  ; 6.539  ; 6.539  ;
; SW[9]      ; H3[1]       ; 6.552  ; 6.552  ; 6.552  ; 6.552  ;
; SW[9]      ; H3[2]       ; 6.577  ; 6.577  ; 6.577  ; 6.577  ;
; SW[9]      ; H3[3]       ; 6.579  ; 6.579  ; 6.579  ; 6.579  ;
; SW[9]      ; H3[4]       ; 6.576  ; 6.576  ; 6.576  ; 6.576  ;
; SW[9]      ; H3[5]       ; 6.551  ; 6.551  ; 6.551  ; 6.551  ;
; SW[9]      ; H3[6]       ; 6.546  ; 6.546  ; 6.546  ; 6.546  ;
; SW[9]      ; H4[0]       ; 7.404  ; 7.404  ; 7.404  ; 7.404  ;
; SW[9]      ; H4[1]       ; 7.413  ; 7.617  ; 7.617  ; 7.413  ;
; SW[9]      ; H4[2]       ; 7.359  ; 7.563  ; 7.563  ; 7.359  ;
; SW[9]      ; H4[3]       ; 7.270  ; 7.270  ; 7.270  ; 7.270  ;
; SW[9]      ; H4[4]       ; 7.284  ; 7.488  ; 7.488  ; 7.284  ;
; SW[9]      ; H4[5]       ; 7.286  ; 7.286  ; 7.286  ; 7.286  ;
; SW[9]      ; H4[6]       ; 7.349  ; 7.349  ; 7.349  ; 7.349  ;
; SW[9]      ; H5[0]       ; 6.772  ; 6.772  ; 6.772  ; 6.772  ;
; SW[9]      ; H5[1]       ; 6.996  ; 7.415  ; 7.415  ; 6.996  ;
; SW[9]      ; H5[2]       ; 6.809  ; 6.400  ; 6.400  ; 6.809  ;
; SW[9]      ; H5[3]       ; 7.003  ; 7.003  ; 7.003  ; 7.003  ;
; SW[9]      ; H5[4]       ; 6.385  ; 6.798  ; 6.798  ; 6.385  ;
; SW[9]      ; H5[5]       ; 7.195  ; 6.785  ; 6.785  ; 7.195  ;
; SW[9]      ; H5[6]       ; 6.247  ; 6.247  ; 6.247  ; 6.247  ;
; SW[9]      ; H6[0]       ; 7.464  ; 7.464  ; 7.464  ; 7.464  ;
; SW[9]      ; H6[1]       ; 7.463  ; 7.463  ; 7.463  ; 7.463  ;
; SW[9]      ; H6[2]       ; 7.460  ; 7.460  ; 7.460  ; 7.460  ;
; SW[9]      ; H6[3]       ; 7.174  ; 7.174  ; 7.174  ; 7.174  ;
; SW[9]      ; H6[4]       ; 7.170  ; 7.170  ; 7.170  ; 7.170  ;
; SW[9]      ; H6[5]       ; 7.156  ; 7.156  ; 7.156  ; 7.156  ;
; SW[9]      ; H6[6]       ; 7.146  ; 7.146  ; 7.146  ; 7.146  ;
; SW[9]      ; H7[0]       ; 7.373  ; 7.373  ; 7.373  ; 7.373  ;
; SW[9]      ; H7[2]       ; 7.341  ; 7.341  ; 7.341  ; 7.341  ;
; SW[9]      ; H7[3]       ; 7.343  ; 7.343  ; 7.343  ; 7.343  ;
; SW[9]      ; H7[4]       ; 7.380  ; 7.380  ; 7.380  ; 7.380  ;
; SW[9]      ; H7[5]       ; 7.495  ; 7.495  ; 7.495  ; 7.495  ;
; SW[9]      ; H7[6]       ; 7.188  ; 7.188  ; 7.188  ; 7.188  ;
; SW[9]      ; LEDR[0]     ; 5.080  ;        ;        ; 5.080  ;
; SW[10]     ; H2[0]       ; 6.371  ; 6.371  ; 6.371  ; 6.371  ;
; SW[10]     ; H2[1]       ; 6.324  ; 6.324  ; 6.324  ; 6.324  ;
; SW[10]     ; H2[2]       ; 6.391  ; 6.391  ; 6.391  ; 6.391  ;
; SW[10]     ; H2[3]       ; 6.374  ; 6.374  ; 6.374  ; 6.374  ;
; SW[10]     ; H2[4]       ; 6.254  ; 6.254  ; 6.254  ; 6.254  ;
; SW[10]     ; H2[5]       ; 6.231  ; 6.231  ; 6.231  ; 6.231  ;
; SW[10]     ; H2[6]       ; 6.246  ; 6.246  ; 6.246  ; 6.246  ;
; SW[10]     ; H3[0]       ; 6.632  ; 6.632  ; 6.632  ; 6.632  ;
; SW[10]     ; H3[1]       ; 6.645  ; 6.645  ; 6.645  ; 6.645  ;
; SW[10]     ; H3[2]       ; 6.670  ; 6.670  ; 6.670  ; 6.670  ;
; SW[10]     ; H3[3]       ; 6.672  ; 6.672  ; 6.672  ; 6.672  ;
; SW[10]     ; H3[4]       ; 6.669  ; 6.669  ; 6.669  ; 6.669  ;
; SW[10]     ; H3[5]       ; 6.644  ; 6.644  ; 6.644  ; 6.644  ;
; SW[10]     ; H3[6]       ; 6.639  ; 6.639  ; 6.639  ; 6.639  ;
; SW[10]     ; H4[0]       ; 7.721  ; 7.721  ; 7.721  ; 7.721  ;
; SW[10]     ; H4[1]       ; 7.722  ; 7.722  ; 7.722  ; 7.722  ;
; SW[10]     ; H4[2]       ; 7.667  ; 7.667  ; 7.667  ; 7.667  ;
; SW[10]     ; H4[3]       ; 7.584  ; 7.584  ; 7.584  ; 7.584  ;
; SW[10]     ; H4[4]       ; 7.600  ; 7.600  ; 7.600  ; 7.600  ;
; SW[10]     ; H4[5]       ; 7.606  ; 7.606  ; 7.606  ; 7.606  ;
; SW[10]     ; H4[6]       ; 7.678  ; 7.678  ; 7.678  ; 7.678  ;
; SW[10]     ; H5[0]       ; 7.070  ; 7.070  ; 7.070  ; 7.070  ;
; SW[10]     ; H5[1]       ; 7.294  ; 7.709  ; 7.709  ; 7.294  ;
; SW[10]     ; H5[2]       ; 7.194  ; 6.698  ; 6.698  ; 7.194  ;
; SW[10]     ; H5[3]       ; 7.301  ; 7.301  ; 7.301  ; 7.301  ;
; SW[10]     ; H5[4]       ; 6.683  ; 7.183  ; 7.183  ; 6.683  ;
; SW[10]     ; H5[5]       ; 7.491  ; 7.083  ; 7.083  ; 7.491  ;
; SW[10]     ; H5[6]       ; 6.545  ; 6.545  ; 6.545  ; 6.545  ;
; SW[10]     ; H6[0]       ; 7.557  ; 7.557  ; 7.557  ; 7.557  ;
; SW[10]     ; H6[1]       ; 7.556  ; 7.556  ; 7.556  ; 7.556  ;
; SW[10]     ; H6[2]       ; 7.553  ; 7.553  ; 7.553  ; 7.553  ;
; SW[10]     ; H6[3]       ; 7.267  ; 7.267  ; 7.267  ; 7.267  ;
; SW[10]     ; H6[4]       ; 7.263  ; 7.263  ; 7.263  ; 7.263  ;
; SW[10]     ; H6[5]       ; 7.249  ; 7.249  ; 7.249  ; 7.249  ;
; SW[10]     ; H6[6]       ; 7.239  ; 7.239  ; 7.239  ; 7.239  ;
; SW[10]     ; H7[0]       ; 7.466  ; 7.466  ; 7.466  ; 7.466  ;
; SW[10]     ; H7[2]       ; 7.434  ; 7.434  ; 7.434  ; 7.434  ;
; SW[10]     ; H7[3]       ; 7.436  ; 7.436  ; 7.436  ; 7.436  ;
; SW[10]     ; H7[4]       ; 7.473  ; 7.473  ; 7.473  ; 7.473  ;
; SW[10]     ; H7[5]       ; 7.588  ; 7.588  ; 7.588  ; 7.588  ;
; SW[10]     ; H7[6]       ; 7.281  ; 7.281  ; 7.281  ; 7.281  ;
; SW[10]     ; LEDR[0]     ; 5.173  ;        ;        ; 5.173  ;
; SW[11]     ; H2[0]       ; 6.641  ; 6.641  ; 6.641  ; 6.641  ;
; SW[11]     ; H2[1]       ; 6.594  ; 6.594  ; 6.594  ; 6.594  ;
; SW[11]     ; H2[2]       ; 6.661  ; 6.661  ; 6.661  ; 6.661  ;
; SW[11]     ; H2[3]       ; 6.644  ; 6.644  ; 6.644  ; 6.644  ;
; SW[11]     ; H2[4]       ; 6.524  ; 6.524  ; 6.524  ; 6.524  ;
; SW[11]     ; H2[5]       ; 6.501  ; 6.501  ; 6.501  ; 6.501  ;
; SW[11]     ; H2[6]       ; 6.516  ; 6.516  ; 6.516  ; 6.516  ;
; SW[11]     ; H3[0]       ; 6.902  ; 6.902  ; 6.902  ; 6.902  ;
; SW[11]     ; H3[1]       ; 6.915  ; 6.915  ; 6.915  ; 6.915  ;
; SW[11]     ; H3[2]       ; 6.940  ; 6.940  ; 6.940  ; 6.940  ;
; SW[11]     ; H3[3]       ; 6.942  ; 6.942  ; 6.942  ; 6.942  ;
; SW[11]     ; H3[4]       ; 6.939  ; 6.939  ; 6.939  ; 6.939  ;
; SW[11]     ; H3[5]       ; 6.914  ; 6.914  ; 6.914  ; 6.914  ;
; SW[11]     ; H3[6]       ; 6.909  ; 6.909  ; 6.909  ; 6.909  ;
; SW[11]     ; H4[0]       ; 7.991  ; 7.991  ; 7.991  ; 7.991  ;
; SW[11]     ; H4[1]       ; 7.992  ; 7.992  ; 7.992  ; 7.992  ;
; SW[11]     ; H4[2]       ; 7.937  ; 7.937  ; 7.937  ; 7.937  ;
; SW[11]     ; H4[3]       ; 7.854  ; 7.854  ; 7.854  ; 7.854  ;
; SW[11]     ; H4[4]       ; 7.870  ; 7.870  ; 7.870  ; 7.870  ;
; SW[11]     ; H4[5]       ; 7.876  ; 7.876  ; 7.876  ; 7.876  ;
; SW[11]     ; H4[6]       ; 7.948  ; 7.948  ; 7.948  ; 7.948  ;
; SW[11]     ; H5[0]       ; 7.319  ; 7.319  ; 7.319  ; 7.319  ;
; SW[11]     ; H5[1]       ; 7.543  ; 7.836  ; 7.836  ; 7.543  ;
; SW[11]     ; H5[2]       ; 7.230  ; 6.947  ; 6.947  ; 7.230  ;
; SW[11]     ; H5[3]       ; 7.550  ; 7.550  ; 7.550  ; 7.550  ;
; SW[11]     ; H5[4]       ; 6.932  ; 7.219  ; 7.219  ; 6.932  ;
; SW[11]     ; H5[5]       ; 7.616  ; 7.332  ; 7.332  ; 7.616  ;
; SW[11]     ; H5[6]       ; 6.794  ; 6.794  ; 6.794  ; 6.794  ;
; SW[11]     ; H6[0]       ; 7.827  ; 7.827  ; 7.827  ; 7.827  ;
; SW[11]     ; H6[1]       ; 7.826  ; 7.826  ; 7.826  ; 7.826  ;
; SW[11]     ; H6[2]       ; 7.823  ; 7.823  ; 7.823  ; 7.823  ;
; SW[11]     ; H6[3]       ; 7.537  ; 7.537  ; 7.537  ; 7.537  ;
; SW[11]     ; H6[4]       ; 7.533  ; 7.533  ; 7.533  ; 7.533  ;
; SW[11]     ; H6[5]       ; 7.519  ; 7.519  ; 7.519  ; 7.519  ;
; SW[11]     ; H6[6]       ; 7.509  ; 7.509  ; 7.509  ; 7.509  ;
; SW[11]     ; H7[0]       ; 7.736  ; 7.736  ; 7.736  ; 7.736  ;
; SW[11]     ; H7[2]       ; 7.704  ; 7.704  ; 7.704  ; 7.704  ;
; SW[11]     ; H7[3]       ; 7.706  ; 7.706  ; 7.706  ; 7.706  ;
; SW[11]     ; H7[4]       ; 7.743  ; 7.743  ; 7.743  ; 7.743  ;
; SW[11]     ; H7[5]       ; 7.858  ; 7.858  ; 7.858  ; 7.858  ;
; SW[11]     ; H7[6]       ; 7.551  ; 7.551  ; 7.551  ; 7.551  ;
; SW[11]     ; LEDR[0]     ; 5.443  ;        ;        ; 5.443  ;
; SW[12]     ; H6[0]       ; 6.515  ; 6.515  ; 6.515  ; 6.515  ;
; SW[12]     ; H6[1]       ; 6.513  ; 6.513  ; 6.513  ; 6.513  ;
; SW[12]     ; H6[2]       ;        ; 6.510  ; 6.510  ;        ;
; SW[12]     ; H6[3]       ; 6.225  ; 6.225  ; 6.225  ; 6.225  ;
; SW[12]     ; H6[4]       ; 6.220  ;        ;        ; 6.220  ;
; SW[12]     ; H6[5]       ; 6.206  ;        ;        ; 6.206  ;
; SW[12]     ; H6[6]       ; 6.197  ;        ;        ; 6.197  ;
; SW[13]     ; H6[0]       ; 8.908  ; 8.908  ; 8.908  ; 8.908  ;
; SW[13]     ; H6[1]       ; 8.907  ; 8.907  ; 8.907  ; 8.907  ;
; SW[13]     ; H6[2]       ; 8.904  ; 9.307  ; 9.307  ; 8.904  ;
; SW[13]     ; H6[3]       ; 8.618  ; 8.618  ; 8.618  ; 8.618  ;
; SW[13]     ; H6[4]       ; 8.614  ; 8.614  ; 8.614  ; 8.614  ;
; SW[13]     ; H6[5]       ; 8.600  ; 9.003  ; 9.003  ; 8.600  ;
; SW[13]     ; H6[6]       ; 8.590  ; 8.590  ; 8.590  ; 8.590  ;
; SW[13]     ; H7[0]       ; 9.108  ;        ;        ; 9.108  ;
; SW[13]     ; H7[2]       ;        ; 9.082  ; 9.082  ;        ;
; SW[13]     ; H7[3]       ; 9.078  ;        ;        ; 9.078  ;
; SW[13]     ; H7[4]       ; 8.824  ;        ;        ; 8.824  ;
; SW[13]     ; H7[5]       ; 9.256  ;        ;        ; 9.256  ;
; SW[14]     ; H6[0]       ; 9.777  ; 9.777  ; 9.777  ; 9.777  ;
; SW[14]     ; H6[1]       ; 9.783  ; 9.952  ; 9.952  ; 9.783  ;
; SW[14]     ; H6[2]       ; 9.784  ; 9.784  ; 9.784  ; 9.784  ;
; SW[14]     ; H6[3]       ; 9.493  ; 9.493  ; 9.493  ; 9.493  ;
; SW[14]     ; H6[4]       ; 9.490  ; 9.659  ; 9.659  ; 9.490  ;
; SW[14]     ; H6[5]       ; 9.470  ; 9.470  ; 9.470  ; 9.470  ;
; SW[14]     ; H6[6]       ; 9.473  ; 9.473  ; 9.473  ; 9.473  ;
; SW[14]     ; H7[0]       ; 9.635  ; 9.510  ; 9.510  ; 9.635  ;
; SW[14]     ; H7[2]       ; 9.478  ; 9.609  ; 9.609  ; 9.478  ;
; SW[14]     ; H7[3]       ; 9.605  ; 9.480  ; 9.480  ; 9.605  ;
; SW[14]     ; H7[4]       ; 9.351  ; 9.823  ; 9.823  ; 9.351  ;
; SW[14]     ; H7[5]       ; 9.632  ; 10.255 ; 10.255 ; 9.632  ;
; SW[14]     ; H7[6]       ;        ; 9.325  ; 9.325  ;        ;
; SW[15]     ; H2[0]       ; 8.465  ; 8.465  ; 8.465  ; 8.465  ;
; SW[15]     ; H2[1]       ; 8.418  ; 8.418  ; 8.418  ; 8.418  ;
; SW[15]     ; H2[2]       ; 8.485  ; 8.485  ; 8.485  ; 8.485  ;
; SW[15]     ; H2[3]       ; 8.468  ; 8.468  ; 8.468  ; 8.468  ;
; SW[15]     ; H2[4]       ; 8.348  ; 8.348  ; 8.348  ; 8.348  ;
; SW[15]     ; H2[5]       ; 8.325  ; 8.325  ; 8.325  ; 8.325  ;
; SW[15]     ; H2[6]       ; 8.340  ; 8.340  ; 8.340  ; 8.340  ;
; SW[15]     ; H3[0]       ; 8.726  ; 8.726  ; 8.726  ; 8.726  ;
; SW[15]     ; H3[1]       ; 8.739  ; 8.739  ; 8.739  ; 8.739  ;
; SW[15]     ; H3[2]       ; 8.764  ; 8.764  ; 8.764  ; 8.764  ;
; SW[15]     ; H3[3]       ; 8.766  ; 8.766  ; 8.766  ; 8.766  ;
; SW[15]     ; H3[4]       ; 8.763  ; 8.763  ; 8.763  ; 8.763  ;
; SW[15]     ; H3[5]       ; 8.738  ; 8.738  ; 8.738  ; 8.738  ;
; SW[15]     ; H3[6]       ; 8.733  ; 8.733  ; 8.733  ; 8.733  ;
; SW[15]     ; H4[0]       ; 9.815  ; 9.815  ; 9.815  ; 9.815  ;
; SW[15]     ; H4[1]       ; 9.816  ; 9.816  ; 9.816  ; 9.816  ;
; SW[15]     ; H4[2]       ; 9.761  ; 9.761  ; 9.761  ; 9.761  ;
; SW[15]     ; H4[3]       ; 9.678  ; 9.678  ; 9.678  ; 9.678  ;
; SW[15]     ; H4[4]       ; 9.694  ; 9.694  ; 9.694  ; 9.694  ;
; SW[15]     ; H4[5]       ; 9.700  ; 9.700  ; 9.700  ; 9.700  ;
; SW[15]     ; H4[6]       ; 9.772  ; 9.772  ; 9.772  ; 9.772  ;
; SW[15]     ; H5[0]       ; 9.946  ; 9.946  ; 9.946  ; 9.946  ;
; SW[15]     ; H5[1]       ; 10.170 ; 10.170 ; 10.170 ; 10.170 ;
; SW[15]     ; H5[2]       ; 9.574  ; 9.574  ; 9.574  ; 9.574  ;
; SW[15]     ; H5[3]       ; 10.177 ; 10.177 ; 10.177 ; 10.177 ;
; SW[15]     ; H5[4]       ; 9.559  ; 9.559  ; 9.559  ; 9.559  ;
; SW[15]     ; H5[5]       ; 9.959  ; 9.959  ; 9.959  ; 9.959  ;
; SW[15]     ; H5[6]       ; 9.421  ; 9.421  ; 9.421  ; 9.421  ;
; SW[15]     ; H6[0]       ; 9.562  ; 9.562  ; 9.562  ; 9.562  ;
; SW[15]     ; H6[1]       ; 9.562  ; 9.650  ; 9.650  ; 9.562  ;
; SW[15]     ; H6[2]       ; 9.563  ; 9.647  ; 9.647  ; 9.563  ;
; SW[15]     ; H6[3]       ; 9.274  ; 9.274  ; 9.274  ; 9.274  ;
; SW[15]     ; H6[4]       ; 9.272  ; 9.357  ; 9.357  ; 9.272  ;
; SW[15]     ; H6[5]       ; 9.249  ; 9.249  ; 9.249  ; 9.249  ;
; SW[15]     ; H6[6]       ; 9.251  ; 9.251  ; 9.251  ; 9.251  ;
; SW[15]     ; H7[0]       ; 9.435  ; 9.134  ; 9.134  ; 9.435  ;
; SW[15]     ; H7[2]       ; 9.102  ; 9.409  ; 9.409  ; 9.102  ;
; SW[15]     ; H7[3]       ; 9.405  ; 9.104  ; 9.104  ; 9.405  ;
; SW[15]     ; H7[4]       ; 9.151  ; 9.344  ; 9.344  ; 9.151  ;
; SW[15]     ; H7[5]       ; 9.256  ; 9.682  ; 9.682  ; 9.256  ;
; SW[15]     ; H7[6]       ; 9.375  ; 8.949  ; 8.949  ; 9.375  ;
; SW[15]     ; LEDR[0]     ; 7.267  ;        ;        ; 7.267  ;
; SW[16]     ; H2[0]       ; 7.923  ; 7.923  ; 7.923  ; 7.923  ;
; SW[16]     ; H2[1]       ; 7.876  ; 7.876  ; 7.876  ; 7.876  ;
; SW[16]     ; H2[2]       ; 7.943  ; 7.943  ; 7.943  ; 7.943  ;
; SW[16]     ; H2[3]       ; 7.926  ; 7.926  ; 7.926  ; 7.926  ;
; SW[16]     ; H2[4]       ; 7.806  ; 7.806  ; 7.806  ; 7.806  ;
; SW[16]     ; H2[5]       ; 7.783  ; 7.783  ; 7.783  ; 7.783  ;
; SW[16]     ; H2[6]       ; 7.798  ; 7.798  ; 7.798  ; 7.798  ;
; SW[16]     ; H3[0]       ; 8.184  ; 8.184  ; 8.184  ; 8.184  ;
; SW[16]     ; H3[1]       ; 8.197  ; 8.197  ; 8.197  ; 8.197  ;
; SW[16]     ; H3[2]       ; 8.222  ; 8.222  ; 8.222  ; 8.222  ;
; SW[16]     ; H3[3]       ; 8.224  ; 8.224  ; 8.224  ; 8.224  ;
; SW[16]     ; H3[4]       ; 8.221  ; 8.221  ; 8.221  ; 8.221  ;
; SW[16]     ; H3[5]       ; 8.196  ; 8.196  ; 8.196  ; 8.196  ;
; SW[16]     ; H3[6]       ; 8.191  ; 8.191  ; 8.191  ; 8.191  ;
; SW[16]     ; H4[0]       ; 9.273  ; 9.273  ; 9.273  ; 9.273  ;
; SW[16]     ; H4[1]       ; 9.274  ; 9.274  ; 9.274  ; 9.274  ;
; SW[16]     ; H4[2]       ; 9.219  ; 9.219  ; 9.219  ; 9.219  ;
; SW[16]     ; H4[3]       ; 9.136  ; 9.136  ; 9.136  ; 9.136  ;
; SW[16]     ; H4[4]       ; 9.152  ; 9.152  ; 9.152  ; 9.152  ;
; SW[16]     ; H4[5]       ; 9.158  ; 9.158  ; 9.158  ; 9.158  ;
; SW[16]     ; H4[6]       ; 9.230  ; 9.230  ; 9.230  ; 9.230  ;
; SW[16]     ; H5[0]       ; 9.404  ; 9.404  ; 9.404  ; 9.404  ;
; SW[16]     ; H5[1]       ; 9.628  ; 9.628  ; 9.628  ; 9.628  ;
; SW[16]     ; H5[2]       ; 9.032  ; 9.032  ; 9.032  ; 9.032  ;
; SW[16]     ; H5[3]       ; 9.635  ; 9.635  ; 9.635  ; 9.635  ;
; SW[16]     ; H5[4]       ; 9.017  ; 9.017  ; 9.017  ; 9.017  ;
; SW[16]     ; H5[5]       ; 9.417  ; 9.417  ; 9.417  ; 9.417  ;
; SW[16]     ; H5[6]       ; 8.879  ; 8.879  ; 8.879  ; 8.879  ;
; SW[16]     ; H6[0]       ; 9.109  ; 9.109  ; 9.109  ; 9.109  ;
; SW[16]     ; H6[1]       ; 9.108  ; 9.108  ; 9.108  ; 9.108  ;
; SW[16]     ; H6[2]       ; 9.105  ; 9.105  ; 9.105  ; 9.105  ;
; SW[16]     ; H6[3]       ; 8.819  ; 8.819  ; 8.819  ; 8.819  ;
; SW[16]     ; H6[4]       ; 8.815  ; 8.815  ; 8.815  ; 8.815  ;
; SW[16]     ; H6[5]       ; 8.801  ; 8.801  ; 8.801  ; 8.801  ;
; SW[16]     ; H6[6]       ; 8.791  ; 8.791  ; 8.791  ; 8.791  ;
; SW[16]     ; H7[0]       ; 9.018  ; 9.018  ; 9.018  ; 9.018  ;
; SW[16]     ; H7[2]       ; 8.986  ; 8.986  ; 8.986  ; 8.986  ;
; SW[16]     ; H7[3]       ; 8.988  ; 8.988  ; 8.988  ; 8.988  ;
; SW[16]     ; H7[4]       ; 9.025  ; 9.025  ; 9.025  ; 9.025  ;
; SW[16]     ; H7[5]       ; 9.140  ; 9.140  ; 9.140  ; 9.140  ;
; SW[16]     ; H7[6]       ; 8.833  ; 8.833  ; 8.833  ; 8.833  ;
; SW[16]     ; LEDR[0]     ; 6.725  ;        ;        ; 6.725  ;
+------------+-------------+--------+--------+--------+--------+


+---------------------------------------------------------------------------------+
; Multicorner Timing Analysis Summary                                             ;
+------------------+----------+--------+----------+---------+---------------------+
; Clock            ; Setup    ; Hold   ; Recovery ; Removal ; Minimum Pulse Width ;
+------------------+----------+--------+----------+---------+---------------------+
; Worst-case Slack ; -4.507   ; -0.398 ; 0.012    ; -0.140  ; -1.380              ;
;  CLK             ; -3.363   ; -0.398 ; 0.012    ; -0.140  ; -1.380              ;
;  KEY[0]          ; -4.507   ; 0.286  ; N/A      ; N/A     ; -1.222              ;
; Design-wide TNS  ; -143.572 ; -4.027 ; 0.0      ; -4.906  ; -45.602             ;
;  CLK             ; -96.530  ; -4.027 ; 0.000    ; -4.906  ; -44.380             ;
;  KEY[0]          ; -47.042  ; 0.000  ; N/A      ; N/A     ; -1.222              ;
+------------------+----------+--------+----------+---------+---------------------+


+-------------------------------------------------------------------------+
; Setup Times                                                             ;
+-----------+------------+--------+--------+------------+-----------------+
; Data Port ; Clock Port ; Rise   ; Fall   ; Clock Edge ; Clock Reference ;
+-----------+------------+--------+--------+------------+-----------------+
; KEY[*]    ; CLK        ; 3.082  ; 3.082  ; Rise       ; CLK             ;
;  KEY[0]   ; CLK        ; 3.082  ; 3.082  ; Rise       ; CLK             ;
; SW[*]     ; CLK        ; 11.728 ; 11.728 ; Rise       ; CLK             ;
;  SW[0]    ; CLK        ; 4.865  ; 4.865  ; Rise       ; CLK             ;
;  SW[1]    ; CLK        ; 3.741  ; 3.741  ; Rise       ; CLK             ;
;  SW[2]    ; CLK        ; 7.414  ; 7.414  ; Rise       ; CLK             ;
;  SW[3]    ; CLK        ; 8.903  ; 8.903  ; Rise       ; CLK             ;
;  SW[4]    ; CLK        ; 8.723  ; 8.723  ; Rise       ; CLK             ;
;  SW[5]    ; CLK        ; 8.918  ; 8.918  ; Rise       ; CLK             ;
;  SW[6]    ; CLK        ; 5.011  ; 5.011  ; Rise       ; CLK             ;
;  SW[7]    ; CLK        ; 5.128  ; 5.128  ; Rise       ; CLK             ;
;  SW[8]    ; CLK        ; 7.931  ; 7.931  ; Rise       ; CLK             ;
;  SW[9]    ; CLK        ; 8.317  ; 8.317  ; Rise       ; CLK             ;
;  SW[10]   ; CLK        ; 8.529  ; 8.529  ; Rise       ; CLK             ;
;  SW[11]   ; CLK        ; 9.016  ; 9.016  ; Rise       ; CLK             ;
;  SW[12]   ; CLK        ; 4.327  ; 4.327  ; Rise       ; CLK             ;
;  SW[13]   ; CLK        ; 9.491  ; 9.491  ; Rise       ; CLK             ;
;  SW[14]   ; CLK        ; 9.127  ; 9.127  ; Rise       ; CLK             ;
;  SW[15]   ; CLK        ; 11.728 ; 11.728 ; Rise       ; CLK             ;
;  SW[16]   ; CLK        ; 10.643 ; 10.643 ; Rise       ; CLK             ;
; KEY[*]    ; KEY[0]     ; 4.260  ; 4.260  ; Rise       ; KEY[0]          ;
;  KEY[0]   ; KEY[0]     ; 4.260  ; 4.260  ; Rise       ; KEY[0]          ;
; SW[*]     ; KEY[0]     ; 8.665  ; 8.665  ; Rise       ; KEY[0]          ;
;  SW[0]    ; KEY[0]     ; 1.460  ; 1.460  ; Rise       ; KEY[0]          ;
;  SW[1]    ; KEY[0]     ; 1.288  ; 1.288  ; Rise       ; KEY[0]          ;
;  SW[2]    ; KEY[0]     ; 4.351  ; 4.351  ; Rise       ; KEY[0]          ;
;  SW[3]    ; KEY[0]     ; 5.840  ; 5.840  ; Rise       ; KEY[0]          ;
;  SW[4]    ; KEY[0]     ; 5.660  ; 5.660  ; Rise       ; KEY[0]          ;
;  SW[5]    ; KEY[0]     ; 5.855  ; 5.855  ; Rise       ; KEY[0]          ;
;  SW[6]    ; KEY[0]     ; 2.530  ; 2.530  ; Rise       ; KEY[0]          ;
;  SW[7]    ; KEY[0]     ; 2.425  ; 2.425  ; Rise       ; KEY[0]          ;
;  SW[8]    ; KEY[0]     ; 4.868  ; 4.868  ; Rise       ; KEY[0]          ;
;  SW[9]    ; KEY[0]     ; 5.254  ; 5.254  ; Rise       ; KEY[0]          ;
;  SW[10]   ; KEY[0]     ; 5.466  ; 5.466  ; Rise       ; KEY[0]          ;
;  SW[11]   ; KEY[0]     ; 5.953  ; 5.953  ; Rise       ; KEY[0]          ;
;  SW[12]   ; KEY[0]     ; 2.556  ; 2.556  ; Rise       ; KEY[0]          ;
;  SW[13]   ; KEY[0]     ; 6.945  ; 6.945  ; Rise       ; KEY[0]          ;
;  SW[14]   ; KEY[0]     ; 7.269  ; 7.269  ; Rise       ; KEY[0]          ;
;  SW[15]   ; KEY[0]     ; 8.665  ; 8.665  ; Rise       ; KEY[0]          ;
;  SW[16]   ; KEY[0]     ; 7.580  ; 7.580  ; Rise       ; KEY[0]          ;
+-----------+------------+--------+--------+------------+-----------------+


+-------------------------------------------------------------------------+
; Hold Times                                                              ;
+-----------+------------+--------+--------+------------+-----------------+
; Data Port ; Clock Port ; Rise   ; Fall   ; Clock Edge ; Clock Reference ;
+-----------+------------+--------+--------+------------+-----------------+
; KEY[*]    ; CLK        ; -0.315 ; -0.315 ; Rise       ; CLK             ;
;  KEY[0]   ; CLK        ; -0.315 ; -0.315 ; Rise       ; CLK             ;
; SW[*]     ; CLK        ; -0.798 ; -0.798 ; Rise       ; CLK             ;
;  SW[0]    ; CLK        ; -1.223 ; -1.223 ; Rise       ; CLK             ;
;  SW[1]    ; CLK        ; -0.798 ; -0.798 ; Rise       ; CLK             ;
;  SW[2]    ; CLK        ; -0.927 ; -0.927 ; Rise       ; CLK             ;
;  SW[3]    ; CLK        ; -1.745 ; -1.745 ; Rise       ; CLK             ;
;  SW[4]    ; CLK        ; -1.662 ; -1.662 ; Rise       ; CLK             ;
;  SW[5]    ; CLK        ; -1.574 ; -1.574 ; Rise       ; CLK             ;
;  SW[6]    ; CLK        ; -1.314 ; -1.314 ; Rise       ; CLK             ;
;  SW[7]    ; CLK        ; -1.461 ; -1.461 ; Rise       ; CLK             ;
;  SW[8]    ; CLK        ; -1.320 ; -1.320 ; Rise       ; CLK             ;
;  SW[9]    ; CLK        ; -1.444 ; -1.444 ; Rise       ; CLK             ;
;  SW[10]   ; CLK        ; -1.607 ; -1.607 ; Rise       ; CLK             ;
;  SW[11]   ; CLK        ; -1.817 ; -1.817 ; Rise       ; CLK             ;
;  SW[12]   ; CLK        ; -1.395 ; -1.395 ; Rise       ; CLK             ;
;  SW[13]   ; CLK        ; -4.411 ; -4.411 ; Rise       ; CLK             ;
;  SW[14]   ; CLK        ; -4.258 ; -4.258 ; Rise       ; CLK             ;
;  SW[15]   ; CLK        ; -4.173 ; -4.173 ; Rise       ; CLK             ;
;  SW[16]   ; CLK        ; -3.744 ; -3.744 ; Rise       ; CLK             ;
; KEY[*]    ; KEY[0]     ; -0.286 ; -0.286 ; Rise       ; KEY[0]          ;
;  KEY[0]   ; KEY[0]     ; -0.286 ; -0.286 ; Rise       ; KEY[0]          ;
; SW[*]     ; KEY[0]     ; -0.124 ; -0.124 ; Rise       ; KEY[0]          ;
;  SW[0]    ; KEY[0]     ; -0.186 ; -0.186 ; Rise       ; KEY[0]          ;
;  SW[1]    ; KEY[0]     ; -0.124 ; -0.124 ; Rise       ; KEY[0]          ;
;  SW[2]    ; KEY[0]     ; -0.300 ; -0.300 ; Rise       ; KEY[0]          ;
;  SW[3]    ; KEY[0]     ; -0.849 ; -0.849 ; Rise       ; KEY[0]          ;
;  SW[4]    ; KEY[0]     ; -0.854 ; -0.854 ; Rise       ; KEY[0]          ;
;  SW[5]    ; KEY[0]     ; -0.896 ; -0.896 ; Rise       ; KEY[0]          ;
;  SW[6]    ; KEY[0]     ; -0.791 ; -0.791 ; Rise       ; KEY[0]          ;
;  SW[7]    ; KEY[0]     ; -0.705 ; -0.705 ; Rise       ; KEY[0]          ;
;  SW[8]    ; KEY[0]     ; -0.723 ; -0.723 ; Rise       ; KEY[0]          ;
;  SW[9]    ; KEY[0]     ; -0.894 ; -0.894 ; Rise       ; KEY[0]          ;
;  SW[10]   ; KEY[0]     ; -0.978 ; -0.978 ; Rise       ; KEY[0]          ;
;  SW[11]   ; KEY[0]     ; -1.076 ; -1.076 ; Rise       ; KEY[0]          ;
;  SW[12]   ; KEY[0]     ; -0.784 ; -0.784 ; Rise       ; KEY[0]          ;
;  SW[13]   ; KEY[0]     ; -3.378 ; -3.378 ; Rise       ; KEY[0]          ;
;  SW[14]   ; KEY[0]     ; -3.554 ; -3.554 ; Rise       ; KEY[0]          ;
;  SW[15]   ; KEY[0]     ; -3.437 ; -3.437 ; Rise       ; KEY[0]          ;
;  SW[16]   ; KEY[0]     ; -3.074 ; -3.074 ; Rise       ; KEY[0]          ;
+-----------+------------+--------+--------+------------+-----------------+


+-------------------------------------------------------------------------+
; Clock to Output Times                                                   ;
+-----------+------------+--------+--------+------------+-----------------+
; Data Port ; Clock Port ; Rise   ; Fall   ; Clock Edge ; Clock Reference ;
+-----------+------------+--------+--------+------------+-----------------+
; H2[*]     ; CLK        ; 16.273 ; 16.273 ; Rise       ; CLK             ;
;  H2[0]    ; CLK        ; 16.231 ; 16.231 ; Rise       ; CLK             ;
;  H2[1]    ; CLK        ; 16.194 ; 16.194 ; Rise       ; CLK             ;
;  H2[2]    ; CLK        ; 16.273 ; 16.273 ; Rise       ; CLK             ;
;  H2[3]    ; CLK        ; 16.242 ; 16.242 ; Rise       ; CLK             ;
;  H2[4]    ; CLK        ; 15.987 ; 15.987 ; Rise       ; CLK             ;
;  H2[5]    ; CLK        ; 15.941 ; 15.941 ; Rise       ; CLK             ;
;  H2[6]    ; CLK        ; 15.967 ; 15.967 ; Rise       ; CLK             ;
; H3[*]     ; CLK        ; 16.150 ; 16.150 ; Rise       ; CLK             ;
;  H3[0]    ; CLK        ; 16.077 ; 16.077 ; Rise       ; CLK             ;
;  H3[1]    ; CLK        ; 16.128 ; 16.128 ; Rise       ; CLK             ;
;  H3[2]    ; CLK        ; 16.119 ; 16.119 ; Rise       ; CLK             ;
;  H3[3]    ; CLK        ; 16.134 ; 16.134 ; Rise       ; CLK             ;
;  H3[4]    ; CLK        ; 16.150 ; 16.150 ; Rise       ; CLK             ;
;  H3[5]    ; CLK        ; 16.140 ; 16.140 ; Rise       ; CLK             ;
;  H3[6]    ; CLK        ; 16.135 ; 16.135 ; Rise       ; CLK             ;
; H4[*]     ; CLK        ; 19.054 ; 19.054 ; Rise       ; CLK             ;
;  H4[0]    ; CLK        ; 19.054 ; 19.054 ; Rise       ; CLK             ;
;  H4[1]    ; CLK        ; 19.050 ; 19.050 ; Rise       ; CLK             ;
;  H4[2]    ; CLK        ; 18.934 ; 18.934 ; Rise       ; CLK             ;
;  H4[3]    ; CLK        ; 18.763 ; 18.763 ; Rise       ; CLK             ;
;  H4[4]    ; CLK        ; 18.770 ; 18.770 ; Rise       ; CLK             ;
;  H4[5]    ; CLK        ; 18.784 ; 18.784 ; Rise       ; CLK             ;
;  H4[6]    ; CLK        ; 18.942 ; 18.942 ; Rise       ; CLK             ;
; H5[*]     ; CLK        ; 19.123 ; 19.123 ; Rise       ; CLK             ;
;  H5[0]    ; CLK        ; 18.848 ; 18.848 ; Rise       ; CLK             ;
;  H5[1]    ; CLK        ; 18.980 ; 18.980 ; Rise       ; CLK             ;
;  H5[2]    ; CLK        ; 17.887 ; 17.887 ; Rise       ; CLK             ;
;  H5[3]    ; CLK        ; 19.123 ; 19.123 ; Rise       ; CLK             ;
;  H5[4]    ; CLK        ; 17.929 ; 17.929 ; Rise       ; CLK             ;
;  H5[5]    ; CLK        ; 18.563 ; 18.563 ; Rise       ; CLK             ;
;  H5[6]    ; CLK        ; 17.625 ; 17.625 ; Rise       ; CLK             ;
; H6[*]     ; CLK        ; 16.514 ; 16.514 ; Rise       ; CLK             ;
;  H6[0]    ; CLK        ; 16.504 ; 16.504 ; Rise       ; CLK             ;
;  H6[1]    ; CLK        ; 16.513 ; 16.513 ; Rise       ; CLK             ;
;  H6[2]    ; CLK        ; 16.514 ; 16.514 ; Rise       ; CLK             ;
;  H6[3]    ; CLK        ; 15.923 ; 15.923 ; Rise       ; CLK             ;
;  H6[4]    ; CLK        ; 15.914 ; 15.914 ; Rise       ; CLK             ;
;  H6[5]    ; CLK        ; 15.901 ; 15.901 ; Rise       ; CLK             ;
;  H6[6]    ; CLK        ; 15.902 ; 15.902 ; Rise       ; CLK             ;
; H7[*]     ; CLK        ; 15.508 ; 15.508 ; Rise       ; CLK             ;
;  H7[0]    ; CLK        ; 15.221 ; 15.221 ; Rise       ; CLK             ;
;  H7[2]    ; CLK        ; 15.203 ; 15.203 ; Rise       ; CLK             ;
;  H7[3]    ; CLK        ; 15.191 ; 15.191 ; Rise       ; CLK             ;
;  H7[4]    ; CLK        ; 14.585 ; 14.585 ; Rise       ; CLK             ;
;  H7[5]    ; CLK        ; 15.508 ; 15.508 ; Rise       ; CLK             ;
;  H7[6]    ; CLK        ; 12.619 ; 12.619 ; Rise       ; CLK             ;
; H2[*]     ; KEY[0]     ; 15.878 ; 15.878 ; Rise       ; KEY[0]          ;
;  H2[0]    ; KEY[0]     ; 15.836 ; 15.836 ; Rise       ; KEY[0]          ;
;  H2[1]    ; KEY[0]     ; 15.799 ; 15.799 ; Rise       ; KEY[0]          ;
;  H2[2]    ; KEY[0]     ; 15.878 ; 15.878 ; Rise       ; KEY[0]          ;
;  H2[3]    ; KEY[0]     ; 15.847 ; 15.847 ; Rise       ; KEY[0]          ;
;  H2[4]    ; KEY[0]     ; 15.592 ; 15.592 ; Rise       ; KEY[0]          ;
;  H2[5]    ; KEY[0]     ; 15.546 ; 15.546 ; Rise       ; KEY[0]          ;
;  H2[6]    ; KEY[0]     ; 15.572 ; 15.572 ; Rise       ; KEY[0]          ;
; H3[*]     ; KEY[0]     ; 15.755 ; 15.755 ; Rise       ; KEY[0]          ;
;  H3[0]    ; KEY[0]     ; 15.682 ; 15.682 ; Rise       ; KEY[0]          ;
;  H3[1]    ; KEY[0]     ; 15.733 ; 15.733 ; Rise       ; KEY[0]          ;
;  H3[2]    ; KEY[0]     ; 15.724 ; 15.724 ; Rise       ; KEY[0]          ;
;  H3[3]    ; KEY[0]     ; 15.739 ; 15.739 ; Rise       ; KEY[0]          ;
;  H3[4]    ; KEY[0]     ; 15.755 ; 15.755 ; Rise       ; KEY[0]          ;
;  H3[5]    ; KEY[0]     ; 15.745 ; 15.745 ; Rise       ; KEY[0]          ;
;  H3[6]    ; KEY[0]     ; 15.740 ; 15.740 ; Rise       ; KEY[0]          ;
; H4[*]     ; KEY[0]     ; 18.261 ; 18.261 ; Rise       ; KEY[0]          ;
;  H4[0]    ; KEY[0]     ; 18.261 ; 18.261 ; Rise       ; KEY[0]          ;
;  H4[1]    ; KEY[0]     ; 18.257 ; 18.257 ; Rise       ; KEY[0]          ;
;  H4[2]    ; KEY[0]     ; 18.141 ; 18.141 ; Rise       ; KEY[0]          ;
;  H4[3]    ; KEY[0]     ; 17.970 ; 17.970 ; Rise       ; KEY[0]          ;
;  H4[4]    ; KEY[0]     ; 17.977 ; 17.977 ; Rise       ; KEY[0]          ;
;  H4[5]    ; KEY[0]     ; 17.991 ; 17.991 ; Rise       ; KEY[0]          ;
;  H4[6]    ; KEY[0]     ; 18.149 ; 18.149 ; Rise       ; KEY[0]          ;
; H5[*]     ; KEY[0]     ; 18.380 ; 18.380 ; Rise       ; KEY[0]          ;
;  H5[0]    ; KEY[0]     ; 18.105 ; 18.105 ; Rise       ; KEY[0]          ;
;  H5[1]    ; KEY[0]     ; 18.237 ; 18.237 ; Rise       ; KEY[0]          ;
;  H5[2]    ; KEY[0]     ; 17.144 ; 17.144 ; Rise       ; KEY[0]          ;
;  H5[3]    ; KEY[0]     ; 18.380 ; 18.380 ; Rise       ; KEY[0]          ;
;  H5[4]    ; KEY[0]     ; 17.186 ; 17.186 ; Rise       ; KEY[0]          ;
;  H5[5]    ; KEY[0]     ; 17.820 ; 17.820 ; Rise       ; KEY[0]          ;
;  H5[6]    ; KEY[0]     ; 16.882 ; 16.882 ; Rise       ; KEY[0]          ;
; H6[*]     ; KEY[0]     ; 15.833 ; 15.833 ; Rise       ; KEY[0]          ;
;  H6[0]    ; KEY[0]     ; 15.823 ; 15.823 ; Rise       ; KEY[0]          ;
;  H6[1]    ; KEY[0]     ; 15.832 ; 15.832 ; Rise       ; KEY[0]          ;
;  H6[2]    ; KEY[0]     ; 15.833 ; 15.833 ; Rise       ; KEY[0]          ;
;  H6[3]    ; KEY[0]     ; 15.242 ; 15.242 ; Rise       ; KEY[0]          ;
;  H6[4]    ; KEY[0]     ; 15.233 ; 15.233 ; Rise       ; KEY[0]          ;
;  H6[5]    ; KEY[0]     ; 15.220 ; 15.220 ; Rise       ; KEY[0]          ;
;  H6[6]    ; KEY[0]     ; 15.221 ; 15.221 ; Rise       ; KEY[0]          ;
; H7[*]     ; KEY[0]     ; 14.827 ; 14.827 ; Rise       ; KEY[0]          ;
;  H7[0]    ; KEY[0]     ; 14.540 ; 14.540 ; Rise       ; KEY[0]          ;
;  H7[2]    ; KEY[0]     ; 14.522 ; 14.522 ; Rise       ; KEY[0]          ;
;  H7[3]    ; KEY[0]     ; 14.510 ; 14.510 ; Rise       ; KEY[0]          ;
;  H7[4]    ; KEY[0]     ; 13.904 ; 13.904 ; Rise       ; KEY[0]          ;
;  H7[5]    ; KEY[0]     ; 14.827 ; 14.827 ; Rise       ; KEY[0]          ;
;  H7[6]    ; KEY[0]     ; 11.938 ; 11.938 ; Rise       ; KEY[0]          ;
; H2[*]     ; KEY[0]     ; 15.035 ; 15.035 ; Fall       ; KEY[0]          ;
;  H2[0]    ; KEY[0]     ; 14.993 ; 14.993 ; Fall       ; KEY[0]          ;
;  H2[1]    ; KEY[0]     ; 14.956 ; 14.956 ; Fall       ; KEY[0]          ;
;  H2[2]    ; KEY[0]     ; 15.035 ; 15.035 ; Fall       ; KEY[0]          ;
;  H2[3]    ; KEY[0]     ; 15.004 ; 15.004 ; Fall       ; KEY[0]          ;
;  H2[4]    ; KEY[0]     ; 14.749 ; 14.749 ; Fall       ; KEY[0]          ;
;  H2[5]    ; KEY[0]     ; 14.703 ; 14.703 ; Fall       ; KEY[0]          ;
;  H2[6]    ; KEY[0]     ; 14.729 ; 14.729 ; Fall       ; KEY[0]          ;
; H3[*]     ; KEY[0]     ; 14.912 ; 14.912 ; Fall       ; KEY[0]          ;
;  H3[0]    ; KEY[0]     ; 14.839 ; 14.839 ; Fall       ; KEY[0]          ;
;  H3[1]    ; KEY[0]     ; 14.890 ; 14.890 ; Fall       ; KEY[0]          ;
;  H3[2]    ; KEY[0]     ; 14.881 ; 14.881 ; Fall       ; KEY[0]          ;
;  H3[3]    ; KEY[0]     ; 14.896 ; 14.896 ; Fall       ; KEY[0]          ;
;  H3[4]    ; KEY[0]     ; 14.912 ; 14.912 ; Fall       ; KEY[0]          ;
;  H3[5]    ; KEY[0]     ; 14.902 ; 14.902 ; Fall       ; KEY[0]          ;
;  H3[6]    ; KEY[0]     ; 14.897 ; 14.897 ; Fall       ; KEY[0]          ;
; H4[*]     ; KEY[0]     ; 17.833 ; 17.833 ; Fall       ; KEY[0]          ;
;  H4[0]    ; KEY[0]     ; 17.833 ; 17.833 ; Fall       ; KEY[0]          ;
;  H4[1]    ; KEY[0]     ; 17.829 ; 17.829 ; Fall       ; KEY[0]          ;
;  H4[2]    ; KEY[0]     ; 17.713 ; 17.713 ; Fall       ; KEY[0]          ;
;  H4[3]    ; KEY[0]     ; 17.542 ; 17.542 ; Fall       ; KEY[0]          ;
;  H4[4]    ; KEY[0]     ; 17.549 ; 17.549 ; Fall       ; KEY[0]          ;
;  H4[5]    ; KEY[0]     ; 17.563 ; 17.563 ; Fall       ; KEY[0]          ;
;  H4[6]    ; KEY[0]     ; 17.721 ; 17.721 ; Fall       ; KEY[0]          ;
; H5[*]     ; KEY[0]     ; 17.902 ; 17.902 ; Fall       ; KEY[0]          ;
;  H5[0]    ; KEY[0]     ; 17.627 ; 17.627 ; Fall       ; KEY[0]          ;
;  H5[1]    ; KEY[0]     ; 17.759 ; 17.759 ; Fall       ; KEY[0]          ;
;  H5[2]    ; KEY[0]     ; 16.666 ; 16.666 ; Fall       ; KEY[0]          ;
;  H5[3]    ; KEY[0]     ; 17.902 ; 17.902 ; Fall       ; KEY[0]          ;
;  H5[4]    ; KEY[0]     ; 16.708 ; 16.708 ; Fall       ; KEY[0]          ;
;  H5[5]    ; KEY[0]     ; 17.342 ; 17.342 ; Fall       ; KEY[0]          ;
;  H5[6]    ; KEY[0]     ; 16.404 ; 16.404 ; Fall       ; KEY[0]          ;
; H6[*]     ; KEY[0]     ; 15.558 ; 15.558 ; Fall       ; KEY[0]          ;
;  H6[0]    ; KEY[0]     ; 15.548 ; 15.548 ; Fall       ; KEY[0]          ;
;  H6[1]    ; KEY[0]     ; 15.557 ; 15.557 ; Fall       ; KEY[0]          ;
;  H6[2]    ; KEY[0]     ; 15.558 ; 15.558 ; Fall       ; KEY[0]          ;
;  H6[3]    ; KEY[0]     ; 14.967 ; 14.967 ; Fall       ; KEY[0]          ;
;  H6[4]    ; KEY[0]     ; 14.958 ; 14.958 ; Fall       ; KEY[0]          ;
;  H6[5]    ; KEY[0]     ; 14.945 ; 14.945 ; Fall       ; KEY[0]          ;
;  H6[6]    ; KEY[0]     ; 14.946 ; 14.946 ; Fall       ; KEY[0]          ;
; H7[*]     ; KEY[0]     ; 14.552 ; 14.552 ; Fall       ; KEY[0]          ;
;  H7[0]    ; KEY[0]     ; 14.265 ; 14.265 ; Fall       ; KEY[0]          ;
;  H7[2]    ; KEY[0]     ; 14.247 ; 14.247 ; Fall       ; KEY[0]          ;
;  H7[3]    ; KEY[0]     ; 14.235 ; 14.235 ; Fall       ; KEY[0]          ;
;  H7[4]    ; KEY[0]     ; 13.629 ; 13.629 ; Fall       ; KEY[0]          ;
;  H7[5]    ; KEY[0]     ; 14.552 ; 14.552 ; Fall       ; KEY[0]          ;
;  H7[6]    ; KEY[0]     ; 11.663 ; 11.663 ; Fall       ; KEY[0]          ;
+-----------+------------+--------+--------+------------+-----------------+


+-----------------------------------------------------------------------+
; Minimum Clock to Output Times                                         ;
+-----------+------------+-------+-------+------------+-----------------+
; Data Port ; Clock Port ; Rise  ; Fall  ; Clock Edge ; Clock Reference ;
+-----------+------------+-------+-------+------------+-----------------+
; H2[*]     ; CLK        ; 4.777 ; 4.777 ; Rise       ; CLK             ;
;  H2[0]    ; CLK        ; 4.916 ; 4.916 ; Rise       ; CLK             ;
;  H2[1]    ; CLK        ; 4.868 ; 4.868 ; Rise       ; CLK             ;
;  H2[2]    ; CLK        ; 4.937 ; 4.937 ; Rise       ; CLK             ;
;  H2[3]    ; CLK        ; 4.918 ; 4.918 ; Rise       ; CLK             ;
;  H2[4]    ; CLK        ; 4.799 ; 4.799 ; Rise       ; CLK             ;
;  H2[5]    ; CLK        ; 4.777 ; 4.777 ; Rise       ; CLK             ;
;  H2[6]    ; CLK        ; 4.792 ; 4.792 ; Rise       ; CLK             ;
; H3[*]     ; CLK        ; 5.375 ; 5.375 ; Rise       ; CLK             ;
;  H3[0]    ; CLK        ; 5.375 ; 5.375 ; Rise       ; CLK             ;
;  H3[1]    ; CLK        ; 5.388 ; 5.388 ; Rise       ; CLK             ;
;  H3[2]    ; CLK        ; 5.413 ; 5.413 ; Rise       ; CLK             ;
;  H3[3]    ; CLK        ; 5.415 ; 5.415 ; Rise       ; CLK             ;
;  H3[4]    ; CLK        ; 5.412 ; 5.412 ; Rise       ; CLK             ;
;  H3[5]    ; CLK        ; 5.387 ; 5.387 ; Rise       ; CLK             ;
;  H3[6]    ; CLK        ; 5.382 ; 5.382 ; Rise       ; CLK             ;
; H4[*]     ; CLK        ; 6.357 ; 6.357 ; Rise       ; CLK             ;
;  H4[0]    ; CLK        ; 6.494 ; 6.494 ; Rise       ; CLK             ;
;  H4[1]    ; CLK        ; 6.495 ; 6.495 ; Rise       ; CLK             ;
;  H4[2]    ; CLK        ; 6.440 ; 6.440 ; Rise       ; CLK             ;
;  H4[3]    ; CLK        ; 6.357 ; 6.357 ; Rise       ; CLK             ;
;  H4[4]    ; CLK        ; 6.373 ; 6.373 ; Rise       ; CLK             ;
;  H4[5]    ; CLK        ; 6.379 ; 6.379 ; Rise       ; CLK             ;
;  H4[6]    ; CLK        ; 6.451 ; 6.451 ; Rise       ; CLK             ;
; H5[*]     ; CLK        ; 6.042 ; 6.042 ; Rise       ; CLK             ;
;  H5[0]    ; CLK        ; 6.567 ; 6.567 ; Rise       ; CLK             ;
;  H5[1]    ; CLK        ; 6.791 ; 6.791 ; Rise       ; CLK             ;
;  H5[2]    ; CLK        ; 6.195 ; 6.195 ; Rise       ; CLK             ;
;  H5[3]    ; CLK        ; 6.798 ; 6.798 ; Rise       ; CLK             ;
;  H5[4]    ; CLK        ; 6.180 ; 6.180 ; Rise       ; CLK             ;
;  H5[5]    ; CLK        ; 6.580 ; 6.580 ; Rise       ; CLK             ;
;  H5[6]    ; CLK        ; 6.042 ; 6.042 ; Rise       ; CLK             ;
; H6[*]     ; CLK        ; 5.476 ; 5.476 ; Rise       ; CLK             ;
;  H6[0]    ; CLK        ; 5.794 ; 5.794 ; Rise       ; CLK             ;
;  H6[1]    ; CLK        ; 5.793 ; 5.793 ; Rise       ; CLK             ;
;  H6[2]    ; CLK        ; 5.790 ; 5.790 ; Rise       ; CLK             ;
;  H6[3]    ; CLK        ; 5.504 ; 5.504 ; Rise       ; CLK             ;
;  H6[4]    ; CLK        ; 5.500 ; 5.500 ; Rise       ; CLK             ;
;  H6[5]    ; CLK        ; 5.486 ; 5.486 ; Rise       ; CLK             ;
;  H6[6]    ; CLK        ; 5.476 ; 5.476 ; Rise       ; CLK             ;
; H7[*]     ; CLK        ; 5.710 ; 5.710 ; Rise       ; CLK             ;
;  H7[0]    ; CLK        ; 5.994 ; 5.994 ; Rise       ; CLK             ;
;  H7[2]    ; CLK        ; 5.968 ; 5.968 ; Rise       ; CLK             ;
;  H7[3]    ; CLK        ; 5.964 ; 5.964 ; Rise       ; CLK             ;
;  H7[4]    ; CLK        ; 5.710 ; 5.710 ; Rise       ; CLK             ;
;  H7[5]    ; CLK        ; 6.142 ; 6.142 ; Rise       ; CLK             ;
;  H7[6]    ; CLK        ; 6.179 ; 6.179 ; Rise       ; CLK             ;
; H2[*]     ; KEY[0]     ; 3.815 ; 3.815 ; Rise       ; KEY[0]          ;
;  H2[0]    ; KEY[0]     ; 3.954 ; 3.954 ; Rise       ; KEY[0]          ;
;  H2[1]    ; KEY[0]     ; 3.906 ; 3.906 ; Rise       ; KEY[0]          ;
;  H2[2]    ; KEY[0]     ; 3.975 ; 3.975 ; Rise       ; KEY[0]          ;
;  H2[3]    ; KEY[0]     ; 3.956 ; 3.956 ; Rise       ; KEY[0]          ;
;  H2[4]    ; KEY[0]     ; 3.837 ; 3.837 ; Rise       ; KEY[0]          ;
;  H2[5]    ; KEY[0]     ; 3.815 ; 3.815 ; Rise       ; KEY[0]          ;
;  H2[6]    ; KEY[0]     ; 3.830 ; 3.830 ; Rise       ; KEY[0]          ;
; H3[*]     ; KEY[0]     ; 4.423 ; 4.423 ; Rise       ; KEY[0]          ;
;  H3[0]    ; KEY[0]     ; 4.423 ; 4.423 ; Rise       ; KEY[0]          ;
;  H3[1]    ; KEY[0]     ; 4.436 ; 4.436 ; Rise       ; KEY[0]          ;
;  H3[2]    ; KEY[0]     ; 4.461 ; 4.461 ; Rise       ; KEY[0]          ;
;  H3[3]    ; KEY[0]     ; 4.463 ; 4.463 ; Rise       ; KEY[0]          ;
;  H3[4]    ; KEY[0]     ; 4.460 ; 4.460 ; Rise       ; KEY[0]          ;
;  H3[5]    ; KEY[0]     ; 4.435 ; 4.435 ; Rise       ; KEY[0]          ;
;  H3[6]    ; KEY[0]     ; 4.430 ; 4.430 ; Rise       ; KEY[0]          ;
; H4[*]     ; KEY[0]     ; 5.505 ; 5.505 ; Rise       ; KEY[0]          ;
;  H4[0]    ; KEY[0]     ; 5.642 ; 5.642 ; Rise       ; KEY[0]          ;
;  H4[1]    ; KEY[0]     ; 5.643 ; 5.643 ; Rise       ; KEY[0]          ;
;  H4[2]    ; KEY[0]     ; 5.588 ; 5.588 ; Rise       ; KEY[0]          ;
;  H4[3]    ; KEY[0]     ; 5.505 ; 5.505 ; Rise       ; KEY[0]          ;
;  H4[4]    ; KEY[0]     ; 5.521 ; 5.521 ; Rise       ; KEY[0]          ;
;  H4[5]    ; KEY[0]     ; 5.527 ; 5.527 ; Rise       ; KEY[0]          ;
;  H4[6]    ; KEY[0]     ; 5.599 ; 5.599 ; Rise       ; KEY[0]          ;
; H5[*]     ; KEY[0]     ; 5.218 ; 5.218 ; Rise       ; KEY[0]          ;
;  H5[0]    ; KEY[0]     ; 5.743 ; 5.743 ; Rise       ; KEY[0]          ;
;  H5[1]    ; KEY[0]     ; 5.967 ; 5.967 ; Rise       ; KEY[0]          ;
;  H5[2]    ; KEY[0]     ; 5.371 ; 5.371 ; Rise       ; KEY[0]          ;
;  H5[3]    ; KEY[0]     ; 5.974 ; 5.974 ; Rise       ; KEY[0]          ;
;  H5[4]    ; KEY[0]     ; 5.356 ; 5.356 ; Rise       ; KEY[0]          ;
;  H5[5]    ; KEY[0]     ; 5.756 ; 5.756 ; Rise       ; KEY[0]          ;
;  H5[6]    ; KEY[0]     ; 5.218 ; 5.218 ; Rise       ; KEY[0]          ;
; H6[*]     ; KEY[0]     ; 4.589 ; 4.589 ; Rise       ; KEY[0]          ;
;  H6[0]    ; KEY[0]     ; 4.907 ; 4.907 ; Rise       ; KEY[0]          ;
;  H6[1]    ; KEY[0]     ; 4.906 ; 4.906 ; Rise       ; KEY[0]          ;
;  H6[2]    ; KEY[0]     ; 4.903 ; 4.903 ; Rise       ; KEY[0]          ;
;  H6[3]    ; KEY[0]     ; 4.617 ; 4.617 ; Rise       ; KEY[0]          ;
;  H6[4]    ; KEY[0]     ; 4.613 ; 4.613 ; Rise       ; KEY[0]          ;
;  H6[5]    ; KEY[0]     ; 4.599 ; 4.599 ; Rise       ; KEY[0]          ;
;  H6[6]    ; KEY[0]     ; 4.589 ; 4.589 ; Rise       ; KEY[0]          ;
; H7[*]     ; KEY[0]     ; 4.823 ; 4.823 ; Rise       ; KEY[0]          ;
;  H7[0]    ; KEY[0]     ; 5.107 ; 5.107 ; Rise       ; KEY[0]          ;
;  H7[2]    ; KEY[0]     ; 5.081 ; 5.081 ; Rise       ; KEY[0]          ;
;  H7[3]    ; KEY[0]     ; 5.077 ; 5.077 ; Rise       ; KEY[0]          ;
;  H7[4]    ; KEY[0]     ; 4.823 ; 4.823 ; Rise       ; KEY[0]          ;
;  H7[5]    ; KEY[0]     ; 5.255 ; 5.255 ; Rise       ; KEY[0]          ;
;  H7[6]    ; KEY[0]     ; 5.227 ; 5.227 ; Rise       ; KEY[0]          ;
; H2[*]     ; KEY[0]     ; 3.815 ; 3.815 ; Fall       ; KEY[0]          ;
;  H2[0]    ; KEY[0]     ; 3.954 ; 3.954 ; Fall       ; KEY[0]          ;
;  H2[1]    ; KEY[0]     ; 3.906 ; 3.906 ; Fall       ; KEY[0]          ;
;  H2[2]    ; KEY[0]     ; 3.975 ; 3.975 ; Fall       ; KEY[0]          ;
;  H2[3]    ; KEY[0]     ; 3.956 ; 3.956 ; Fall       ; KEY[0]          ;
;  H2[4]    ; KEY[0]     ; 3.837 ; 3.837 ; Fall       ; KEY[0]          ;
;  H2[5]    ; KEY[0]     ; 3.815 ; 3.815 ; Fall       ; KEY[0]          ;
;  H2[6]    ; KEY[0]     ; 3.830 ; 3.830 ; Fall       ; KEY[0]          ;
; H3[*]     ; KEY[0]     ; 4.423 ; 4.423 ; Fall       ; KEY[0]          ;
;  H3[0]    ; KEY[0]     ; 4.423 ; 4.423 ; Fall       ; KEY[0]          ;
;  H3[1]    ; KEY[0]     ; 4.436 ; 4.436 ; Fall       ; KEY[0]          ;
;  H3[2]    ; KEY[0]     ; 4.461 ; 4.461 ; Fall       ; KEY[0]          ;
;  H3[3]    ; KEY[0]     ; 4.463 ; 4.463 ; Fall       ; KEY[0]          ;
;  H3[4]    ; KEY[0]     ; 4.460 ; 4.460 ; Fall       ; KEY[0]          ;
;  H3[5]    ; KEY[0]     ; 4.435 ; 4.435 ; Fall       ; KEY[0]          ;
;  H3[6]    ; KEY[0]     ; 4.430 ; 4.430 ; Fall       ; KEY[0]          ;
; H4[*]     ; KEY[0]     ; 5.505 ; 5.505 ; Fall       ; KEY[0]          ;
;  H4[0]    ; KEY[0]     ; 5.642 ; 5.642 ; Fall       ; KEY[0]          ;
;  H4[1]    ; KEY[0]     ; 5.643 ; 5.643 ; Fall       ; KEY[0]          ;
;  H4[2]    ; KEY[0]     ; 5.588 ; 5.588 ; Fall       ; KEY[0]          ;
;  H4[3]    ; KEY[0]     ; 5.505 ; 5.505 ; Fall       ; KEY[0]          ;
;  H4[4]    ; KEY[0]     ; 5.521 ; 5.521 ; Fall       ; KEY[0]          ;
;  H4[5]    ; KEY[0]     ; 5.527 ; 5.527 ; Fall       ; KEY[0]          ;
;  H4[6]    ; KEY[0]     ; 5.599 ; 5.599 ; Fall       ; KEY[0]          ;
; H5[*]     ; KEY[0]     ; 5.218 ; 5.218 ; Fall       ; KEY[0]          ;
;  H5[0]    ; KEY[0]     ; 5.743 ; 5.743 ; Fall       ; KEY[0]          ;
;  H5[1]    ; KEY[0]     ; 5.967 ; 5.967 ; Fall       ; KEY[0]          ;
;  H5[2]    ; KEY[0]     ; 5.371 ; 5.371 ; Fall       ; KEY[0]          ;
;  H5[3]    ; KEY[0]     ; 5.974 ; 5.974 ; Fall       ; KEY[0]          ;
;  H5[4]    ; KEY[0]     ; 5.356 ; 5.356 ; Fall       ; KEY[0]          ;
;  H5[5]    ; KEY[0]     ; 5.756 ; 5.756 ; Fall       ; KEY[0]          ;
;  H5[6]    ; KEY[0]     ; 5.218 ; 5.218 ; Fall       ; KEY[0]          ;
; H6[*]     ; KEY[0]     ; 4.589 ; 4.589 ; Fall       ; KEY[0]          ;
;  H6[0]    ; KEY[0]     ; 4.907 ; 4.907 ; Fall       ; KEY[0]          ;
;  H6[1]    ; KEY[0]     ; 4.906 ; 4.906 ; Fall       ; KEY[0]          ;
;  H6[2]    ; KEY[0]     ; 4.903 ; 4.903 ; Fall       ; KEY[0]          ;
;  H6[3]    ; KEY[0]     ; 4.617 ; 4.617 ; Fall       ; KEY[0]          ;
;  H6[4]    ; KEY[0]     ; 4.613 ; 4.613 ; Fall       ; KEY[0]          ;
;  H6[5]    ; KEY[0]     ; 4.599 ; 4.599 ; Fall       ; KEY[0]          ;
;  H6[6]    ; KEY[0]     ; 4.589 ; 4.589 ; Fall       ; KEY[0]          ;
; H7[*]     ; KEY[0]     ; 4.823 ; 4.823 ; Fall       ; KEY[0]          ;
;  H7[0]    ; KEY[0]     ; 5.107 ; 5.107 ; Fall       ; KEY[0]          ;
;  H7[2]    ; KEY[0]     ; 5.081 ; 5.081 ; Fall       ; KEY[0]          ;
;  H7[3]    ; KEY[0]     ; 5.077 ; 5.077 ; Fall       ; KEY[0]          ;
;  H7[4]    ; KEY[0]     ; 4.823 ; 4.823 ; Fall       ; KEY[0]          ;
;  H7[5]    ; KEY[0]     ; 5.255 ; 5.255 ; Fall       ; KEY[0]          ;
;  H7[6]    ; KEY[0]     ; 5.227 ; 5.227 ; Fall       ; KEY[0]          ;
+-----------+------------+-------+-------+------------+-----------------+


+--------------------------------------------------------------+
; Progagation Delay                                            ;
+------------+-------------+--------+--------+--------+--------+
; Input Port ; Output Port ; RR     ; RF     ; FR     ; FF     ;
+------------+-------------+--------+--------+--------+--------+
; SW[0]      ; H2[0]       ; 9.727  ; 9.727  ; 9.727  ; 9.727  ;
; SW[0]      ; H2[1]       ; 9.680  ; 9.680  ; 9.680  ; 9.680  ;
; SW[0]      ; H2[2]       ;        ; 9.766  ; 9.766  ;        ;
; SW[0]      ; H2[3]       ; 9.728  ; 9.728  ; 9.728  ; 9.728  ;
; SW[0]      ; H2[4]       ; 9.443  ;        ;        ; 9.443  ;
; SW[0]      ; H2[5]       ; 9.429  ;        ;        ; 9.429  ;
; SW[0]      ; H2[6]       ; 9.467  ;        ;        ; 9.467  ;
; SW[1]      ; H2[0]       ; 11.617 ; 11.617 ; 11.617 ; 11.617 ;
; SW[1]      ; H2[1]       ; 11.580 ; 11.580 ; 11.580 ; 11.580 ;
; SW[1]      ; H2[2]       ; 11.659 ; 11.659 ; 11.659 ; 11.659 ;
; SW[1]      ; H2[3]       ; 11.628 ; 11.628 ; 11.628 ; 11.628 ;
; SW[1]      ; H2[4]       ; 11.373 ; 11.373 ; 11.373 ; 11.373 ;
; SW[1]      ; H2[5]       ; 11.327 ; 11.327 ; 11.327 ; 11.327 ;
; SW[1]      ; H2[6]       ; 11.353 ; 11.353 ; 11.353 ; 11.353 ;
; SW[1]      ; H3[0]       ; 10.679 ; 10.679 ; 10.679 ; 10.679 ;
; SW[1]      ; H3[1]       ; 10.730 ; 10.730 ; 10.730 ; 10.730 ;
; SW[1]      ; H3[2]       ;        ; 10.721 ; 10.721 ;        ;
; SW[1]      ; H3[3]       ; 10.736 ; 10.736 ; 10.736 ; 10.736 ;
; SW[1]      ; H3[4]       ; 10.752 ;        ;        ; 10.752 ;
; SW[1]      ; H3[5]       ; 10.742 ;        ;        ; 10.742 ;
; SW[1]      ; H3[6]       ; 10.737 ;        ;        ; 10.737 ;
; SW[2]      ; H2[0]       ; 18.670 ; 18.670 ; 18.670 ; 18.670 ;
; SW[2]      ; H2[1]       ; 18.633 ; 18.633 ; 18.633 ; 18.633 ;
; SW[2]      ; H2[2]       ; 18.712 ; 18.712 ; 18.712 ; 18.712 ;
; SW[2]      ; H2[3]       ; 18.681 ; 18.681 ; 18.681 ; 18.681 ;
; SW[2]      ; H2[4]       ; 18.426 ; 18.426 ; 18.426 ; 18.426 ;
; SW[2]      ; H2[5]       ; 18.380 ; 18.380 ; 18.380 ; 18.380 ;
; SW[2]      ; H2[6]       ; 18.406 ; 18.406 ; 18.406 ; 18.406 ;
; SW[2]      ; H3[0]       ; 18.516 ; 18.516 ; 18.516 ; 18.516 ;
; SW[2]      ; H3[1]       ; 18.567 ; 18.567 ; 18.567 ; 18.567 ;
; SW[2]      ; H3[2]       ; 18.558 ; 18.558 ; 18.558 ; 18.558 ;
; SW[2]      ; H3[3]       ; 18.573 ; 18.573 ; 18.573 ; 18.573 ;
; SW[2]      ; H3[4]       ; 18.589 ; 18.589 ; 18.589 ; 18.589 ;
; SW[2]      ; H3[5]       ; 18.579 ; 18.579 ; 18.579 ; 18.579 ;
; SW[2]      ; H3[6]       ; 18.574 ; 18.574 ; 18.574 ; 18.574 ;
; SW[2]      ; H4[0]       ; 21.647 ; 21.647 ; 21.647 ; 21.647 ;
; SW[2]      ; H4[1]       ; 21.643 ; 21.643 ; 21.643 ; 21.643 ;
; SW[2]      ; H4[2]       ; 21.527 ; 21.527 ; 21.527 ; 21.527 ;
; SW[2]      ; H4[3]       ; 21.356 ; 21.356 ; 21.356 ; 21.356 ;
; SW[2]      ; H4[4]       ; 21.363 ; 21.363 ; 21.363 ; 21.363 ;
; SW[2]      ; H4[5]       ; 21.377 ; 21.377 ; 21.377 ; 21.377 ;
; SW[2]      ; H4[6]       ; 21.535 ; 21.535 ; 21.535 ; 21.535 ;
; SW[2]      ; H5[0]       ; 21.441 ; 21.441 ; 21.441 ; 21.441 ;
; SW[2]      ; H5[1]       ; 21.573 ; 21.573 ; 21.573 ; 21.573 ;
; SW[2]      ; H5[2]       ; 20.480 ; 20.480 ; 20.480 ; 20.480 ;
; SW[2]      ; H5[3]       ; 21.716 ; 21.716 ; 21.716 ; 21.716 ;
; SW[2]      ; H5[4]       ; 20.522 ; 20.522 ; 20.522 ; 20.522 ;
; SW[2]      ; H5[5]       ; 21.156 ; 21.156 ; 21.156 ; 21.156 ;
; SW[2]      ; H5[6]       ; 20.218 ; 20.218 ; 20.218 ; 20.218 ;
; SW[2]      ; H6[0]       ; 18.791 ; 18.791 ; 18.791 ; 18.791 ;
; SW[2]      ; H6[1]       ; 18.800 ; 18.800 ; 18.800 ; 18.800 ;
; SW[2]      ; H6[2]       ; 18.801 ; 18.801 ; 18.801 ; 18.801 ;
; SW[2]      ; H6[3]       ; 18.210 ; 18.210 ; 18.210 ; 18.210 ;
; SW[2]      ; H6[4]       ; 18.201 ; 18.201 ; 18.201 ; 18.201 ;
; SW[2]      ; H6[5]       ; 18.188 ; 18.188 ; 18.188 ; 18.188 ;
; SW[2]      ; H6[6]       ; 18.189 ; 18.189 ; 18.189 ; 18.189 ;
; SW[2]      ; H7[0]       ; 17.427 ; 17.427 ; 17.427 ; 17.427 ;
; SW[2]      ; H7[2]       ; 17.409 ; 17.409 ; 17.409 ; 17.409 ;
; SW[2]      ; H7[3]       ; 17.397 ; 17.397 ; 17.397 ; 17.397 ;
; SW[2]      ; H7[4]       ; 16.791 ; 16.791 ; 16.791 ; 16.791 ;
; SW[2]      ; H7[5]       ; 17.714 ; 17.714 ; 17.714 ; 17.714 ;
; SW[2]      ; H7[6]       ; 14.825 ; 14.825 ; 14.825 ; 14.825 ;
; SW[2]      ; LEDR[0]     ; 9.042  ;        ;        ; 9.042  ;
; SW[3]      ; H2[0]       ; 20.159 ; 20.159 ; 20.159 ; 20.159 ;
; SW[3]      ; H2[1]       ; 20.122 ; 20.122 ; 20.122 ; 20.122 ;
; SW[3]      ; H2[2]       ; 20.201 ; 20.201 ; 20.201 ; 20.201 ;
; SW[3]      ; H2[3]       ; 20.170 ; 20.170 ; 20.170 ; 20.170 ;
; SW[3]      ; H2[4]       ; 19.915 ; 19.915 ; 19.915 ; 19.915 ;
; SW[3]      ; H2[5]       ; 19.869 ; 19.869 ; 19.869 ; 19.869 ;
; SW[3]      ; H2[6]       ; 19.895 ; 19.895 ; 19.895 ; 19.895 ;
; SW[3]      ; H3[0]       ; 20.005 ; 20.005 ; 20.005 ; 20.005 ;
; SW[3]      ; H3[1]       ; 20.056 ; 20.056 ; 20.056 ; 20.056 ;
; SW[3]      ; H3[2]       ; 20.047 ; 20.047 ; 20.047 ; 20.047 ;
; SW[3]      ; H3[3]       ; 20.062 ; 20.062 ; 20.062 ; 20.062 ;
; SW[3]      ; H3[4]       ; 20.078 ; 20.078 ; 20.078 ; 20.078 ;
; SW[3]      ; H3[5]       ; 20.068 ; 20.068 ; 20.068 ; 20.068 ;
; SW[3]      ; H3[6]       ; 20.063 ; 20.063 ; 20.063 ; 20.063 ;
; SW[3]      ; H4[0]       ; 23.136 ; 23.136 ; 23.136 ; 23.136 ;
; SW[3]      ; H4[1]       ; 23.132 ; 23.132 ; 23.132 ; 23.132 ;
; SW[3]      ; H4[2]       ; 23.016 ; 23.016 ; 23.016 ; 23.016 ;
; SW[3]      ; H4[3]       ; 22.845 ; 22.845 ; 22.845 ; 22.845 ;
; SW[3]      ; H4[4]       ; 22.852 ; 22.852 ; 22.852 ; 22.852 ;
; SW[3]      ; H4[5]       ; 22.866 ; 22.866 ; 22.866 ; 22.866 ;
; SW[3]      ; H4[6]       ; 23.024 ; 23.024 ; 23.024 ; 23.024 ;
; SW[3]      ; H5[0]       ; 22.930 ; 22.930 ; 22.930 ; 22.930 ;
; SW[3]      ; H5[1]       ; 23.062 ; 23.062 ; 23.062 ; 23.062 ;
; SW[3]      ; H5[2]       ; 21.969 ; 21.969 ; 21.969 ; 21.969 ;
; SW[3]      ; H5[3]       ; 23.205 ; 23.205 ; 23.205 ; 23.205 ;
; SW[3]      ; H5[4]       ; 22.011 ; 22.011 ; 22.011 ; 22.011 ;
; SW[3]      ; H5[5]       ; 22.645 ; 22.645 ; 22.645 ; 22.645 ;
; SW[3]      ; H5[6]       ; 21.707 ; 21.707 ; 21.707 ; 21.707 ;
; SW[3]      ; H6[0]       ; 20.280 ; 20.280 ; 20.280 ; 20.280 ;
; SW[3]      ; H6[1]       ; 20.289 ; 20.289 ; 20.289 ; 20.289 ;
; SW[3]      ; H6[2]       ; 20.290 ; 20.290 ; 20.290 ; 20.290 ;
; SW[3]      ; H6[3]       ; 19.699 ; 19.699 ; 19.699 ; 19.699 ;
; SW[3]      ; H6[4]       ; 19.690 ; 19.690 ; 19.690 ; 19.690 ;
; SW[3]      ; H6[5]       ; 19.677 ; 19.677 ; 19.677 ; 19.677 ;
; SW[3]      ; H6[6]       ; 19.678 ; 19.678 ; 19.678 ; 19.678 ;
; SW[3]      ; H7[0]       ; 18.916 ; 18.916 ; 18.916 ; 18.916 ;
; SW[3]      ; H7[2]       ; 18.898 ; 18.898 ; 18.898 ; 18.898 ;
; SW[3]      ; H7[3]       ; 18.886 ; 18.886 ; 18.886 ; 18.886 ;
; SW[3]      ; H7[4]       ; 18.280 ; 18.280 ; 18.280 ; 18.280 ;
; SW[3]      ; H7[5]       ; 19.203 ; 19.203 ; 19.203 ; 19.203 ;
; SW[3]      ; H7[6]       ; 16.314 ; 16.314 ; 16.314 ; 16.314 ;
; SW[3]      ; LEDR[0]     ; 10.531 ;        ;        ; 10.531 ;
; SW[4]      ; H2[0]       ; 19.979 ; 19.979 ; 19.979 ; 19.979 ;
; SW[4]      ; H2[1]       ; 19.942 ; 19.942 ; 19.942 ; 19.942 ;
; SW[4]      ; H2[2]       ; 20.021 ; 20.021 ; 20.021 ; 20.021 ;
; SW[4]      ; H2[3]       ; 19.990 ; 19.990 ; 19.990 ; 19.990 ;
; SW[4]      ; H2[4]       ; 19.735 ; 19.735 ; 19.735 ; 19.735 ;
; SW[4]      ; H2[5]       ; 19.689 ; 19.689 ; 19.689 ; 19.689 ;
; SW[4]      ; H2[6]       ; 19.715 ; 19.715 ; 19.715 ; 19.715 ;
; SW[4]      ; H3[0]       ; 19.825 ; 19.825 ; 19.825 ; 19.825 ;
; SW[4]      ; H3[1]       ; 19.876 ; 19.876 ; 19.876 ; 19.876 ;
; SW[4]      ; H3[2]       ; 19.867 ; 19.867 ; 19.867 ; 19.867 ;
; SW[4]      ; H3[3]       ; 19.882 ; 19.882 ; 19.882 ; 19.882 ;
; SW[4]      ; H3[4]       ; 19.898 ; 19.898 ; 19.898 ; 19.898 ;
; SW[4]      ; H3[5]       ; 19.888 ; 19.888 ; 19.888 ; 19.888 ;
; SW[4]      ; H3[6]       ; 19.883 ; 19.883 ; 19.883 ; 19.883 ;
; SW[4]      ; H4[0]       ; 22.956 ; 22.956 ; 22.956 ; 22.956 ;
; SW[4]      ; H4[1]       ; 22.952 ; 22.952 ; 22.952 ; 22.952 ;
; SW[4]      ; H4[2]       ; 22.836 ; 22.836 ; 22.836 ; 22.836 ;
; SW[4]      ; H4[3]       ; 22.665 ; 22.665 ; 22.665 ; 22.665 ;
; SW[4]      ; H4[4]       ; 22.672 ; 22.672 ; 22.672 ; 22.672 ;
; SW[4]      ; H4[5]       ; 22.686 ; 22.686 ; 22.686 ; 22.686 ;
; SW[4]      ; H4[6]       ; 22.844 ; 22.844 ; 22.844 ; 22.844 ;
; SW[4]      ; H5[0]       ; 22.750 ; 22.750 ; 22.750 ; 22.750 ;
; SW[4]      ; H5[1]       ; 22.882 ; 22.882 ; 22.882 ; 22.882 ;
; SW[4]      ; H5[2]       ; 21.789 ; 21.789 ; 21.789 ; 21.789 ;
; SW[4]      ; H5[3]       ; 23.025 ; 23.025 ; 23.025 ; 23.025 ;
; SW[4]      ; H5[4]       ; 21.831 ; 21.831 ; 21.831 ; 21.831 ;
; SW[4]      ; H5[5]       ; 22.465 ; 22.465 ; 22.465 ; 22.465 ;
; SW[4]      ; H5[6]       ; 21.527 ; 21.527 ; 21.527 ; 21.527 ;
; SW[4]      ; H6[0]       ; 20.100 ; 20.100 ; 20.100 ; 20.100 ;
; SW[4]      ; H6[1]       ; 20.109 ; 20.109 ; 20.109 ; 20.109 ;
; SW[4]      ; H6[2]       ; 20.110 ; 20.110 ; 20.110 ; 20.110 ;
; SW[4]      ; H6[3]       ; 19.519 ; 19.519 ; 19.519 ; 19.519 ;
; SW[4]      ; H6[4]       ; 19.510 ; 19.510 ; 19.510 ; 19.510 ;
; SW[4]      ; H6[5]       ; 19.497 ; 19.497 ; 19.497 ; 19.497 ;
; SW[4]      ; H6[6]       ; 19.498 ; 19.498 ; 19.498 ; 19.498 ;
; SW[4]      ; H7[0]       ; 18.736 ; 18.736 ; 18.736 ; 18.736 ;
; SW[4]      ; H7[2]       ; 18.718 ; 18.718 ; 18.718 ; 18.718 ;
; SW[4]      ; H7[3]       ; 18.706 ; 18.706 ; 18.706 ; 18.706 ;
; SW[4]      ; H7[4]       ; 18.100 ; 18.100 ; 18.100 ; 18.100 ;
; SW[4]      ; H7[5]       ; 19.023 ; 19.023 ; 19.023 ; 19.023 ;
; SW[4]      ; H7[6]       ; 16.134 ; 16.134 ; 16.134 ; 16.134 ;
; SW[4]      ; LEDR[0]     ; 10.351 ;        ;        ; 10.351 ;
; SW[5]      ; H2[0]       ; 20.174 ; 20.174 ; 20.174 ; 20.174 ;
; SW[5]      ; H2[1]       ; 20.137 ; 20.137 ; 20.137 ; 20.137 ;
; SW[5]      ; H2[2]       ; 20.216 ; 20.216 ; 20.216 ; 20.216 ;
; SW[5]      ; H2[3]       ; 20.185 ; 20.185 ; 20.185 ; 20.185 ;
; SW[5]      ; H2[4]       ; 19.930 ; 19.930 ; 19.930 ; 19.930 ;
; SW[5]      ; H2[5]       ; 19.884 ; 19.884 ; 19.884 ; 19.884 ;
; SW[5]      ; H2[6]       ; 19.910 ; 19.910 ; 19.910 ; 19.910 ;
; SW[5]      ; H3[0]       ; 20.020 ; 20.020 ; 20.020 ; 20.020 ;
; SW[5]      ; H3[1]       ; 20.071 ; 20.071 ; 20.071 ; 20.071 ;
; SW[5]      ; H3[2]       ; 20.062 ; 20.062 ; 20.062 ; 20.062 ;
; SW[5]      ; H3[3]       ; 20.077 ; 20.077 ; 20.077 ; 20.077 ;
; SW[5]      ; H3[4]       ; 20.093 ; 20.093 ; 20.093 ; 20.093 ;
; SW[5]      ; H3[5]       ; 20.083 ; 20.083 ; 20.083 ; 20.083 ;
; SW[5]      ; H3[6]       ; 20.078 ; 20.078 ; 20.078 ; 20.078 ;
; SW[5]      ; H4[0]       ; 23.151 ; 23.151 ; 23.151 ; 23.151 ;
; SW[5]      ; H4[1]       ; 23.147 ; 23.147 ; 23.147 ; 23.147 ;
; SW[5]      ; H4[2]       ; 23.031 ; 23.031 ; 23.031 ; 23.031 ;
; SW[5]      ; H4[3]       ; 22.860 ; 22.860 ; 22.860 ; 22.860 ;
; SW[5]      ; H4[4]       ; 22.867 ; 22.867 ; 22.867 ; 22.867 ;
; SW[5]      ; H4[5]       ; 22.881 ; 22.881 ; 22.881 ; 22.881 ;
; SW[5]      ; H4[6]       ; 23.039 ; 23.039 ; 23.039 ; 23.039 ;
; SW[5]      ; H5[0]       ; 22.945 ; 22.945 ; 22.945 ; 22.945 ;
; SW[5]      ; H5[1]       ; 23.077 ; 23.077 ; 23.077 ; 23.077 ;
; SW[5]      ; H5[2]       ; 21.984 ; 21.984 ; 21.984 ; 21.984 ;
; SW[5]      ; H5[3]       ; 23.220 ; 23.220 ; 23.220 ; 23.220 ;
; SW[5]      ; H5[4]       ; 22.026 ; 22.026 ; 22.026 ; 22.026 ;
; SW[5]      ; H5[5]       ; 22.660 ; 22.660 ; 22.660 ; 22.660 ;
; SW[5]      ; H5[6]       ; 21.722 ; 21.722 ; 21.722 ; 21.722 ;
; SW[5]      ; H6[0]       ; 20.295 ; 20.295 ; 20.295 ; 20.295 ;
; SW[5]      ; H6[1]       ; 20.304 ; 20.304 ; 20.304 ; 20.304 ;
; SW[5]      ; H6[2]       ; 20.305 ; 20.305 ; 20.305 ; 20.305 ;
; SW[5]      ; H6[3]       ; 19.714 ; 19.714 ; 19.714 ; 19.714 ;
; SW[5]      ; H6[4]       ; 19.705 ; 19.705 ; 19.705 ; 19.705 ;
; SW[5]      ; H6[5]       ; 19.692 ; 19.692 ; 19.692 ; 19.692 ;
; SW[5]      ; H6[6]       ; 19.693 ; 19.693 ; 19.693 ; 19.693 ;
; SW[5]      ; H7[0]       ; 18.931 ; 18.931 ; 18.931 ; 18.931 ;
; SW[5]      ; H7[2]       ; 18.913 ; 18.913 ; 18.913 ; 18.913 ;
; SW[5]      ; H7[3]       ; 18.901 ; 18.901 ; 18.901 ; 18.901 ;
; SW[5]      ; H7[4]       ; 18.295 ; 18.295 ; 18.295 ; 18.295 ;
; SW[5]      ; H7[5]       ; 19.218 ; 19.218 ; 19.218 ; 19.218 ;
; SW[5]      ; H7[6]       ; 16.329 ; 16.329 ; 16.329 ; 16.329 ;
; SW[5]      ; LEDR[0]     ; 10.546 ;        ;        ; 10.546 ;
; SW[6]      ; H4[0]       ; 13.238 ; 13.238 ; 13.238 ; 13.238 ;
; SW[6]      ; H4[1]       ; 13.234 ; 13.234 ; 13.234 ; 13.234 ;
; SW[6]      ; H4[2]       ;        ; 13.115 ; 13.115 ;        ;
; SW[6]      ; H4[3]       ; 12.947 ; 12.947 ; 12.947 ; 12.947 ;
; SW[6]      ; H4[4]       ; 12.924 ;        ;        ; 12.924 ;
; SW[6]      ; H4[5]       ; 12.966 ;        ;        ; 12.966 ;
; SW[6]      ; H4[6]       ; 13.127 ;        ;        ; 13.127 ;
; SW[7]      ; H4[0]       ; 16.369 ; 16.369 ; 16.369 ; 16.369 ;
; SW[7]      ; H4[1]       ; 16.365 ; 16.365 ; 16.365 ; 16.365 ;
; SW[7]      ; H4[2]       ; 16.249 ; 16.249 ; 16.249 ; 16.249 ;
; SW[7]      ; H4[3]       ; 16.078 ; 16.078 ; 16.078 ; 16.078 ;
; SW[7]      ; H4[4]       ; 16.085 ; 16.085 ; 16.085 ; 16.085 ;
; SW[7]      ; H4[5]       ; 16.099 ; 16.099 ; 16.099 ; 16.099 ;
; SW[7]      ; H4[6]       ; 16.257 ; 16.257 ; 16.257 ; 16.257 ;
; SW[7]      ; H5[0]       ; 15.131 ; 15.131 ; 15.131 ; 15.131 ;
; SW[7]      ; H5[1]       ; 15.263 ; 15.263 ; 15.263 ; 15.263 ;
; SW[7]      ; H5[2]       ;        ; 14.170 ; 14.170 ;        ;
; SW[7]      ; H5[3]       ; 15.406 ; 15.406 ; 15.406 ; 15.406 ;
; SW[7]      ; H5[4]       ; 14.212 ;        ;        ; 14.212 ;
; SW[7]      ; H5[5]       ; 14.846 ;        ;        ; 14.846 ;
; SW[7]      ; H5[6]       ; 13.908 ;        ;        ; 13.908 ;
; SW[8]      ; H2[0]       ; 19.187 ; 19.187 ; 19.187 ; 19.187 ;
; SW[8]      ; H2[1]       ; 19.150 ; 19.150 ; 19.150 ; 19.150 ;
; SW[8]      ; H2[2]       ; 19.229 ; 19.229 ; 19.229 ; 19.229 ;
; SW[8]      ; H2[3]       ; 19.198 ; 19.198 ; 19.198 ; 19.198 ;
; SW[8]      ; H2[4]       ; 18.943 ; 18.943 ; 18.943 ; 18.943 ;
; SW[8]      ; H2[5]       ; 18.897 ; 18.897 ; 18.897 ; 18.897 ;
; SW[8]      ; H2[6]       ; 18.923 ; 18.923 ; 18.923 ; 18.923 ;
; SW[8]      ; H3[0]       ; 19.033 ; 19.033 ; 19.033 ; 19.033 ;
; SW[8]      ; H3[1]       ; 19.084 ; 19.084 ; 19.084 ; 19.084 ;
; SW[8]      ; H3[2]       ; 19.075 ; 19.075 ; 19.075 ; 19.075 ;
; SW[8]      ; H3[3]       ; 19.090 ; 19.090 ; 19.090 ; 19.090 ;
; SW[8]      ; H3[4]       ; 19.106 ; 19.106 ; 19.106 ; 19.106 ;
; SW[8]      ; H3[5]       ; 19.096 ; 19.096 ; 19.096 ; 19.096 ;
; SW[8]      ; H3[6]       ; 19.091 ; 19.091 ; 19.091 ; 19.091 ;
; SW[8]      ; H4[0]       ; 22.164 ; 22.164 ; 22.164 ; 22.164 ;
; SW[8]      ; H4[1]       ; 22.160 ; 22.160 ; 22.160 ; 22.160 ;
; SW[8]      ; H4[2]       ; 22.044 ; 22.044 ; 22.044 ; 22.044 ;
; SW[8]      ; H4[3]       ; 21.873 ; 21.873 ; 21.873 ; 21.873 ;
; SW[8]      ; H4[4]       ; 21.880 ; 21.880 ; 21.880 ; 21.880 ;
; SW[8]      ; H4[5]       ; 21.894 ; 21.894 ; 21.894 ; 21.894 ;
; SW[8]      ; H4[6]       ; 22.052 ; 22.052 ; 22.052 ; 22.052 ;
; SW[8]      ; H5[0]       ; 21.958 ; 21.958 ; 21.958 ; 21.958 ;
; SW[8]      ; H5[1]       ; 22.090 ; 22.090 ; 22.090 ; 22.090 ;
; SW[8]      ; H5[2]       ; 20.997 ; 20.997 ; 20.997 ; 20.997 ;
; SW[8]      ; H5[3]       ; 22.233 ; 22.233 ; 22.233 ; 22.233 ;
; SW[8]      ; H5[4]       ; 21.039 ; 21.039 ; 21.039 ; 21.039 ;
; SW[8]      ; H5[5]       ; 21.673 ; 21.673 ; 21.673 ; 21.673 ;
; SW[8]      ; H5[6]       ; 20.735 ; 20.735 ; 20.735 ; 20.735 ;
; SW[8]      ; H6[0]       ; 19.308 ; 19.308 ; 19.308 ; 19.308 ;
; SW[8]      ; H6[1]       ; 19.317 ; 19.317 ; 19.317 ; 19.317 ;
; SW[8]      ; H6[2]       ; 19.318 ; 19.318 ; 19.318 ; 19.318 ;
; SW[8]      ; H6[3]       ; 18.727 ; 18.727 ; 18.727 ; 18.727 ;
; SW[8]      ; H6[4]       ; 18.718 ; 18.718 ; 18.718 ; 18.718 ;
; SW[8]      ; H6[5]       ; 18.705 ; 18.705 ; 18.705 ; 18.705 ;
; SW[8]      ; H6[6]       ; 18.706 ; 18.706 ; 18.706 ; 18.706 ;
; SW[8]      ; H7[0]       ; 17.944 ; 17.944 ; 17.944 ; 17.944 ;
; SW[8]      ; H7[2]       ; 17.926 ; 17.926 ; 17.926 ; 17.926 ;
; SW[8]      ; H7[3]       ; 17.914 ; 17.914 ; 17.914 ; 17.914 ;
; SW[8]      ; H7[4]       ; 17.308 ; 17.308 ; 17.308 ; 17.308 ;
; SW[8]      ; H7[5]       ; 18.231 ; 18.231 ; 18.231 ; 18.231 ;
; SW[8]      ; H7[6]       ; 15.342 ; 15.342 ; 15.342 ; 15.342 ;
; SW[8]      ; LEDR[0]     ; 9.559  ;        ;        ; 9.559  ;
; SW[9]      ; H2[0]       ; 19.573 ; 19.573 ; 19.573 ; 19.573 ;
; SW[9]      ; H2[1]       ; 19.536 ; 19.536 ; 19.536 ; 19.536 ;
; SW[9]      ; H2[2]       ; 19.615 ; 19.615 ; 19.615 ; 19.615 ;
; SW[9]      ; H2[3]       ; 19.584 ; 19.584 ; 19.584 ; 19.584 ;
; SW[9]      ; H2[4]       ; 19.329 ; 19.329 ; 19.329 ; 19.329 ;
; SW[9]      ; H2[5]       ; 19.283 ; 19.283 ; 19.283 ; 19.283 ;
; SW[9]      ; H2[6]       ; 19.309 ; 19.309 ; 19.309 ; 19.309 ;
; SW[9]      ; H3[0]       ; 19.419 ; 19.419 ; 19.419 ; 19.419 ;
; SW[9]      ; H3[1]       ; 19.470 ; 19.470 ; 19.470 ; 19.470 ;
; SW[9]      ; H3[2]       ; 19.461 ; 19.461 ; 19.461 ; 19.461 ;
; SW[9]      ; H3[3]       ; 19.476 ; 19.476 ; 19.476 ; 19.476 ;
; SW[9]      ; H3[4]       ; 19.492 ; 19.492 ; 19.492 ; 19.492 ;
; SW[9]      ; H3[5]       ; 19.482 ; 19.482 ; 19.482 ; 19.482 ;
; SW[9]      ; H3[6]       ; 19.477 ; 19.477 ; 19.477 ; 19.477 ;
; SW[9]      ; H4[0]       ; 22.550 ; 22.550 ; 22.550 ; 22.550 ;
; SW[9]      ; H4[1]       ; 22.546 ; 22.546 ; 22.546 ; 22.546 ;
; SW[9]      ; H4[2]       ; 22.430 ; 22.430 ; 22.430 ; 22.430 ;
; SW[9]      ; H4[3]       ; 22.259 ; 22.259 ; 22.259 ; 22.259 ;
; SW[9]      ; H4[4]       ; 22.266 ; 22.266 ; 22.266 ; 22.266 ;
; SW[9]      ; H4[5]       ; 22.280 ; 22.280 ; 22.280 ; 22.280 ;
; SW[9]      ; H4[6]       ; 22.438 ; 22.438 ; 22.438 ; 22.438 ;
; SW[9]      ; H5[0]       ; 22.344 ; 22.344 ; 22.344 ; 22.344 ;
; SW[9]      ; H5[1]       ; 22.476 ; 22.476 ; 22.476 ; 22.476 ;
; SW[9]      ; H5[2]       ; 21.383 ; 21.383 ; 21.383 ; 21.383 ;
; SW[9]      ; H5[3]       ; 22.619 ; 22.619 ; 22.619 ; 22.619 ;
; SW[9]      ; H5[4]       ; 21.425 ; 21.425 ; 21.425 ; 21.425 ;
; SW[9]      ; H5[5]       ; 22.059 ; 22.059 ; 22.059 ; 22.059 ;
; SW[9]      ; H5[6]       ; 21.121 ; 21.121 ; 21.121 ; 21.121 ;
; SW[9]      ; H6[0]       ; 19.694 ; 19.694 ; 19.694 ; 19.694 ;
; SW[9]      ; H6[1]       ; 19.703 ; 19.703 ; 19.703 ; 19.703 ;
; SW[9]      ; H6[2]       ; 19.704 ; 19.704 ; 19.704 ; 19.704 ;
; SW[9]      ; H6[3]       ; 19.113 ; 19.113 ; 19.113 ; 19.113 ;
; SW[9]      ; H6[4]       ; 19.104 ; 19.104 ; 19.104 ; 19.104 ;
; SW[9]      ; H6[5]       ; 19.091 ; 19.091 ; 19.091 ; 19.091 ;
; SW[9]      ; H6[6]       ; 19.092 ; 19.092 ; 19.092 ; 19.092 ;
; SW[9]      ; H7[0]       ; 18.330 ; 18.330 ; 18.330 ; 18.330 ;
; SW[9]      ; H7[2]       ; 18.312 ; 18.312 ; 18.312 ; 18.312 ;
; SW[9]      ; H7[3]       ; 18.300 ; 18.300 ; 18.300 ; 18.300 ;
; SW[9]      ; H7[4]       ; 17.694 ; 17.694 ; 17.694 ; 17.694 ;
; SW[9]      ; H7[5]       ; 18.617 ; 18.617 ; 18.617 ; 18.617 ;
; SW[9]      ; H7[6]       ; 15.728 ; 15.728 ; 15.728 ; 15.728 ;
; SW[9]      ; LEDR[0]     ; 9.945  ;        ;        ; 9.945  ;
; SW[10]     ; H2[0]       ; 19.785 ; 19.785 ; 19.785 ; 19.785 ;
; SW[10]     ; H2[1]       ; 19.748 ; 19.748 ; 19.748 ; 19.748 ;
; SW[10]     ; H2[2]       ; 19.827 ; 19.827 ; 19.827 ; 19.827 ;
; SW[10]     ; H2[3]       ; 19.796 ; 19.796 ; 19.796 ; 19.796 ;
; SW[10]     ; H2[4]       ; 19.541 ; 19.541 ; 19.541 ; 19.541 ;
; SW[10]     ; H2[5]       ; 19.495 ; 19.495 ; 19.495 ; 19.495 ;
; SW[10]     ; H2[6]       ; 19.521 ; 19.521 ; 19.521 ; 19.521 ;
; SW[10]     ; H3[0]       ; 19.631 ; 19.631 ; 19.631 ; 19.631 ;
; SW[10]     ; H3[1]       ; 19.682 ; 19.682 ; 19.682 ; 19.682 ;
; SW[10]     ; H3[2]       ; 19.673 ; 19.673 ; 19.673 ; 19.673 ;
; SW[10]     ; H3[3]       ; 19.688 ; 19.688 ; 19.688 ; 19.688 ;
; SW[10]     ; H3[4]       ; 19.704 ; 19.704 ; 19.704 ; 19.704 ;
; SW[10]     ; H3[5]       ; 19.694 ; 19.694 ; 19.694 ; 19.694 ;
; SW[10]     ; H3[6]       ; 19.689 ; 19.689 ; 19.689 ; 19.689 ;
; SW[10]     ; H4[0]       ; 22.762 ; 22.762 ; 22.762 ; 22.762 ;
; SW[10]     ; H4[1]       ; 22.758 ; 22.758 ; 22.758 ; 22.758 ;
; SW[10]     ; H4[2]       ; 22.642 ; 22.642 ; 22.642 ; 22.642 ;
; SW[10]     ; H4[3]       ; 22.471 ; 22.471 ; 22.471 ; 22.471 ;
; SW[10]     ; H4[4]       ; 22.478 ; 22.478 ; 22.478 ; 22.478 ;
; SW[10]     ; H4[5]       ; 22.492 ; 22.492 ; 22.492 ; 22.492 ;
; SW[10]     ; H4[6]       ; 22.650 ; 22.650 ; 22.650 ; 22.650 ;
; SW[10]     ; H5[0]       ; 22.556 ; 22.556 ; 22.556 ; 22.556 ;
; SW[10]     ; H5[1]       ; 22.688 ; 22.688 ; 22.688 ; 22.688 ;
; SW[10]     ; H5[2]       ; 21.595 ; 21.595 ; 21.595 ; 21.595 ;
; SW[10]     ; H5[3]       ; 22.831 ; 22.831 ; 22.831 ; 22.831 ;
; SW[10]     ; H5[4]       ; 21.637 ; 21.637 ; 21.637 ; 21.637 ;
; SW[10]     ; H5[5]       ; 22.271 ; 22.271 ; 22.271 ; 22.271 ;
; SW[10]     ; H5[6]       ; 21.333 ; 21.333 ; 21.333 ; 21.333 ;
; SW[10]     ; H6[0]       ; 19.906 ; 19.906 ; 19.906 ; 19.906 ;
; SW[10]     ; H6[1]       ; 19.915 ; 19.915 ; 19.915 ; 19.915 ;
; SW[10]     ; H6[2]       ; 19.916 ; 19.916 ; 19.916 ; 19.916 ;
; SW[10]     ; H6[3]       ; 19.325 ; 19.325 ; 19.325 ; 19.325 ;
; SW[10]     ; H6[4]       ; 19.316 ; 19.316 ; 19.316 ; 19.316 ;
; SW[10]     ; H6[5]       ; 19.303 ; 19.303 ; 19.303 ; 19.303 ;
; SW[10]     ; H6[6]       ; 19.304 ; 19.304 ; 19.304 ; 19.304 ;
; SW[10]     ; H7[0]       ; 18.542 ; 18.542 ; 18.542 ; 18.542 ;
; SW[10]     ; H7[2]       ; 18.524 ; 18.524 ; 18.524 ; 18.524 ;
; SW[10]     ; H7[3]       ; 18.512 ; 18.512 ; 18.512 ; 18.512 ;
; SW[10]     ; H7[4]       ; 17.906 ; 17.906 ; 17.906 ; 17.906 ;
; SW[10]     ; H7[5]       ; 18.829 ; 18.829 ; 18.829 ; 18.829 ;
; SW[10]     ; H7[6]       ; 15.940 ; 15.940 ; 15.940 ; 15.940 ;
; SW[10]     ; LEDR[0]     ; 10.157 ;        ;        ; 10.157 ;
; SW[11]     ; H2[0]       ; 20.272 ; 20.272 ; 20.272 ; 20.272 ;
; SW[11]     ; H2[1]       ; 20.235 ; 20.235 ; 20.235 ; 20.235 ;
; SW[11]     ; H2[2]       ; 20.314 ; 20.314 ; 20.314 ; 20.314 ;
; SW[11]     ; H2[3]       ; 20.283 ; 20.283 ; 20.283 ; 20.283 ;
; SW[11]     ; H2[4]       ; 20.028 ; 20.028 ; 20.028 ; 20.028 ;
; SW[11]     ; H2[5]       ; 19.982 ; 19.982 ; 19.982 ; 19.982 ;
; SW[11]     ; H2[6]       ; 20.008 ; 20.008 ; 20.008 ; 20.008 ;
; SW[11]     ; H3[0]       ; 20.118 ; 20.118 ; 20.118 ; 20.118 ;
; SW[11]     ; H3[1]       ; 20.169 ; 20.169 ; 20.169 ; 20.169 ;
; SW[11]     ; H3[2]       ; 20.160 ; 20.160 ; 20.160 ; 20.160 ;
; SW[11]     ; H3[3]       ; 20.175 ; 20.175 ; 20.175 ; 20.175 ;
; SW[11]     ; H3[4]       ; 20.191 ; 20.191 ; 20.191 ; 20.191 ;
; SW[11]     ; H3[5]       ; 20.181 ; 20.181 ; 20.181 ; 20.181 ;
; SW[11]     ; H3[6]       ; 20.176 ; 20.176 ; 20.176 ; 20.176 ;
; SW[11]     ; H4[0]       ; 23.249 ; 23.249 ; 23.249 ; 23.249 ;
; SW[11]     ; H4[1]       ; 23.245 ; 23.245 ; 23.245 ; 23.245 ;
; SW[11]     ; H4[2]       ; 23.129 ; 23.129 ; 23.129 ; 23.129 ;
; SW[11]     ; H4[3]       ; 22.958 ; 22.958 ; 22.958 ; 22.958 ;
; SW[11]     ; H4[4]       ; 22.965 ; 22.965 ; 22.965 ; 22.965 ;
; SW[11]     ; H4[5]       ; 22.979 ; 22.979 ; 22.979 ; 22.979 ;
; SW[11]     ; H4[6]       ; 23.137 ; 23.137 ; 23.137 ; 23.137 ;
; SW[11]     ; H5[0]       ; 23.043 ; 23.043 ; 23.043 ; 23.043 ;
; SW[11]     ; H5[1]       ; 23.175 ; 23.175 ; 23.175 ; 23.175 ;
; SW[11]     ; H5[2]       ; 22.082 ; 22.082 ; 22.082 ; 22.082 ;
; SW[11]     ; H5[3]       ; 23.318 ; 23.318 ; 23.318 ; 23.318 ;
; SW[11]     ; H5[4]       ; 22.124 ; 22.124 ; 22.124 ; 22.124 ;
; SW[11]     ; H5[5]       ; 22.758 ; 22.758 ; 22.758 ; 22.758 ;
; SW[11]     ; H5[6]       ; 21.820 ; 21.820 ; 21.820 ; 21.820 ;
; SW[11]     ; H6[0]       ; 20.393 ; 20.393 ; 20.393 ; 20.393 ;
; SW[11]     ; H6[1]       ; 20.402 ; 20.402 ; 20.402 ; 20.402 ;
; SW[11]     ; H6[2]       ; 20.403 ; 20.403 ; 20.403 ; 20.403 ;
; SW[11]     ; H6[3]       ; 19.812 ; 19.812 ; 19.812 ; 19.812 ;
; SW[11]     ; H6[4]       ; 19.803 ; 19.803 ; 19.803 ; 19.803 ;
; SW[11]     ; H6[5]       ; 19.790 ; 19.790 ; 19.790 ; 19.790 ;
; SW[11]     ; H6[6]       ; 19.791 ; 19.791 ; 19.791 ; 19.791 ;
; SW[11]     ; H7[0]       ; 19.029 ; 19.029 ; 19.029 ; 19.029 ;
; SW[11]     ; H7[2]       ; 19.011 ; 19.011 ; 19.011 ; 19.011 ;
; SW[11]     ; H7[3]       ; 18.999 ; 18.999 ; 18.999 ; 18.999 ;
; SW[11]     ; H7[4]       ; 18.393 ; 18.393 ; 18.393 ; 18.393 ;
; SW[11]     ; H7[5]       ; 19.316 ; 19.316 ; 19.316 ; 19.316 ;
; SW[11]     ; H7[6]       ; 16.427 ; 16.427 ; 16.427 ; 16.427 ;
; SW[11]     ; LEDR[0]     ; 10.644 ;        ;        ; 10.644 ;
; SW[12]     ; H6[0]       ; 12.998 ; 12.998 ; 12.998 ; 12.998 ;
; SW[12]     ; H6[1]       ; 12.999 ; 12.999 ; 12.999 ; 12.999 ;
; SW[12]     ; H6[2]       ;        ; 12.996 ; 12.996 ;        ;
; SW[12]     ; H6[3]       ; 12.413 ; 12.413 ; 12.413 ; 12.413 ;
; SW[12]     ; H6[4]       ; 12.400 ;        ;        ; 12.400 ;
; SW[12]     ; H6[5]       ; 12.395 ;        ;        ; 12.395 ;
; SW[12]     ; H6[6]       ; 12.381 ;        ;        ; 12.381 ;
; SW[13]     ; H6[0]       ; 18.937 ; 18.937 ; 18.937 ; 18.937 ;
; SW[13]     ; H6[1]       ; 18.946 ; 18.946 ; 18.946 ; 18.946 ;
; SW[13]     ; H6[2]       ; 18.947 ; 18.947 ; 18.947 ; 18.947 ;
; SW[13]     ; H6[3]       ; 18.356 ; 18.356 ; 18.356 ; 18.356 ;
; SW[13]     ; H6[4]       ; 18.347 ; 18.347 ; 18.347 ; 18.347 ;
; SW[13]     ; H6[5]       ; 18.334 ; 18.334 ; 18.334 ; 18.334 ;
; SW[13]     ; H6[6]       ; 18.335 ; 18.335 ; 18.335 ; 18.335 ;
; SW[13]     ; H7[0]       ; 17.819 ;        ;        ; 17.819 ;
; SW[13]     ; H7[2]       ;        ; 17.801 ; 17.801 ;        ;
; SW[13]     ; H7[3]       ; 17.789 ;        ;        ; 17.789 ;
; SW[13]     ; H7[4]       ; 17.183 ;        ;        ; 17.183 ;
; SW[13]     ; H7[5]       ; 18.106 ;        ;        ; 18.106 ;
; SW[14]     ; H6[0]       ; 21.723 ; 21.723 ; 21.723 ; 21.723 ;
; SW[14]     ; H6[1]       ; 21.732 ; 21.732 ; 21.732 ; 21.732 ;
; SW[14]     ; H6[2]       ; 21.733 ; 21.733 ; 21.733 ; 21.733 ;
; SW[14]     ; H6[3]       ; 21.142 ; 21.142 ; 21.142 ; 21.142 ;
; SW[14]     ; H6[4]       ; 21.133 ; 21.133 ; 21.133 ; 21.133 ;
; SW[14]     ; H6[5]       ; 21.120 ; 21.120 ; 21.120 ; 21.120 ;
; SW[14]     ; H6[6]       ; 21.121 ; 21.121 ; 21.121 ; 21.121 ;
; SW[14]     ; H7[0]       ; 20.359 ; 20.312 ; 20.312 ; 20.359 ;
; SW[14]     ; H7[2]       ; 20.294 ; 20.341 ; 20.341 ; 20.294 ;
; SW[14]     ; H7[3]       ; 20.329 ; 20.282 ; 20.282 ; 20.329 ;
; SW[14]     ; H7[4]       ; 19.723 ; 19.676 ; 19.676 ; 19.723 ;
; SW[14]     ; H7[5]       ; 20.646 ; 20.599 ; 20.599 ; 20.646 ;
; SW[14]     ; H7[6]       ;        ; 17.757 ; 17.757 ;        ;
; SW[15]     ; H2[0]       ; 22.984 ; 22.984 ; 22.984 ; 22.984 ;
; SW[15]     ; H2[1]       ; 22.947 ; 22.947 ; 22.947 ; 22.947 ;
; SW[15]     ; H2[2]       ; 23.026 ; 23.026 ; 23.026 ; 23.026 ;
; SW[15]     ; H2[3]       ; 22.995 ; 22.995 ; 22.995 ; 22.995 ;
; SW[15]     ; H2[4]       ; 22.740 ; 22.740 ; 22.740 ; 22.740 ;
; SW[15]     ; H2[5]       ; 22.694 ; 22.694 ; 22.694 ; 22.694 ;
; SW[15]     ; H2[6]       ; 22.720 ; 22.720 ; 22.720 ; 22.720 ;
; SW[15]     ; H3[0]       ; 22.830 ; 22.830 ; 22.830 ; 22.830 ;
; SW[15]     ; H3[1]       ; 22.881 ; 22.881 ; 22.881 ; 22.881 ;
; SW[15]     ; H3[2]       ; 22.872 ; 22.872 ; 22.872 ; 22.872 ;
; SW[15]     ; H3[3]       ; 22.887 ; 22.887 ; 22.887 ; 22.887 ;
; SW[15]     ; H3[4]       ; 22.903 ; 22.903 ; 22.903 ; 22.903 ;
; SW[15]     ; H3[5]       ; 22.893 ; 22.893 ; 22.893 ; 22.893 ;
; SW[15]     ; H3[6]       ; 22.888 ; 22.888 ; 22.888 ; 22.888 ;
; SW[15]     ; H4[0]       ; 25.961 ; 25.961 ; 25.961 ; 25.961 ;
; SW[15]     ; H4[1]       ; 25.957 ; 25.957 ; 25.957 ; 25.957 ;
; SW[15]     ; H4[2]       ; 25.841 ; 25.841 ; 25.841 ; 25.841 ;
; SW[15]     ; H4[3]       ; 25.670 ; 25.670 ; 25.670 ; 25.670 ;
; SW[15]     ; H4[4]       ; 25.677 ; 25.677 ; 25.677 ; 25.677 ;
; SW[15]     ; H4[5]       ; 25.691 ; 25.691 ; 25.691 ; 25.691 ;
; SW[15]     ; H4[6]       ; 25.849 ; 25.849 ; 25.849 ; 25.849 ;
; SW[15]     ; H5[0]       ; 25.755 ; 25.755 ; 25.755 ; 25.755 ;
; SW[15]     ; H5[1]       ; 25.887 ; 25.887 ; 25.887 ; 25.887 ;
; SW[15]     ; H5[2]       ; 24.794 ; 24.794 ; 24.794 ; 24.794 ;
; SW[15]     ; H5[3]       ; 26.030 ; 26.030 ; 26.030 ; 26.030 ;
; SW[15]     ; H5[4]       ; 24.836 ; 24.836 ; 24.836 ; 24.836 ;
; SW[15]     ; H5[5]       ; 25.470 ; 25.470 ; 25.470 ; 25.470 ;
; SW[15]     ; H5[6]       ; 24.532 ; 24.532 ; 24.532 ; 24.532 ;
; SW[15]     ; H6[0]       ; 23.105 ; 23.105 ; 23.105 ; 23.105 ;
; SW[15]     ; H6[1]       ; 23.114 ; 23.114 ; 23.114 ; 23.114 ;
; SW[15]     ; H6[2]       ; 23.115 ; 23.115 ; 23.115 ; 23.115 ;
; SW[15]     ; H6[3]       ; 22.524 ; 22.524 ; 22.524 ; 22.524 ;
; SW[15]     ; H6[4]       ; 22.515 ; 22.515 ; 22.515 ; 22.515 ;
; SW[15]     ; H6[5]       ; 22.502 ; 22.502 ; 22.502 ; 22.502 ;
; SW[15]     ; H6[6]       ; 22.503 ; 22.503 ; 22.503 ; 22.503 ;
; SW[15]     ; H7[0]       ; 21.741 ; 21.741 ; 21.741 ; 21.741 ;
; SW[15]     ; H7[2]       ; 21.723 ; 21.723 ; 21.723 ; 21.723 ;
; SW[15]     ; H7[3]       ; 21.711 ; 21.711 ; 21.711 ; 21.711 ;
; SW[15]     ; H7[4]       ; 21.105 ; 21.105 ; 21.105 ; 21.105 ;
; SW[15]     ; H7[5]       ; 22.028 ; 22.028 ; 22.028 ; 22.028 ;
; SW[15]     ; H7[6]       ; 19.139 ; 19.139 ; 19.139 ; 19.139 ;
; SW[15]     ; LEDR[0]     ; 13.356 ;        ;        ; 13.356 ;
; SW[16]     ; H2[0]       ; 21.899 ; 21.899 ; 21.899 ; 21.899 ;
; SW[16]     ; H2[1]       ; 21.862 ; 21.862 ; 21.862 ; 21.862 ;
; SW[16]     ; H2[2]       ; 21.941 ; 21.941 ; 21.941 ; 21.941 ;
; SW[16]     ; H2[3]       ; 21.910 ; 21.910 ; 21.910 ; 21.910 ;
; SW[16]     ; H2[4]       ; 21.655 ; 21.655 ; 21.655 ; 21.655 ;
; SW[16]     ; H2[5]       ; 21.609 ; 21.609 ; 21.609 ; 21.609 ;
; SW[16]     ; H2[6]       ; 21.635 ; 21.635 ; 21.635 ; 21.635 ;
; SW[16]     ; H3[0]       ; 21.745 ; 21.745 ; 21.745 ; 21.745 ;
; SW[16]     ; H3[1]       ; 21.796 ; 21.796 ; 21.796 ; 21.796 ;
; SW[16]     ; H3[2]       ; 21.787 ; 21.787 ; 21.787 ; 21.787 ;
; SW[16]     ; H3[3]       ; 21.802 ; 21.802 ; 21.802 ; 21.802 ;
; SW[16]     ; H3[4]       ; 21.818 ; 21.818 ; 21.818 ; 21.818 ;
; SW[16]     ; H3[5]       ; 21.808 ; 21.808 ; 21.808 ; 21.808 ;
; SW[16]     ; H3[6]       ; 21.803 ; 21.803 ; 21.803 ; 21.803 ;
; SW[16]     ; H4[0]       ; 24.876 ; 24.876 ; 24.876 ; 24.876 ;
; SW[16]     ; H4[1]       ; 24.872 ; 24.872 ; 24.872 ; 24.872 ;
; SW[16]     ; H4[2]       ; 24.756 ; 24.756 ; 24.756 ; 24.756 ;
; SW[16]     ; H4[3]       ; 24.585 ; 24.585 ; 24.585 ; 24.585 ;
; SW[16]     ; H4[4]       ; 24.592 ; 24.592 ; 24.592 ; 24.592 ;
; SW[16]     ; H4[5]       ; 24.606 ; 24.606 ; 24.606 ; 24.606 ;
; SW[16]     ; H4[6]       ; 24.764 ; 24.764 ; 24.764 ; 24.764 ;
; SW[16]     ; H5[0]       ; 24.670 ; 24.670 ; 24.670 ; 24.670 ;
; SW[16]     ; H5[1]       ; 24.802 ; 24.802 ; 24.802 ; 24.802 ;
; SW[16]     ; H5[2]       ; 23.709 ; 23.709 ; 23.709 ; 23.709 ;
; SW[16]     ; H5[3]       ; 24.945 ; 24.945 ; 24.945 ; 24.945 ;
; SW[16]     ; H5[4]       ; 23.751 ; 23.751 ; 23.751 ; 23.751 ;
; SW[16]     ; H5[5]       ; 24.385 ; 24.385 ; 24.385 ; 24.385 ;
; SW[16]     ; H5[6]       ; 23.447 ; 23.447 ; 23.447 ; 23.447 ;
; SW[16]     ; H6[0]       ; 22.020 ; 22.020 ; 22.020 ; 22.020 ;
; SW[16]     ; H6[1]       ; 22.029 ; 22.029 ; 22.029 ; 22.029 ;
; SW[16]     ; H6[2]       ; 22.030 ; 22.030 ; 22.030 ; 22.030 ;
; SW[16]     ; H6[3]       ; 21.439 ; 21.439 ; 21.439 ; 21.439 ;
; SW[16]     ; H6[4]       ; 21.430 ; 21.430 ; 21.430 ; 21.430 ;
; SW[16]     ; H6[5]       ; 21.417 ; 21.417 ; 21.417 ; 21.417 ;
; SW[16]     ; H6[6]       ; 21.418 ; 21.418 ; 21.418 ; 21.418 ;
; SW[16]     ; H7[0]       ; 20.656 ; 20.656 ; 20.656 ; 20.656 ;
; SW[16]     ; H7[2]       ; 20.638 ; 20.638 ; 20.638 ; 20.638 ;
; SW[16]     ; H7[3]       ; 20.626 ; 20.626 ; 20.626 ; 20.626 ;
; SW[16]     ; H7[4]       ; 20.020 ; 20.020 ; 20.020 ; 20.020 ;
; SW[16]     ; H7[5]       ; 20.943 ; 20.943 ; 20.943 ; 20.943 ;
; SW[16]     ; H7[6]       ; 18.054 ; 18.054 ; 18.054 ; 18.054 ;
; SW[16]     ; LEDR[0]     ; 12.271 ;        ;        ; 12.271 ;
+------------+-------------+--------+--------+--------+--------+


+--------------------------------------------------------------+
; Minimum Progagation Delay                                    ;
+------------+-------------+--------+--------+--------+--------+
; Input Port ; Output Port ; RR     ; RF     ; FR     ; FF     ;
+------------+-------------+--------+--------+--------+--------+
; SW[0]      ; H2[0]       ; 4.775  ; 4.775  ; 4.775  ; 4.775  ;
; SW[0]      ; H2[1]       ; 4.727  ; 4.727  ; 4.727  ; 4.727  ;
; SW[0]      ; H2[2]       ;        ; 4.796  ; 4.796  ;        ;
; SW[0]      ; H2[3]       ; 4.777  ; 4.777  ; 4.777  ; 4.777  ;
; SW[0]      ; H2[4]       ; 4.658  ;        ;        ; 4.658  ;
; SW[0]      ; H2[5]       ; 4.636  ;        ;        ; 4.636  ;
; SW[0]      ; H2[6]       ; 4.651  ;        ;        ; 4.651  ;
; SW[1]      ; H2[0]       ; 4.635  ; 4.635  ; 4.635  ; 4.635  ;
; SW[1]      ; H2[1]       ; 4.588  ; 4.588  ; 4.588  ; 4.588  ;
; SW[1]      ; H2[2]       ; 4.655  ; 5.061  ; 5.061  ; 4.655  ;
; SW[1]      ; H2[3]       ; 4.638  ; 4.638  ; 4.638  ; 4.638  ;
; SW[1]      ; H2[4]       ; 4.518  ; 4.518  ; 4.518  ; 4.518  ;
; SW[1]      ; H2[5]       ; 4.495  ; 4.901  ; 4.901  ; 4.495  ;
; SW[1]      ; H2[6]       ; 4.510  ; 4.510  ; 4.510  ; 4.510  ;
; SW[1]      ; H3[0]       ; 5.121  ; 5.121  ; 5.121  ; 5.121  ;
; SW[1]      ; H3[1]       ; 5.140  ; 5.140  ; 5.140  ; 5.140  ;
; SW[1]      ; H3[2]       ;        ; 5.141  ; 5.141  ;        ;
; SW[1]      ; H3[3]       ; 5.159  ; 5.159  ; 5.159  ; 5.159  ;
; SW[1]      ; H3[4]       ; 5.167  ;        ;        ; 5.167  ;
; SW[1]      ; H3[5]       ; 5.128  ;        ;        ; 5.128  ;
; SW[1]      ; H3[6]       ; 5.132  ;        ;        ; 5.132  ;
; SW[2]      ; H2[0]       ; 5.272  ; 5.272  ; 5.272  ; 5.272  ;
; SW[2]      ; H2[1]       ; 5.222  ; 5.444  ; 5.444  ; 5.222  ;
; SW[2]      ; H2[2]       ; 5.289  ; 5.289  ; 5.289  ; 5.289  ;
; SW[2]      ; H2[3]       ; 5.269  ; 5.269  ; 5.269  ; 5.269  ;
; SW[2]      ; H2[4]       ; 5.146  ; 5.368  ; 5.368  ; 5.146  ;
; SW[2]      ; H2[5]       ; 5.129  ; 5.129  ; 5.129  ; 5.129  ;
; SW[2]      ; H2[6]       ; 5.144  ; 5.144  ; 5.144  ; 5.144  ;
; SW[2]      ; H3[0]       ; 5.462  ; 5.311  ; 5.311  ; 5.462  ;
; SW[2]      ; H3[1]       ; 5.334  ; 5.334  ; 5.334  ; 5.334  ;
; SW[2]      ; H3[2]       ; 5.330  ; 5.482  ; 5.482  ; 5.330  ;
; SW[2]      ; H3[3]       ; 5.348  ; 5.348  ; 5.348  ; 5.348  ;
; SW[2]      ; H3[4]       ; 5.508  ; 5.359  ; 5.359  ; 5.508  ;
; SW[2]      ; H3[5]       ; 5.315  ; 5.778  ; 5.778  ; 5.315  ;
; SW[2]      ; H3[6]       ; 5.325  ; 5.325  ; 5.325  ; 5.325  ;
; SW[2]      ; H4[0]       ; 7.089  ; 7.089  ; 7.089  ; 7.089  ;
; SW[2]      ; H4[1]       ; 7.090  ; 7.090  ; 7.090  ; 7.090  ;
; SW[2]      ; H4[2]       ; 7.035  ; 7.035  ; 7.035  ; 7.035  ;
; SW[2]      ; H4[3]       ; 6.952  ; 6.952  ; 6.952  ; 6.952  ;
; SW[2]      ; H4[4]       ; 6.968  ; 6.968  ; 6.968  ; 6.968  ;
; SW[2]      ; H4[5]       ; 6.974  ; 6.974  ; 6.974  ; 6.974  ;
; SW[2]      ; H4[6]       ; 7.046  ; 7.046  ; 7.046  ; 7.046  ;
; SW[2]      ; H5[0]       ; 7.220  ; 7.220  ; 7.220  ; 7.220  ;
; SW[2]      ; H5[1]       ; 7.444  ; 7.444  ; 7.444  ; 7.444  ;
; SW[2]      ; H5[2]       ; 6.848  ; 6.848  ; 6.848  ; 6.848  ;
; SW[2]      ; H5[3]       ; 7.451  ; 7.451  ; 7.451  ; 7.451  ;
; SW[2]      ; H5[4]       ; 6.833  ; 6.833  ; 6.833  ; 6.833  ;
; SW[2]      ; H5[5]       ; 7.233  ; 7.233  ; 7.233  ; 7.233  ;
; SW[2]      ; H5[6]       ; 6.695  ; 6.695  ; 6.695  ; 6.695  ;
; SW[2]      ; H6[0]       ; 6.925  ; 6.925  ; 6.925  ; 6.925  ;
; SW[2]      ; H6[1]       ; 6.924  ; 6.924  ; 6.924  ; 6.924  ;
; SW[2]      ; H6[2]       ; 6.921  ; 6.921  ; 6.921  ; 6.921  ;
; SW[2]      ; H6[3]       ; 6.635  ; 6.635  ; 6.635  ; 6.635  ;
; SW[2]      ; H6[4]       ; 6.631  ; 6.631  ; 6.631  ; 6.631  ;
; SW[2]      ; H6[5]       ; 6.617  ; 6.617  ; 6.617  ; 6.617  ;
; SW[2]      ; H6[6]       ; 6.607  ; 6.607  ; 6.607  ; 6.607  ;
; SW[2]      ; H7[0]       ; 6.834  ; 6.834  ; 6.834  ; 6.834  ;
; SW[2]      ; H7[2]       ; 6.802  ; 6.802  ; 6.802  ; 6.802  ;
; SW[2]      ; H7[3]       ; 6.804  ; 6.804  ; 6.804  ; 6.804  ;
; SW[2]      ; H7[4]       ; 6.841  ; 6.841  ; 6.841  ; 6.841  ;
; SW[2]      ; H7[5]       ; 6.956  ; 6.956  ; 6.956  ; 6.956  ;
; SW[2]      ; H7[6]       ; 6.649  ; 6.649  ; 6.649  ; 6.649  ;
; SW[2]      ; LEDR[0]     ; 4.541  ;        ;        ; 4.541  ;
; SW[3]      ; H2[0]       ; 6.119  ; 6.119  ; 6.119  ; 6.119  ;
; SW[3]      ; H2[1]       ; 6.074  ; 6.291  ; 6.291  ; 6.074  ;
; SW[3]      ; H2[2]       ; 6.136  ; 6.353  ; 6.353  ; 6.136  ;
; SW[3]      ; H2[3]       ; 6.124  ; 6.124  ; 6.124  ; 6.124  ;
; SW[3]      ; H2[4]       ; 6.004  ; 6.221  ; 6.221  ; 6.004  ;
; SW[3]      ; H2[5]       ; 5.976  ; 5.976  ; 5.976  ; 5.976  ;
; SW[3]      ; H2[6]       ; 5.983  ; 5.983  ; 5.983  ; 5.983  ;
; SW[3]      ; H3[0]       ; 5.695  ; 5.695  ; 5.695  ; 5.695  ;
; SW[3]      ; H3[1]       ; 5.708  ; 6.002  ; 6.002  ; 5.708  ;
; SW[3]      ; H3[2]       ; 6.095  ; 5.733  ; 5.733  ; 6.095  ;
; SW[3]      ; H3[3]       ; 5.735  ; 5.735  ; 5.735  ; 5.735  ;
; SW[3]      ; H3[4]       ; 5.732  ; 6.124  ; 6.124  ; 5.732  ;
; SW[3]      ; H3[5]       ; 5.990  ; 5.707  ; 5.707  ; 5.990  ;
; SW[3]      ; H3[6]       ; 5.702  ; 5.702  ; 5.702  ; 5.702  ;
; SW[3]      ; H4[0]       ; 7.915  ; 7.915  ; 7.915  ; 7.915  ;
; SW[3]      ; H4[1]       ; 7.916  ; 7.916  ; 7.916  ; 7.916  ;
; SW[3]      ; H4[2]       ; 7.861  ; 7.861  ; 7.861  ; 7.861  ;
; SW[3]      ; H4[3]       ; 7.778  ; 7.778  ; 7.778  ; 7.778  ;
; SW[3]      ; H4[4]       ; 7.794  ; 7.794  ; 7.794  ; 7.794  ;
; SW[3]      ; H4[5]       ; 7.800  ; 7.800  ; 7.800  ; 7.800  ;
; SW[3]      ; H4[6]       ; 7.872  ; 7.872  ; 7.872  ; 7.872  ;
; SW[3]      ; H5[0]       ; 8.046  ; 8.046  ; 8.046  ; 8.046  ;
; SW[3]      ; H5[1]       ; 8.270  ; 8.270  ; 8.270  ; 8.270  ;
; SW[3]      ; H5[2]       ; 7.674  ; 7.674  ; 7.674  ; 7.674  ;
; SW[3]      ; H5[3]       ; 8.277  ; 8.277  ; 8.277  ; 8.277  ;
; SW[3]      ; H5[4]       ; 7.659  ; 7.659  ; 7.659  ; 7.659  ;
; SW[3]      ; H5[5]       ; 8.059  ; 8.059  ; 8.059  ; 8.059  ;
; SW[3]      ; H5[6]       ; 7.521  ; 7.521  ; 7.521  ; 7.521  ;
; SW[3]      ; H6[0]       ; 7.751  ; 7.751  ; 7.751  ; 7.751  ;
; SW[3]      ; H6[1]       ; 7.750  ; 7.750  ; 7.750  ; 7.750  ;
; SW[3]      ; H6[2]       ; 7.747  ; 7.747  ; 7.747  ; 7.747  ;
; SW[3]      ; H6[3]       ; 7.461  ; 7.461  ; 7.461  ; 7.461  ;
; SW[3]      ; H6[4]       ; 7.457  ; 7.457  ; 7.457  ; 7.457  ;
; SW[3]      ; H6[5]       ; 7.443  ; 7.443  ; 7.443  ; 7.443  ;
; SW[3]      ; H6[6]       ; 7.433  ; 7.433  ; 7.433  ; 7.433  ;
; SW[3]      ; H7[0]       ; 7.660  ; 7.660  ; 7.660  ; 7.660  ;
; SW[3]      ; H7[2]       ; 7.628  ; 7.628  ; 7.628  ; 7.628  ;
; SW[3]      ; H7[3]       ; 7.630  ; 7.630  ; 7.630  ; 7.630  ;
; SW[3]      ; H7[4]       ; 7.667  ; 7.667  ; 7.667  ; 7.667  ;
; SW[3]      ; H7[5]       ; 7.782  ; 7.782  ; 7.782  ; 7.782  ;
; SW[3]      ; H7[6]       ; 7.475  ; 7.475  ; 7.475  ; 7.475  ;
; SW[3]      ; LEDR[0]     ; 5.367  ;        ;        ; 5.367  ;
; SW[4]      ; H2[0]       ; 6.477  ; 6.477  ; 6.477  ; 6.477  ;
; SW[4]      ; H2[1]       ; 6.430  ; 6.430  ; 6.430  ; 6.430  ;
; SW[4]      ; H2[2]       ; 6.497  ; 6.497  ; 6.497  ; 6.497  ;
; SW[4]      ; H2[3]       ; 6.480  ; 6.480  ; 6.480  ; 6.480  ;
; SW[4]      ; H2[4]       ; 6.360  ; 6.360  ; 6.360  ; 6.360  ;
; SW[4]      ; H2[5]       ; 6.337  ; 6.337  ; 6.337  ; 6.337  ;
; SW[4]      ; H2[6]       ; 6.352  ; 6.352  ; 6.352  ; 6.352  ;
; SW[4]      ; H3[0]       ; 6.078  ; 6.078  ; 6.078  ; 6.078  ;
; SW[4]      ; H3[1]       ; 6.091  ; 6.377  ; 6.377  ; 6.091  ;
; SW[4]      ; H3[2]       ; 6.431  ; 6.116  ; 6.116  ; 6.431  ;
; SW[4]      ; H3[3]       ; 6.118  ; 6.118  ; 6.118  ; 6.118  ;
; SW[4]      ; H3[4]       ; 6.115  ; 6.460  ; 6.460  ; 6.115  ;
; SW[4]      ; H3[5]       ; 6.365  ; 6.090  ; 6.090  ; 6.365  ;
; SW[4]      ; H3[6]       ; 6.085  ; 6.085  ; 6.085  ; 6.085  ;
; SW[4]      ; H4[0]       ; 7.860  ; 7.860  ; 7.860  ; 7.860  ;
; SW[4]      ; H4[1]       ; 7.861  ; 7.861  ; 7.861  ; 7.861  ;
; SW[4]      ; H4[2]       ; 7.806  ; 7.806  ; 7.806  ; 7.806  ;
; SW[4]      ; H4[3]       ; 7.723  ; 7.723  ; 7.723  ; 7.723  ;
; SW[4]      ; H4[4]       ; 7.739  ; 7.739  ; 7.739  ; 7.739  ;
; SW[4]      ; H4[5]       ; 7.745  ; 7.745  ; 7.745  ; 7.745  ;
; SW[4]      ; H4[6]       ; 7.817  ; 7.817  ; 7.817  ; 7.817  ;
; SW[4]      ; H5[0]       ; 7.991  ; 7.991  ; 7.991  ; 7.991  ;
; SW[4]      ; H5[1]       ; 8.215  ; 8.215  ; 8.215  ; 8.215  ;
; SW[4]      ; H5[2]       ; 7.619  ; 7.619  ; 7.619  ; 7.619  ;
; SW[4]      ; H5[3]       ; 8.222  ; 8.222  ; 8.222  ; 8.222  ;
; SW[4]      ; H5[4]       ; 7.604  ; 7.604  ; 7.604  ; 7.604  ;
; SW[4]      ; H5[5]       ; 8.004  ; 8.004  ; 8.004  ; 8.004  ;
; SW[4]      ; H5[6]       ; 7.466  ; 7.466  ; 7.466  ; 7.466  ;
; SW[4]      ; H6[0]       ; 7.696  ; 7.696  ; 7.696  ; 7.696  ;
; SW[4]      ; H6[1]       ; 7.695  ; 7.695  ; 7.695  ; 7.695  ;
; SW[4]      ; H6[2]       ; 7.692  ; 7.692  ; 7.692  ; 7.692  ;
; SW[4]      ; H6[3]       ; 7.406  ; 7.406  ; 7.406  ; 7.406  ;
; SW[4]      ; H6[4]       ; 7.402  ; 7.402  ; 7.402  ; 7.402  ;
; SW[4]      ; H6[5]       ; 7.388  ; 7.388  ; 7.388  ; 7.388  ;
; SW[4]      ; H6[6]       ; 7.378  ; 7.378  ; 7.378  ; 7.378  ;
; SW[4]      ; H7[0]       ; 7.605  ; 7.605  ; 7.605  ; 7.605  ;
; SW[4]      ; H7[2]       ; 7.573  ; 7.573  ; 7.573  ; 7.573  ;
; SW[4]      ; H7[3]       ; 7.575  ; 7.575  ; 7.575  ; 7.575  ;
; SW[4]      ; H7[4]       ; 7.612  ; 7.612  ; 7.612  ; 7.612  ;
; SW[4]      ; H7[5]       ; 7.727  ; 7.727  ; 7.727  ; 7.727  ;
; SW[4]      ; H7[6]       ; 7.420  ; 7.420  ; 7.420  ; 7.420  ;
; SW[4]      ; LEDR[0]     ; 5.312  ;        ;        ; 5.312  ;
; SW[5]      ; H2[0]       ; 6.578  ; 6.578  ; 6.578  ; 6.578  ;
; SW[5]      ; H2[1]       ; 6.531  ; 6.531  ; 6.531  ; 6.531  ;
; SW[5]      ; H2[2]       ; 6.598  ; 6.598  ; 6.598  ; 6.598  ;
; SW[5]      ; H2[3]       ; 6.581  ; 6.581  ; 6.581  ; 6.581  ;
; SW[5]      ; H2[4]       ; 6.461  ; 6.461  ; 6.461  ; 6.461  ;
; SW[5]      ; H2[5]       ; 6.438  ; 6.438  ; 6.438  ; 6.438  ;
; SW[5]      ; H2[6]       ; 6.453  ; 6.453  ; 6.453  ; 6.453  ;
; SW[5]      ; H3[0]       ; 5.658  ; 5.658  ; 5.658  ; 5.658  ;
; SW[5]      ; H3[1]       ; 5.671  ; 5.949  ; 5.949  ; 5.671  ;
; SW[5]      ; H3[2]       ; 5.945  ; 5.696  ; 5.696  ; 5.945  ;
; SW[5]      ; H3[3]       ; 5.698  ; 5.698  ; 5.698  ; 5.698  ;
; SW[5]      ; H3[4]       ; 5.695  ; 5.974  ; 5.974  ; 5.695  ;
; SW[5]      ; H3[5]       ; 5.930  ; 5.670  ; 5.670  ; 5.930  ;
; SW[5]      ; H3[6]       ; 5.665  ; 5.665  ; 5.665  ; 5.665  ;
; SW[5]      ; H4[0]       ; 7.928  ; 7.928  ; 7.928  ; 7.928  ;
; SW[5]      ; H4[1]       ; 7.929  ; 7.929  ; 7.929  ; 7.929  ;
; SW[5]      ; H4[2]       ; 7.874  ; 7.874  ; 7.874  ; 7.874  ;
; SW[5]      ; H4[3]       ; 7.791  ; 7.791  ; 7.791  ; 7.791  ;
; SW[5]      ; H4[4]       ; 7.807  ; 7.807  ; 7.807  ; 7.807  ;
; SW[5]      ; H4[5]       ; 7.813  ; 7.813  ; 7.813  ; 7.813  ;
; SW[5]      ; H4[6]       ; 7.885  ; 7.885  ; 7.885  ; 7.885  ;
; SW[5]      ; H5[0]       ; 8.059  ; 8.059  ; 8.059  ; 8.059  ;
; SW[5]      ; H5[1]       ; 8.283  ; 8.283  ; 8.283  ; 8.283  ;
; SW[5]      ; H5[2]       ; 7.687  ; 7.687  ; 7.687  ; 7.687  ;
; SW[5]      ; H5[3]       ; 8.290  ; 8.290  ; 8.290  ; 8.290  ;
; SW[5]      ; H5[4]       ; 7.672  ; 7.672  ; 7.672  ; 7.672  ;
; SW[5]      ; H5[5]       ; 8.072  ; 8.072  ; 8.072  ; 8.072  ;
; SW[5]      ; H5[6]       ; 7.534  ; 7.534  ; 7.534  ; 7.534  ;
; SW[5]      ; H6[0]       ; 7.764  ; 7.764  ; 7.764  ; 7.764  ;
; SW[5]      ; H6[1]       ; 7.763  ; 7.763  ; 7.763  ; 7.763  ;
; SW[5]      ; H6[2]       ; 7.760  ; 7.760  ; 7.760  ; 7.760  ;
; SW[5]      ; H6[3]       ; 7.474  ; 7.474  ; 7.474  ; 7.474  ;
; SW[5]      ; H6[4]       ; 7.470  ; 7.470  ; 7.470  ; 7.470  ;
; SW[5]      ; H6[5]       ; 7.456  ; 7.456  ; 7.456  ; 7.456  ;
; SW[5]      ; H6[6]       ; 7.446  ; 7.446  ; 7.446  ; 7.446  ;
; SW[5]      ; H7[0]       ; 7.673  ; 7.673  ; 7.673  ; 7.673  ;
; SW[5]      ; H7[2]       ; 7.641  ; 7.641  ; 7.641  ; 7.641  ;
; SW[5]      ; H7[3]       ; 7.643  ; 7.643  ; 7.643  ; 7.643  ;
; SW[5]      ; H7[4]       ; 7.680  ; 7.680  ; 7.680  ; 7.680  ;
; SW[5]      ; H7[5]       ; 7.795  ; 7.795  ; 7.795  ; 7.795  ;
; SW[5]      ; H7[6]       ; 7.488  ; 7.488  ; 7.488  ; 7.488  ;
; SW[5]      ; LEDR[0]     ; 5.380  ;        ;        ; 5.380  ;
; SW[6]      ; H4[0]       ; 6.594  ; 6.594  ; 6.594  ; 6.594  ;
; SW[6]      ; H4[1]       ; 6.595  ; 6.595  ; 6.595  ; 6.595  ;
; SW[6]      ; H4[2]       ;        ; 6.540  ; 6.540  ;        ;
; SW[6]      ; H4[3]       ; 6.457  ; 6.457  ; 6.457  ; 6.457  ;
; SW[6]      ; H4[4]       ; 6.473  ;        ;        ; 6.473  ;
; SW[6]      ; H4[5]       ; 6.479  ;        ;        ; 6.479  ;
; SW[6]      ; H4[6]       ; 6.551  ;        ;        ; 6.551  ;
; SW[7]      ; H4[0]       ; 7.187  ; 7.187  ; 7.187  ; 7.187  ;
; SW[7]      ; H4[1]       ; 7.192  ; 7.192  ; 7.192  ; 7.192  ;
; SW[7]      ; H4[2]       ; 7.141  ; 7.589  ; 7.589  ; 7.141  ;
; SW[7]      ; H4[3]       ; 7.052  ; 7.052  ; 7.052  ; 7.052  ;
; SW[7]      ; H4[4]       ; 7.068  ; 7.068  ; 7.068  ; 7.068  ;
; SW[7]      ; H4[5]       ; 7.073  ; 7.521  ; 7.521  ; 7.073  ;
; SW[7]      ; H4[6]       ; 7.145  ; 7.145  ; 7.145  ; 7.145  ;
; SW[7]      ; H5[0]       ; 7.234  ; 7.234  ; 7.234  ; 7.234  ;
; SW[7]      ; H5[1]       ; 7.462  ; 7.462  ; 7.462  ; 7.462  ;
; SW[7]      ; H5[2]       ;        ; 6.884  ; 6.884  ;        ;
; SW[7]      ; H5[3]       ; 7.466  ; 7.466  ; 7.466  ; 7.466  ;
; SW[7]      ; H5[4]       ; 6.847  ;        ;        ; 6.847  ;
; SW[7]      ; H5[5]       ; 7.244  ;        ;        ; 7.244  ;
; SW[7]      ; H5[6]       ; 6.704  ;        ;        ; 6.704  ;
; SW[8]      ; H2[0]       ; 6.038  ; 6.038  ; 6.038  ; 6.038  ;
; SW[8]      ; H2[1]       ; 5.991  ; 5.991  ; 5.991  ; 5.991  ;
; SW[8]      ; H2[2]       ; 6.058  ; 6.058  ; 6.058  ; 6.058  ;
; SW[8]      ; H2[3]       ; 6.041  ; 6.041  ; 6.041  ; 6.041  ;
; SW[8]      ; H2[4]       ; 5.921  ; 5.921  ; 5.921  ; 5.921  ;
; SW[8]      ; H2[5]       ; 5.898  ; 5.898  ; 5.898  ; 5.898  ;
; SW[8]      ; H2[6]       ; 5.913  ; 5.913  ; 5.913  ; 5.913  ;
; SW[8]      ; H3[0]       ; 6.299  ; 6.299  ; 6.299  ; 6.299  ;
; SW[8]      ; H3[1]       ; 6.312  ; 6.312  ; 6.312  ; 6.312  ;
; SW[8]      ; H3[2]       ; 6.337  ; 6.337  ; 6.337  ; 6.337  ;
; SW[8]      ; H3[3]       ; 6.339  ; 6.339  ; 6.339  ; 6.339  ;
; SW[8]      ; H3[4]       ; 6.336  ; 6.336  ; 6.336  ; 6.336  ;
; SW[8]      ; H3[5]       ; 6.311  ; 6.311  ; 6.311  ; 6.311  ;
; SW[8]      ; H3[6]       ; 6.306  ; 6.306  ; 6.306  ; 6.306  ;
; SW[8]      ; H4[0]       ; 7.149  ; 7.149  ; 7.149  ; 7.149  ;
; SW[8]      ; H4[1]       ; 7.152  ; 7.389  ; 7.389  ; 7.152  ;
; SW[8]      ; H4[2]       ; 7.100  ; 7.100  ; 7.100  ; 7.100  ;
; SW[8]      ; H4[3]       ; 7.013  ; 7.013  ; 7.013  ; 7.013  ;
; SW[8]      ; H4[4]       ; 7.029  ; 7.267  ; 7.267  ; 7.029  ;
; SW[8]      ; H4[5]       ; 7.034  ; 7.034  ; 7.034  ; 7.034  ;
; SW[8]      ; H4[6]       ; 7.107  ; 7.107  ; 7.107  ; 7.107  ;
; SW[8]      ; H5[0]       ; 7.138  ; 7.050  ; 7.050  ; 7.138  ;
; SW[8]      ; H5[1]       ; 7.275  ; 7.275  ; 7.275  ; 7.275  ;
; SW[8]      ; H5[2]       ; 6.669  ; 6.788  ; 6.788  ; 6.669  ;
; SW[8]      ; H5[3]       ; 7.282  ; 7.282  ; 7.282  ; 7.282  ;
; SW[8]      ; H5[4]       ; 6.751  ; 6.658  ; 6.658  ; 6.751  ;
; SW[8]      ; H5[5]       ; 7.055  ; 7.532  ; 7.532  ; 7.055  ;
; SW[8]      ; H5[6]       ; 6.514  ; 6.514  ; 6.514  ; 6.514  ;
; SW[8]      ; H6[0]       ; 7.224  ; 7.224  ; 7.224  ; 7.224  ;
; SW[8]      ; H6[1]       ; 7.223  ; 7.223  ; 7.223  ; 7.223  ;
; SW[8]      ; H6[2]       ; 7.220  ; 7.220  ; 7.220  ; 7.220  ;
; SW[8]      ; H6[3]       ; 6.934  ; 6.934  ; 6.934  ; 6.934  ;
; SW[8]      ; H6[4]       ; 6.930  ; 6.930  ; 6.930  ; 6.930  ;
; SW[8]      ; H6[5]       ; 6.916  ; 6.916  ; 6.916  ; 6.916  ;
; SW[8]      ; H6[6]       ; 6.906  ; 6.906  ; 6.906  ; 6.906  ;
; SW[8]      ; H7[0]       ; 7.133  ; 7.133  ; 7.133  ; 7.133  ;
; SW[8]      ; H7[2]       ; 7.101  ; 7.101  ; 7.101  ; 7.101  ;
; SW[8]      ; H7[3]       ; 7.103  ; 7.103  ; 7.103  ; 7.103  ;
; SW[8]      ; H7[4]       ; 7.140  ; 7.140  ; 7.140  ; 7.140  ;
; SW[8]      ; H7[5]       ; 7.255  ; 7.255  ; 7.255  ; 7.255  ;
; SW[8]      ; H7[6]       ; 6.948  ; 6.948  ; 6.948  ; 6.948  ;
; SW[8]      ; LEDR[0]     ; 4.840  ;        ;        ; 4.840  ;
; SW[9]      ; H2[0]       ; 6.278  ; 6.278  ; 6.278  ; 6.278  ;
; SW[9]      ; H2[1]       ; 6.231  ; 6.231  ; 6.231  ; 6.231  ;
; SW[9]      ; H2[2]       ; 6.298  ; 6.298  ; 6.298  ; 6.298  ;
; SW[9]      ; H2[3]       ; 6.281  ; 6.281  ; 6.281  ; 6.281  ;
; SW[9]      ; H2[4]       ; 6.161  ; 6.161  ; 6.161  ; 6.161  ;
; SW[9]      ; H2[5]       ; 6.138  ; 6.138  ; 6.138  ; 6.138  ;
; SW[9]      ; H2[6]       ; 6.153  ; 6.153  ; 6.153  ; 6.153  ;
; SW[9]      ; H3[0]       ; 6.539  ; 6.539  ; 6.539  ; 6.539  ;
; SW[9]      ; H3[1]       ; 6.552  ; 6.552  ; 6.552  ; 6.552  ;
; SW[9]      ; H3[2]       ; 6.577  ; 6.577  ; 6.577  ; 6.577  ;
; SW[9]      ; H3[3]       ; 6.579  ; 6.579  ; 6.579  ; 6.579  ;
; SW[9]      ; H3[4]       ; 6.576  ; 6.576  ; 6.576  ; 6.576  ;
; SW[9]      ; H3[5]       ; 6.551  ; 6.551  ; 6.551  ; 6.551  ;
; SW[9]      ; H3[6]       ; 6.546  ; 6.546  ; 6.546  ; 6.546  ;
; SW[9]      ; H4[0]       ; 7.404  ; 7.404  ; 7.404  ; 7.404  ;
; SW[9]      ; H4[1]       ; 7.413  ; 7.617  ; 7.617  ; 7.413  ;
; SW[9]      ; H4[2]       ; 7.359  ; 7.563  ; 7.563  ; 7.359  ;
; SW[9]      ; H4[3]       ; 7.270  ; 7.270  ; 7.270  ; 7.270  ;
; SW[9]      ; H4[4]       ; 7.284  ; 7.488  ; 7.488  ; 7.284  ;
; SW[9]      ; H4[5]       ; 7.286  ; 7.286  ; 7.286  ; 7.286  ;
; SW[9]      ; H4[6]       ; 7.349  ; 7.349  ; 7.349  ; 7.349  ;
; SW[9]      ; H5[0]       ; 6.772  ; 6.772  ; 6.772  ; 6.772  ;
; SW[9]      ; H5[1]       ; 6.996  ; 7.415  ; 7.415  ; 6.996  ;
; SW[9]      ; H5[2]       ; 6.809  ; 6.400  ; 6.400  ; 6.809  ;
; SW[9]      ; H5[3]       ; 7.003  ; 7.003  ; 7.003  ; 7.003  ;
; SW[9]      ; H5[4]       ; 6.385  ; 6.798  ; 6.798  ; 6.385  ;
; SW[9]      ; H5[5]       ; 7.195  ; 6.785  ; 6.785  ; 7.195  ;
; SW[9]      ; H5[6]       ; 6.247  ; 6.247  ; 6.247  ; 6.247  ;
; SW[9]      ; H6[0]       ; 7.464  ; 7.464  ; 7.464  ; 7.464  ;
; SW[9]      ; H6[1]       ; 7.463  ; 7.463  ; 7.463  ; 7.463  ;
; SW[9]      ; H6[2]       ; 7.460  ; 7.460  ; 7.460  ; 7.460  ;
; SW[9]      ; H6[3]       ; 7.174  ; 7.174  ; 7.174  ; 7.174  ;
; SW[9]      ; H6[4]       ; 7.170  ; 7.170  ; 7.170  ; 7.170  ;
; SW[9]      ; H6[5]       ; 7.156  ; 7.156  ; 7.156  ; 7.156  ;
; SW[9]      ; H6[6]       ; 7.146  ; 7.146  ; 7.146  ; 7.146  ;
; SW[9]      ; H7[0]       ; 7.373  ; 7.373  ; 7.373  ; 7.373  ;
; SW[9]      ; H7[2]       ; 7.341  ; 7.341  ; 7.341  ; 7.341  ;
; SW[9]      ; H7[3]       ; 7.343  ; 7.343  ; 7.343  ; 7.343  ;
; SW[9]      ; H7[4]       ; 7.380  ; 7.380  ; 7.380  ; 7.380  ;
; SW[9]      ; H7[5]       ; 7.495  ; 7.495  ; 7.495  ; 7.495  ;
; SW[9]      ; H7[6]       ; 7.188  ; 7.188  ; 7.188  ; 7.188  ;
; SW[9]      ; LEDR[0]     ; 5.080  ;        ;        ; 5.080  ;
; SW[10]     ; H2[0]       ; 6.371  ; 6.371  ; 6.371  ; 6.371  ;
; SW[10]     ; H2[1]       ; 6.324  ; 6.324  ; 6.324  ; 6.324  ;
; SW[10]     ; H2[2]       ; 6.391  ; 6.391  ; 6.391  ; 6.391  ;
; SW[10]     ; H2[3]       ; 6.374  ; 6.374  ; 6.374  ; 6.374  ;
; SW[10]     ; H2[4]       ; 6.254  ; 6.254  ; 6.254  ; 6.254  ;
; SW[10]     ; H2[5]       ; 6.231  ; 6.231  ; 6.231  ; 6.231  ;
; SW[10]     ; H2[6]       ; 6.246  ; 6.246  ; 6.246  ; 6.246  ;
; SW[10]     ; H3[0]       ; 6.632  ; 6.632  ; 6.632  ; 6.632  ;
; SW[10]     ; H3[1]       ; 6.645  ; 6.645  ; 6.645  ; 6.645  ;
; SW[10]     ; H3[2]       ; 6.670  ; 6.670  ; 6.670  ; 6.670  ;
; SW[10]     ; H3[3]       ; 6.672  ; 6.672  ; 6.672  ; 6.672  ;
; SW[10]     ; H3[4]       ; 6.669  ; 6.669  ; 6.669  ; 6.669  ;
; SW[10]     ; H3[5]       ; 6.644  ; 6.644  ; 6.644  ; 6.644  ;
; SW[10]     ; H3[6]       ; 6.639  ; 6.639  ; 6.639  ; 6.639  ;
; SW[10]     ; H4[0]       ; 7.721  ; 7.721  ; 7.721  ; 7.721  ;
; SW[10]     ; H4[1]       ; 7.722  ; 7.722  ; 7.722  ; 7.722  ;
; SW[10]     ; H4[2]       ; 7.667  ; 7.667  ; 7.667  ; 7.667  ;
; SW[10]     ; H4[3]       ; 7.584  ; 7.584  ; 7.584  ; 7.584  ;
; SW[10]     ; H4[4]       ; 7.600  ; 7.600  ; 7.600  ; 7.600  ;
; SW[10]     ; H4[5]       ; 7.606  ; 7.606  ; 7.606  ; 7.606  ;
; SW[10]     ; H4[6]       ; 7.678  ; 7.678  ; 7.678  ; 7.678  ;
; SW[10]     ; H5[0]       ; 7.070  ; 7.070  ; 7.070  ; 7.070  ;
; SW[10]     ; H5[1]       ; 7.294  ; 7.709  ; 7.709  ; 7.294  ;
; SW[10]     ; H5[2]       ; 7.194  ; 6.698  ; 6.698  ; 7.194  ;
; SW[10]     ; H5[3]       ; 7.301  ; 7.301  ; 7.301  ; 7.301  ;
; SW[10]     ; H5[4]       ; 6.683  ; 7.183  ; 7.183  ; 6.683  ;
; SW[10]     ; H5[5]       ; 7.491  ; 7.083  ; 7.083  ; 7.491  ;
; SW[10]     ; H5[6]       ; 6.545  ; 6.545  ; 6.545  ; 6.545  ;
; SW[10]     ; H6[0]       ; 7.557  ; 7.557  ; 7.557  ; 7.557  ;
; SW[10]     ; H6[1]       ; 7.556  ; 7.556  ; 7.556  ; 7.556  ;
; SW[10]     ; H6[2]       ; 7.553  ; 7.553  ; 7.553  ; 7.553  ;
; SW[10]     ; H6[3]       ; 7.267  ; 7.267  ; 7.267  ; 7.267  ;
; SW[10]     ; H6[4]       ; 7.263  ; 7.263  ; 7.263  ; 7.263  ;
; SW[10]     ; H6[5]       ; 7.249  ; 7.249  ; 7.249  ; 7.249  ;
; SW[10]     ; H6[6]       ; 7.239  ; 7.239  ; 7.239  ; 7.239  ;
; SW[10]     ; H7[0]       ; 7.466  ; 7.466  ; 7.466  ; 7.466  ;
; SW[10]     ; H7[2]       ; 7.434  ; 7.434  ; 7.434  ; 7.434  ;
; SW[10]     ; H7[3]       ; 7.436  ; 7.436  ; 7.436  ; 7.436  ;
; SW[10]     ; H7[4]       ; 7.473  ; 7.473  ; 7.473  ; 7.473  ;
; SW[10]     ; H7[5]       ; 7.588  ; 7.588  ; 7.588  ; 7.588  ;
; SW[10]     ; H7[6]       ; 7.281  ; 7.281  ; 7.281  ; 7.281  ;
; SW[10]     ; LEDR[0]     ; 5.173  ;        ;        ; 5.173  ;
; SW[11]     ; H2[0]       ; 6.641  ; 6.641  ; 6.641  ; 6.641  ;
; SW[11]     ; H2[1]       ; 6.594  ; 6.594  ; 6.594  ; 6.594  ;
; SW[11]     ; H2[2]       ; 6.661  ; 6.661  ; 6.661  ; 6.661  ;
; SW[11]     ; H2[3]       ; 6.644  ; 6.644  ; 6.644  ; 6.644  ;
; SW[11]     ; H2[4]       ; 6.524  ; 6.524  ; 6.524  ; 6.524  ;
; SW[11]     ; H2[5]       ; 6.501  ; 6.501  ; 6.501  ; 6.501  ;
; SW[11]     ; H2[6]       ; 6.516  ; 6.516  ; 6.516  ; 6.516  ;
; SW[11]     ; H3[0]       ; 6.902  ; 6.902  ; 6.902  ; 6.902  ;
; SW[11]     ; H3[1]       ; 6.915  ; 6.915  ; 6.915  ; 6.915  ;
; SW[11]     ; H3[2]       ; 6.940  ; 6.940  ; 6.940  ; 6.940  ;
; SW[11]     ; H3[3]       ; 6.942  ; 6.942  ; 6.942  ; 6.942  ;
; SW[11]     ; H3[4]       ; 6.939  ; 6.939  ; 6.939  ; 6.939  ;
; SW[11]     ; H3[5]       ; 6.914  ; 6.914  ; 6.914  ; 6.914  ;
; SW[11]     ; H3[6]       ; 6.909  ; 6.909  ; 6.909  ; 6.909  ;
; SW[11]     ; H4[0]       ; 7.991  ; 7.991  ; 7.991  ; 7.991  ;
; SW[11]     ; H4[1]       ; 7.992  ; 7.992  ; 7.992  ; 7.992  ;
; SW[11]     ; H4[2]       ; 7.937  ; 7.937  ; 7.937  ; 7.937  ;
; SW[11]     ; H4[3]       ; 7.854  ; 7.854  ; 7.854  ; 7.854  ;
; SW[11]     ; H4[4]       ; 7.870  ; 7.870  ; 7.870  ; 7.870  ;
; SW[11]     ; H4[5]       ; 7.876  ; 7.876  ; 7.876  ; 7.876  ;
; SW[11]     ; H4[6]       ; 7.948  ; 7.948  ; 7.948  ; 7.948  ;
; SW[11]     ; H5[0]       ; 7.319  ; 7.319  ; 7.319  ; 7.319  ;
; SW[11]     ; H5[1]       ; 7.543  ; 7.836  ; 7.836  ; 7.543  ;
; SW[11]     ; H5[2]       ; 7.230  ; 6.947  ; 6.947  ; 7.230  ;
; SW[11]     ; H5[3]       ; 7.550  ; 7.550  ; 7.550  ; 7.550  ;
; SW[11]     ; H5[4]       ; 6.932  ; 7.219  ; 7.219  ; 6.932  ;
; SW[11]     ; H5[5]       ; 7.616  ; 7.332  ; 7.332  ; 7.616  ;
; SW[11]     ; H5[6]       ; 6.794  ; 6.794  ; 6.794  ; 6.794  ;
; SW[11]     ; H6[0]       ; 7.827  ; 7.827  ; 7.827  ; 7.827  ;
; SW[11]     ; H6[1]       ; 7.826  ; 7.826  ; 7.826  ; 7.826  ;
; SW[11]     ; H6[2]       ; 7.823  ; 7.823  ; 7.823  ; 7.823  ;
; SW[11]     ; H6[3]       ; 7.537  ; 7.537  ; 7.537  ; 7.537  ;
; SW[11]     ; H6[4]       ; 7.533  ; 7.533  ; 7.533  ; 7.533  ;
; SW[11]     ; H6[5]       ; 7.519  ; 7.519  ; 7.519  ; 7.519  ;
; SW[11]     ; H6[6]       ; 7.509  ; 7.509  ; 7.509  ; 7.509  ;
; SW[11]     ; H7[0]       ; 7.736  ; 7.736  ; 7.736  ; 7.736  ;
; SW[11]     ; H7[2]       ; 7.704  ; 7.704  ; 7.704  ; 7.704  ;
; SW[11]     ; H7[3]       ; 7.706  ; 7.706  ; 7.706  ; 7.706  ;
; SW[11]     ; H7[4]       ; 7.743  ; 7.743  ; 7.743  ; 7.743  ;
; SW[11]     ; H7[5]       ; 7.858  ; 7.858  ; 7.858  ; 7.858  ;
; SW[11]     ; H7[6]       ; 7.551  ; 7.551  ; 7.551  ; 7.551  ;
; SW[11]     ; LEDR[0]     ; 5.443  ;        ;        ; 5.443  ;
; SW[12]     ; H6[0]       ; 6.515  ; 6.515  ; 6.515  ; 6.515  ;
; SW[12]     ; H6[1]       ; 6.513  ; 6.513  ; 6.513  ; 6.513  ;
; SW[12]     ; H6[2]       ;        ; 6.510  ; 6.510  ;        ;
; SW[12]     ; H6[3]       ; 6.225  ; 6.225  ; 6.225  ; 6.225  ;
; SW[12]     ; H6[4]       ; 6.220  ;        ;        ; 6.220  ;
; SW[12]     ; H6[5]       ; 6.206  ;        ;        ; 6.206  ;
; SW[12]     ; H6[6]       ; 6.197  ;        ;        ; 6.197  ;
; SW[13]     ; H6[0]       ; 8.908  ; 8.908  ; 8.908  ; 8.908  ;
; SW[13]     ; H6[1]       ; 8.907  ; 8.907  ; 8.907  ; 8.907  ;
; SW[13]     ; H6[2]       ; 8.904  ; 9.307  ; 9.307  ; 8.904  ;
; SW[13]     ; H6[3]       ; 8.618  ; 8.618  ; 8.618  ; 8.618  ;
; SW[13]     ; H6[4]       ; 8.614  ; 8.614  ; 8.614  ; 8.614  ;
; SW[13]     ; H6[5]       ; 8.600  ; 9.003  ; 9.003  ; 8.600  ;
; SW[13]     ; H6[6]       ; 8.590  ; 8.590  ; 8.590  ; 8.590  ;
; SW[13]     ; H7[0]       ; 9.108  ;        ;        ; 9.108  ;
; SW[13]     ; H7[2]       ;        ; 9.082  ; 9.082  ;        ;
; SW[13]     ; H7[3]       ; 9.078  ;        ;        ; 9.078  ;
; SW[13]     ; H7[4]       ; 8.824  ;        ;        ; 8.824  ;
; SW[13]     ; H7[5]       ; 9.256  ;        ;        ; 9.256  ;
; SW[14]     ; H6[0]       ; 9.777  ; 9.777  ; 9.777  ; 9.777  ;
; SW[14]     ; H6[1]       ; 9.783  ; 9.952  ; 9.952  ; 9.783  ;
; SW[14]     ; H6[2]       ; 9.784  ; 9.784  ; 9.784  ; 9.784  ;
; SW[14]     ; H6[3]       ; 9.493  ; 9.493  ; 9.493  ; 9.493  ;
; SW[14]     ; H6[4]       ; 9.490  ; 9.659  ; 9.659  ; 9.490  ;
; SW[14]     ; H6[5]       ; 9.470  ; 9.470  ; 9.470  ; 9.470  ;
; SW[14]     ; H6[6]       ; 9.473  ; 9.473  ; 9.473  ; 9.473  ;
; SW[14]     ; H7[0]       ; 9.635  ; 9.510  ; 9.510  ; 9.635  ;
; SW[14]     ; H7[2]       ; 9.478  ; 9.609  ; 9.609  ; 9.478  ;
; SW[14]     ; H7[3]       ; 9.605  ; 9.480  ; 9.480  ; 9.605  ;
; SW[14]     ; H7[4]       ; 9.351  ; 9.823  ; 9.823  ; 9.351  ;
; SW[14]     ; H7[5]       ; 9.632  ; 10.255 ; 10.255 ; 9.632  ;
; SW[14]     ; H7[6]       ;        ; 9.325  ; 9.325  ;        ;
; SW[15]     ; H2[0]       ; 8.465  ; 8.465  ; 8.465  ; 8.465  ;
; SW[15]     ; H2[1]       ; 8.418  ; 8.418  ; 8.418  ; 8.418  ;
; SW[15]     ; H2[2]       ; 8.485  ; 8.485  ; 8.485  ; 8.485  ;
; SW[15]     ; H2[3]       ; 8.468  ; 8.468  ; 8.468  ; 8.468  ;
; SW[15]     ; H2[4]       ; 8.348  ; 8.348  ; 8.348  ; 8.348  ;
; SW[15]     ; H2[5]       ; 8.325  ; 8.325  ; 8.325  ; 8.325  ;
; SW[15]     ; H2[6]       ; 8.340  ; 8.340  ; 8.340  ; 8.340  ;
; SW[15]     ; H3[0]       ; 8.726  ; 8.726  ; 8.726  ; 8.726  ;
; SW[15]     ; H3[1]       ; 8.739  ; 8.739  ; 8.739  ; 8.739  ;
; SW[15]     ; H3[2]       ; 8.764  ; 8.764  ; 8.764  ; 8.764  ;
; SW[15]     ; H3[3]       ; 8.766  ; 8.766  ; 8.766  ; 8.766  ;
; SW[15]     ; H3[4]       ; 8.763  ; 8.763  ; 8.763  ; 8.763  ;
; SW[15]     ; H3[5]       ; 8.738  ; 8.738  ; 8.738  ; 8.738  ;
; SW[15]     ; H3[6]       ; 8.733  ; 8.733  ; 8.733  ; 8.733  ;
; SW[15]     ; H4[0]       ; 9.815  ; 9.815  ; 9.815  ; 9.815  ;
; SW[15]     ; H4[1]       ; 9.816  ; 9.816  ; 9.816  ; 9.816  ;
; SW[15]     ; H4[2]       ; 9.761  ; 9.761  ; 9.761  ; 9.761  ;
; SW[15]     ; H4[3]       ; 9.678  ; 9.678  ; 9.678  ; 9.678  ;
; SW[15]     ; H4[4]       ; 9.694  ; 9.694  ; 9.694  ; 9.694  ;
; SW[15]     ; H4[5]       ; 9.700  ; 9.700  ; 9.700  ; 9.700  ;
; SW[15]     ; H4[6]       ; 9.772  ; 9.772  ; 9.772  ; 9.772  ;
; SW[15]     ; H5[0]       ; 9.946  ; 9.946  ; 9.946  ; 9.946  ;
; SW[15]     ; H5[1]       ; 10.170 ; 10.170 ; 10.170 ; 10.170 ;
; SW[15]     ; H5[2]       ; 9.574  ; 9.574  ; 9.574  ; 9.574  ;
; SW[15]     ; H5[3]       ; 10.177 ; 10.177 ; 10.177 ; 10.177 ;
; SW[15]     ; H5[4]       ; 9.559  ; 9.559  ; 9.559  ; 9.559  ;
; SW[15]     ; H5[5]       ; 9.959  ; 9.959  ; 9.959  ; 9.959  ;
; SW[15]     ; H5[6]       ; 9.421  ; 9.421  ; 9.421  ; 9.421  ;
; SW[15]     ; H6[0]       ; 9.562  ; 9.562  ; 9.562  ; 9.562  ;
; SW[15]     ; H6[1]       ; 9.562  ; 9.650  ; 9.650  ; 9.562  ;
; SW[15]     ; H6[2]       ; 9.563  ; 9.647  ; 9.647  ; 9.563  ;
; SW[15]     ; H6[3]       ; 9.274  ; 9.274  ; 9.274  ; 9.274  ;
; SW[15]     ; H6[4]       ; 9.272  ; 9.357  ; 9.357  ; 9.272  ;
; SW[15]     ; H6[5]       ; 9.249  ; 9.249  ; 9.249  ; 9.249  ;
; SW[15]     ; H6[6]       ; 9.251  ; 9.251  ; 9.251  ; 9.251  ;
; SW[15]     ; H7[0]       ; 9.435  ; 9.134  ; 9.134  ; 9.435  ;
; SW[15]     ; H7[2]       ; 9.102  ; 9.409  ; 9.409  ; 9.102  ;
; SW[15]     ; H7[3]       ; 9.405  ; 9.104  ; 9.104  ; 9.405  ;
; SW[15]     ; H7[4]       ; 9.151  ; 9.344  ; 9.344  ; 9.151  ;
; SW[15]     ; H7[5]       ; 9.256  ; 9.682  ; 9.682  ; 9.256  ;
; SW[15]     ; H7[6]       ; 9.375  ; 8.949  ; 8.949  ; 9.375  ;
; SW[15]     ; LEDR[0]     ; 7.267  ;        ;        ; 7.267  ;
; SW[16]     ; H2[0]       ; 7.923  ; 7.923  ; 7.923  ; 7.923  ;
; SW[16]     ; H2[1]       ; 7.876  ; 7.876  ; 7.876  ; 7.876  ;
; SW[16]     ; H2[2]       ; 7.943  ; 7.943  ; 7.943  ; 7.943  ;
; SW[16]     ; H2[3]       ; 7.926  ; 7.926  ; 7.926  ; 7.926  ;
; SW[16]     ; H2[4]       ; 7.806  ; 7.806  ; 7.806  ; 7.806  ;
; SW[16]     ; H2[5]       ; 7.783  ; 7.783  ; 7.783  ; 7.783  ;
; SW[16]     ; H2[6]       ; 7.798  ; 7.798  ; 7.798  ; 7.798  ;
; SW[16]     ; H3[0]       ; 8.184  ; 8.184  ; 8.184  ; 8.184  ;
; SW[16]     ; H3[1]       ; 8.197  ; 8.197  ; 8.197  ; 8.197  ;
; SW[16]     ; H3[2]       ; 8.222  ; 8.222  ; 8.222  ; 8.222  ;
; SW[16]     ; H3[3]       ; 8.224  ; 8.224  ; 8.224  ; 8.224  ;
; SW[16]     ; H3[4]       ; 8.221  ; 8.221  ; 8.221  ; 8.221  ;
; SW[16]     ; H3[5]       ; 8.196  ; 8.196  ; 8.196  ; 8.196  ;
; SW[16]     ; H3[6]       ; 8.191  ; 8.191  ; 8.191  ; 8.191  ;
; SW[16]     ; H4[0]       ; 9.273  ; 9.273  ; 9.273  ; 9.273  ;
; SW[16]     ; H4[1]       ; 9.274  ; 9.274  ; 9.274  ; 9.274  ;
; SW[16]     ; H4[2]       ; 9.219  ; 9.219  ; 9.219  ; 9.219  ;
; SW[16]     ; H4[3]       ; 9.136  ; 9.136  ; 9.136  ; 9.136  ;
; SW[16]     ; H4[4]       ; 9.152  ; 9.152  ; 9.152  ; 9.152  ;
; SW[16]     ; H4[5]       ; 9.158  ; 9.158  ; 9.158  ; 9.158  ;
; SW[16]     ; H4[6]       ; 9.230  ; 9.230  ; 9.230  ; 9.230  ;
; SW[16]     ; H5[0]       ; 9.404  ; 9.404  ; 9.404  ; 9.404  ;
; SW[16]     ; H5[1]       ; 9.628  ; 9.628  ; 9.628  ; 9.628  ;
; SW[16]     ; H5[2]       ; 9.032  ; 9.032  ; 9.032  ; 9.032  ;
; SW[16]     ; H5[3]       ; 9.635  ; 9.635  ; 9.635  ; 9.635  ;
; SW[16]     ; H5[4]       ; 9.017  ; 9.017  ; 9.017  ; 9.017  ;
; SW[16]     ; H5[5]       ; 9.417  ; 9.417  ; 9.417  ; 9.417  ;
; SW[16]     ; H5[6]       ; 8.879  ; 8.879  ; 8.879  ; 8.879  ;
; SW[16]     ; H6[0]       ; 9.109  ; 9.109  ; 9.109  ; 9.109  ;
; SW[16]     ; H6[1]       ; 9.108  ; 9.108  ; 9.108  ; 9.108  ;
; SW[16]     ; H6[2]       ; 9.105  ; 9.105  ; 9.105  ; 9.105  ;
; SW[16]     ; H6[3]       ; 8.819  ; 8.819  ; 8.819  ; 8.819  ;
; SW[16]     ; H6[4]       ; 8.815  ; 8.815  ; 8.815  ; 8.815  ;
; SW[16]     ; H6[5]       ; 8.801  ; 8.801  ; 8.801  ; 8.801  ;
; SW[16]     ; H6[6]       ; 8.791  ; 8.791  ; 8.791  ; 8.791  ;
; SW[16]     ; H7[0]       ; 9.018  ; 9.018  ; 9.018  ; 9.018  ;
; SW[16]     ; H7[2]       ; 8.986  ; 8.986  ; 8.986  ; 8.986  ;
; SW[16]     ; H7[3]       ; 8.988  ; 8.988  ; 8.988  ; 8.988  ;
; SW[16]     ; H7[4]       ; 9.025  ; 9.025  ; 9.025  ; 9.025  ;
; SW[16]     ; H7[5]       ; 9.140  ; 9.140  ; 9.140  ; 9.140  ;
; SW[16]     ; H7[6]       ; 8.833  ; 8.833  ; 8.833  ; 8.833  ;
; SW[16]     ; LEDR[0]     ; 6.725  ;        ;        ; 6.725  ;
+------------+-------------+--------+--------+--------+--------+


+-------------------------------------------------------------------+
; Setup Transfers                                                   ;
+------------+----------+----------+----------+----------+----------+
; From Clock ; To Clock ; RR Paths ; FR Paths ; RF Paths ; FF Paths ;
+------------+----------+----------+----------+----------+----------+
; CLK        ; CLK      ; 1316     ; 0        ; 0        ; 0        ;
; KEY[0]     ; CLK      ; 439      ; 211      ; 0        ; 0        ;
; CLK        ; KEY[0]   ; 17       ; 0        ; 0        ; 0        ;
; KEY[0]     ; KEY[0]   ; 34       ; 17       ; 0        ; 0        ;
+------------+----------+----------+----------+----------+----------+
Entries labeled "false path" only account for clock-to-clock false paths and not path-based false paths. As a result, actual path counts may be lower than reported.


+-------------------------------------------------------------------+
; Hold Transfers                                                    ;
+------------+----------+----------+----------+----------+----------+
; From Clock ; To Clock ; RR Paths ; FR Paths ; RF Paths ; FF Paths ;
+------------+----------+----------+----------+----------+----------+
; CLK        ; CLK      ; 1316     ; 0        ; 0        ; 0        ;
; KEY[0]     ; CLK      ; 439      ; 211      ; 0        ; 0        ;
; CLK        ; KEY[0]   ; 17       ; 0        ; 0        ; 0        ;
; KEY[0]     ; KEY[0]   ; 34       ; 17       ; 0        ; 0        ;
+------------+----------+----------+----------+----------+----------+
Entries labeled "false path" only account for clock-to-clock false paths and not path-based false paths. As a result, actual path counts may be lower than reported.


+-------------------------------------------------------------------+
; Recovery Transfers                                                ;
+------------+----------+----------+----------+----------+----------+
; From Clock ; To Clock ; RR Paths ; FR Paths ; RF Paths ; FF Paths ;
+------------+----------+----------+----------+----------+----------+
; KEY[0]     ; CLK      ; 43       ; 43       ; 0        ; 0        ;
+------------+----------+----------+----------+----------+----------+
Entries labeled "false path" only account for clock-to-clock false paths and not path-based false paths. As a result, actual path counts may be lower than reported.


+-------------------------------------------------------------------+
; Removal Transfers                                                 ;
+------------+----------+----------+----------+----------+----------+
; From Clock ; To Clock ; RR Paths ; FR Paths ; RF Paths ; FF Paths ;
+------------+----------+----------+----------+----------+----------+
; KEY[0]     ; CLK      ; 43       ; 43       ; 0        ; 0        ;
+------------+----------+----------+----------+----------+----------+
Entries labeled "false path" only account for clock-to-clock false paths and not path-based false paths. As a result, actual path counts may be lower than reported.


---------------
; Report TCCS ;
---------------
No dedicated SERDES Transmitter circuitry present in device or used in design


---------------
; Report RSKM ;
---------------
No dedicated SERDES Receiver circuitry present in device or used in design


+------------------------------------------------+
; Unconstrained Paths                            ;
+---------------------------------+-------+------+
; Property                        ; Setup ; Hold ;
+---------------------------------+-------+------+
; Illegal Clocks                  ; 0     ; 0    ;
; Unconstrained Clocks            ; 0     ; 0    ;
; Unconstrained Input Ports       ; 18    ; 18   ;
; Unconstrained Input Port Paths  ; 948   ; 948  ;
; Unconstrained Output Ports      ; 42    ; 42   ;
; Unconstrained Output Port Paths ; 959   ; 959  ;
+---------------------------------+-------+------+


+------------------------------------+
; TimeQuest Timing Analyzer Messages ;
+------------------------------------+
Info: *******************************************************************
Info: Running Quartus II 64-Bit TimeQuest Timing Analyzer
    Info: Version 13.0.1 Build 232 06/12/2013 Service Pack 1 SJ Web Edition
    Info: Processing started: Thu Mar 26 22:36:40 2026
Info: Command: quartus_sta Lab2 -c Lab2
Info: qsta_default_script.tcl version: #1
Warning (20028): Parallel compilation is not licensed and has been disabled
Info (21077): Low junction temperature is 0 degrees C
Info (21077): High junction temperature is 85 degrees C
Warning (335093): TimeQuest Timing Analyzer is analyzing 17 combinational loops as latches.
Critical Warning (332012): Synopsys Design Constraints File file not found: 'Lab2.sdc'. A Synopsys Design Constraints File is required by the TimeQuest Timing Analyzer to get proper timing constraints. Without it, the Compiler will not properly optimize the design.
Info (332142): No user constrained base clocks found in the design. Calling "derive_clocks -period 1.0"
Info (332105): Deriving Clocks
    Info (332105): create_clock -period 1.000 -name KEY[0] KEY[0]
    Info (332105): create_clock -period 1.000 -name CLK CLK
Warning (332125): Found combinational loop of 4 nodes
    Warning (332126): Node "hour~37|combout"
    Warning (332126): Node "hour[4]~18|dataa"
    Warning (332126): Node "hour[4]~18|combout"
    Warning (332126): Node "hour~37|datab"
Warning (332125): Found combinational loop of 4 nodes
    Warning (332126): Node "hour~38|combout"
    Warning (332126): Node "hour[3]~14|dataa"
    Warning (332126): Node "hour[3]~14|combout"
    Warning (332126): Node "hour~38|datad"
Warning (332125): Found combinational loop of 4 nodes
    Warning (332126): Node "hour~36|combout"
    Warning (332126): Node "hour[1]~6|dataa"
    Warning (332126): Node "hour[1]~6|combout"
    Warning (332126): Node "hour~36|datab"
Warning (332125): Found combinational loop of 4 nodes
    Warning (332126): Node "hour~35|combout"
    Warning (332126): Node "hour[0]~2|datab"
    Warning (332126): Node "hour[0]~2|combout"
    Warning (332126): Node "hour~35|datad"
Warning (332125): Found combinational loop of 4 nodes
    Warning (332126): Node "hour~39|combout"
    Warning (332126): Node "hour[2]~10|dataa"
    Warning (332126): Node "hour[2]~10|combout"
    Warning (332126): Node "hour~39|datab"
Warning (332125): Found combinational loop of 4 nodes
    Warning (332126): Node "min~42|combout"
    Warning (332126): Node "min[4]~22|dataa"
    Warning (332126): Node "min[4]~22|combout"
    Warning (332126): Node "min~42|dataa"
Warning (332125): Found combinational loop of 4 nodes
    Warning (332126): Node "min~38|combout"
    Warning (332126): Node "min[1]~6|datab"
    Warning (332126): Node "min[1]~6|combout"
    Warning (332126): Node "min~38|datac"
Warning (332125): Found combinational loop of 4 nodes
    Warning (332126): Node "min~37|combout"
    Warning (332126): Node "min[0]~2|dataa"
    Warning (332126): Node "min[0]~2|combout"
    Warning (332126): Node "min~37|datab"
Warning (332125): Found combinational loop of 4 nodes
    Warning (332126): Node "min~40|combout"
    Warning (332126): Node "min[5]~18|dataa"
    Warning (332126): Node "min[5]~18|combout"
    Warning (332126): Node "min~40|datab"
Warning (332125): Found combinational loop of 4 nodes
    Warning (332126): Node "min~46|combout"
    Warning (332126): Node "min[2]~10|dataa"
    Warning (332126): Node "min[2]~10|combout"
    Warning (332126): Node "min~46|datac"
Warning (332125): Found combinational loop of 4 nodes
    Warning (332126): Node "min~44|combout"
    Warning (332126): Node "min[3]~14|dataa"
    Warning (332126): Node "min[3]~14|combout"
    Warning (332126): Node "min~44|datab"
Warning (332125): Found combinational loop of 4 nodes
    Warning (332126): Node "sec[2]~10|combout"
    Warning (332126): Node "sec~45|datab"
    Warning (332126): Node "sec~45|combout"
    Warning (332126): Node "sec[2]~10|dataa"
Warning (332125): Found combinational loop of 4 nodes
    Warning (332126): Node "sec[1]~6|combout"
    Warning (332126): Node "sec~37|datab"
    Warning (332126): Node "sec~37|combout"
    Warning (332126): Node "sec[1]~6|dataa"
Warning (332125): Found combinational loop of 4 nodes
    Warning (332126): Node "sec[5]~18|combout"
    Warning (332126): Node "sec~39|datad"
    Warning (332126): Node "sec~39|combout"
    Warning (332126): Node "sec[5]~18|dataa"
Warning (332125): Found combinational loop of 4 nodes
    Warning (332126): Node "sec~36|combout"
    Warning (332126): Node "sec[0]~2|dataa"
    Warning (332126): Node "sec[0]~2|combout"
    Warning (332126): Node "sec~36|datac"
Warning (332125): Found combinational loop of 4 nodes
    Warning (332126): Node "sec~41|combout"
    Warning (332126): Node "sec[4]~22|dataa"
    Warning (332126): Node "sec[4]~22|combout"
    Warning (332126): Node "sec~41|datad"
Warning (332125): Found combinational loop of 4 nodes
    Warning (332126): Node "sec[3]~14|combout"
    Warning (332126): Node "sec~43|datad"
    Warning (332126): Node "sec~43|combout"
    Warning (332126): Node "sec[3]~14|dataa"
Info: Found TIMEQUEST_REPORT_SCRIPT_INCLUDE_DEFAULT_ANALYSIS = ON
Info: Analyzing Slow Model
Critical Warning (332148): Timing requirements not met
Info (332146): Worst-case setup slack is -4.507
    Info (332119):     Slack End Point TNS Clock 
    Info (332119): ========= ============= =====================
    Info (332119):    -4.507       -47.042 KEY[0] 
    Info (332119):    -3.363       -96.530 CLK 
Info (332146): Worst-case hold slack is -0.138
    Info (332119):     Slack End Point TNS Clock 
    Info (332119): ========= ============= =====================
    Info (332119):    -0.138        -0.145 CLK 
    Info (332119):     0.680         0.000 KEY[0] 
Info (332146): Worst-case recovery slack is 0.012
    Info (332119):     Slack End Point TNS Clock 
    Info (332119): ========= ============= =====================
    Info (332119):     0.012         0.000 CLK 
Info (332146): Worst-case removal slack is 0.188
    Info (332119):     Slack End Point TNS Clock 
    Info (332119): ========= ============= =====================
    Info (332119):     0.188         0.000 CLK 
Info (332146): Worst-case minimum pulse width slack is -1.380
    Info (332119):     Slack End Point TNS Clock 
    Info (332119): ========= ============= =====================
    Info (332119):    -1.380       -44.380 CLK 
    Info (332119):    -1.222        -1.222 KEY[0] 
Info (332001): The selected device family is not supported by the report_metastability command.
Info: Analyzing Fast Model
Critical Warning (332148): Timing requirements not met
Info (332146): Worst-case setup slack is -1.766
    Info (332119):     Slack End Point TNS Clock 
    Info (332119): ========= ============= =====================
    Info (332119):    -1.766       -16.370 KEY[0] 
    Info (332119):    -1.028       -23.806 CLK 
Info (332146): Worst-case hold slack is -0.398
    Info (332119):     Slack End Point TNS Clock 
    Info (332119): ========= ============= =====================
    Info (332119):    -0.398        -4.027 CLK 
    Info (332119):     0.286         0.000 KEY[0] 
Info (332146): Worst-case recovery slack is 0.463
    Info (332119):     Slack End Point TNS Clock 
    Info (332119): ========= ============= =====================
    Info (332119):     0.463         0.000 CLK 
Info (332146): Worst-case removal slack is -0.140
    Info (332119):     Slack End Point TNS Clock 
    Info (332119): ========= ============= =====================
    Info (332119):    -0.140        -4.906 CLK 
Info (332146): Worst-case minimum pulse width slack is -1.380
    Info (332119):     Slack End Point TNS Clock 
    Info (332119): ========= ============= =====================
    Info (332119):    -1.380       -44.380 CLK 
    Info (332119):    -1.222        -1.222 KEY[0] 
Info (332001): The selected device family is not supported by the report_metastability command.
Info (332102): Design is not fully constrained for setup requirements
Info (332102): Design is not fully constrained for hold requirements
Info: Quartus II 64-Bit TimeQuest Timing Analyzer was successful. 0 errors, 90 warnings
    Info: Peak virtual memory: 4563 megabytes
    Info: Processing ended: Thu Mar 26 22:36:42 2026
    Info: Elapsed time: 00:00:02
    Info: Total CPU time (on all processors): 00:00:01


